Darwin	Northern Territory	0800	-12.4611	130.8418
Darwin	Northern Territory	0801	-12.4611	130.8418
Wagait Beach	Northern Territory	0803	-12.4348	130.7443
Parap	Northern Territory	0804	-12.4305	130.8414
Casuarina	Northern Territory	0810	-12.374	130.8822
Casuarina	Northern Territory	0811	-12.374	130.8822
Buffalo Creek	Northern Territory	0812	-12.3368	130.9054
Karama	Northern Territory	0813	-12.4022	130.916
Nightcliff	Northern Territory	0814	-12.383	130.8517
Charles Darwin University	Northern Territory	0815	-12.3779	130.883
Winnellie	Northern Territory	0820	-12.4292	130.8859
Winnellie	Northern Territory	0821	-12.4292	130.8859
Virginia	Northern Territory	0822	-12.519	131.0284
Berrimah	Northern Territory	0828	-12.4351	130.9261
Pinelands	Northern Territory	0829	-12.4576	130.9598
Palmerston	Northern Territory	0830	-12.486	130.9833
Palmerston	Northern Territory	0831	-12.486	130.9833
Mitchell	Northern Territory	0832	-12.5012	130.9961
Virginia	Northern Territory	0834	-12.519	131.0284
Virginia	Northern Territory	0835	-12.519	131.0284
Girraween	Northern Territory	0836	-12.5253	131.0957
Manton	Northern Territory	0837	-12.813	131.19
Berry Springs	Northern Territory	0838	-12.7004	131.0145
Coolalinga	Northern Territory	0839	-12.5231	131.0415
Dundee Beach	Northern Territory	0840	-12.7847	130.4736
Darwin River	Northern Territory	0841	-12.8193	130.9697
Batchelor	Northern Territory	0845	-13.0505	131.0307
Adelaide River	Northern Territory	0846	-13.2379	131.1056
Pine Creek	Northern Territory	0847	-13.8208	131.8329
Lansdowne	Northern Territory	0850	-14.4314	132.3879
Katherine	Northern Territory	0851	-14.4652	132.2635
Buchanan	Northern Territory	0852	-15.6762	132.6864
Tindal	Northern Territory	0853	-14.5312	132.3793
Borroloola	Northern Territory	0854	-15.4478	132.6109
Tennant Creek	Northern Territory	0860	-18.2216	134.2542
Tennant Creek	Northern Territory	0861	-18.2216	134.2542
Elliott	Northern Territory	0862	-17.5507	133.5407
The Gap	Northern Territory	0870	-22.2676	133.1758
Alice Springs	Northern Territory	0871	-22.2676	133.1758
Alice Springs	Northern Territory	0872	-22.2019	133.143
Amoonguna	Northern Territory	0873	-22.2676	133.1758
Irlpme	Northern Territory	0874	-23.6469	133.8648
Flynn	Northern Territory	0875	-22.2676	133.1758
Nhulunbuy	Northern Territory	0880	-12.1816	136.7784
Nhulunbuy	Northern Territory	0881	-12.1816	136.7784
Alyangula	Northern Territory	0885	-13.8541	136.4213
Jabiru	Northern Territory	0886	-12.6705	132.836
Winnellie	Northern Territory	0906	-12.4292	130.8859
Winnellie	Northern Territory	0907	-12.4292	130.8859
Charles Darwin University	Northern Territory	0909	-12.4292	130.8859
Sydney	New South Wales	1001	-33.8678	151.2073
Sydney	New South Wales	1002	-33.8678	151.2073
Sydney	New South Wales	1003	-33.8678	151.2073
Sydney	New South Wales	1004	-33.8678	151.2073
Sydney	New South Wales	1005	-33.8678	151.2073
Sydney	New South Wales	1006	-33.8678	151.2073
Sydney	New South Wales	1007	-33.8678	151.2073
Sydney	New South Wales	1008	-33.8678	151.2073
Sydney	New South Wales	1009	-33.8678	151.2073
Sydney	New South Wales	1010	-33.8678	151.2073
Sydney	New South Wales	1020	-33.8678	151.2073
Sydney	New South Wales	1021	-33.8678	151.2073
Sydney	New South Wales	1022	-33.8678	151.2073
Sydney	New South Wales	1023	-33.8678	151.2073
Sydney	New South Wales	1025	-33.8678	151.2073
Sydney	New South Wales	1026	-33.8678	151.2073
Sydney	New South Wales	1027	-33.8678	151.2073
Sydney	New South Wales	1028	-33.8678	151.2073
Sydney	New South Wales	1029	-33.8678	151.2073
Sydney	New South Wales	1030	-33.8678	151.2073
Sydney	New South Wales	1031	-33.8678	151.2073
Sydney	New South Wales	1032	-33.8678	151.2073
Sydney	New South Wales	1033	-33.8678	151.2073
Sydney	New South Wales	1034	-33.8678	151.2073
Sydney	New South Wales	1035	-33.8678	151.2073
Sydney	New South Wales	1036	-33.8678	151.2073
Sydney	New South Wales	1037	-33.8678	151.2073
Sydney	New South Wales	1038	-33.8678	151.2073
Sydney	New South Wales	1039	-33.8678	151.2073
Sydney	New South Wales	1040	-33.8678	151.2073
Sydney	New South Wales	1041	-33.8678	151.2073
Sydney	New South Wales	1042	-33.8678	151.2073
Sydney	New South Wales	1043	-33.8678	151.2073
Sydney	New South Wales	1044	-33.8678	151.2073
Sydney	New South Wales	1045	-33.8678	151.2073
Sydney	New South Wales	1046	-33.8678	151.2073
Sydney	New South Wales	1100	-33.8678	151.2073
Sydney	New South Wales	1101	-33.8678	151.2073
Sydney	New South Wales	1105	-33.8678	151.2073
Sydney	New South Wales	1106	-33.8678	151.2073
Sydney	New South Wales	1107	-33.8678	151.2073
Sydney	New South Wales	1108	-33.8678	151.2073
Sydney	New South Wales	1109	-33.8678	151.2073
Sydney	New South Wales	1110	-33.8678	151.2073
Sydney	New South Wales	1112	-33.8678	151.2073
Sydney	New South Wales	1113	-33.8678	151.2073
Sydney	New South Wales	1114	-33.8678	151.2073
Sydney	New South Wales	1115	-33.8678	151.2073
Sydney	New South Wales	1116	-33.8678	151.2073
Sydney	New South Wales	1117	-33.8678	151.2073
Sydney	New South Wales	1118	-33.8678	151.2073
Sydney	New South Wales	1119	-33.8678	151.2073
Sydney	New South Wales	1120	-33.8678	151.2073
Sydney	New South Wales	1121	-33.8678	151.2073
Sydney	New South Wales	1122	-33.8678	151.2073
Sydney	New South Wales	1123	-33.8678	151.2073
Sydney	New South Wales	1124	-33.8678	151.2073
Sydney	New South Wales	1125	-33.8678	151.2073
Sydney	New South Wales	1126	-33.8678	151.2073
Sydney	New South Wales	1127	-33.8678	151.2073
Sydney	New South Wales	1128	-33.8678	151.2073
Sydney	New South Wales	1129	-33.8678	151.2073
Sydney	New South Wales	1130	-33.8678	151.2073
Sydney	New South Wales	1131	-33.8678	151.2073
Sydney	New South Wales	1132	-33.8678	151.2073
Sydney	New South Wales	1133	-33.8678	151.2073
Sydney	New South Wales	1134	-33.8678	151.2073
Sydney	New South Wales	1135	-33.8678	151.2073
Sydney	New South Wales	1136	-33.8678	151.2073
Sydney	New South Wales	1137	-33.8678	151.2073
Sydney	New South Wales	1138	-33.8678	151.2073
Sydney	New South Wales	1139	-33.8678	151.2073
Sydney	New South Wales	1140	-33.8678	151.2073
Sydney	New South Wales	1141	-33.8678	151.2073
Sydney	New South Wales	1142	-33.8678	151.2073
Sydney	New South Wales	1143	-33.8678	151.2073
Sydney	New South Wales	1144	-33.8678	151.2073
Sydney	New South Wales	1145	-33.8678	151.2073
Sydney	New South Wales	1146	-33.8678	151.2073
Sydney	New South Wales	1147	-33.8678	151.2073
Sydney	New South Wales	1148	-33.8678	151.2073
Sydney	New South Wales	1149	-33.8678	151.2073
Sydney	New South Wales	1150	-33.8678	151.2073
Sydney	New South Wales	1151	-33.8678	151.2073
Sydney	New South Wales	1152	-33.8678	151.2073
Sydney	New South Wales	1153	-33.8678	151.2073
Sydney	New South Wales	1154	-33.8678	151.2073
Sydney	New South Wales	1155	-33.8678	151.2073
Sydney	New South Wales	1156	-33.8678	151.2073
Sydney	New South Wales	1157	-33.8678	151.2073
Sydney	New South Wales	1158	-33.8678	151.2073
Sydney	New South Wales	1159	-33.8678	151.2073
Sydney	New South Wales	1160	-33.8678	151.2073
Sydney	New South Wales	1161	-33.8678	151.2073
Sydney	New South Wales	1162	-33.8678	151.2073
Sydney	New South Wales	1163	-33.8678	151.2073
Sydney	New South Wales	1164	-33.8678	151.2073
Sydney	New South Wales	1165	-33.8678	151.2073
Sydney	New South Wales	1166	-33.8678	151.2073
Sydney	New South Wales	1167	-33.8678	151.2073
Sydney	New South Wales	1168	-33.8678	151.2073
Sydney	New South Wales	1169	-33.8678	151.2073
Sydney	New South Wales	1170	-33.8678	151.2073
Sydney	New South Wales	1171	-33.8678	151.2073
Sydney	New South Wales	1172	-33.8678	151.2073
Sydney	New South Wales	1173	-33.8678	151.2073
Sydney	New South Wales	1174	-33.8678	151.2073
Sydney	New South Wales	1175	-33.8678	151.2073
Sydney	New South Wales	1176	-33.8678	151.2073
Sydney	New South Wales	1177	-33.8678	151.2073
Sydney	New South Wales	1178	-33.8678	151.2073
Sydney	New South Wales	1179	-33.8678	151.2073
Sydney	New South Wales	1180	-33.8678	151.2073
Sydney	New South Wales	1181	-33.8678	151.2073
Sydney	New South Wales	1182	-33.8678	151.2073
Sydney	New South Wales	1183	-33.8678	151.2073
Sydney	New South Wales	1184	-33.8678	151.2073
Sydney	New South Wales	1185	-33.8678	151.2073
Sydney	New South Wales	1186	-33.8678	151.2073
Sydney	New South Wales	1187	-33.8678	151.2073
Sydney	New South Wales	1188	-33.8678	151.2073
Sydney	New South Wales	1189	-33.8678	151.2073
Sydney	New South Wales	1190	-33.8678	151.2073
Sydney	New South Wales	1191	-33.8678	151.2073
Sydney	New South Wales	1192	-33.8678	151.2073
Sydney	New South Wales	1193	-33.8678	151.2073
Sydney	New South Wales	1194	-33.8678	151.2073
Sydney	New South Wales	1195	-33.8678	151.2073
Sydney	New South Wales	1196	-33.8678	151.2073
Sydney	New South Wales	1197	-33.8678	151.2073
Sydney	New South Wales	1198	-33.8678	151.2073
Sydney	New South Wales	1199	-33.8678	151.2073
Sydney	New South Wales	1201	-33.8678	151.2073
Sydney	New South Wales	1202	-33.8678	151.2073
Sydney	New South Wales	1203	-33.8678	151.2073
Sydney	New South Wales	1205	-33.8678	151.2073
Sydney	New South Wales	1207	-33.8678	151.2073
Haymarket	New South Wales	1208	-33.8787	151.2053
Australia Square	New South Wales	1209	-34.5994	150.4017
Australia Square	New South Wales	1210	-34.5994	150.4017
Australia Square	New South Wales	1211	-34.5994	150.4017
Australia Square	New South Wales	1212	-34.5994	150.4017
Australia Square	New South Wales	1213	-34.5994	150.4017
Australia Square	New South Wales	1214	-34.5994	150.4017
Australia Square	New South Wales	1215	-34.5994	150.4017
Grosvenor Place	New South Wales	1216	-34.5994	150.4017
Grosvenor Place	New South Wales	1217	-34.5994	150.4017
Grosvenor Place	New South Wales	1218	-34.5994	150.4017
Grosvenor Place	New South Wales	1219	-34.5994	150.4017
Grosvenor Place	New South Wales	1220	-34.0599	150.998
Royal Exchange	New South Wales	1221	-34.0599	150.998
Royal Exchange	New South Wales	1222	-34.0599	150.998
Royal Exchange	New South Wales	1223	-34.0599	150.998
Royal Exchange	New South Wales	1224	-34.0599	150.998
Royal Exchange	New South Wales	1225	-34.0599	150.998
Queen Victoria Building	New South Wales	1226	-34.0599	150.998
Queen Victoria Building	New South Wales	1227	-34.0599	150.998
Queen Victoria Building	New South Wales	1228	-34.0599	150.998
Queen Victoria Building	New South Wales	1229	-34.0599	150.998
Queen Victoria Building	New South Wales	1230	-33.8787	151.2053
Sydney South	New South Wales	1231	-33.8787	151.2053
Sydney South	New South Wales	1232	-33.8787	151.2053
Sydney South	New South Wales	1233	-33.8787	151.2053
Sydney South	New South Wales	1234	-33.8787	151.2053
Sydney South	New South Wales	1235	-33.8787	151.2053
Haymarket	New South Wales	1236	-33.8787	151.2053
Haymarket	New South Wales	1237	-33.8787	151.2053
Haymarket	New South Wales	1238	-33.8787	151.2053
Haymarket	New South Wales	1239	-33.8787	151.2053
Haymarket	New South Wales	1240	-33.8787	151.2053
Sydney	New South Wales	1291	-33.8678	151.2073
Sydney	New South Wales	1292	-33.8678	151.2073
Sydney	New South Wales	1293	-33.8678	151.2073
Sydney	New South Wales	1294	-33.8678	151.2073
Sydney	New South Wales	1295	-33.8678	151.2073
Sydney	New South Wales	1296	-33.8678	151.2073
Sydney	New South Wales	1297	-33.8678	151.2073
Sydney	New South Wales	1298	-33.8678	151.2073
Sydney	New South Wales	1299	-33.8678	151.2073
Darlinghurst	New South Wales	1300	-33.8794	151.2193
Eastern Suburbs Mc	New South Wales	1314	-33.88	151.2325
Potts Point	New South Wales	1335	-33.867	151.2259
Kings Cross	New South Wales	1340	-33.875	151.2223
Woollahra	New South Wales	1350	-33.8878	151.2368
Bondi Junction	New South Wales	1355	-33.8928	151.2472
Double Bay	New South Wales	1360	-33.8778	151.2435
Broadway	New South Wales	1401	-33.8923	151.0473
Chullora	New South Wales	1405	-33.8923	151.0473
Southern Suburbs Mc	New South Wales	1419	-33.9339	151.1531
Strawberry Hills	New South Wales	1420	-33.9339	151.1531
Strawberry Hills	New South Wales	1422	-33.9339	151.1531
Strawberry Hills	New South Wales	1423	-33.9339	151.1531
Strawberry Hills	New South Wales	1424	-33.9339	151.1531
Strawberry Hills	New South Wales	1425	-33.9339	151.1531
Strawberry Hills	New South Wales	1426	-33.9339	151.1531
Strawberry Hills	New South Wales	1427	-33.9339	151.1531
Strawberry Hills	New South Wales	1428	-33.9339	151.1531
Strawberry Hills	New South Wales	1429	-33.9339	151.1531
Eveleigh	New South Wales	1430	-33.8956	151.1924
Alexandria	New South Wales	1435	-33.8999	151.1995
Waterloo	New South Wales	1440	-33.8994	151.2053
Waterloo	New South Wales	1441	-33.8994	151.2053
Rosebery	New South Wales	1445	-33.9167	151.2
Camperdown	New South Wales	1450	-33.8897	151.1764
Botany	New South Wales	1455	-33.946	151.1959
Mascot	New South Wales	1460	-33.926	151.1935
Kensington	New South Wales	1465	-33.9202	151.2224
Unsw Sydney	New South Wales	1466	-33.9231	151.2079
Drummoyne	New South Wales	1470	-33.8524	151.1549
Marrickville	New South Wales	1475	-33.9074	151.1555
Marrickville	New South Wales	1476	-33.9074	151.1555
Kingsgrove	New South Wales	1480	-33.9393	151.0993
Hurstville Bc	New South Wales	1481	-33.9537	151.1175
Kingsgrove Dc	New South Wales	1484	-33.9537	151.1175
Kogarah	New South Wales	1485	-33.9681	151.1356
Miranda	New South Wales	1490	-34.0386	151.1001
Hurstville	New South Wales	1493	-33.9799	151.0903
Caringbah	New South Wales	1495	-34.0353	151.1247
Sutherland	New South Wales	1499	-34.031	151.0553
West Chatswood	New South Wales	1515	-33.794	151.1649
Northbridge	New South Wales	1560	-33.8131	151.2173
Milsons Point	New South Wales	1565	-33.846	151.2119
Artarmon	New South Wales	1570	-33.8167	151.1833
Crows Nest	New South Wales	1585	-33.8249	151.204
St Leonards	New South Wales	1590	-33.8234	151.1984
Lane Cove	New South Wales	1595	-33.8157	151.1668
Lane Cove	New South Wales	1597	-33.8157	151.1668
Lane Cove Dc	New South Wales	1602	-33.7606	151.1878
Hornsby	New South Wales	1630	-33.7024	151.0993
Hornsby Westfield	New South Wales	1635	-33.7253	151.1613
Frenchs Forest	New South Wales	1639	-33.7482	151.2232
Frenchs Forest	New South Wales	1640	-33.7482	151.2232
Manly	New South Wales	1655	-33.798	151.2883
Mona Vale	New South Wales	1658	-33.6776	151.3031
Mona Vale	New South Wales	1660	-33.6776	151.3031
North Ryde	New South Wales	1670	-33.7968	151.1244
Gladesville	New South Wales	1675	-33.8333	151.1333
Ryde	New South Wales	1680	-33.8188	151.1062
West Ryde	New South Wales	1685	-33.8054	151.0739
Ermington	New South Wales	1700	-33.8148	151.0547
Epping	New South Wales	1710	-33.7727	151.0818
Pennant Hills	New South Wales	1715	-33.7378	151.0722
Seven Hills	New South Wales	1730	-33.7833	150.9333
Parramatta	New South Wales	1740	-33.8178	151.0035
Parramatta	New South Wales	1741	-33.8178	151.0035
North Parramatta	New South Wales	1750	-33.7935	151.0012
Baulkham Hills	New South Wales	1755	-33.7588	150.9929
Castle Hill	New South Wales	1765	-33.7333	151
Pennant Hills	New South Wales	1771	-33.7378	151.0722
Seven Hills Mc	New South Wales	1781	-33.7768	151.0215
St Marys	New South Wales	1790	-33.7768	151.0215
Ashfield	New South Wales	1800	-33.8883	151.1227
Burwood	New South Wales	1805	-33.8833	151.1
Silverwater	New South Wales	1811	-33.8334	151.0473
Strathfield	New South Wales	1819	-33.881	151.0799
Lidcombe	New South Wales	1825	-33.8644	151.0397
Granville	New South Wales	1830	-33.8406	151.0075
Granville	New South Wales	1831	-33.8406	151.0075
Auburn	New South Wales	1835	-33.85	151.0333
Wetherill Park	New South Wales	1851	-33.8428	150.9006
Fairfield	New South Wales	1860	-33.8667	150.95
Liverpool	New South Wales	1871	-33.9194	150.9259
Moorebank	New South Wales	1874	-33.9437	150.9566
Moorebank	New South Wales	1875	-33.9437	150.9566
Bankstown	New South Wales	1885	-33.9167	151.0333
Bankstown	New South Wales	1888	-33.9167	151.0333
Ingleburn	New South Wales	1890	-34	150.8667
Milperra	New South Wales	1891	-33.9393	150.9815
Sydney	New South Wales	2000	-33.8678	151.2073
Sydney	New South Wales	2001	-33.8678	151.2073
World Square	New South Wales	2002	-33.8702	151.2022
Eastern Suburbs Mc	New South Wales	2004	-33.8702	151.2022
The University Of Sydney	New South Wales	2006	-33.8702	151.2022
Broadway	New South Wales	2007	-33.8772	151.1972
Darlington	New South Wales	2008	-33.891	151.1955
Darling Island	New South Wales	2009	-33.8698	151.194
Darlinghurst	New South Wales	2010	-33.8794	151.2193
Kings Cross	New South Wales	2011	-33.875	151.2223
Strawberry Hills	New South Wales	2012	-33.8988	151.2108
Strawberry Hills	New South Wales	2013	-33.8988	151.2108
Beaconsfield	New South Wales	2015	-33.9115	151.2004
Redfern	New South Wales	2016	-33.8928	151.2041
Waterloo	New South Wales	2017	-33.8994	151.2053
Rosebery	New South Wales	2018	-33.9167	151.2
Botany	New South Wales	2019	-33.946	151.1959
Mascot	New South Wales	2020	-33.926	151.1935
Centennial Park	New South Wales	2021	-33.8979	151.2336
Bondi Junction	New South Wales	2022	-33.8928	151.2472
Bellevue Hill	New South Wales	2023	-33.879	151.251
Waverley	New South Wales	2024	-33.902	151.2556
Woollahra	New South Wales	2025	-33.8878	151.2368
Ben Buckler	New South Wales	2026	-33.8928	151.2736
Darling Point	New South Wales	2027	-33.8706	151.2389
Double Bay	New South Wales	2028	-33.8778	151.2435
Rose Bay	New South Wales	2029	-33.8688	151.2706
Diamond Bay	New South Wales	2030	-33.8567	151.2799
Clovelly	New South Wales	2031	-33.9121	151.2588
Kingsford	New South Wales	2032	-33.924	151.2275
Kensington	New South Wales	2033	-33.9202	151.2224
Coogee	New South Wales	2034	-33.9205	151.2552
Maroubra	New South Wales	2035	-33.95	151.2333
Chifley	New South Wales	2036	-33.967	151.2422
Glebe	New South Wales	2037	-33.8788	151.1843
Annandale	New South Wales	2038	-33.8833	151.1667
Rozelle	New South Wales	2039	-33.8614	151.1705
Leichhardt	New South Wales	2040	-33.8834	151.1562
Balmain	New South Wales	2041	-33.8548	151.1833
Newtown	New South Wales	2042	-33.8983	151.1775
Erskineville	New South Wales	2043	-33.9025	151.1858
St Peters	New South Wales	2044	-33.9167	151.1833
Haberfield	New South Wales	2045	-33.883	151.1439
Abbotsford	New South Wales	2046	-33.8489	151.128
Drummoyne	New South Wales	2047	-33.8524	151.1549
Stanmore	New South Wales	2048	-33.8941	151.1642
Lewisham	New South Wales	2049	-33.8972	151.1488
Camperdown	New South Wales	2050	-33.8897	151.1764
Unsw Sydney	New South Wales	2052	-33.8419	151.1935
North Sydney	New South Wales	2055	-33.839	151.2072
Chatswood	New South Wales	2057	-33.8	151.1833
Northern Suburbs Mc	New South Wales	2058	-33.8419	151.1935
North Sydney	New South Wales	2059	-33.839	151.2072
North Sydney	New South Wales	2060	-33.839	151.2072
Milsons Point	New South Wales	2061	-33.846	151.2119
Cammeray	New South Wales	2062	-33.8213	151.2161
Northbridge	New South Wales	2063	-33.8131	151.2173
Artarmon	New South Wales	2064	-33.8167	151.1833
St Leonards	New South Wales	2065	-33.8234	151.1984
Osborne Park	New South Wales	2066	-33.8215	151.1633
Chatswood	New South Wales	2067	-33.8	151.1833
Willoughby	New South Wales	2068	-33.8049	151.1993
Castle Cove	New South Wales	2069	-33.7865	151.2092
East Lindfield	New South Wales	2070	-33.7666	151.1868
Killara	New South Wales	2071	-33.766	151.1621
Gordon	New South Wales	2072	-33.7553	151.1512
Pymble	New South Wales	2073	-33.7439	151.1419
Bobbin Head	New South Wales	2074	-33.7312	151.127
St Ives	New South Wales	2075	-33.7038	151.1646
Normanhurst	New South Wales	2076	-33.7237	151.0958
Hornsby	New South Wales	2077	-33.7024	151.0993
Mount Colah	New South Wales	2079	-33.6833	151.1167
Mount Kuring-Gai	New South Wales	2080	-33.642	151.1287
Berowra	New South Wales	2081	-33.6208	151.1509
Berowra Creek	New South Wales	2082	-33.5441	151.1419
Brooklyn	New South Wales	2083	-33.549	151.2249
Akuna Bay	New South Wales	2084	-33.6583	151.2107
Belrose	New South Wales	2085	-33.7395	151.2103
Frenchs Forest	New South Wales	2086	-33.7482	151.2232
Forestville	New South Wales	2087	-33.7667	151.2083
Mosman	New South Wales	2088	-33.839	151.2396
Kurraba Point	New South Wales	2089	-33.8424	151.2226
Cremorne	New South Wales	2090	-33.8268	151.2263
Hmas Penguin	New South Wales	2091	-33.776	151.2715
Seaforth	New South Wales	2092	-33.8014	151.2398
Clontarf	New South Wales	2093	-33.8055	151.2537
Fairlight	New South Wales	2094	-33.7957	151.2735
Manly	New South Wales	2095	-33.798	151.2883
Freshwater	New South Wales	2096	-33.7787	151.2857
Collaroy	New South Wales	2097	-33.732	151.3012
Cromer	New South Wales	2099	-33.7312	151.2679
Allambie	New South Wales	2100	-33.7666	151.2498
Ingleside	New South Wales	2101	-33.6846	151.2635
Warriewood	New South Wales	2102	-33.6886	151.2953
Mona Vale	New South Wales	2103	-33.6776	151.3031
Bayview	New South Wales	2104	-33.6598	151.2988
Morning Bay	New South Wales	2105	-33.629	151.2867
Newport	New South Wales	2106	-33.6564	151.314
Avalon	New South Wales	2107	-33.6359	151.329
The Basin	New South Wales	2108	-33.6038	151.301
Macquarie University	New South Wales	2109	-33.6694	151.2918
Hunters Hill	New South Wales	2110	-33.8343	151.1459
Gladesville	New South Wales	2111	-33.8333	151.1333
Ryde	New South Wales	2112	-33.8188	151.1062
North Ryde	New South Wales	2113	-33.7968	151.1244
Meadowbank	New South Wales	2114	-33.8167	151.0886
Ermington	New South Wales	2115	-33.8148	151.0547
Rydalmere	New South Wales	2116	-33.8145	151.0375
Dundas	New South Wales	2117	-33.8033	151.0406
Carlingford	New South Wales	2118	-33.7827	151.0489
Cheltenham	New South Wales	2119	-33.7587	151.0723
Pennant Hills	New South Wales	2120	-33.7378	151.0722
Epping	New South Wales	2121	-33.7727	151.0818
Eastwood	New South Wales	2122	-33.7918	151.0806
Parramatta	New South Wales	2123	-33.8178	151.0035
Parramatta	New South Wales	2124	-33.8178	151.0035
West Pennant Hills	New South Wales	2125	-33.7457	151.0476
Cherrybrook	New South Wales	2126	-33.722	151.0461
Newington	New South Wales	2127	-33.8349	151.057
Silverwater	New South Wales	2128	-33.8334	151.0473
Sydney Markets	New South Wales	2129	-33.7874	151.0624
Summer Hill	New South Wales	2130	-33.8915	151.1382
Ashfield	New South Wales	2131	-33.8883	151.1227
Croydon	New South Wales	2132	-33.8833	151.1167
Croydon Park	New South Wales	2133	-33.8658	151.1016
Burwood	New South Wales	2134	-33.8833	151.1
Strathfield	New South Wales	2135	-33.881	151.0799
Enfield	New South Wales	2136	-33.8915	151.0932
Cabarita	New South Wales	2137	-33.8472	151.1164
Concord West	New South Wales	2138	-33.8481	151.0861
Concord Repatriation Hospital	New South Wales	2139	-33.8658	151.1016
Homebush	New South Wales	2140	-33.8667	151.0833
Lidcombe	New South Wales	2141	-33.8644	151.0397
Granville	New South Wales	2142	-33.8406	151.0075
Regents Park	New South Wales	2143	-33.8833	151.0167
Auburn	New South Wales	2144	-33.85	151.0333
Girraween	New South Wales	2145	-33.799	150.943
Toongabbie	New South Wales	2146	-33.7833	150.95
Seven Hills	New South Wales	2147	-33.7833	150.9333
Kings Park	New South Wales	2148	-33.7432	150.9076
Parramatta	New South Wales	2150	-33.8178	151.0035
North Parramatta	New South Wales	2151	-33.7935	151.0012
Northmead	New South Wales	2152	-33.7838	150.9986
Baulkham Hills	New South Wales	2153	-33.7588	150.9929
Castle Hill	New South Wales	2154	-33.7333	151
Beaumont Hills	New South Wales	2155	-33.6999	150.9411
Glenhaven	New South Wales	2156	-33.7	151
Hillside	New South Wales	2157	-33.2794	148.2173
Dural	New South Wales	2158	-33.6833	151.0167
Arcadia	New South Wales	2159	-33.6167	151.0333
Merrylands	New South Wales	2160	-33.8333	150.9833
Guildford	New South Wales	2161	-33.8586	150.9946
Chester Hill	New South Wales	2162	-33.879	150.9995
Lansdowne	New South Wales	2163	-33.896	150.9756
Smithfield	New South Wales	2164	-33.85	150.9333
Fairfield	New South Wales	2165	-33.8667	150.95
Cabramatta	New South Wales	2166	-33.8974	150.9345
Glenfield	New South Wales	2167	-33.9667	150.9
Green Valley	New South Wales	2168	-33.9029	150.8671
Moorebank	New South Wales	2170	-33.9437	150.9566
Carnes Hill	New South Wales	2171	-33.9385	150.8488
Sandy Point	New South Wales	2172	-35.0628	149.8635
Wattle Grove	New South Wales	2173	-33.9544	150.9445
Edmondson Park	New South Wales	2174	-33.9569	150.8613
Horsley Park	New South Wales	2175	-33.8432	150.8489
Abbotsbury	New South Wales	2176	-33.8701	150.8612
Bonnyrigg	New South Wales	2177	-33.8936	150.8891
Cecil Park	New South Wales	2178	-33.8743	150.8418
Austral	New South Wales	2179	-33.9274	150.8081
Chullora	New South Wales	2190	-33.8923	151.0473
Belfield	New South Wales	2191	-33.9035	151.0847
Belmore	New South Wales	2192	-33.919	151.0894
Canterbury	New South Wales	2193	-33.9119	151.1186
Campsie	New South Wales	2194	-33.9125	151.1028
Lakemba	New South Wales	2195	-33.9197	151.0759
Punchbowl	New South Wales	2196	-33.9289	151.0511
Bass Hill	New South Wales	2197	-33.8986	150.9954
Georges Hall	New South Wales	2198	-33.9088	150.9885
Yagoona	New South Wales	2199	-33.9049	151.02
Bankstown	New South Wales	2200	-33.9167	151.0333
Dulwich Hill	New South Wales	2203	-33.9041	151.1394
Marrickville	New South Wales	2204	-33.9074	151.1555
Arncliffe	New South Wales	2205	-33.9363	151.1482
Undercliffe	New South Wales	2206	-33.9235	151.1146
Bardwell Park	New South Wales	2207	-33.9353	151.1257
Kingsgrove	New South Wales	2208	-33.9393	151.0993
Beverly Hills	New South Wales	2209	-33.948	151.0798
Lugarno	New South Wales	2210	-33.9827	151.0418
Padstow	New South Wales	2211	-33.9569	151.0319
Revesby	New South Wales	2212	-33.95	151.0167
Picnic Point	New South Wales	2213	-33.9806	150.9966
Milperra	New South Wales	2214	-33.9393	150.9815
Banksia	New South Wales	2216	-33.946	151.143
Kogarah	New South Wales	2217	-33.9681	151.1356
Carlton	New South Wales	2218	-33.9711	151.1214
Sandringham	New South Wales	2219	-33.9945	151.1391
Hurstville	New South Wales	2220	-33.9799	151.0903
Blakehurst	New South Wales	2221	-33.9915	151.1088
Penshurst	New South Wales	2222	-33.9667	151.0833
Mortdale	New South Wales	2223	-33.969	151.0723
Kangaroo Point	New South Wales	2224	-34.0026	151.0959
Caravan Head	New South Wales	2225	-34.0041	151.0759
Como	New South Wales	2226	-33.9994	151.0639
Gymea	New South Wales	2227	-34.0364	151.0853
Miranda	New South Wales	2228	-34.0386	151.1001
Caringbah	New South Wales	2229	-34.0353	151.1247
Bundeena	New South Wales	2230	-34.0838	151.1502
Kurnell	New South Wales	2231	-34.0109	151.2051
Sutherland	New South Wales	2232	-34.031	151.0553
Heathcote	New South Wales	2233	-34.0841	151.013
Bangor	New South Wales	2234	-34.0167	151.0333
Springfield	New South Wales	2250	-33.4277	151.3763
Green Point	New South Wales	2251	-33.444	151.3682
Central Coast Mc	New South Wales	2252	-33.333	151.3853
Blackwall	New South Wales	2256	-33.5025	151.3279
Pretty Beach	New South Wales	2257	-33.5167	151.35
Palm Grove	New South Wales	2258	-33.3333	151.3167
Rocky Point	New South Wales	2259	-33.2934	151.4699
Erina Heights	New South Wales	2260	-33.4252	151.3995
Shelly Beach	New South Wales	2261	-33.37	151.4852
San Remo	New South Wales	2262	-33.2147	151.521
Canton Beach	New South Wales	2263	-33.2744	151.5461
Mirrabooka	New South Wales	2264	-33.111	151.5543
Cooranbong	New South Wales	2265	-33.0762	151.4541
Wangi Wangi	New South Wales	2267	-33.0718	151.5984
Killingworth	New South Wales	2278	-32.9341	151.556
Belmont	New South Wales	2280	-33.0274	151.6601
Pelican	New South Wales	2281	-33.0724	151.6455
Lakelands	New South Wales	2282	-32.9619	151.6497
Balmoral	New South Wales	2283	-33.0463	151.58
Argenton	New South Wales	2284	-32.935	151.6306
Cardiff	New South Wales	2285	-32.942	151.6544
Holmesville	New South Wales	2286	-32.9167	151.5833
Summer Hill	New South Wales	2287	-33.8915	151.1382
Highfields	New South Wales	2289	-32.9533	151.7123
Charlestown	New South Wales	2290	-32.9683	151.6932
Merewether	New South Wales	2291	-32.948	151.7433
Broadmeadow	New South Wales	2292	-32.9237	151.7285
Wickham	New South Wales	2293	-32.9192	151.7569
Carrington	New South Wales	2294	-32.915	151.7644
Stockton	New South Wales	2295	-32.9091	151.7836
Islington	New South Wales	2296	-32.9139	151.7474
Tighes Hill	New South Wales	2297	-32.9073	151.7509
Georgetown	New South Wales	2298	-32.9081	151.7312
Glen Inneslambton	New South Wales	2299	-32.9085	151.6988
Bar Beach	New South Wales	2300	-32.9413	151.7654
Newcastle West	New South Wales	2302	-32.9245	151.7571
Hamilton	New South Wales	2303	-32.9221	151.7471
Mayfield	New South Wales	2304	-32.8979	151.7361
Kotara East	New South Wales	2305	-32.9265	151.7011
Windale	New South Wales	2306	-32.9928	151.6817
Shortland	New South Wales	2307	-32.8788	151.691
Callaghan	New South Wales	2308	-32.892	151.7053
Dangar	New South Wales	2309	-33.5386	151.2415
Hunter Region Mc	New South Wales	2310	-32.5941	151.8862
Allynbrook	New South Wales	2311	-32.3614	151.5364
Minimbah	New South Wales	2312	-32.1577	152.3748
Williamtown Raaf	New South Wales	2314	-32.5941	151.8862
Nelson Bay	New South Wales	2315	-32.7204	152.144
Boat Harbour	New South Wales	2316	-32.7896	152.1091
Salamander Bay	New South Wales	2317	-32.7225	152.0794
Oyster Cove	New South Wales	2318	-32.7387	151.9564
Lemon Tree Passage	New South Wales	2319	-32.7305	152.0386
Bolwarra	New South Wales	2320	-32.7167	151.5667
Windermere	New South Wales	2321	-32.6897	151.4474
Black Hill	New South Wales	2322	-32.8377	151.6187
Buchanan	New South Wales	2323	-32.8305	151.5312
Wallaroo	New South Wales	2324	-35.1468	149.0128
Cedar Creek	New South Wales	2325	-32.8552	151.2186
Weston	New South Wales	2326	-32.81	151.456
Kurri Kurri	New South Wales	2327	-32.8193	151.4791
Bureen	New South Wales	2328	-32.4654	150.7213
Borambil	New South Wales	2329	-32.0333	150
Darlington	New South Wales	2330	-33.891	151.1955
Singleton Military Area	New South Wales	2331	-32.3605	150.9926
Baerami	New South Wales	2333	-32.3818	150.4679
Greta	New South Wales	2334	-32.6778	151.3892
Elderslie	New South Wales	2335	-34.0552	150.7137
Aberdeen	New South Wales	2336	-32.1659	150.89
Dry Creek	New South Wales	2337	-31.9607	150.9914
Sandy Creek	New South Wales	2338	-31.7641	150.8869
Cattle Creek	New South Wales	2339	-31.7114	150.5995
Gowrie	New South Wales	2340	-31.35	150.85
Werris Creek	New South Wales	2341	-31.3491	150.6487
Currabubula	New South Wales	2342	-31.2667	150.7333
Yarraman	New South Wales	2343	-31.6627	150.1436
Winton	New South Wales	2344	-31.0818	150.7179
Garthowen	New South Wales	2345	-30.8565	150.9038
Halls Creek	New South Wales	2346	-30.6938	150.653
Red Hill	New South Wales	2347	-29.5333	153.1628
New England Mc	New South Wales	2348	-31.0904	150.7649
Lyndhurst	New South Wales	2350	-30.3167	152.05
University Of New England	New South Wales	2351	-30.7539	151.1366
Kootingal	New South Wales	2352	-31.0586	151.0535
Moonbi	New South Wales	2353	-31.0177	151.0706
Branga Plains	New South Wales	2354	-31.0387	151.5634
Retreat	New South Wales	2355	-30.6068	151.1068
Gwabegar	New South Wales	2356	-30.6101	148.9675
Box Ridge	New South Wales	2357	-31.4554	149.4884
Bakers Creek	New South Wales	2358	-30.2667	151.0167
Bakers Creek	New South Wales	2359	-30.2667	151.0167
Paradise	New South Wales	2360	-29.6633	151.1994
Bonshaw	New South Wales	2361	-29.0479	151.2757
Glencoe	New South Wales	2365	-29.9249	151.7223
Old Mill	New South Wales	2369	-29.9196	151.2146
Stonehenge	New South Wales	2370	-29.8164	151.7351
Deepwater	New South Wales	2371	-29.4404	151.8461
Back Creek	New South Wales	2372	-28.6031	153.0298
Goolhi	New South Wales	2379	-30.9708	149.8153
Milroy	New South Wales	2380	-31.15	150.05
Curlewis	New South Wales	2381	-31.1167	150.2675
Boggabri	New South Wales	2382	-30.7095	150.0412
Burren Junction	New South Wales	2386	-30.0985	148.9679
Bulyeroi	New South Wales	2387	-29.8169	148.909
Jews Lagoon	New South Wales	2388	-30.5049	149.4088
Back Creek	New South Wales	2390	-28.6031	153.0298
Binnaway	New South Wales	2395	-31.5523	149.3787
Baradine	New South Wales	2396	-30.9487	149.0692
Jews Lagoon	New South Wales	2397	-29.8672	149.6784
Gurley	New South Wales	2398	-29.7333	149.8
Biniguy	New South Wales	2399	-29.5435	150.2033
Yarraman	New South Wales	2400	-31.6627	150.1436
Gravesend	New South Wales	2401	-29.5833	150.3331
Coolatai	New South Wales	2402	-29.2571	150.7473
Balfours Peak	New South Wales	2403	-29.4632	150.7855
Bangheet	New South Wales	2404	-29.9146	150.572
Boomi	New South Wales	2405	-28.7233	149.5794
Mungindi	Queensland	2406	-29.0185	149.2548
Blue Nobby	New South Wales	2408	-29.0818	150.6586
Boggabilla	New South Wales	2409	-28.6048	150.3593
Twin Rivers	New South Wales	2410	-28.7167	150.6938
Croppa Creek	New South Wales	2411	-29.1331	150.3014
Monkerai	New South Wales	2415	-32.2915	151.8602
Sugarloaf	New South Wales	2420	-32.3895	151.719
Summer Hill	New South Wales	2421	-33.8915	151.1382
Back Creek	New South Wales	2422	-28.6031	153.0298
Wallingat	New South Wales	2423	-32.3299	152.2778
Woodside	New South Wales	2424	-31.778	152.0862
Washpool	New South Wales	2425	-32.484	151.9953
Coopernook	New South Wales	2426	-31.8254	152.6114
Crowdy Head	New South Wales	2427	-31.8423	152.7522
Forster	New South Wales	2428	-32.1814	152.5172
Killawarra	New South Wales	2429	-31.9049	152.2872
Happy Valley	New South Wales	2430	-28.8906	152.7601
Arakoon	New South Wales	2431	-30.8875	153.0721
Black Creek	New South Wales	2439	-31.6319	152.6983
Deep Creek	New South Wales	2440	-28.946	152.6632
Bonville	New South Wales	2441	-30.3828	153.0596
Kempsey Msc	New South Wales	2442	-31.1338	152.7068
Bobs Creek	New South Wales	2443	-31.5872	152.7536
North Shore	New South Wales	2444	-31.4024	152.9019
Bonny Hills	New South Wales	2445	-31.5906	152.8391
Redbank	New South Wales	2446	-31.4242	152.7393
Bakers Creek	New South Wales	2447	-30.2667	151.0167
Hyland Park	New South Wales	2448	-30.6124	153.0001
South Arm	New South Wales	2449	-30.6888	152.7396
Sherwood	New South Wales	2450	-31.0649	152.7288
Bayldon	New South Wales	2452	-30.355	153.0877
Cascade	New South Wales	2453	-30.2317	152.7898
Brinerville	New South Wales	2454	-30.4532	152.9003
Tarkeeth	New South Wales	2455	-30.497	153.0142
Dirty Creek	New South Wales	2456	-30.0765	153.1879
Deep Creek	New South Wales	2460	-28.946	152.6632
Calliope	New South Wales	2462	-29.7276	153.1609
Woodford	New South Wales	2463	-29.4833	153.223
Yamba	New South Wales	2464	-29.4375	153.3591
Harwood	New South Wales	2465	-29.4258	153.2418
Iluka	New South Wales	2466	-29.4015	153.3511
Deep Creek	New South Wales	2469	-28.946	152.6632
Alice	New South Wales	2470	-29.0555	152.5879
Swan Bay	New South Wales	2471	-29.0596	153.3128
Broadwater	New South Wales	2472	-29.0111	153.4356
Bundjalung	New South Wales	2473	-29.1119	153.4153
Sherwood	New South Wales	2474	-31.0649	152.7288
Beaury Creek	New South Wales	2475	-28.5315	152.4799
The Glen	New South Wales	2476	-28.8491	152.8424
Lynwood	New South Wales	2477	-28.872	153.4425
Coolgardie	New South Wales	2478	-28.9115	153.4567
Binna Burra	New South Wales	2479	-28.7016	153.4988
Back Creek	New South Wales	2480	-28.6031	153.0298
Broken Head	New South Wales	2481	-28.7291	153.6087
Palmwoods	New South Wales	2482	-28.5111	153.4049
Billinudgel	New South Wales	2483	-28.5032	153.529
Back Creek	New South Wales	2484	-28.6031	153.0298
Tweed Heads	New South Wales	2485	-28.1767	153.5452
Banora Point	New South Wales	2486	-28.213	153.5363
Casuarina	New South Wales	2487	-28.3004	153.5706
Bogangar	New South Wales	2488	-28.3294	153.5686
Hastings Point	New South Wales	2489	-28.3641	153.5748
North Tumbulgum	New South Wales	2490	-28.2621	153.4718
Spring Hill	New South Wales	2500	-33.3988	149.1525
Cringila	New South Wales	2502	-34.4713	150.8676
Kemblawarra	New South Wales	2505	-34.4944	150.89
Berkeley	New South Wales	2506	-34.4833	150.85
Lilyvale	New South Wales	2508	-34.1861	151.0165
Clifton	New South Wales	2515	-34.261	150.9695
Bulli	New South Wales	2516	-34.3383	150.9135
Russell Vale	New South Wales	2517	-34.3554	150.8943
Bellambi	New South Wales	2518	-34.3667	150.9167
Mount Pleasant	New South Wales	2519	-34.3953	150.8666
Wollongong	New South Wales	2520	-34.424	150.8934
University Of Wollongong	New South Wales	2522	-34.5321	150.8196
Figtree	New South Wales	2525	-34.4356	150.8583
Cordeaux	New South Wales	2526	-34.4404	150.8375
Yellow Rock	New South Wales	2527	-34.6	150.7333
Barrack Heights	New South Wales	2528	-34.5646	150.8569
Blackbutt	New South Wales	2529	-34.5716	150.838
Cleveland	New South Wales	2530	-34.5017	150.7709
Curramore	New South Wales	2533	-34.6234	150.7607
Willow Vale	New South Wales	2534	-34.7381	150.7998
Broughton	New South Wales	2535	-34.732	150.718
Rosedale	New South Wales	2536	-34.8863	149.7843
Bergalia	New South Wales	2537	-35.9818	150.1012
Woodstock	New South Wales	2538	-33.7446	148.8489
Pretty Beach	New South Wales	2539	-33.5167	151.35
Mayfield	New South Wales	2540	-36.1304	148.9225
Bangalee	New South Wales	2541	-34.8733	150.5904
Stony Creek	New South Wales	2545	-36.2891	148.7385
Greendale	New South Wales	2546	-36.4255	149.9534
Berrambool	New South Wales	2548	-36.8815	149.9066
Broadwater	New South Wales	2549	-36.9432	149.8557
Stony Creek	New South Wales	2550	-36.2891	148.7385
Nungatta	New South Wales	2551	-37.2152	149.4012
Badgerys Creek	New South Wales	2555	-33.8907	150.7427
Bradfield	New South Wales	2556	-33.9333	150.7333
Rossmore	New South Wales	2557	-33.9405	150.7728
Eagle Vale	New South Wales	2558	-34.0375	150.8136
Blairmount	New South Wales	2559	-34.0508	150.7924
Campbelltown	New South Wales	2560	-34.0667	150.8167
Menangle Park	New South Wales	2563	-34.1044	150.7507
Long Point	New South Wales	2564	-34.0167	150.9
Ingleburn	New South Wales	2565	-34	150.8667
Minto	New South Wales	2566	-34.0333	150.85
Currans Hill	New South Wales	2567	-34.0431	150.773
Menangle	New South Wales	2568	-34.1268	150.7387
Douglas Park	New South Wales	2569	-34.185	150.7145
Elderslie	New South Wales	2570	-34.0552	150.7137
Balmoral	New South Wales	2571	-34.3077	150.521
Lakesland	New South Wales	2572	-34.1652	150.5346
Tahmoor	New South Wales	2573	-34.2225	150.5947
Avon	New South Wales	2574	-34.4271	150.7012
Woodlands	New South Wales	2575	-34.4057	150.3943
Bong Bong	New South Wales	2576	-34.5239	150.4883
Avoca	New South Wales	2577	-34.5953	149.2917
Bundanoon	New South Wales	2578	-34.6566	150.2962
Big Hill	New South Wales	2579	-34.6586	150.2268
Mayfield	New South Wales	2580	-36.1304	148.9225
Breadalbane	New South Wales	2581	-34.8	149.4833
Cavan	New South Wales	2582	-34.7665	148.8247
Brooklands	New South Wales	2583	-34.2972	149.3538
Binalong	New South Wales	2584	-34.6717	148.6348
Galong	New South Wales	2585	-34.6	148.55
Boorowa	New South Wales	2586	-34.4366	148.7163
Aurville	New South Wales	2587	-34.55	148.3368
Cullinga	New South Wales	2588	-34.5333	148.15
Bethungra	New South Wales	2590	-34.761	147.8554
Ashville	New South Wales	2594	-34.2161	148.1176
Parliament House	Australian Capital Territory	2600	-35.307	149.139
Black Mountain	Australian Capital Territory	2601	-35.2808	149.1252
O'Connor	Australian Capital Territory	2602	-35.2564	149.1125
Red Hill	Australian Capital Territory	2603	-35.3262	149.1191
Kingston	Australian Capital Territory	2604	-35.3152	149.1466
Hughes	Australian Capital Territory	2605	-35.3327	149.0949
Lyons	Australian Capital Territory	2606	-35.3406	149.074
Mawson	Australian Capital Territory	2607	-35.3634	149.0986
Civic Square	Australian Capital Territory	2608	-35.312	149.1294
Canberra Airport	Australian Capital Territory	2609	-35.3179	149.1832
Canberra Bc	Australian Capital Territory	2610	-35.27	149.0452
Stirling	Australian Capital Territory	2611	-35.3497	149.0493
Reid	Australian Capital Territory	2612	-35.2858	149.1391
Cook	Australian Capital Territory	2614	-35.2601	149.0657
Flynn	Australian Capital Territory	2615	-35.2059	149.0439
Belconnen	Australian Capital Territory	2616	-35.238	149.0663
Belconnen	Australian Capital Territory	2617	-35.238	149.0663
Wallaroo	New South Wales	2618	-35.1468	149.0128
Jerrabomberra	New South Wales	2619	-35.3844	149.2025
Burra	New South Wales	2620	-35.5594	149.2235
Anembo	New South Wales	2621	-35.3561	149.4208
Back Creek	New South Wales	2622	-35.4753	149.7926
Captains Flat	New South Wales	2623	-35.5911	149.4452
Kosciusko	New South Wales	2624	-36.5051	148.3032
Thredbo	New South Wales	2625	-36.5068	148.3055
Colinton	New South Wales	2626	-35.8667	149.1667
Kosciusko	New South Wales	2627	-36.5051	148.3032
Hill Top	New South Wales	2628	-36.3335	148.6881
Long Plain	New South Wales	2629	-36.0083	148.7028
Springfield	New South Wales	2630	-33.3433	149.2635
Greenlands	New South Wales	2631	-36.6037	149.3151
Craigie	New South Wales	2632	-37.0833	149.05
Corrowong	New South Wales	2633	-36.9298	148.8238
Glenroy	New South Wales	2640	-36.0502	146.9106
Lavington Dc	New South Wales	2641	-36.0362	146.935
Bidgeemia	New South Wales	2642	-35.8976	147.3391
Howlong	New South Wales	2643	-35.982	146.6325
Coppabella	New South Wales	2644	-35.7843	147.3529
Coonong	New South Wales	2645	-35.2488	146.4092
Ringwood	New South Wales	2646	-35.8186	146.3196
Mulwala	New South Wales	2647	-35.9854	146.0053
Ellerslie	New South Wales	2648	-33.9716	141.8629
Laurel Hill	New South Wales	2649	-35.6033	148.0915
The Gap	New South Wales	2650	-35.1774	147.3882
Forest Hill	New South Wales	2651	-35.1481	147.4671
Rosewood	New South Wales	2652	-35.673	147.8626
Glenroy	New South Wales	2653	-36.0502	146.9106
Birdlip	New South Wales	2655	-35.2661	147.0115
Osborne	New South Wales	2656	-35.3545	146.7228
Henty	New South Wales	2658	-35.5209	147.0343
Alma Park	New South Wales	2659	-35.7622	146.9011
Morven	New South Wales	2660	-35.6606	147.119
Kapooka	New South Wales	2661	-35.1569	147.2844
Bundure	New South Wales	2663	-35.1708	146.0078
Tara	New South Wales	2665	-34.5	147.1667
Sebastopol	New South Wales	2666	-34.5833	147.5333
Barmedman	New South Wales	2668	-34.1449	147.3873
North Yalgogrin	New South Wales	2669	-33.8403	146.8489
Back Creek	New South Wales	2671	-33.8267	147.1746
Burgooney	New South Wales	2672	-33.3861	146.5752
Hillston	New South Wales	2675	-33.4827	145.5353
Charles Sturt University	New South Wales	2678	-35.0608	147.3542
Griffith	New South Wales	2680	-34.2885	146.0509
Myall Park	New South Wales	2681	-34.2453	146.2027
Bundure	New South Wales	2700	-35.1708	146.0078
Berry Jerry	New South Wales	2701	-34.7575	147.1954
Ganmain	New South Wales	2702	-34.7932	147.0391
Yanco	New South Wales	2703	-34.5985	146.4095
Brobenah	New South Wales	2705	-34.3753	146.4317
Darlington Point	New South Wales	2706	-34.5694	145.9987
Argoon	New South Wales	2707	-34.9236	145.6492
Albury Msc	New South Wales	2708	-34.7062	146.4742
Barratta	New South Wales	2710	-35.2955	144.5737
Oxley	New South Wales	2711	-34.1936	144.1024
Berrigan	New South Wales	2712	-35.6588	145.8114
Retreat	New South Wales	2713	-35.6216	145.4285
Aratula	New South Wales	2714	-35.7467	145.4102
Kyalite	New South Wales	2715	-34.9532	143.4775
Coree South	New South Wales	2716	-35.3454	145.4289
Coomealla	New South Wales	2717	-34.0981	142.0925
Red Hill	New South Wales	2720	-35.0523	149.1643
Bland	New South Wales	2721	-33.9833	147.6833
Burra	New South Wales	2722	-35.5594	149.2235
Stockinbingal	New South Wales	2725	-34.4989	147.882
Bundarbo	New South Wales	2726	-34.7836	148.2998
Mingay	New South Wales	2727	-35.0016	148.277
Back Creek	New South Wales	2729	-35.0668	147.9251
Green Hills	New South Wales	2730	-32.9176	149.5836
Bunnaloo	New South Wales	2731	-35.7869	144.5977
Barham	New South Wales	2732	-35.6265	144.129
Dhuragoon	New South Wales	2733	-35.1946	144.1085
Kyalite	New South Wales	2734	-34.9532	143.4775
Speewa	New South Wales	2735	-35.1286	143.4404
Goodnight	New South Wales	2736	-34.959	143.3395
Benanee	New South Wales	2737	-34.5167	142.8667
Paringi	New South Wales	2738	-34.3252	142.3505
Boeill Creek	New South Wales	2739	-34.1432	142.1201
Greendale	New South Wales	2745	-33.9274	150.663
Kingswood	New South Wales	2747	-33.7561	150.7235
Orchard Hills	New South Wales	2748	-33.7823	150.7109
Castlereagh	New South Wales	2749	-33.6898	150.6789
Emu Heights	New South Wales	2750	-33.7345	150.6487
Penrith	New South Wales	2751	-33.75	150.7
Silverdale	New South Wales	2752	-33.9152	150.6096
Richmond	New South Wales	2753	-33.5996	150.7514
Tennyson	New South Wales	2754	-33.533	150.7375
Clarendon	New South Wales	2756	-33.6096	150.7867
Kurmond	New South Wales	2757	-33.5533	150.6947
Berambing	New South Wales	2758	-33.5326	150.4439
St Clair	New South Wales	2759	-33.7973	150.7847
St Marys	New South Wales	2760	-33.7603	150.7918
Plumpton	New South Wales	2761	-33.7518	150.8369
Schofields	New South Wales	2762	-33.7167	150.8667
Acacia Gardens	New South Wales	2763	-33.7316	150.9164
Nelson	New South Wales	2765	-33.6462	150.9214
Eastern Creek	New South Wales	2766	-33.8063	150.8612
Woodcroft	New South Wales	2767	-33.7564	150.8807
Glenwood	New South Wales	2768	-33.7333	150.9328
The Ponds	New South Wales	2769	-33.7023	150.9109
Bidwill	New South Wales	2770	-33.7301	150.8222
Glenbrook	New South Wales	2773	-33.7667	150.6167
Blaxland	New South Wales	2774	-33.75	150.6
Leets Vale	New South Wales	2775	-33.4298	150.9484
Faulconbridge	New South Wales	2776	-33.7	150.5333
Springwood	New South Wales	2777	-33.7	150.55
Woodford	New South Wales	2778	-33.7333	150.4833
Hazelbrook	New South Wales	2779	-33.7245	150.4584
Katoomba	New South Wales	2780	-33.7198	150.3074
Wentworth Falls	New South Wales	2782	-33.7103	150.3753
Lawson	New South Wales	2783	-33.7206	150.4297
Bullaburra	New South Wales	2784	-33.7292	150.4177
Blackheath	New South Wales	2785	-33.6357	150.2832
Bell	New South Wales	2786	-33.5167	150.2
Mayfield	New South Wales	2787	-32.8979	151.7361
Springvale	New South Wales	2790	-31.8595	149.8401
Carcoar	New South Wales	2791	-33.6	149.1333
Burnt Yards	New South Wales	2792	-33.5833	149.0167
Woodstock	New South Wales	2793	-33.7446	148.8489
Bumbaldry	New South Wales	2794	-33.9	148.4667
Mitchell	New South Wales	2795	-33.4273	149.5567
Lyndhurst	New South Wales	2797	-33.6733	149.0477
Byng	New South Wales	2798	-33.3476	149.2551
Barry	New South Wales	2799	-33.6484	149.2743
Spring Hill	New South Wales	2800	-33.3988	149.1525
Bendick Murrell	New South Wales	2803	-34.1667	148.4333
Burdett	New South Wales	2804	-33.4167	148.6
Gooloogong	New South Wales	2805	-33.6241	148.409
Eugowra	New South Wales	2806	-33.4273	148.3714
Koorawatha	New South Wales	2807	-34.0378	148.5561
Wyangala	New South Wales	2808	-33.968	148.9482
Greenethorpe	New South Wales	2809	-34	148.4
Pinnacle	New South Wales	2810	-33.8568	147.9645
Tonderburine	New South Wales	2817	-31.347	148.8225
Geurie	New South Wales	2818	-32.4006	148.8303
Maryvale	New South Wales	2820	-32.4735	148.9012
Burroway	New South Wales	2821	-32.0833	148.2667
Balladoran	New South Wales	2822	-31.865	148.6521
Gin Gin	New South Wales	2823	-31.9116	148.0898
Red Hill	New South Wales	2824	-35.0523	149.1643
Babinda	New South Wales	2825	-31.5514	147.7264
Bogan	New South Wales	2826	-31.8478	147.7215
Collie	New South Wales	2827	-31.6667	148.3
Armatree	New South Wales	2828	-31.446	148.4748
Pine Grove	New South Wales	2829	-30.8322	148.3799
Ballimore	New South Wales	2830	-32.2	148.9
Armatree	New South Wales	2831	-31.446	148.4748
Angledool	New South Wales	2832	-29.1102	147.9097
Collarenebri	New South Wales	2833	-29.5438	148.5759
Angledool	New South Wales	2834	-29.1102	147.9097
Sandy Creek	New South Wales	2835	-32.1818	146.2218
Gemville	New South Wales	2836	-31.2054	143.2327
Goodooga	New South Wales	2838	-29.1131	147.4525
Brewarrina	New South Wales	2839	-29.9607	146.8599
Hungerford	New South Wales	2840	-29.9029	145.1858
Mendooran	New South Wales	2842	-31.8229	149.1222
Coolah	New South Wales	2843	-31.8279	149.7156
Birriwa	New South Wales	2844	-32.1167	149.4667
Angus Place	New South Wales	2845	-33.411	150.0646
Kangaroo Flat	New South Wales	2846	-31.1312	152.1335
Portland	New South Wales	2847	-33.3571	149.9815
Brogans Creek	New South Wales	2848	-32.9929	149.9787
Reedy Creek	New South Wales	2849	-32.7114	150.0719
Stony Creek	New South Wales	2850	-32.4735	149.7346
Barneys Reef	New South Wales	2852	-32.308	149.4774
Boree	New South Wales	2864	-33.2411	148.8221
Bocobra	New South Wales	2865	-33.1401	148.5662
Amaroo	New South Wales	2866	-33.1595	148.9274
Eurimbula	New South Wales	2867	-32.8812	148.6995
North Yeoval	New South Wales	2868	-32.7386	148.6571
Peak Hill	New South Wales	2869	-32.7239	148.1905
Kadina	New South Wales	2870	-33.1465	148.2135
Corinella	New South Wales	2871	-33.4672	147.8806
Five Ways	New South Wales	2873	-32.2748	147.3438
Tullamore	New South Wales	2874	-32.6311	147.5661
Bruie Plains	New South Wales	2875	-32.7833	147.85
Gunning Gap	New South Wales	2876	-33.1231	147.9104
Gilgunnia	New South Wales	2877	-32.415	146.0354
Ivanhoe	New South Wales	2878	-32.9004	144.3015
Sunset Strip	New South Wales	2879	-32.2652	142.3012
Cameron Corner	New South Wales	2880	-31.268	141.6404
Australian Defence Forces	New South Wales	2890	-32.3918	148.3941
International Mc	New South Wales	2891	-32.3918	148.3941
Lord Howe Island	New South Wales	2898	-32.3918	148.3941
Norfolk Island	New South Wales	2899	-32.3918	148.3941
Greenway	Australian Capital Territory	2900	-35.4183	149.0666
Tuggeranong Dc	Australian Capital Territory	2901	-35.4247	149.0982
Kambah	Australian Capital Territory	2902	-35.3862	149.058
Oxley	Australian Capital Territory	2903	-35.4095	149.0786
Gowrie	Australian Capital Territory	2904	-35.4119	149.109
Bonython	Australian Capital Territory	2905	-35.4333	149.0782
Gordon	Australian Capital Territory	2906	-35.4568	149.085
Mitchell	Australian Capital Territory	2911	-35.217	149.137
Gungahlin	Australian Capital Territory	2912	-35.1867	149.1362
Palmerston	Australian Capital Territory	2913	-35.1945	149.1194
Amaroo	Australian Capital Territory	2914	-35.1696	149.128
Melbourne	Victoria	3000	-37.814	144.9633
Melbourne	Victoria	3001	-37.814	144.9633
East Melbourne	Victoria	3002	-37.8167	144.9879
West Melbourne	Victoria	3003	-37.8101	144.95
Melbourne	Victoria	3004	-37.814	144.9633
World Trade Centre	Victoria	3005	-37.8165	144.9619
South Wharf	Victoria	3006	-37.8253	144.9522
Docklands	Victoria	3008	-37.8149	144.9505
University Of Melbourne	Victoria	3010	-37.8233	144.8733
Seddon	Victoria	3011	-37.8061	144.8907
Brooklyn	Victoria	3012	-37.8161	144.8415
Yarraville	Victoria	3013	-37.8167	144.9
Newport	Victoria	3015	-37.8443	144.8848
Williamstown	Victoria	3016	-37.8635	144.899
Altona	Victoria	3018	-37.8696	144.8304
Robinson	Victoria	3019	-37.7867	144.8548
Albion	Victoria	3020	-37.7802	144.8172
Kings Park	Victoria	3021	-37.734	144.7777
Ardeer	Victoria	3022	-37.7759	144.8014
Burnside	Victoria	3023	-37.7494	144.753
Fieldstone	Victoria	3024	-37.8676	144.5979
Altona East	Victoria	3025	-37.8349	144.8474
Derrimut	Victoria	3026	-37.7924	144.7699
Laverton Raaf	Victoria	3027	-37.8619	144.7437
Laverton	Victoria	3028	-37.862	144.7698
Hoppers Crossing	Victoria	3029	-37.8826	144.7003
Chartwell	Victoria	3030	-37.9098	144.6387
Kensington	Victoria	3031	-37.7919	144.9311
Ascot Vale	Victoria	3032	-37.7799	144.9228
Keilor East	Victoria	3033	-37.7326	144.865
Avondale Heights	Victoria	3034	-37.7616	144.8626
Keilor	Victoria	3036	-37.7167	144.8333
Hillside	Victoria	3037	-37.6905	144.7417
Keilor Downs	Victoria	3038	-37.7234	144.8084
Moonee Ponds	Victoria	3039	-37.7667	144.9167
Aberfeldie	Victoria	3040	-37.7596	144.8974
Strathmore	Victoria	3041	-37.7267	144.9004
Airport West	Victoria	3042	-37.7247	144.8813
Gladstone Park	Victoria	3043	-37.6874	144.8868
Pascoe Vale	Victoria	3044	-37.7333	144.9333
Melbourne Airport	Victoria	3045	-37.6743	144.8518
Glenroy	Victoria	3046	-37.7	144.9333
Broadmeadows	Victoria	3047	-37.6802	144.9188
Coolaroo	Victoria	3048	-37.6568	144.9346
Attwood	Victoria	3049	-37.6696	144.8868
Royal Melbourne Hospital	Victoria	3050	-37.761	144.9517
Hotham Hill	Victoria	3051	-37.798	144.9451
Parkville	Victoria	3052	-37.7833	144.95
Carlton	Victoria	3053	-37.8	144.9667
Carlton North	Victoria	3054	-37.7882	144.9701
Brunswick South	Victoria	3055	-37.7646	144.9438
Brunswick	Victoria	3056	-37.7667	144.9667
Sumner	Victoria	3057	-37.7725	144.9724
Batman	Victoria	3058	-37.7393	144.964
Greenvale	Victoria	3059	-37.6333	144.8667
Fawkner	Victoria	3060	-37.7167	144.9667
Campbellfield	Victoria	3061	-37.6639	144.9595
Somerton	Victoria	3062	-37.6334	144.9504
Oaklands Junction	Victoria	3063	-37.615	144.8434
Donnybrook	Victoria	3064	-37.5333	144.9833
Fitzroy	Victoria	3065	-37.7984	144.9783
Collingwood	Victoria	3066	-37.8025	144.9887
Abbotsford	Victoria	3067	-37.8	145
Clifton Hill	Victoria	3068	-37.792	144.995
Northcote	Victoria	3070	-37.7667	145
Thornbury	Victoria	3071	-37.7582	145.0058
Gilberton	Victoria	3072	-37.75	145.0167
Reservoir	Victoria	3073	-37.7167	145
Thomastown	Victoria	3074	-37.6833	145.0167
Lalor	Victoria	3075	-37.6667	145.0167
Epping	Victoria	3076	-37.65	145.0333
Fairfield	Victoria	3078	-37.7798	145.0176
Ivanhoe	Victoria	3079	-37.769	145.0431
Bellfield	Victoria	3081	-37.7531	145.0385
Mill Park	Victoria	3082	-37.6667	145.0667
Bundoora	Victoria	3083	-37.6982	145.0597
Banyule	Victoria	3084	-37.7482	145.0728
Macleod	Victoria	3085	-37.723	145.073
La Trobe University	Victoria	3086	-37.7179	145.0818
Watsonia	Victoria	3087	-37.7167	145.0833
St Helena	Victoria	3088	-37.6899	145.1232
Diamond Creek	Victoria	3089	-37.6667	145.15
Plenty	Victoria	3090	-37.6667	145.1167
Yarrambat	Victoria	3091	-37.6375	145.1349
Lower Plenty	Victoria	3093	-37.7333	145.1167
Montmorency	Victoria	3094	-37.7167	145.1167
Eltham	Victoria	3095	-37.7333	145.15
Wattle Glen	Victoria	3096	-37.6667	145.1833
Watsons Creek	Victoria	3097	-37.6833	145.2333
Arthurs Creek	Victoria	3099	-37.5833	145.2
Kew	Victoria	3101	-37.8064	145.0309
Kew East	Victoria	3102	-37.7976	145.0538
Deepdene	Victoria	3103	-37.8114	145.0661
Balwyn North	Victoria	3104	-37.7909	145.0939
Bulleen	Victoria	3105	-37.7667	145.0833
Templestowe	Victoria	3106	-37.754	145.1486
Templestowe Lower	Victoria	3107	-37.7667	145.1167
Doncaster	Victoria	3108	-37.7883	145.1237
The Pines	Victoria	3109	-37.7876	145.1489
Donvale	Victoria	3111	-37.7891	145.1749
North Warrandyte	Victoria	3113	-37.7292	145.2157
Park Orchards	Victoria	3114	-37.7769	145.2146
Wonga Park	Victoria	3115	-37.7333	145.2667
Chirnside Park	Victoria	3116	-37.7386	145.3143
Richmond	Victoria	3121	-37.8182	145.0018
Auburn South	Victoria	3122	-37.8333	145.05
Auburn	Victoria	3123	-37.8167	145.05
Camberwell	Victoria	3124	-37.8421	145.0694
Burwood	Victoria	3125	-37.8498	145.119
Canterbury	Victoria	3126	-37.8247	145.0848
Mont Albert	Victoria	3127	-37.8179	145.108
Box Hill	Victoria	3128	-37.8189	145.1254
Box Hill North	Victoria	3129	-37.8027	145.1266
Blackburn	Victoria	3130	-37.819	145.1533
Forest Hill	Victoria	3131	-37.8333	145.1833
Mitcham	Victoria	3132	-37.8167	145.2
Vermont	Victoria	3133	-37.8362	145.1943
Ringwood	Victoria	3134	-37.8167	145.2333
Bedford Road	Victoria	3135	-37.825	145.25
Croydon	Victoria	3136	-37.8	145.2833
Kilsyth	Victoria	3137	-37.8	145.3167
Mooroolbark	Victoria	3138	-37.7825	145.3168
Beenak	Victoria	3139	-37.9	145.6333
Lilydale	Victoria	3140	-37.75	145.35
Chapel Street North	Victoria	3141	-37.8383	144.9915
Hawksburn	Victoria	3142	-37.8416	145.0144
Armadale	Victoria	3143	-37.8554	145.0205
Malvern	Victoria	3144	-37.8626	145.0281
Caulfield East	Victoria	3145	-37.8812	145.0421
Glen Iris	Victoria	3146	-37.8667	145.0667
Ashburton	Victoria	3147	-37.8667	145.0833
Chadstone	Victoria	3148	-37.8877	145.0952
Mount Waverley	Victoria	3149	-37.8771	145.1294
Brandon Park	Victoria	3150	-37.8891	145.174
Burwood Heights	Victoria	3151	-37.85	145.15
Knox City Centre	Victoria	3152	-37.8667	145.2167
Bayswater	Victoria	3153	-37.85	145.2667
The Basin	Victoria	3154	-37.85	145.3167
Boronia	Victoria	3155	-37.8667	145.2833
Ferntree Gully	Victoria	3156	-37.8846	145.2954
Upwey	Victoria	3158	-37.9	145.3333
Menzies Creek	Victoria	3159	-37.9167	145.4
Belgrave	Victoria	3160	-37.9109	145.3536
Caulfield Junction	Victoria	3161	-37.8739	145.0249
Caulfield	Victoria	3162	-37.8825	145.0229
Booran Road Po	Victoria	3163	-37.8946	145.0576
Dandenong South	Victoria	3164	-37.9833	145.2
Bentleigh East	Victoria	3165	-37.9193	145.053
Huntingdale	Victoria	3166	-37.9077	145.1085
Oakleigh South	Victoria	3167	-37.9	145.1
Clayton	Victoria	3168	-37.9189	145.1258
Clarinda	Victoria	3169	-37.9407	145.1024
Mulgrave	Victoria	3170	-37.9284	145.1771
Springvale	Victoria	3171	-37.9485	145.1527
Dingley Village	Victoria	3172	-37.9827	145.1342
Keysborough	Victoria	3173	-37.9912	145.1739
Noble Park	Victoria	3174	-37.9667	145.1667
Dandenong South	Victoria	3175	-37.9833	145.2
Scoresby Bc	Victoria	3176	-37.9687	145.1931
Doveton	Victoria	3177	-37.9935	145.2389
Rowville	Victoria	3178	-37.9333	145.2333
Scoresby	Victoria	3179	-37.9	145.2333
Knoxfield	Victoria	3180	-37.8898	145.2496
Windsor	Victoria	3181	-37.8546	144.9934
St Kilda	Victoria	3182	-37.8599	144.9711
Balaclava	Victoria	3183	-37.8667	145
Brighton Road	Victoria	3184	-37.8821	144.9821
Elsternwick	Victoria	3185	-37.8864	145.0025
Brighton	Victoria	3186	-37.9056	145.0028
Brighton East	Victoria	3187	-37.9023	145.0173
Hampton	Victoria	3188	-37.9377	145.0095
Wishart	Victoria	3189	-37.9415	145.0578
Highett	Victoria	3190	-37.95	145.05
Sandringham	Victoria	3191	-37.9522	145.0113
Cheltenham	Victoria	3192	-37.9694	145.0481
Cromer	Victoria	3193	-37.9743	145.0243
Mentone	Victoria	3194	-37.9833	145.0667
Aspendale	Victoria	3195	-38.0291	145.1027
Bonbeach	Victoria	3196	-38.0653	145.1228
Carrum	Victoria	3197	-38.0833	145.1333
Seaford	Victoria	3198	-38.1	145.1333
Frankston	Victoria	3199	-38.1446	145.1229
Frankston North	Victoria	3200	-38.1235	145.1484
Carrum Downs	Victoria	3201	-38.0997	145.1725
Heatherton	Victoria	3202	-37.9552	145.0843
Bentleigh	Victoria	3204	-37.9181	145.0354
South Melbourne	Victoria	3205	-37.8333	144.9667
Albert Park	Victoria	3206	-37.8445	144.953
Garden City	Victoria	3207	-37.836	144.9183
Little River	Victoria	3211	-37.9667	144.5
Avalon	Victoria	3212	-38.0391	144.4229
Anakie	Victoria	3213	-37.9167	144.25
North Shore	Victoria	3214	-38.1	144.3667
Bell Park	Victoria	3215	-38.1079	144.3384
Belmont	Victoria	3216	-38.1748	144.3428
Armstrong Creek	Victoria	3217	-38.2312	144.3737
Fyansford	Victoria	3218	-38.1333	144.3167
Thomson	Victoria	3219	-38.1698	144.3789
Newtown	Victoria	3220	-38.1539	144.3351
Sugarloaf	Victoria	3221	-37.1347	145.0372
Curlewis	Victoria	3222	-38.1765	144.5234
St Leonards	Victoria	3223	-38.1705	144.718
Moolap	Victoria	3224	-38.1833	144.4333
Swan Bay	Victoria	3225	-37.3177	144.3212
Ocean Grove	Victoria	3226	-38.2745	144.4885
Barwon Heads	Victoria	3227	-38.2745	144.4885
Torquay	Victoria	3228	-38.3308	144.3264
Anglesea	Victoria	3230	-38.4073	144.1859
Big Hill	Victoria	3231	-38.4676	144.0719
Big Hill	Victoria	3232	-38.5404	143.9764
Apollo Bay	Victoria	3233	-38.7594	143.6722
Sugarloaf	Victoria	3234	-37.1347	145.0372
Boonah	Victoria	3235	-38.4277	143.9838
Forrest	Victoria	3236	-38.5167	143.7167
Ferguson	Victoria	3237	-38.631	143.5258
Glenaire	Victoria	3238	-38.7767	143.4318
Carlisle River	Victoria	3239	-38.5667	143.3833
Buckley	Victoria	3240	-38.2333	144.1
Bambra	Victoria	3241	-38.3667	143.9333
Birregurra	Victoria	3242	-38.3368	143.7847
Gerangamete	Victoria	3243	-38.45	143.7333
Gerangamete	Victoria	3249	-38.45	143.7333
Colac	Victoria	3250	-38.339	143.5849
Beeac	Victoria	3251	-38.1938	143.6413
Cororooke	Victoria	3254	-38.2833	143.5167
Camperdown	Victoria	3260	-38.2339	143.1498
Terang	Victoria	3264	-38.2408	142.9212
Ellerslie	Victoria	3265	-38.15	142.7
Simpson	Victoria	3266	-38.5022	143.2501
Scotts Creek	Victoria	3267	-38.4333	143.05
Ayrford	Victoria	3268	-38.4249	142.8596
Port Campbell	Victoria	3269	-38.6192	142.9958
Peterborough	Victoria	3270	-38.6035	142.8733
Darlington	Victoria	3271	-38	143.05
Mortlake	Victoria	3272	-38.081	142.8083
Hexham	Victoria	3273	-38	142.7
Caramut	Victoria	3274	-37.95	142.5167
Mailer Flat	Victoria	3275	-38.3	142.4667
Minjah	Victoria	3276	-38.0705	142.4533
Allansford	Victoria	3277	-38.3864	142.5943
Purnim	Victoria	3278	-38.2833	142.6333
Ballangeich	Victoria	3279	-38.2167	142.6667
Minjah	Victoria	3280	-38.0705	142.4533
Woodford	Victoria	3281	-38.3167	142.4667
Illowa	Victoria	3282	-38.3333	142.4167
Southern Cross	Victoria	3283	-38.3	142.4
Orford	Victoria	3284	-38.2035	142.1009
St Helens	Victoria	3285	-38.2805	141.9882
Condah Swamp	Victoria	3286	-38.0126	142.0005
Hawkesdale	Victoria	3287	-38.1167	142.3167
Penshurst	Victoria	3289	-37.8753	142.2907
Nelson	Victoria	3292	-38.05	141.0167
Glenthompson	Victoria	3293	-37.6333	142.55
Dunkeld	Victoria	3294	-37.6499	142.3439
Hamilton	Victoria	3300	-37.7442	142.022
Broadwater	Victoria	3301	-38.1253	142.0497
Grassdale	Victoria	3302	-37.8	141.65
Condah Swamp	Victoria	3303	-37.9849	141.7463
Lyons	Victoria	3304	-38.0167	141.4667
Bolwarra	Victoria	3305	-38.2833	141.6167
Digby	Victoria	3309	-37.8	141.5333
Merino	Victoria	3310	-37.7205	141.5483
Corndale	Victoria	3311	-37.7008	141.2432
Henty	Victoria	3312	-37.6667	141.5167
Bulart	Victoria	3314	-37.55	141.95
Parkwood	Victoria	3315	-37.6167	141.7833
Harrow	Victoria	3317	-37.1667	141.6
Charam	Victoria	3318	-36.95	141.5167
Apsley	Victoria	3319	-36.9667	141.0833
Hesse	Victoria	3321	-38.0953	143.9519
Cressy	Victoria	3322	-38.0333	143.6333
Berrybank	Victoria	3323	-37.9833	143.4833
Lismore	Victoria	3324	-37.9527	143.3378
Derrinallum	Victoria	3325	-37.9479	143.2203
Teesdale	Victoria	3328	-38.0333	144.05
Barunah Park	Victoria	3329	-38.0234	143.8601
Rokewood	Victoria	3330	-37.9	143.7167
Maude	Victoria	3331	-37.95	144.1667
Lethbridge	Victoria	3332	-37.9657	144.1357
Bamganie	Victoria	3333	-37.9333	143.9833
Bungal	Victoria	3334	-37.772	144.0359
Plumpton	Victoria	3335	-37.687	144.6908
Aintree	Victoria	3336	-37.7225	144.6677
Melton	Victoria	3337	-37.6834	144.5854
Brookfield	Victoria	3338	-37.7008	144.5603
Glenmore	Victoria	3340	-37.7127	144.3185
Greendale	Victoria	3341	-37.5603	144.2968
Ballan	Victoria	3342	-37.5999	144.2289
Gordon	Victoria	3345	-37.5823	144.1093
Mount Pleasant	Victoria	3350	-37.5833	143.8667
Happy Valley	Victoria	3351	-37.7167	143.6
Bonshaw	Victoria	3352	-37.604	143.8226
Ballarat	Victoria	3353	-37.5662	143.8496
Bakery Hill	Victoria	3354	-37.5635	143.8658
Mitchell Park	Victoria	3355	-37.5069	143.7798
Bonshaw	Victoria	3356	-37.604	143.8226
Buninyong	Victoria	3357	-37.6502	143.8839
Winter Valley	Victoria	3358	-37.5908	143.7672
Happy Valley	Victoria	3360	-37.7167	143.6
Bradvale	Victoria	3361	-37.7833	143.4
Dean	Victoria	3363	-37.45	143.9833
Kingston	Victoria	3364	-37.3799	143.9586
Clunes	Victoria	3370	-37.2947	143.7864
Stony Creek	Victoria	3371	-38.5833	146.0333
Waterloo	Victoria	3373	-37.3667	143.4167
Great Western	Victoria	3374	-37.15	142.85
Ballyrogan	Victoria	3375	-37.4333	143.1333
Rocky Point	Victoria	3377	-37.2797	143.0194
Tatyoon	Victoria	3378	-37.5167	142.95
Chatsworth	Victoria	3379	-37.858	142.6511
Bellellen	Victoria	3380	-36.9632	142.9381
Paradise	Victoria	3381	-36.8333	143.1333
Barkly	Victoria	3384	-36.9333	143.2
Glenorchy	Victoria	3385	-36.9	142.6833
Greens Creek	Victoria	3387	-36.9333	142.95
Banyena	Victoria	3388	-36.5667	142.8333
Kewell	Victoria	3390	-36.5	142.4167
Brim	Victoria	3391	-36.0833	142.4167
Boolite	Victoria	3392	-36.35	142.6667
Ailsa	Victoria	3393	-36.3333	142.35
Rosebery	Victoria	3395	-35.8167	142.4167
Hopetoun	Victoria	3396	-35.727	142.3663
Jung	Victoria	3399	-36.6167	142.3667
Horsham	Victoria	3400	-36.7113	142.1998
Douglas	Victoria	3401	-37.0333	141.7333
Horsham	Victoria	3402	-36.7113	142.1998
Balmoral	Victoria	3407	-37.25	141.85
Douglas	Victoria	3409	-37.0333	141.7333
Goroke	Victoria	3412	-36.7179	141.4731
Minimay	Victoria	3413	-36.7167	141.1833
Antwerp	Victoria	3414	-36.2675	141.9709
Yarrunga	Victoria	3415	-36.3667	141.35
Broughton	Victoria	3418	-36.1667	141.35
Kaniva	Victoria	3419	-36.3786	141.2422
Serviceton	Victoria	3420	-36.3833	140.9833
Jeparit	Victoria	3423	-36.1425	141.9882
Albacutya	Victoria	3424	-35.738	141.9589
Plumpton	Victoria	3427	-37.687	144.6908
Bulla	Victoria	3428	-37.6384	144.8074
Sunbury	Victoria	3429	-37.5774	144.7261
Clarkefield	Victoria	3430	-37.4833	144.75
Riddells Creek	Victoria	3431	-37.4605	144.6796
Bolinda	Victoria	3432	-37.4333	144.75
Monegeetta	Victoria	3433	-37.4167	144.75
Springfield	Victoria	3434	-37.3333	144.8167
Benloch	Victoria	3435	-37.1972	144.6838
Bullengarook	Victoria	3437	-37.5167	144.4833
New Gisborne	Victoria	3438	-37.4607	144.5993
Macedon	Victoria	3440	-37.4196	144.5624
Mount Macedon	Victoria	3441	-37.4005	144.5841
Ashbourne	Victoria	3442	-37.3129	144.5838
Spring Hill	Victoria	3444	-37.3	144.3333
Drummond North	Victoria	3446	-37.1886	144.3847
Taradale	Victoria	3447	-37.15	144.3667
Elphinstone	Victoria	3448	-37.1	144.3333
Moonlight Flat	Victoria	3450	-37.0671	144.2168
Guildford	Victoria	3451	-37.1667	144.1667
Ravenswood	Victoria	3453	-36.9	144.2167
Blackwood	Victoria	3458	-37.4722	144.3034
Basalt	Victoria	3460	-37.3411	144.1426
Clydesdale	Victoria	3461	-37.1745	144.0979
Newstead	Victoria	3462	-37.106	144.0647
Gower	Victoria	3463	-36.9215	144.0147
Carisbrook	Victoria	3464	-37.0481	143.8167
Alma	Victoria	3465	-37.0333	143.6833
Avoca	Victoria	3467	-37.0904	143.4736
Amphitheatre	Victoria	3468	-37.1667	143.4167
Elmhurst	Victoria	3469	-37.1667	143.25
Inkerman	Victoria	3472	-36.8521	143.7149
Archdale	Victoria	3475	-36.8333	143.5167
Paradise	Victoria	3477	-36.8333	143.1333
Sutherland	Victoria	3478	-36.55	143.2
Boolite	Victoria	3480	-36.35	142.6667
Massey	Victoria	3482	-36.2167	142.8667
Reedy Dam	Victoria	3483	-35.9667	142.65
Banyan	Victoria	3485	-35.6333	142.75
Lascelles	Victoria	3487	-35.6167	142.5833
Speed	Victoria	3488	-35.4	142.4333
Tempy	Victoria	3489	-35.3333	142.4167
Kulwin	Victoria	3490	-35.0333	142.6167
Patchewollock	Victoria	3491	-35.3833	142.2
Carwarp	Victoria	3494	-34.4602	142.199
Cardross	Victoria	3496	-34.3066	142.1259
Irymple	Victoria	3498	-34.2354	142.171
Mildura	Victoria	3500	-34.1855	142.1625
Hattah	Victoria	3501	-34.7625	142.2815
Mildura	Victoria	3502	-34.1855	142.1625
Cabarita	Victoria	3505	-34.2041	142.0866
Cowangie	Victoria	3506	-35.2333	141.3667
Walpeup	Victoria	3507	-35.1333	142.0333
Linga	Victoria	3509	-35.171	141.699
Carina	Victoria	3512	-35.25	141.1
Shelbourne	Victoria	3515	-36.8833	144.0167
Bridgewater	Victoria	3516	-36.6027	143.9423
Inglewood	Victoria	3517	-36.575	143.8683
Nine Mile	Victoria	3518	-36.4333	143.4833
Kinypanial	Victoria	3520	-36.35	143.8
Pyalong	Victoria	3521	-37.1129	144.8523
Emu Flat	Victoria	3522	-37.1167	144.7667
Argyle	Victoria	3523	-36.95	144.7333
Charlton	Victoria	3525	-36.2644	143.349
Ninyeunook	Victoria	3527	-35.9871	143.4019
Kalpienung	Victoria	3529	-35.7826	143.2558
Sutton	Victoria	3530	-35.7333	143
Springfield	Victoria	3531	-37.3333	144.8167
Mittyack	Victoria	3533	-35.15	142.65
Barraport	Victoria	3537	-36.0078	143.6709
Ninyeunook	Victoria	3540	-35.9871	143.4019
Cokum	Victoria	3542	-35.7069	143.375
Springfield	Victoria	3544	-37.3333	144.8167
Bolton	Victoria	3546	-34.9666	142.8815
Happy Valley	Victoria	3549	-37.7167	143.6
Ironbark	Victoria	3550	-36.7548	144.2638
Ascot	Victoria	3551	-36.7	144.3333
Bendigo	Victoria	3552	-36.7582	144.2802
Bendigo Dc	Victoria	3554	-36.7114	144.3417
Big Hill	Victoria	3555	-36.7862	144.2561
Woodvale	Victoria	3556	-36.65	144.2167
Barnadown	Victoria	3557	-36.6479	144.5262
Runnymede	Victoria	3558	-36.4771	144.5858
Runnymede	Victoria	3559	-36.557	144.7318
Bamawm Extension	Victoria	3561	-36.2145	144.6089
Torrumbarry	Victoria	3562	-36.0231	144.5533
Lockington	Victoria	3563	-36.2712	144.5373
Bamawm Extension	Victoria	3564	-36.2145	144.6089
Kotta	Victoria	3565	-36.2003	144.5363
Gunbower	Victoria	3566	-35.9561	144.3692
Horfield	Victoria	3567	-35.8807	144.2251
Burkes Bridge	Victoria	3568	-35.8527	144.3205
Auchmore	Victoria	3570	-36.5052	144.3042
Dingee	Victoria	3571	-36.3667	144.2167
Tennyson	Victoria	3572	-36.2905	144.3568
Pine Grove	Victoria	3573	-36.2333	144.4167
Gladfield	Victoria	3575	-36.0506	143.9521
Durham Ox	Victoria	3576	-36.1259	143.9199
Appin	Victoria	3579	-35.8751	143.8739
Koondrook	Victoria	3580	-35.6318	144.1248
Beauchamp	Victoria	3581	-35.6082	143.5719
Tresco	Victoria	3583	-35.5057	143.6748
Lake Boga	Victoria	3584	-35.463	143.6326
Speewa	Victoria	3585	-35.4073	143.4315
Bulga	Victoria	3586	-35.2728	143.5885
Woorinen South	Victoria	3588	-35.3938	143.5502
Woorinen	Victoria	3589	-35.264	143.471
Beverford	Victoria	3590	-35.2238	143.4727
Vinifera	Victoria	3591	-35.2031	143.3784
Nyah	Victoria	3594	-35.1755	143.3774
Nyah West	Victoria	3595	-35.1854	143.3508
Miralie	Victoria	3596	-35.1102	143.2858
Narrung	Victoria	3597	-34.774	143.2472
Boundary Bend	Victoria	3599	-34.7213	143.1648
Tabilk	Victoria	3607	-36.85	145.1667
Bailieston	Victoria	3608	-36.7333	145.05
Murchison	Victoria	3610	-36.6189	145.2172
Moora	Victoria	3612	-36.5942	145.019
Toolamba West	Victoria	3614	-36.4807	145.2704
Cooma	Victoria	3616	-36.4167	145.0667
Byrneside	Victoria	3617	-36.4167	145.1833
Merrigum	Victoria	3618	-36.3724	145.1322
Kyabram	Victoria	3619	-36.3134	145.0504
Kyabram	Victoria	3620	-36.3134	145.0504
Koyuga South	Victoria	3621	-36.2304	144.9764
Cornelia Creek	Victoria	3622	-36.2353	144.8203
Stanhope	Victoria	3623	-36.4472	144.9827
Girgarre	Victoria	3624	-36.3999	144.9496
Ardmona	Victoria	3629	-36.3833	145.3
Branditt	Victoria	3630	-36.4283	145.5142
Arcadia	Victoria	3631	-36.5654	145.3319
Shepparton	Victoria	3632	-36.3805	145.3987
Congupna	Victoria	3633	-36.3	145.4333
Bunbartha	Victoria	3634	-36.2167	145.3167
Kaarimba	Victoria	3635	-36.1333	145.25
Invergordon	Victoria	3636	-36.1667	145.5833
Waaia	Victoria	3637	-36.0475	145.3334
Kotupna	Victoria	3638	-36.1475	145.1337
Barmah	Victoria	3639	-36.0159	144.9628
Katunga	Victoria	3640	-36.0133	145.4695
Bearii	Victoria	3641	-35.8857	145.3453
Cobram	Victoria	3643	-35.9207	145.6407
Cobram	Victoria	3644	-35.9207	145.6407
Waggarandall	Victoria	3646	-36.25	145.8
Dookie College	Victoria	3647	-36.3957	145.7047
Katamatite	Victoria	3649	-36.0759	145.6872
Reedy Creek	Victoria	3658	-37.2667	145.1333
Sugarloaf Creek	Victoria	3659	-37.1347	145.0372
Dysart	Victoria	3660	-37.0562	145.2566
Seymour	Victoria	3661	-37.0266	145.1392
Puckapunyal	Victoria	3662	-36.9949	145.0401
Mangalore	Victoria	3663	-36.9333	145.1833
Avenel	Victoria	3664	-36.9009	145.2337
Locksley	Victoria	3665	-36.8333	145.3333
Pranjip	Victoria	3666	-36.7333	145.3667
Upotipotpon	Victoria	3669	-36.4833	145.8167
Baddaginnie	Victoria	3670	-36.5833	145.8667
Benalla	Victoria	3671	-36.5511	145.9843
Benalla	Victoria	3672	-36.5511	145.9843
Benalla	Victoria	3673	-36.5511	145.9843
Greta	Victoria	3675	-36.5384	146.2948
Wangaratta	Victoria	3676	-36.3585	146.3206
Wangaratta	Victoria	3677	-36.3585	146.3206
Oxley	Victoria	3678	-36.45	146.3667
Boralma	Victoria	3682	-36.2167	146.4167
Chiltern	Victoria	3683	-36.1504	146.6084
Browns Plains	Victoria	3685	-36.0472	146.6387
Carlyle	Victoria	3687	-36.0151	146.4699
Barnawartha North	Victoria	3688	-36.1591	146.6667
Wodonga	Victoria	3689	-36.1218	146.8881
Wodonga	Victoria	3690	-36.1218	146.8881
Killara	Victoria	3691	-36.1396	146.9514
Bandiana	Victoria	3694	-36.1479	146.9262
Sandy Creek	Victoria	3695	-36.3	147.1
Tawonga	Victoria	3697	-36.6895	147.1421
Tawonga South	Victoria	3698	-36.3056	147.0798
Falls Creek	Victoria	3699	-36.8653	147.2778
Georges Creek	Victoria	3700	-36.1673	147.273
Fernvale	Victoria	3701	-36.3667	147.3299
Koetong	Victoria	3704	-36.1529	147.4953
Nariel Valley	Victoria	3705	-36.329	147.8338
Nariel Valley	Victoria	3707	-36.329	147.8338
Tintaldra	Victoria	3708	-36.052	147.9052
Mount Alfred	Victoria	3709	-35.9847	147.6176
Buxton	Victoria	3711	-37.4167	145.7167
Thornton	Victoria	3712	-37.2558	145.7964
Eildon	Victoria	3713	-37.2324	145.9126
Crystal Creek	Victoria	3714	-37.1924	145.7019
Ancona	Victoria	3715	-36.9833	145.8167
Flowerdale	Victoria	3717	-37.3333	145.3333
Molesworth	Victoria	3718	-37.1667	145.5333
Gobur	Victoria	3719	-37.0167	145.6
Bonnie Doon	Victoria	3720	-37.0167	145.8667
Mansfield	Victoria	3722	-37.052	146.0885
Jamieson	Victoria	3723	-37.3167	146.1333
Mansfield	Victoria	3724	-37.052	146.0885
Stewarton	Victoria	3725	-36.4333	145.8
Bungeet	Victoria	3726	-36.3	146.05
St James	Victoria	3727	-36.2667	145.9
Boomahnoomoonah	Victoria	3728	-36.1245	146.0991
Yarrawonga	Victoria	3730	-36.0192	145.9997
Moyhu	Victoria	3732	-36.578	146.3784
Whitfield	Victoria	3733	-36.7833	146.4167
Bowmans Forest	Victoria	3735	-36.48	146.6342
Myrtleford	Victoria	3736	-36.561	146.7237
Havilah	Victoria	3737	-36.6049	146.722
Ovens	Victoria	3738	-36.5874	146.7593
Eurobin	Victoria	3739	-36.6352	146.8596
Buckland	Victoria	3740	-36.8833	146.85
Bright	Victoria	3741	-36.73	146.9598
Wandiligong	Victoria	3744	-36.7833	146.9833
Eldorado	Victoria	3746	-36.325	146.5539
Stanley	Victoria	3747	-36.4167	146.75
Bruarong	Victoria	3749	-36.4167	146.85
Wollert	Victoria	3750	-37.5833	145.0333
Woodstock	Victoria	3751	-37.55	145.0333
Morang South	Victoria	3752	-37.65	145.1
Beveridge	Victoria	3753	-37.4833	144.9833
Doreen	Victoria	3754	-37.6	145.15
Yan Yean	Victoria	3755	-37.5667	145.1
Hidden Valley	Victoria	3756	-37.417	145.0127
Pheasant Creek	Victoria	3757	-37.4833	145.2833
Heathcote Junction	Victoria	3758	-37.3719	145.0321
Panton Hill	Victoria	3759	-37.6408	145.2399
Smiths Gully	Victoria	3760	-37.6202	145.2603
St Andrews	Victoria	3761	-37.523	145.1388
Bylands	Victoria	3762	-37.35	144.9667
Kinglake	Victoria	3763	-37.5329	145.3396
Forbes	Victoria	3764	-38.45	145.5333
Montrose	Victoria	3765	-37.8167	145.35
Kalorama	Victoria	3766	-37.8167	145.3667
Mount Dandenong	Victoria	3767	-37.8333	145.3667
Coldstream	Victoria	3770	-37.7249	145.378
Christmas Hills	Victoria	3775	-37.65	145.3333
Badger Creek	Victoria	3777	-37.7	145.5167
Fernshaw	Victoria	3778	-37.6	145.6333
Cambarville	Victoria	3779	-37.5588	145.8906
Cockatoo	Victoria	3781	-37.9368	145.4938
Emerald	Victoria	3782	-37.9317	145.4409
Gembrook	Victoria	3783	-37.9532	145.5554
Tremont	Victoria	3785	-37.8791	145.3162
Ferny Creek	Victoria	3786	-37.8833	145.3333
Sassafras	Victoria	3787	-37.8667	145.35
Olinda	Victoria	3788	-37.85	145.3667
Sherbrooke	Victoria	3789	-37.8833	145.35
Kallista	Victoria	3791	-37.8981	145.3823
The Patch	Victoria	3792	-37.8919	145.4022
Monbulk	Victoria	3793	-37.8743	145.4259
Silvan	Victoria	3795	-37.8167	145.4167
Mount Evelyn	Victoria	3796	-37.7833	145.3833
Gilderoy	Victoria	3797	-37.8667	145.7167
Warburton	Victoria	3799	-37.7537	145.6904
Monash University	Victoria	3800	-38.0176	145.35
Endeavour Hills	Victoria	3802	-37.977	145.2587
Hallam	Victoria	3803	-38.0167	145.2667
Narre Warren East	Victoria	3804	-37.9639	145.3629
Fountain Gate	Victoria	3805	-38.0263	145.3069
Berwick	Victoria	3806	-38.0333	145.35
Beaconsfield	Victoria	3807	-38.05	145.3667
Beaconsfield Upper	Victoria	3808	-37.9941	145.4142
Officer	Victoria	3809	-38.0592	145.4095
Pakenham	Victoria	3810	-38.0702	145.4741
Maryknoll	Victoria	3812	-38.036	145.5948
Tynong	Victoria	3813	-38.0834	145.6246
Garfield	Victoria	3814	-38.0899	145.675
Iona	Victoria	3815	-38.1333	145.6833
Labertouche	Victoria	3816	-38.05	145.8
Tarago	Victoria	3818	-38.0667	145.9
Bona Vista	Victoria	3820	-38.2117	145.9627
Brandy Creek	Victoria	3821	-38.1037	145.9152
Cloverlea	Victoria	3822	-38.2333	146
Allambee	Victoria	3823	-38.2667	146.0333
Childers	Victoria	3824	-38.2993	146.1139
Jericho	Victoria	3825	-38.0569	146.2191
Neerim	Victoria	3831	-37.9667	145.95
Nayook	Victoria	3832	-37.9137	145.9324
Baw Baw	Victoria	3833	-37.831	146.31
Thorpdale	Victoria	3835	-38.2833	146.1833
Maryvale	Victoria	3840	-38.3058	146.4106
Gippsland Mc	Victoria	3841	-38.2903	146.5885
Churchill	Victoria	3842	-38.3078	146.4137
Flynn	Victoria	3844	-38.1667	146.6833
Rosedale	Victoria	3847	-38.1545	146.7886
Giffard	Victoria	3850	-38.4167	147.0833
Fulham	Victoria	3851	-38.1	146.9833
East Sale	Victoria	3852	-38.1035	147.127
Sale	Victoria	3853	-38.111	147.068
Glengarry	Victoria	3854	-38.1167	146.5667
Toongabbie	Victoria	3856	-38.05	146.6167
Cowwarr	Victoria	3857	-38.0167	146.6833
Dawson	Victoria	3858	-37.9742	146.69
Maffra West Upper	Victoria	3859	-37.8754	146.8215
Bushy Park	Victoria	3860	-37.8667	147.0333
Stratford	Victoria	3862	-37.9634	147.0826
Fernbank	Victoria	3864	-37.8667	147.3167
Lindenow	Victoria	3865	-37.8005	147.4598
Jumbuk	Victoria	3869	-38.4	146.4278
Grand Ridge	Victoria	3870	-38.4738	146.4208
Baromi	Victoria	3871	-38.4024	146.1816
Gormandale	Victoria	3873	-38.2833	146.7
Woodside	Victoria	3874	-38.5238	146.8751
Hillside	Victoria	3875	-37.8333	147.5
Eagle Point	Victoria	3878	-37.9	147.6833
Paynesville	Victoria	3880	-37.9189	147.7194
Nicholson	Victoria	3882	-37.8167	147.7333
Timbarra	Victoria	3885	-37.3989	148.115
Newmerella	Victoria	3886	-37.753	148.4549
Lake Tyers	Victoria	3887	-37.841	148.121
Martins Creek	Victoria	3888	-37.4284	148.4846
Bell Bird Creek	Victoria	3889	-37.5885	148.8611
Buldah	Victoria	3890	-37.2655	149.1431
Genoa	Victoria	3891	-37.4833	149.5833
Mallacoota	Victoria	3892	-37.559	149.7541
Stirling	Victoria	3893	-37.4333	147.75
Reedy Creek	Victoria	3895	-37.2667	145.1333
Bindi	Victoria	3896	-37.1136	147.8137
Cassilis	Victoria	3898	-37.2167	147.6
Benambra	Victoria	3900	-36.9535	147.7046
Bumberrah	Victoria	3902	-37.8	147.8333
Swan Reach	Victoria	3903	-37.8333	147.8667
Metung	Victoria	3904	-37.8915	147.853
Kalimna	Victoria	3909	-37.8701	147.9666
Langwarrin	Victoria	3910	-38.1667	145.1667
Baxter	Victoria	3911	-38.2	145.15
Somerville	Victoria	3912	-38.2167	145.1667
Tyabb	Victoria	3913	-38.25	145.1833
Hastings	Victoria	3915	-38.3	145.1833
Merricks	Victoria	3916	-38.3833	145.0833
Bittern	Victoria	3918	-38.3333	145.1667
Crib Point	Victoria	3919	-38.35	145.2
Flinders Naval Depot	Victoria	3920	-38.3649	145.2004
Elizabeth Island	Victoria	3921	-38.3685	145.3286
Sunset Strip	Victoria	3922	-38.4922	145.2627
Rhyll	Victoria	3923	-38.4642	145.2995
San Remo	Victoria	3925	-38.5255	145.3762
Balnarring	Victoria	3926	-38.3667	145.1333
Somers	Victoria	3927	-38.3813	145.159
Main Ridge	Victoria	3928	-38.3973	144.9724
Flinders	Victoria	3929	-38.4739	145.0222
Kunyung	Victoria	3930	-38.1833	145.0833
Mornington	Victoria	3931	-38.2179	145.0388
Moorooduc	Victoria	3933	-38.2167	145.1167
Mount Martha	Victoria	3934	-38.2667	145.0167
Safety Beach	Victoria	3936	-38.3153	145.0003
Red Hill	Victoria	3937	-38.35	145.0167
Mccrae	Victoria	3938	-38.3497	144.9281
Fingal	Victoria	3939	-38.414	144.8499
Capel Sound	Victoria	3940	-38.3673	144.8788
Rye	Victoria	3941	-38.3853	144.8122
Blairgowrie	Victoria	3942	-38.3613	144.7795
Sorrento	Victoria	3943	-38.3396	144.7413
Portsea	Victoria	3944	-38.3238	144.7099
Woodleigh	Victoria	3945	-38.4	145.6333
Bena	Victoria	3946	-38.4167	145.7667
Strzelecki	Victoria	3950	-38.3333	145.9
Arawata	Victoria	3951	-38.4	145.8667
Trida	Victoria	3953	-38.3167	145.9667
Koonwarra	Victoria	3954	-38.55	145.95
Venus Bay	Victoria	3956	-38.7004	145.8224
Stony Creek	Victoria	3957	-38.5833	146.0333
Buffalo Creek	Victoria	3958	-38.65	146.0333
Sandy Point	Victoria	3959	-38.8199	146.1174
Wonga	Victoria	3960	-38.5968	146.2475
Grand Ridge	Victoria	3962	-38.4738	146.4208
Port Franklin	Victoria	3964	-38.6833	146.2667
Port Welshpool	Victoria	3965	-38.6992	146.4531
Welshpool	Victoria	3966	-38.6667	146.4333
Hedley	Victoria	3967	-38.6333	146.5
Alberton	Victoria	3971	-38.6167	146.6667
Lyndhurst	Victoria	3975	-38.065	145.2268
Hampton Park	Victoria	3976	-38.0333	145.25
Five Ways	Victoria	3977	-38.1667	145.3167
Clyde	Victoria	3978	-38.1333	145.3333
Almurta	Victoria	3979	-38.4667	145.5833
Blind Bight	Victoria	3980	-38.2143	145.3377
Bayles	Victoria	3981	-38.1833	145.5667
Corinella	Victoria	3984	-38.4141	145.4276
Nyora	Victoria	3987	-38.3336	145.6725
Mountain View	Victoria	3988	-38.303	145.8667
St Helier	Victoria	3989	-38.2941	145.5647
Glen Forbes	Victoria	3990	-38.45	145.5333
Bass	Victoria	3991	-38.4833	145.45
Blackwood Forest	Victoria	3992	-38.5	145.6167
St Clair	Victoria	3995	-38.5765	145.574
Inverloch	Victoria	3996	-38.6266	145.7226
Brisbane	Queensland	4000	-27.4679	153.0281
Brisbane	Queensland	4001	-27.4679	153.0281
Brisbane Albert Street Bc	Queensland	4002	-27.4412	153.0588
George Street	Queensland	4003	-27.4412	153.0588
Spring Hill	Queensland	4004	-27.4614	153.0231
New Farm	Queensland	4005	-27.4678	153.0483
Newstead	Queensland	4006	-27.4444	153.0464
Ascot	Queensland	4007	-27.4315	153.058
Brisbane Airport	Queensland	4008	-27.3947	153.114
Eagle Farm	Queensland	4009	-27.4306	153.0906
Albion	Queensland	4010	-27.4336	153.0445
Clayfield	Queensland	4011	-27.4189	153.0582
Nundah	Queensland	4012	-27.4025	153.0617
Northgate	Queensland	4013	-27.3901	153.0706
Virginia	Queensland	4014	-27.3833	153.0667
Brighton	Queensland	4017	-27.2958	153.0572
Fitzgibbon	Queensland	4018	-27.3397	153.0292
Clontarf	Queensland	4019	-27.2534	153.0783
Scarborough	Queensland	4020	-27.2012	153.1094
Kippa-Ring	Queensland	4021	-27.2259	153.0835
Rothwell	Queensland	4022	-27.2143	153.0468
Kooringal	Queensland	4025	-27.3514	153.4225
Royal Brisbane Hospital	Queensland	4029	-27.1874	153.2577
Windsor	Queensland	4030	-27.4363	153.0288
Glen Kedron	Queensland	4031	-27.4109	153.0276
Chermside	Queensland	4032	-27.3847	153.0306
Aspley	Queensland	4034	-27.3667	153.0167
Albany Creek	Queensland	4035	-27.3536	152.9685
Bald Hills	Queensland	4036	-27.3211	153.0086
Eatons Hill	Queensland	4037	-27.3392	152.9599
Grange	Queensland	4051	-27.4225	153.0153
Brookside Centre	Queensland	4053	-27.4	152.9866
Arana Hills	Queensland	4054	-27.3981	152.958
Bunya	Queensland	4055	-27.3694	152.9433
Red Hill	Queensland	4059	-27.4525	153.0021
Ashgrove	Queensland	4060	-27.4455	152.992
The Gap	Queensland	4061	-27.4419	152.9386
Milton	Queensland	4064	-27.4704	153.0031
Bardon	Queensland	4065	-27.461	152.9792
Torwood	Queensland	4066	-27.4789	152.9877
Ironside	Queensland	4067	-27.4752	152.8871
Long Pocket	Queensland	4068	-27.5023	152.9763
Brookfield	Queensland	4069	-27.5	152.9
Anstead	Queensland	4070	-27.5378	152.8619
University Of Queensland	Queensland	4072	-27.5656	152.943
Seventeen Mile Rocks	Queensland	4073	-27.5507	152.959
Jindalee	Queensland	4074	-27.5345	152.9384
Oxley	Queensland	4075	-27.55	152.9833
Darra	Queensland	4076	-27.5669	152.9539
Durack	Queensland	4077	-27.5895	152.9858
Ellen Grove	Queensland	4078	-27.6153	152.9439
West End	Queensland	4101	-27.4792	153.0096
Buranda	Queensland	4102	-27.4926	153.0323
Fairfield	Queensland	4103	-27.5064	153.0248
Yeronga	Queensland	4104	-27.5157	153.0164
Tennyson	Queensland	4105	-27.526	152.9991
Rocklea	Queensland	4106	-27.5392	153.004
Salisbury	Queensland	4107	-27.5514	153.0325
Archerfield	Queensland	4108	-27.5671	153.0145
Banoon	Queensland	4109	-27.5803	153.0596
Heathwood	Queensland	4110	-27.6345	152.9881
Griffith University	Queensland	4111	-27.5589	153.0623
Kuraby	Queensland	4112	-27.6068	153.0937
Eight Mile Plains	Queensland	4113	-27.5833	153.1
Kingston	Queensland	4114	-27.6667	153.1167
Algester	Queensland	4115	-27.6128	153.0324
Calamvale	Queensland	4116	-27.6233	153.0479
Berrinba	Queensland	4117	-27.6585	153.0789
Hillcrest	Queensland	4118	-27.6686	153.0261
Underwood	Queensland	4119	-27.6089	153.1113
Greenslopes	Queensland	4120	-27.5082	153.0495
Ekibin	Queensland	4121	-27.5167	153.0333
Mansfield	Queensland	4122	-27.5393	153.099
Priests Gully	Queensland	4123	-27.5809	153.1283
Lyons	Queensland	4124	-27.775	152.855
Munruben	Queensland	4125	-27.7463	153.0312
Daisy Hill	Queensland	4127	-27.6303	153.1578
Kimberley Park	Queensland	4128	-27.6607	153.1739
Logandale	Queensland	4129	-27.6844	153.1864
Carbrook	Queensland	4130	-27.6833	153.25
Loganlea	Queensland	4131	-27.6754	153.1347
Crestmead	Queensland	4132	-27.6876	153.0844
Waterford	Queensland	4133	-27.7053	153.1315
Coorparoo	Queensland	4151	-27.4932	153.0583
Carina	Queensland	4152	-27.4873	153.0989
Belmont	Queensland	4153	-27.4988	153.134
Gumdale	Queensland	4154	-27.4919	153.1532
Chandler	Queensland	4155	-27.514	153.1491
Mackenzie	Queensland	4156	-27.5435	153.1206
Capalaba	Queensland	4157	-27.5433	153.2029
Thorneside	Queensland	4158	-27.4878	153.1982
Birkdale	Queensland	4159	-27.4833	153.2167
Erobin	Queensland	4160	-27.5	153.25
Alexandra Hills	Queensland	4161	-27.5322	153.2289
Cleveland	Queensland	4163	-27.5268	153.2652
Pinklands	Queensland	4164	-27.5575	153.2648
Victoria Point	Queensland	4165	-27.5833	153.3117
Kangaroo Point	Queensland	4169	-27.4768	153.0367
Seven Hills	Queensland	4170	-27.4834	153.0747
Balmoral	Queensland	4171	-27.4534	153.0668
Murarrie	Queensland	4172	-27.4629	153.0981
Tingalpa	Queensland	4173	-27.4736	153.127
Doboy	Queensland	4174	-27.4478	153.1317
Lindum	Queensland	4178	-27.4323	153.1642
Manly	Queensland	4179	-27.454	153.186
Amity	Queensland	4183	-27.3982	153.438
Coochiemudlo Island	Queensland	4184	-27.5736	153.3302
Bethania	Queensland	4205	-27.6833	153.1667
Alberton	Queensland	4207	-27.7	153.25
Burnside	Queensland	4208	-26.6325	152.9406
Willow Vale	Queensland	4209	-27.845	153.2631
Guanaba	Queensland	4210	-27.9381	153.2393
Binna Burra	Queensland	4211	-28.0393	153.2817
Boykambil	Queensland	4212	-27.8775	153.3755
Austinville	Queensland	4213	-28.1545	153.3092
Parkwood	Queensland	4214	-27.9546	153.363
Southport	Queensland	4215	-27.9672	153.398
Anglers Paradise	Queensland	4216	-27.8962	153.3965
Sorrento	Queensland	4217	-28.0001	153.4118
Cypress Gardens	Queensland	4218	-27.9778	151.0312
West Burleigh	Queensland	4219	-28.1124	153.4405
Burleigh Bc	Queensland	4220	-28.0905	153.4387
Palm Beach	Queensland	4221	-28.1169	153.4658
Griffith University	Queensland	4222	-28.1085	153.3582
Currumbin	Queensland	4223	-28.1407	153.45
Tugun	Queensland	4224	-28.15	153.5
Greenmount	Queensland	4225	-27.7858	151.9008
Clear Island Waters	Queensland	4226	-28.0531	153.3981
Reedy Creek	Queensland	4227	-28.0994	153.4043
Ingleside	Queensland	4228	-28.1647	153.3946
Bond University	Queensland	4229	-28.1085	153.3582
Robina Town Centre	Queensland	4230	-27.9596	153.1824
Tamborine	Queensland	4270	-27.8833	153.1333
Eagle Heights	Queensland	4271	-27.9193	153.1994
Mount Tamborine	Queensland	4272	-27.9695	153.1994
Flying Fox	Queensland	4275	-28.0477	153.1498
Maclean	Queensland	4280	-27.7833	153.0167
Darlington	Queensland	4285	-28.239	153.067
Mount Lindesay	Queensland	4287	-28.2393	152.804
Springfield	Queensland	4300	-27.6536	152.9172
Redbank	Queensland	4301	-27.6	152.8667
Riverview	Queensland	4303	-27.6	152.85
Blackstone	Queensland	4304	-27.6251	152.8084
Newtown	Queensland	4305	-27.6163	152.7768
Washpool	Queensland	4306	-27.3699	152.5526
Silverdale	Queensland	4307	-27.8993	152.6048
Washpool	Queensland	4309	-27.9611	152.6003
Allandale	Queensland	4310	-28.0121	152.7482
Clarendon	Queensland	4311	-27.4298	152.5254
Esk	Queensland	4312	-27.239	152.4222
Fulham	Queensland	4313	-27.0667	152.45
Blackbutt	Queensland	4314	-26.8863	152.1017
Ebenezer	Queensland	4340	-27.6833	152.6333
Thornton	Queensland	4341	-27.8167	152.3833
Forest Hill	Queensland	4342	-27.5926	152.3557
Spring Creek	Queensland	4343	-27.4532	152.332
Lilydale	Queensland	4344	-27.6074	152.1308
Gatton College	Queensland	4345	-27.6515	152.352
Marburg	Queensland	4346	-27.5661	152.597
Grantham	Queensland	4347	-27.5792	152.2017
Newtown	Queensland	4350	-27.556	151.9325
Glencoe	Queensland	4352	-27.5652	151.8726
Bergen	Queensland	4353	-27.1263	151.8802
Douglas	Queensland	4354	-27.2667	151.775
Crows Nest	Queensland	4355	-27.2599	152.0516
St Helens	Queensland	4356	-28.4026	152.1501
Stonehenge	Queensland	4357	-27.9982	151.1776
Ramsay	Queensland	4358	-27.7232	151.9886
Ascot	Queensland	4359	-27.4315	153.058
Nobby	Queensland	4360	-27.8616	151.9011
Clifton	Queensland	4361	-27.9337	151.9066
Hendon	Queensland	4362	-28.0772	151.9492
Southbrook	Queensland	4363	-27.6833	151.7167
Brookstead	Queensland	4364	-27.7607	151.4456
Leyburn	Queensland	4365	-28.011	151.5821
Maryvale	Queensland	4370	-28.0687	152.2436
Emu Vale	Queensland	4371	-28.2229	152.2471
Tannymorel	Queensland	4372	-28.2909	152.2461
Killarney	Queensland	4373	-28.3327	152.2942
Dalveen	Queensland	4374	-28.4871	151.9674
Cottonvale	Queensland	4375	-27.7167	152.4667
Thulimbah	Queensland	4376	-28.5506	151.9486
Maryland	New South Wales	4377	-28.55	152
Applethorpe	Queensland	4378	-28.6193	151.9601
Broadwater	Queensland	4380	-28.6849	151.9102
Fletcher	Queensland	4381	-28.774	151.8637
Girraween	Queensland	4382	-28.5483	151.7372
Jennings	New South Wales	4383	-28.9307	151.9382
Limevale	Queensland	4384	-28.721	151.1824
Bonshaw	Queensland	4385	-28.8205	151.0759
Inglewood	Queensland	4387	-28.4159	151.0807
Kurumbul	Queensland	4388	-28.6167	150.55
Billa Billa	Queensland	4390	-28.146	150.3006
Kingsthorpe	Queensland	4400	-27.4756	151.8141
Greenwood	Queensland	4401	-27.3852	151.7109
Cooyar	Queensland	4402	-26.9844	151.8297
Brymaroo	Queensland	4403	-27.2775	151.5927
Bowenville	Queensland	4404	-27.3055	151.4899
Broadwater	Queensland	4405	-27.2463	151.3099
Boondandilla	Queensland	4406	-27.2747	150.769
Cattle Creek	Queensland	4407	-27.5416	151.2481
Bell	Queensland	4408	-26.9354	151.451
Burra Burri	Queensland	4410	-26.6599	151.1238
Tuckerang	Queensland	4411	-26.9323	150.9229
Brigalow	Queensland	4412	-26.8452	150.7916
Red Hill	Queensland	4413	-27.4525	153.0021
Myall Park	Queensland	4415	-27.2167	149.65
Sunnyside	Queensland	4416	-26.9484	149.8925
Wellesley	Queensland	4417	-27.2329	149.0775
Guluguba	Queensland	4418	-26.2593	150.0493
Cockatoo	Queensland	4419	-26.1118	149.9403
Spring Creek	Queensland	4420	-27.957	151.986
Tara	Queensland	4421	-27.2761	150.4568
Coomrith	Queensland	4422	-27.6759	149.7321
Coomrith	Queensland	4423	-27.3889	149.5248
Drillham	Queensland	4424	-26.6431	149.9762
Bogandilla	Queensland	4425	-26.5	149.8
Jackson	Queensland	4426	-26.6452	149.626
Clifford	Queensland	4427	-26.1531	149.3936
Pickanjinnie	Queensland	4428	-26.4418	149.1033
Durham Downs	Queensland	4454	-25.6034	148.6919
Bungil	Queensland	4455	-26.503	148.6049
Muckadilla	Queensland	4461	-26.5896	148.3919
Walhallow	Queensland	4462	-26.5667	148.2167
Mitchell	Queensland	4465	-26.4849	147.9742
Mungallala	Queensland	4467	-26.4491	147.5418
Morven	Queensland	4468	-26.4177	147.1139
Bakers Bend	Queensland	4470	-26.7322	146.0984
Claverton	Queensland	4471	-27.3726	145.9577
Blackall	Queensland	4472	-24.4233	145.463
Adavale	Queensland	4474	-25.9073	144.6008
Cheepie	Queensland	4475	-26.6333	145.0167
Augathella	Queensland	4477	-25.7962	146.5845
Lansdowne	Queensland	4478	-25.0109	146.2196
Cooladdi	Queensland	4479	-26.6426	145.4644
Eromanga	Queensland	4480	-26.6706	143.2664
Farrars Creek	Queensland	4481	-25.4222	142.6566
Birdsville	Queensland	4482	-27.4488	146.4958
Dirranbandi	Queensland	4486	-28.5854	148.2255
St George	Queensland	4487	-28.0369	148.58
Bargunyah	Queensland	4488	-27.2354	147.4362
Wyandra	Queensland	4489	-27.2478	145.9805
Barringun	Queensland	4490	-28.8584	145.7219
Eulo	Queensland	4491	-28.1599	145.0471
Cameron Corner	Queensland	4492	-27.8932	143.1355
Hungerford	Queensland	4493	-28.9963	144.407
Bungunya	Queensland	4494	-28.4294	149.6555
North Talwood	Queensland	4496	-28.4858	149.4681
Daymar	Queensland	4497	-28.6043	148.9792
Kioma	Queensland	4498	-28.212	149.788
Bray Park	Queensland	4500	-27.2925	152.9678
Lawnton	Queensland	4501	-27.2833	152.9833
Frenchs Forest	Queensland	4502	-27.2667	152.9833
Dakabin	Queensland	4503	-27.2259	152.991
Narangba	Queensland	4504	-27.2034	152.9592
Burpengary	Queensland	4505	-27.1575	152.9576
Moorina	Queensland	4506	-27.1491	152.873
Banksia Beach	Queensland	4507	-27.0403	153.1439
Deception Bay	Queensland	4508	-27.1935	153.0263
Mango Hill	Queensland	4509	-27.2435	153.0238
Donnybrook	Queensland	4510	-27.005	153.0673
Godwin Beach	Queensland	4511	-27.0861	153.0986
Bracalba	Queensland	4512	-27.0033	152.8343
Corymbia	Queensland	4513	-26.9621	152.8128
Stony Creek	Queensland	4514	-26.9272	152.7124
Sandy Creek	Queensland	4515	-26.8506	152.6377
Elimbah	Queensland	4516	-27.0167	152.95
Beerburrum	Queensland	4517	-26.9613	152.9544
Glass House Mountains	Queensland	4518	-26.8976	152.9532
Beerwah	Queensland	4519	-26.8588	152.9614
Cedar Creek	Queensland	4520	-27.3335	152.8187
Mount Pleasant	Queensland	4521	-27.1489	152.7636
Landsborough	Queensland	4550	-26.8067	152.961
Shelly Beach	Queensland	4551	-26.7965	153.1458
Mountain View	Queensland	4552	-26.7429	152.7986
Diamond Valley	Queensland	4553	-26.7552	152.9293
Eudlo	Queensland	4554	-26.7296	152.954
Palmwoods	Queensland	4555	-26.6858	152.9613
Forest Glen	Queensland	4556	-26.6886	153.0045
Mountain Creek	Queensland	4557	-26.7028	153.1013
Cotton Tree	Queensland	4558	-26.6535	153.1012
Diddillibah	Queensland	4559	-26.6417	153.0496
Burnside	Queensland	4560	-26.6325	152.9406
North Arm	Queensland	4561	-26.5248	152.9552
Belli Park	Queensland	4562	-26.5085	152.8212
Black Mountain	Queensland	4563	-26.3989	152.8756
Marcoola	Queensland	4564	-26.5845	153.0947
North Shore	Queensland	4565	-26.3704	153.0404
Munna Point	Queensland	4566	-26.4	153.0667
Castaways Beach	Queensland	4567	-26.4299	153.0979
Federal	Queensland	4568	-26.3942	152.8076
Cooran	Queensland	4569	-26.3369	152.8225
Sandy Creek	Queensland	4570	-26.8506	152.6377
Como	Queensland	4571	-26.2045	152.9656
Alexandra Headland	Queensland	4572	-26.6715	153.1006
Coolum Beach	Queensland	4573	-26.5283	153.0881
Coolabine	Queensland	4574	-26.5933	152.764
Birtinya	Queensland	4575	-26.7432	153.1191
Cooloola	Queensland	4580	-25.9864	152.9935
Eurong	Queensland	4581	-25.5092	153.125
Black Snake	Queensland	4600	-26.1788	152.2482
Manyung	Queensland	4601	-26.2	152.0333
Tablelands	Queensland	4605	-26.1653	151.9097
Chelmsford	Queensland	4606	-26.2817	151.8112
Charlestown	Queensland	4608	-26.3694	151.7578
Wattle Grove	Queensland	4610	-26.5817	151.7114
Marshlands	Queensland	4611	-26.1543	151.75
Hivesville	Queensland	4612	-26.1807	151.6907
Melrose	Queensland	4613	-28.3531	152.2489
Yarraman	Queensland	4614	-26.8417	151.9814
Runnymede	Queensland	4615	-26.7587	151.981
Aramara	Queensland	4620	-25.6095	152.322
Biggenden	Queensland	4621	-25.5086	152.0448
Deep Creek	Queensland	4625	-25.5946	151.6672
Cattle Creek	Queensland	4626	-25.6523	151.2129
Cheltenham	Queensland	4627	-25.3085	151.0833
Langley	Queensland	4630	-23.4655	150.4517
Granville	Queensland	4650	-25.5449	152.7335
Happy Valley	Queensland	4655	-25.3376	153.2005
Beelbi Creek	Queensland	4659	-25.2937	152.6433
Buxton	Queensland	4660	-25.1989	152.5422
Torbanlea	Queensland	4662	-25.3453	152.5938
Kensington	Queensland	4670	-24.9171	152.3182
St Kilda	Queensland	4671	-25.0285	151.8653
Waterloo	Queensland	4673	-24.6984	152.1199
Rosedale	Queensland	4674	-24.629	151.9189
Gindoran	Queensland	4676	-24.5295	151.7532
Eurimbula	Queensland	4677	-24.2839	151.7317
Bororen	Queensland	4678	-24.2406	151.496
Gladstone	Queensland	4680	-23.8485	151.2577
Aldoga	Queensland	4694	-23.8228	151.0693
The Narrows	Queensland	4695	-23.8233	150.938
Raglan	Queensland	4697	-23.7167	150.8167
Bajool	Queensland	4699	-23.6667	150.65
The Range	Queensland	4700	-23.392	150.4962
Sandringham	Queensland	4701	-23.3538	150.5527
Glenroy	Queensland	4702	-23.1857	149.8177
Maryvale	Queensland	4703	-23.1053	150.717
Wattlebank	Queensland	4704	-23.1333	150.3667
Clarke Creek	Queensland	4705	-22.638	149.2512
Ogmore	Queensland	4706	-22.6167	149.65
Collaroy	Queensland	4707	-22.0333	149.1833
Tieri	Queensland	4709	-23.0383	148.3446
Emu Park	Queensland	4710	-23.2568	150.8268
Glendale	Queensland	4711	-24.1689	150.2319
Duaringa	Queensland	4712	-23.7158	149.6701
Woorabinda	Queensland	4713	-24.1306	149.4566
Limestone	Queensland	4714	-23.667	150.3862
Prospect	Queensland	4715	-24.5117	150.4189
Lawgi Dawes	Queensland	4716	-24.6038	150.781
Blackwater	Queensland	4717	-23.5835	148.8791
Dromedary	Queensland	4718	-24.6344	149.659
Camboon	Queensland	4719	-25.0306	150.4376
Emerald	Queensland	4720	-23.523	148.1578
Elgin	Queensland	4721	-22.4481	147.6036
Buckland	Queensland	4722	-24.2198	147.9609
Lilyvale	Queensland	4723	-23.0366	148.0131
Beaufort	Queensland	4724	-23.4545	146.8356
Barcaldine	Queensland	4725	-23.5535	145.2854
Aramac	Queensland	4726	-22.9683	145.245
Ilfracombe	Queensland	4727	-23.5	144.5
Jericho	Queensland	4728	-23.6	146.1333
Stonehenge	Queensland	4730	-24.3546	143.2873
Yaraka	Queensland	4731	-24.8842	144.08
Muttaburra	Queensland	4732	-22.6	144.55
Corfield	Queensland	4733	-21.7167	143.3667
Middleton	Queensland	4735	-22.3514	141.5517
Jundah	Queensland	4736	-24.8331	143.0616
Sunnyside	Queensland	4737	-21.1667	148.8833
Ilbilbie	Queensland	4738	-21.7	149.35
Carmila	Queensland	4739	-21.9167	149.4167
Bakers Creek	Queensland	4740	-21.2199	149.1468
Pinnacle	Queensland	4741	-21.15	148.7167
Elphinstone	Queensland	4742	-21.5	148.2333
Glenden	Queensland	4743	-21.3544	148.1149
Moranbah	Queensland	4744	-22.0016	148.0466
Dysart	Queensland	4745	-22.5882	148.3492
German Creek	Queensland	4746	-22.9098	148.5584
Bucasia	Queensland	4750	-21.0349	149.1573
Greenmount	Queensland	4751	-21.1839	149.0342
Devereux Creek	Queensland	4753	-21.1167	148.9167
Mia Mia	Queensland	4754	-21.1775	148.8119
Finch Hatton	Queensland	4756	-21.1404	148.6288
Eungella	Queensland	4757	-21.1333	148.4833
Calen	Queensland	4798	-20.8975	148.7711
Bloomsbury	Queensland	4799	-20.7167	148.6
Sugarloaf	Queensland	4800	-20.3681	148.561
Hayman Island	Queensland	4801	-20.0511	148.8849
Airlie Beach	Queensland	4802	-20.2675	148.7147
Hamilton Island	Queensland	4803	-20.346	148.9519
Collinsville	Queensland	4804	-20.5522	147.844
Rose Bay	Queensland	4805	-20.0526	148.0223
Inkerman	Queensland	4806	-19.7239	147.423
Clare	Queensland	4807	-19.7833	147.2333
Brandon	Queensland	4808	-19.5539	147.353
Barratta	Queensland	4809	-19.5311	147.2132
Yarrawonga	Queensland	4810	-19.2565	146.8183
Stuart	Queensland	4811	-19.347	146.8438
Hyde Park	Queensland	4812	-19.2769	146.7965
Lavarack Barracks	Queensland	4813	-19.342	146.636
Douglas	Queensland	4814	-19.3239	146.7523
Kelso	Queensland	4815	-19.3893	146.7191
Woodstock	Queensland	4816	-19.6	146.8333
Alice River	Queensland	4817	-19.3344	146.6139
Black River	Queensland	4818	-19.2252	146.6179
Arcadia	Queensland	4819	-19.1488	146.866
Broughton	Queensland	4820	-20.1167	146.4333
Prairie	Queensland	4821	-20.8833	144.6
Richmond	Queensland	4822	-20.7324	143.1436
Warburton	Queensland	4823	-21.1181	141.9437
Selwyn	Queensland	4824	-21.5333	140.5
Happy Valley	Queensland	4825	-20.7479	139.4906
Camooweal	Queensland	4828	-19.9215	138.1201
Amaroo	Queensland	4829	-22.9114	139.9093
Gregory	Queensland	4830	-17.8423	139.1875
Hinchinbrook	Queensland	4849	-18.3511	146.2352
Forrest Beach	Queensland	4850	-18.659	146.1522
Bingil Bay	Queensland	4852	-17.8295	146.0965
Rockingham	Queensland	4854	-18.0275	145.9746
Daveson	Queensland	4855	-17.7854	146.0211
Goolboo	Queensland	4856	-17.7226	146.031
Silkwood East	Queensland	4857	-18.1193	146.0404
Comoon Loop	Queensland	4858	-17.5607	146.0337
No 6 Branch	Queensland	4859	-17.6003	145.9741
Palmerston	Queensland	4860	-17.5155	145.9973
Babinda	Queensland	4861	-17.3439	145.9227
Goldsborough	Queensland	4865	-17.1547	145.7372
White Rock	Queensland	4868	-16.9744	145.7633
Wrights Creek	Queensland	4869	-17.0338	145.7712
Stratford	Queensland	4870	-16.8783	145.7284
Springfield	Queensland	4871	-17.2171	145.2114
Myola	Queensland	4872	-16.8042	145.6086
Rocky Point	Queensland	4873	-16.3907	145.4056
Rocky Point	Queensland	4874	-12.5223	142.106
Badu Island	Queensland	4875	-16.6282	145.2087
Somerset	Queensland	4876	-16.6282	145.2087
Low Isles	Queensland	4877	-16.5552	145.4868
Smithfield	Queensland	4878	-16.825	145.6917
Clifton Beach	Queensland	4879	-16.7631	145.6717
Arriga	Queensland	4880	-16.8884	145.3378
Koah	Queensland	4881	-16.8857	145.5517
Tolga	Queensland	4882	-17.1856	145.4771
Carrington	Queensland	4883	-17.3155	145.514
Gadgarra	Queensland	4884	-17.1932	145.6972
Butchers Creek	Queensland	4885	-17.3241	145.6895
Beatrice	Queensland	4886	-17.5517	145.5848
Herberton	Queensland	4887	-17.3736	145.3845
Millstream	Queensland	4888	-17.6532	145.414
Howitt	Queensland	4890	-17.461	141.1801
Karumba	Queensland	4891	-17.4869	140.8426
Highbury	Queensland	4892	-14.6095	142.5487
Bloomfield	Queensland	4895	-15.9333	145.3333
Adelaide	South Australia	5000	-34.9287	138.5986
Adelaide	South Australia	5001	-34.9287	138.5986
Adelaide University	South Australia	5005	-34.8972	138.5717
North Adelaide	South Australia	5006	-34.9073	138.5914
Hindmarsh	South Australia	5007	-34.9061	138.5706
Croydon	South Australia	5008	-34.8937	138.5669
Beverley	South Australia	5009	-34.8951	138.5463
Regency Park	South Australia	5010	-34.8626	138.5724
St Clair	South Australia	5011	-34.8709	138.5354
Athol Park	South Australia	5012	-34.8561	138.5428
Gillman	South Australia	5013	-34.8409	138.5282
Alberton	South Australia	5014	-34.8593	138.5214
Garden Island	South Australia	5015	-34.8441	138.4953
Largs Bay	South Australia	5016	-34.8258	138.4862
Osborne	South Australia	5017	-34.798	138.498
North Haven	South Australia	5018	-34.7883	138.4916
Exeter	South Australia	5019	-34.8399	138.489
West Lakes Shore	South Australia	5020	-34.8601	138.4897
West Lakes	South Australia	5021	-34.873	138.4946
Tennyson	South Australia	5022	-34.886	138.4859
Seaton	South Australia	5023	-34.9	138.5167
Fulham	South Australia	5024	-34.9274	138.5137
Flinders Park	South Australia	5025	-34.9103	138.5432
Mile End	South Australia	5031	-34.9265	138.5703
Brooklyn Park	South Australia	5032	-34.9285	138.5363
Richmond	South Australia	5033	-34.942	138.5632
Kings Park	South Australia	5034	-34.9638	138.5909
Ashford	South Australia	5035	-34.9486	138.5746
Glandore	South Australia	5037	-34.9615	138.5683
Camden Park	South Australia	5038	-34.9686	138.5396
Edwardstown	South Australia	5039	-34.9802	138.5694
Novar Gardens	South Australia	5040	-34.9663	138.5326
Colonel Light Gardens	South Australia	5041	-34.9863	138.5975
St Marys	South Australia	5042	-35.0042	138.5798
Mitchell Park	South Australia	5043	-35.0103	138.5627
Somerton Park	South Australia	5044	-34.9971	138.5215
Glenelg	South Australia	5045	-34.9808	138.515
Oaklands Park	South Australia	5046	-35.0067	138.5446
Darlington	South Australia	5047	-35.0315	138.5553
Brighton	South Australia	5048	-35.0182	138.5235
Kingston Park	South Australia	5049	-35.0382	138.5163
Bellevue Heights	South Australia	5050	-35.0302	138.5831
Blackwood	South Australia	5051	-35.0214	138.6143
Belair	South Australia	5052	-34.9977	138.6208
Hyde Park	South Australia	5061	-34.9547	138.6011
Springfield	South Australia	5062	-34.9782	138.6325
Eastwood	South Australia	5063	-34.9423	138.6218
Myrtle Bank	South Australia	5064	-34.9606	138.6338
Dulwich	South Australia	5065	-34.9365	138.6272
Burnside	South Australia	5066	-34.9404	138.6691
Kent Town	South Australia	5067	-34.9216	138.6201
Kensington	South Australia	5068	-34.9167	138.65
Maylands	South Australia	5069	-34.9113	138.6367
Felixstow	South Australia	5070	-34.889	138.647
Kent Town	South Australia	5071	-34.9216	138.6201
Skye	South Australia	5072	-34.9245	138.6928
Tranmere	South Australia	5073	-34.9055	138.6621
Campbelltown	South Australia	5074	-34.8833	138.6667
Paradise	South Australia	5075	-34.8736	138.669
Athelstone	South Australia	5076	-34.8702	138.6999
Gilberton	South Australia	5081	-34.9005	138.6126
Prospect	South Australia	5082	-34.8824	138.5933
Broadview	South Australia	5083	-34.8759	138.615
Blair Athol	South Australia	5084	-34.8589	138.5966
Enfield	South Australia	5085	-34.8526	138.6026
Hillcrest	South Australia	5086	-34.8625	138.6431
Klemzig	South Australia	5087	-34.8793	138.6356
Holden Hill	South Australia	5088	-34.8516	138.6723
Highbury	South Australia	5089	-34.8529	138.6975
Hope Valley	South Australia	5090	-34.8333	138.7
Banksia Park	South Australia	5091	-34.8102	138.7357
Modbury	South Australia	5092	-34.8333	138.6833
Para Vista	South Australia	5093	-34.8209	138.6611
Cavan	South Australia	5094	-34.8291	138.5985
Mawson Lakes	South Australia	5095	-34.8159	138.6081
Gulfview Heights	South Australia	5096	-34.7955	138.6694
St Agnes	South Australia	5097	-34.8308	138.7107
Ingle Farm	South Australia	5098	-34.8333	138.6333
Parafield	South Australia	5106	-34.789	138.6374
Green Fields	South Australia	5107	-34.8006	138.6067
Salisbury	South Australia	5108	-34.7667	138.6333
Salisbury East	South Australia	5109	-34.7905	138.6545
St Kilda	South Australia	5110	-34.7458	138.5902
Edinburgh	South Australia	5111	-34.7462	138.6375
Elizabeth	South Australia	5112	-34.72	138.67
Davoren Park	South Australia	5113	-34.6906	138.6686
Smithfield	South Australia	5114	-34.6833	138.6833
Kudla	South Australia	5115	-34.6423	138.7018
Evanston	South Australia	5116	-34.6166	138.7337
Angle Vale	South Australia	5117	-34.641	138.6461
Kangaroo Flat	South Australia	5118	-34.55	138.7
Virginia	South Australia	5120	-34.6663	138.5603
Eyre	South Australia	5121	-34.6685	138.6389
Golden Grove	South Australia	5125	-34.7833	138.7333
Fairview Park	South Australia	5126	-34.8	138.7286
Wynn Vale	South Australia	5127	-34.7994	138.6871
Houghton	South Australia	5131	-34.8287	138.7615
Paracombe	South Australia	5132	-34.8488	138.78
Inglewood	South Australia	5133	-34.824	138.7739
Cherryville	South Australia	5134	-34.912	138.7657
Norton Summit	South Australia	5136	-34.9229	138.7249
Ashton	South Australia	5137	-34.9395	138.7371
Basket Range	South Australia	5138	-34.9398	138.765
Forest Range	South Australia	5139	-34.928	138.807
Greenhill	South Australia	5140	-34.9499	138.6917
Horsnell Gully	South Australia	5141	-34.9351	138.7044
Uraidla	South Australia	5142	-34.956	138.7444
Carey Gully	South Australia	5144	-34.9647	138.7618
Eagle On The Hill	South Australia	5150	-34.9741	138.6734
Piccadilly	South Australia	5151	-34.9778	138.7302
Stirling	South Australia	5152	-35.0022	138.7196
Bradbury	South Australia	5153	-35.0608	138.7251
Aldgate	South Australia	5154	-35.0167	138.7333
Bridgewater	South Australia	5155	-35.014	138.7665
Upper Sturt	South Australia	5156	-35.0167	138.6833
Clarendon	South Australia	5157	-35.1167	138.6333
Hallett Cove	South Australia	5158	-35.0792	138.5146
Happy Valley	South Australia	5159	-35.0838	138.5726
Lonsdale	South Australia	5160	-35.1068	138.4929
Old Reynella	South Australia	5161	-35.1035	138.5336
Woodcroft	South Australia	5162	-35.1024	138.5629
Hackham	South Australia	5163	-35.1551	138.5251
Christie Downs	South Australia	5164	-35.13	138.4963
Christies Beach	South Australia	5165	-35.1388	138.4723
O'Sullivan Beach	South Australia	5166	-35.1188	138.4734
Port Noarlunga	South Australia	5167	-35.148	138.471
Noarlunga Centre	South Australia	5168	-35.1411	138.4912
Seaford	South Australia	5169	-35.1898	138.4759
Maslin Beach	South Australia	5170	-35.2259	138.4798
Blewitt Springs	South Australia	5171	-35.2242	138.5446
Kuitpo	South Australia	5172	-35.2266	138.6861
Silver Sands	South Australia	5173	-35.3138	138.4493
Sellicks Beach	South Australia	5174	-35.3387	138.4473
Kuitpo	South Australia	5201	-35.2266	138.6861
Hindmarsh Tiers	South Australia	5202	-35.3889	138.4291
Bald Hills	South Australia	5203	-35.488	138.401
Deep Creek	South Australia	5204	-35.5176	138.2294
Mount Compass	South Australia	5210	-35.3469	138.6203
Back Valley	South Australia	5211	-35.5453	138.5896
Port Elliot	South Australia	5212	-35.5302	138.6792
Middleton	South Australia	5213	-35.5105	138.7038
Currency Creek	South Australia	5214	-35.45	138.7667
Parndana	South Australia	5220	-35.7853	137.2571
American River	South Australia	5221	-35.7725	137.7783
Hungerford	South Australia	5222	-35.7788	137.9046
Menzies	South Australia	5223	-35.6977	137.3447
Millbrook	South Australia	5231	-34.8028	138.8422
Cudlee Creek	South Australia	5232	-34.8409	138.8284
Warren	South Australia	5233	-34.8027	138.9014
Birdwood	South Australia	5234	-34.8183	138.9648
Mount Pleasant	South Australia	5235	-34.7749	139.0491
Tungkillo	South Australia	5236	-34.8167	139.0667
Palmer	South Australia	5237	-34.85	139.1667
Rocky Point	South Australia	5238	-34.8633	139.4486
Lenswood	South Australia	5240	-34.9182	138.8326
Lobethal	South Australia	5241	-34.9045	138.8748
Balhannah	South Australia	5242	-34.9909	138.8257
Oakbank	South Australia	5243	-34.9834	138.8453
Woodside	South Australia	5244	-34.9543	138.879
Hahndorf	South Australia	5245	-35.0286	138.8078
Blakiston	South Australia	5250	-35.0421	138.8815
Mount Barker	South Australia	5251	-35.0667	138.8667
Petwood	South Australia	5252	-35.0725	138.9498
Sunnyside	South Australia	5253	-35.1138	139.3227
Rocky Gully	South Australia	5254	-35.0725	139.2614
Hartley	South Australia	5255	-35.2029	139.0359
Clayton	South Australia	5256	-35.4905	138.9207
Ashville	South Australia	5259	-35.5106	139.3656
Tailem Bend	South Australia	5260	-35.2523	139.4555
Cooke Plains	South Australia	5261	-35.3797	139.5617
Binnum	South Australia	5262	-36.7951	140.9375
Coonawarra	South Australia	5263	-37.2906	140.8344
Coorong	South Australia	5264	-35.8771	139.5136
Coonalpyn	South Australia	5265	-35.6942	139.8578
Bunbury	South Australia	5266	-36.1667	139.9833
Sherwood	South Australia	5267	-36.1278	140.4299
Bangham	South Australia	5268	-36.5827	140.8788
Custon	South Australia	5269	-36.45	140.9167
Buckingham	South Australia	5270	-36.3444	140.5818
The Gap	South Australia	5271	-36.9554	140.6979
Coles	South Australia	5272	-37.0754	140.3027
Avenue Range	South Australia	5273	-36.9667	140.2333
Reedy Creek	South Australia	5275	-36.95	140.0167
Bray	South Australia	5276	-37.2447	139.8063
Glenroy	South Australia	5277	-37.25	140.85
Kalangadoo	South Australia	5278	-37.5648	140.6992
Koorine	South Australia	5279	-37.6109	140.6367
German Creek	South Australia	5280	-37.829	140.4585
Mount Gambier	South Australia	5290	-37.8318	140.7792
German Creek	South Australia	5291	-37.829	140.4585
Sherlock	South Australia	5301	-35.3167	139.8167
Lameroo	South Australia	5302	-35.329	140.5167
Parilla	South Australia	5303	-35.3	140.6667
Karte	South Australia	5304	-35.0667	140.7
Wynarka	South Australia	5306	-35.1333	139.7333
Karte	South Australia	5307	-35.0667	140.7
Maggea	South Australia	5308	-34.4833	140.0667
Mindarie	South Australia	5309	-34.8167	140.2167
Caliph	South Australia	5310	-34.6667	140.2833
Woodleigh	South Australia	5311	-34.5682	140.7151
Maude	South Australia	5320	-33.9355	139.4141
Cadell	South Australia	5321	-34.0388	139.7639
Golden Heights	South Australia	5322	-34.1567	139.9075
Holder	South Australia	5330	-34.3267	140.0174
Kingston On Murray	South Australia	5331	-34.2189	140.3345
Moorook	South Australia	5332	-34.2663	140.3566
Taplan	South Australia	5333	-34.5444	140.8801
Yamba	South Australia	5340	-34.2623	140.8589
Yamba	South Australia	5341	-34.2623	140.8589
Monash	South Australia	5342	-34.2384	140.5613
Berri	South Australia	5343	-34.2811	140.5996
Glossop	South Australia	5344	-34.2769	140.541
Barmera	South Australia	5345	-34.2556	140.4615
Cobdogla	South Australia	5346	-34.2438	140.4043
Sandy Creek	South Australia	5350	-34.55	138.85
Williamstown	South Australia	5351	-34.6721	138.8911
Bethany	South Australia	5352	-34.5447	138.9856
Black Hill	South Australia	5353	-34.7027	139.4575
Fisher	South Australia	5354	-34.5856	139.6767
Ebenezer	South Australia	5355	-34.4222	139.033
Annadale	South Australia	5356	-34.3914	139.3489
Wigley Flat	South Australia	5357	-34.1776	140.2059
Greenock	South Australia	5360	-34.457	138.9272
Morn Hill	South Australia	5371	-34.4084	138.7531
Freeling	South Australia	5372	-34.4541	138.8087
Hamilton	South Australia	5373	-34.2167	138.8667
Buchanan	South Australia	5374	-34.1604	139.1605
Bright	South Australia	5381	-33.9035	139.1343
Magdala	South Australia	5400	-34.4118	138.7103
Alma	South Australia	5401	-34.2668	138.6304
Linwood	South Australia	5410	-34.3603	138.7679
Giles Corner	South Australia	5411	-34.223	138.729
Riverton	South Australia	5412	-34.1551	138.7482
Waterloo	South Australia	5413	-33.9833	138.8667
Manoora	South Australia	5414	-34	138.8167
Stanley	South Australia	5415	-33.787	138.6034
Farrell Flat	South Australia	5416	-33.8228	138.8791
Burra	South Australia	5417	-33.6717	138.9283
Collinsville	South Australia	5418	-33.3333	139.15
Pine Creek	South Australia	5419	-33.4111	138.8616
Canowie Belt	South Australia	5420	-33.1826	138.7625
Franklyn	South Australia	5421	-33.1352	139.0737
Dawson	South Australia	5422	-32.8	138.9667
Black Rock	South Australia	5431	-32.8333	138.7
Baratta	South Australia	5432	-32.2748	138.6181
Bruce	South Australia	5433	-32.4667	138.2
Hawker	South Australia	5434	-31.8881	138.425
Abminga Station	South Australia	5440	-32.3144	140.2065
Auburn	South Australia	5451	-34.0269	138.6852
Leasingham	South Australia	5452	-33.9826	138.6463
Clare	South Australia	5453	-33.8332	138.6106
Mayfield	South Australia	5454	-33.5497	138.6064
Hilltown	South Australia	5455	-33.8205	138.6153
Stockyard Creek	South Australia	5460	-34.3003	138.5852
Balaklava	South Australia	5461	-34.1454	138.4115
Blyth	South Australia	5462	-33.8486	138.4893
Bungaree	South Australia	5464	-33.7443	138.5609
Yacka	South Australia	5470	-33.5709	138.4492
Gulnare	South Australia	5471	-33.4672	138.443
Georgetown	South Australia	5472	-33.3667	138.4
Gladstone	South Australia	5473	-33.2669	138.3566
Laura	South Australia	5480	-33.1852	138.3023
Bangor	South Australia	5481	-32.9667	138.15
Booleroo Centre	South Australia	5482	-32.8799	138.3507
Melrose	South Australia	5483	-32.8253	138.1863
Wilmington	South Australia	5485	-32.6499	138.0981
Caltowie	South Australia	5490	-33.1833	138.4833
Belalie East	South Australia	5491	-33.2202	138.7171
Yongala	South Australia	5493	-33.0303	138.7503
Baroota	South Australia	5495	-32.85	138.0333
Windsor	South Australia	5501	-34.4219	138.3308
Fischer	South Australia	5502	-34.5012	138.6212
Lochiel	South Australia	5510	-33.9333	138.1667
Barunga Gap	South Australia	5520	-33.5241	138.0404
Redhill	South Australia	5521	-33.5333	138.2333
Lower Broughton	South Australia	5522	-33.3195	137.9612
Crystal Brook	South Australia	5523	-33.3526	138.2095
Lower Broughton	South Australia	5540	-33.3195	137.9612
Beaufort	South Australia	5550	-34.0833	138.2
Melton	South Australia	5552	-34.0768	137.9457
Jericho	South Australia	5554	-33.9936	137.7613
Melton	South Australia	5555	-33.8907	137.9935
Wallaroo	South Australia	5556	-33.9388	137.6337
Cross Roads	South Australia	5558	-34.0613	137.6112
Bute	South Australia	5560	-33.8656	138.0066
Clinton	South Australia	5570	-34.2551	137.9511
Cunningham	South Australia	5571	-34.4148	137.7995
Port Arthur	South Australia	5572	-34.1476	138.0627
Maitland	South Australia	5573	-34.3739	137.6733
The Pines	South Australia	5575	-34.9165	137.1605
Honiton	South Australia	5576	-35.1122	137.6448
The Pines	South Australia	5577	-34.9165	137.1605
Port Julia	South Australia	5580	-34.6667	137.8667
Port Vincent	South Australia	5581	-34.7798	137.8593
Port Giles	South Australia	5582	-34.9111	137.799
Coobowie	South Australia	5583	-35.044	137.7311
Iron Baron	South Australia	5600	-32.9951	137.1686
Iron Knob	South Australia	5601	-32.733	137.151
Midgee	South Australia	5602	-33.4209	137.1546
Arno Bay	South Australia	5603	-33.9	136.5667
Port Neill	South Australia	5604	-34.1191	136.3493
Butler	South Australia	5605	-34.1167	136.1
Port Lincoln	South Australia	5606	-34.7263	135.8744
Mitchell	South Australia	5607	-35.0103	138.5627
Mullaquana	South Australia	5608	-33.2118	137.3627
Cowleds Landing	South Australia	5609	-33.0221	137.5127
Iron Baron	South Australia	5611	-32.9951	137.1686
Edilillie	South Australia	5630	-34.4118	135.7063
Cockaleechie	South Australia	5631	-34.264	135.726
Mitchell	South Australia	5632	-35.0103	138.5627
Ulyerra	South Australia	5633	-33.4075	135.7096
Jamieson	South Australia	5640	-33.5196	136.3884
Panitya	South Australia	5641	-33.1177	136.3356
Darke Peak	South Australia	5642	-33.4667	136.2
Cootra	South Australia	5650	-33.2689	135.943
Kyancutta	South Australia	5651	-33.1333	135.5667
Pygery	South Australia	5652	-33.0167	135.4167
Yaninee	South Australia	5653	-32.9462	135.2737
Cocata	South Australia	5654	-32.9111	135.0722
Pygery	South Australia	5655	-33.0167	135.4167
Chilpenunda	South Australia	5660	-32.5833	134.7167
Koolgera	South Australia	5661	-32.3815	134.5541
Ulyerra	South Australia	5670	-33.4075	135.7096
Mount Cooper	South Australia	5671	-33.0833	134.7
Maryvale	South Australia	5680	-32.8701	134.4209
Oak Valley	South Australia	5690	-29.4324	130.7881
Davenport	South Australia	5700	-32.5484	137.8123
Cook	South Australia	5701	-31.5138	137.4061
Cook	South Australia	5710	-31.6786	136.2912
Emeroo	South Australia	5713	-32.3448	137.8646
Carriewerloo	South Australia	5715	-32.2125	136.5539
Nonning	South Australia	5717	-32.5	136.5
Glendambo	South Australia	5719	-30.9683	135.7502
Arcoona	South Australia	5720	-30.8204	136.5581
Andamooka	South Australia	5722	-30.4481	137.1656
Allandale Station	South Australia	5723	-28.72	135.3644
Marla	South Australia	5724	-27.2997	133.6225
Olympic Dam	South Australia	5725	-30.4468	136.8668
Alpana	South Australia	5730	-30.9664	138.4985
Lyndhurst	South Australia	5731	-30.2879	138.3493
Copley	South Australia	5732	-30.5599	138.4213
Farina	South Australia	5733	-30.0665	138.2847
Crown Point	South Australia	5734	-27.5514	135.4491
Adelaide	South Australia	5800	-34.9287	138.5986
Adelaide	South Australia	5801	-34.9287	138.5986
Adelaide	South Australia	5810	-34.9287	138.5986
Adelaide	South Australia	5839	-34.9287	138.5986
Regency Park	South Australia	5942	-34.8626	138.5724
Adelaide Airport	South Australia	5950	-34.9391	138.5341
Perth	Western Australia	6000	-31.9522	115.8614
Perth	Western Australia	6001	-31.9522	115.8614
Northbridge	Western Australia	6003	-31.9478	115.8588
East Perth	Western Australia	6004	-31.9587	115.8711
Kings Park	Western Australia	6005	-31.949	115.842
North Perth	Western Australia	6006	-31.9272	115.8528
Leederville	Western Australia	6007	-31.9363	115.8419
Subiaco	Western Australia	6008	-31.9485	115.8268
Nedlands	Western Australia	6009	-31.9818	115.8073
Claremont	Western Australia	6010	-31.9796	115.7823
Cottesloe	Western Australia	6011	-31.9943	115.7582
Mosman Park	Western Australia	6012	-32.0054	115.7638
Wembley	Western Australia	6014	-31.9331	115.8178
City Beach	Western Australia	6015	-31.9344	115.7617
Mount Hawthorn	Western Australia	6016	-31.92	115.8351
Osborne Park	Western Australia	6017	-31.9007	115.8108
Woodlands	Western Australia	6018	-31.9012	115.788
Scarborough	Western Australia	6019	-31.8958	115.7643
North Beach	Western Australia	6020	-31.863	115.7562
Stirling	Western Australia	6021	-31.8834	115.8099
Hamersley	Western Australia	6022	-31.849	115.8076
Glengarry	Western Australia	6023	-31.8329	115.7759
Greenwood	Western Australia	6024	-31.8272	115.8025
Craigie	Western Australia	6025	-31.7873	115.7699
Woodvale	Western Australia	6026	-31.7893	115.7968
Joondalup Dc	Western Australia	6027	-31.7619	115.7565
Iluka	Western Australia	6028	-31.7355	115.7306
Trigg	Western Australia	6029	-31.8694	115.7571
Merriwa	Western Australia	6030	-31.6649	115.7127
Carramar	Western Australia	6031	-31.6902	115.7716
Nowergup	Western Australia	6032	-31.6371	115.7625
Carabooda	Western Australia	6033	-31.6058	115.7144
Eglinton	Western Australia	6034	-31.5868	115.6888
Yanchep	Western Australia	6035	-31.5468	115.6317
Butler	Western Australia	6036	-31.643	115.7043
Two Rocks	Western Australia	6037	-31.4998	115.5874
Alkimos	Western Australia	6038	-31.6304	115.6864
Woodridge	Western Australia	6041	-31.3338	115.5959
Seabird	Western Australia	6042	-31.2772	115.4439
Breton Bay	Western Australia	6043	-31.1002	115.3909
Wedge Island	Western Australia	6044	-31.0112	115.3748
Mount Lawley	Western Australia	6050	-31.9344	115.8716
Maylands	Western Australia	6051	-31.931	115.8949
Inglewood	Western Australia	6052	-31.9166	115.8798
Bayswater	Western Australia	6053	-31.9169	115.9178
Ashfield	Western Australia	6054	-31.9172	115.938
Guildford	Western Australia	6055	-31.9	115.9667
Red Hill	Western Australia	6056	-31.849	116.0584
High Wycombe	Western Australia	6057	-31.9444	116.0034
Forrestfield	Western Australia	6058	-31.9828	116.0067
Dianella	Western Australia	6059	-31.8882	115.8719
Tuart Hill	Western Australia	6060	-31.8981	115.8349
Mirrabooka	Western Australia	6061	-31.8596	115.8659
Morley	Western Australia	6062	-31.8877	115.9099
Beechboro	Western Australia	6063	-31.8651	115.9366
Alexander Heights	Western Australia	6064	-31.8276	115.865
Ashby	Western Australia	6065	-31.7325	115.7977
Ballajura	Western Australia	6066	-31.8406	115.8955
Cullacabardee	Western Australia	6067	-31.8194	115.9055
Whiteman	Western Australia	6068	-31.8245	115.9416
Aveley	Western Australia	6069	-31.7813	115.9896
Darlington	Western Australia	6070	-31.9191	116.0812
Glen Forrest	Western Australia	6071	-31.9193	116.1073
Mahogany Creek	Western Australia	6072	-31.9056	116.1367
Mundaring	Western Australia	6073	-31.9021	116.1676
Sawyers Valley	Western Australia	6074	-31.9023	116.2007
Kalamunda	Western Australia	6076	-31.9737	116.0584
Gnangara	Western Australia	6077	-31.7761	115.8662
Mariginiup	Western Australia	6078	-31.7111	115.8432
Lexia	Western Australia	6079	-31.7934	115.9215
Parkerville	Western Australia	6081	-31.8747	116.138
Bailup	Western Australia	6082	-31.7392	116.3102
Gidgegannup	Western Australia	6083	-31.7544	116.1875
Avon Valley National Park	Western Australia	6084	-31.6361	116.1887
Malaga	Western Australia	6090	-31.8526	115.881
Victoria Park	Western Australia	6100	-31.9762	115.9052
East Victoria Park	Western Australia	6101	-31.9889	115.9039
Bentley	Western Australia	6102	-32.0022	115.9247
Rivervale	Western Australia	6103	-31.9555	115.9131
Ascot	Western Australia	6104	-31.9382	115.9226
Cloverdale	Western Australia	6105	-31.9628	115.9443
Welshpool	Western Australia	6106	-31.9944	115.9222
Wattle Grove	Western Australia	6107	-32.0067	116.0005
Thornlie	Western Australia	6108	-32.06	115.955
Maddington	Western Australia	6109	-32.05	115.9833
Gosnells	Western Australia	6110	-32.081	116.0054
Kelmscott	Western Australia	6111	-32.1243	116.0259
Armadale	Western Australia	6112	-32.1461	116.0093
Oakford	Western Australia	6121	-32.2009	115.9339
Byford	Western Australia	6122	-32.221	116.009
Mundijong	Western Australia	6123	-32.2922	115.9856
Jarrahdale	Western Australia	6124	-32.3358	116.0595
Hopeland	Western Australia	6125	-32.3816	115.8873
Keysbrook	Western Australia	6126	-32.4333	115.9667
Lynwood	Western Australia	6147	-32.0401	115.9289
Riverton	Western Australia	6148	-32.0347	115.8986
Bull Creek	Western Australia	6149	-32.0563	115.8624
Bateman	Western Australia	6150	-32.0555	115.8474
Kensington	Western Australia	6151	-31.9829	115.8838
Como	Western Australia	6152	-31.9912	115.8634
Mount Pleasant	Western Australia	6153	-32.0397	115.8499
Booragoon	Western Australia	6154	-32.0395	115.8337
Canning Vale Dc	Western Australia	6155	-32.0552	115.903
Melville	Western Australia	6156	-32.0404	115.8012
Palmyra	Western Australia	6157	-32.045	115.7859
East Fremantle	Western Australia	6158	-32.0382	115.7676
North Fremantle	Western Australia	6159	-32.0333	115.75
Fremantle	Western Australia	6160	-32.0563	115.7456
Rottnest Island	Western Australia	6161	-31.9952	115.5404
Beaconsfield	Western Australia	6162	-32.0675	115.764
Bibra Lake Dc	Western Australia	6163	-32.0801	115.7968
Success	Western Australia	6164	-32.1428	115.85
Hope Valley	Western Australia	6165	-32.2045	115.81
Coogee	Western Australia	6166	-32.1193	115.7665
Casuarina	Western Australia	6167	-32.2414	115.8698
Rockingham	Western Australia	6168	-32.2768	115.7298
Shoalwater	Western Australia	6169	-32.2909	115.711
Leda	Western Australia	6170	-32.2677	115.7993
Baldivis	Western Australia	6171	-32.3289	115.8305
Port Kennedy	Western Australia	6172	-32.3734	115.7515
Secret Harbour	Western Australia	6173	-32.4059	115.7585
Golden Bay	Western Australia	6174	-32.425	115.761
Singleton	Western Australia	6175	-32.444	115.7572
Karnup	Western Australia	6176	-32.4189	115.7927
Parklands	Western Australia	6180	-32.4956	115.773
Stake Hill	Western Australia	6181	-32.4778	115.7942
Keralup	Western Australia	6182	-32.4299	115.8314
Myara	Western Australia	6207	-32.5243	115.9018
Ravenswood	Western Australia	6208	-32.5824	115.8315
Barragup	Western Australia	6209	-32.5498	115.7796
Clifton	Western Australia	6210	-32.7699	115.6321
Clifton	Western Australia	6211	-32.7699	115.6321
Teesdale	Western Australia	6213	-32.6992	116.09
Birchmont	Western Australia	6214	-32.7435	115.8326
Hamel	Western Australia	6215	-32.8689	115.8894
Yarloop	Western Australia	6218	-32.9537	115.8969
Cookernup	Western Australia	6219	-32.9897	115.8799
Harvey	Western Australia	6220	-33.0786	115.9151
Mornington	Western Australia	6221	-33.15	115.9333
Benger	Western Australia	6223	-33.1667	115.85
Brunswick	Western Australia	6224	-33.2324	115.8628
Buckingham	Western Australia	6225	-33.4	116.3333
Roelands	Western Australia	6226	-33.2833	115.8167
Burekup	Western Australia	6227	-33.3071	115.8137
Waterloo	Western Australia	6228	-33.2398	116.1539
Picton	Western Australia	6229	-33.35	115.7
Bunbury	Western Australia	6230	-33.3271	115.6414
Bunbury	Western Australia	6231	-33.3271	115.6414
Eaton	Western Australia	6232	-33.3166	115.705
Wellesley	Western Australia	6233	-33.2343	115.7526
Paradise	Western Australia	6236	-33.4368	115.8371
Elgin	Western Australia	6237	-33.4547	115.6631
Argyle	Western Australia	6239	-33.5458	115.7707
Lowden	Western Australia	6240	-33.5344	115.9756
Wilga	Western Australia	6243	-33.6833	116.2333
Trigwell	Western Australia	6244	-33.6277	116.5616
Newlands	Western Australia	6251	-33.6667	115.8667
Mullalyup	Western Australia	6252	-33.7333	115.9333
Southampton	Western Australia	6253	-33.8	115.9667
Greenbushes	Western Australia	6254	-33.8497	116.0582
Benjinup	Western Australia	6255	-33.7667	116.3167
Kingston	Western Australia	6256	-34.0154	116.0999
Crowea	Western Australia	6258	-34.5327	116.1571
Beedelup	Western Australia	6260	-34.4291	115.9139
Crowea	Western Australia	6262	-34.5327	116.1571
Forrest Beach	Western Australia	6271	-33.5426	115.5346
Barrabup	Western Australia	6275	-33.9023	115.6677
Broadwater	Western Australia	6280	-33.663	115.2842
Dunsborough	Western Australia	6281	-33.6148	115.1044
Yallingup	Western Australia	6282	-33.7	115.1
Baudin	Western Australia	6284	-33.8438	115.0957
Burnside	Western Australia	6285	-33.9369	115.0181
Forest Grove	Western Australia	6286	-34.0667	115.0833
Alexandra Bridge	Western Australia	6288	-34.1592	115.1973
Deepdene	Western Australia	6290	-34.3063	115.155
Flynn	Western Australia	6302	-31.9007	116.7937
Westdale	Western Australia	6304	-32.3134	116.6088
Aldersyde	Western Australia	6306	-32.3747	117.2834
Hastings	Western Australia	6308	-32.6711	116.8222
East Popanyinning	Western Australia	6309	-32.6329	117.2604
Commodine	Western Australia	6311	-32.794	117.1301
Hillside	Western Australia	6312	-32.9513	117.2971
Highbury	Western Australia	6313	-33.0667	117.25
Arthur River	Western Australia	6315	-33.351	117.0318
Glencoe	Western Australia	6316	-33.5082	117.4459
Bullock Hills	Western Australia	6317	-33.6577	117.6484
Broomehill	Western Australia	6318	-33.843	117.6401
Bobalong	Western Australia	6320	-34.0321	117.6025
Cranbrook	Western Australia	6321	-34.2976	117.5518
Tenterden	Western Australia	6322	-34.362	117.5549
Kendenup	Western Australia	6323	-34.4821	117.6253
Forest Hill	Western Australia	6324	-34.6163	117.8171
Narrikup	Western Australia	6326	-34.7723	117.7042
Redmond	Western Australia	6327	-34.8667	117.6833
Palmdale	Western Australia	6328	-34.616	118.4505
Millbrook	Western Australia	6330	-34.9068	117.8726
Albany Dc	Western Australia	6331	-34.7609	117.9075
Albany	Western Australia	6332	-35.0269	117.8837
Hay	Western Australia	6333	-34.9701	117.0922
Gnowangerup	Western Australia	6335	-33.937	118.009
Cowalellup	Western Australia	6336	-34.0716	118.5748
Fitzgerald	Western Australia	6337	-34.0016	119.598
Amelup	Western Australia	6338	-34.22	118.221
Nyabing	Western Australia	6341	-33.5413	118.146
Pingrup	Western Australia	6343	-33.5378	118.5122
Fitzgerald River National Park	Western Australia	6346	-34.0016	119.598
Hopetoun	Western Australia	6348	-33.9506	120.1264
Bullock Hills	Western Australia	6350	-33.3231	117.7663
Moulyinning	Western Australia	6351	-33.2254	117.9269
Kukerin	Western Australia	6352	-33.1833	118.0833
Beenong	Western Australia	6353	-33.045	118.5853
Little Italy	Western Australia	6355	-32.6595	119.1363
Hatter Hill	Western Australia	6356	-33.1763	119.7294
Pingaring	Western Australia	6357	-32.7546	118.6278
Karlgarin	Western Australia	6358	-32.4971	118.7098
Little Italy	Western Australia	6359	-32.6595	119.1363
Harrismith	Western Australia	6361	-32.9357	117.8609
Dudinin	Western Australia	6363	-32.8762	117.9053
Jilakin	Western Australia	6365	-32.6667	118.3333
Bendering	Western Australia	6367	-32.3982	118.2955
South Kumminin	Western Australia	6368	-32.2	118.3333
Mount Walker	Western Australia	6369	-32.0472	118.5552
Kirk Rock	Western Australia	6370	-32.7605	117.6333
Kirk Rock	Western Australia	6372	-32.5921	117.6273
Bullaring	Western Australia	6373	-32.4964	117.7453
Adamsvale	Western Australia	6375	-32.192	117.7971
Mawson	Western Australia	6383	-32.0063	117.3651
Pantapin	Western Australia	6384	-31.9525	117.6572
Kwolyin	Western Australia	6385	-31.9295	117.7501
Shackleton	Western Australia	6386	-31.9325	117.8313
Bannister	Western Australia	6390	-32.4276	116.4125
Boraning	Western Australia	6391	-32.7944	116.5071
Bokal	Western Australia	6392	-33.4814	116.9005
Trigwell	Western Australia	6393	-33.6277	116.5616
Beaufort River	Western Australia	6394	-33.7663	116.9437
Lumeah	Western Australia	6395	-33.9833	117.2333
Frankland	Western Australia	6396	-34.3667	117.0667
Rocky Gully	Western Australia	6397	-34.5105	117.0106
Broke	Western Australia	6398	-34.8497	116.6957
Buckland	Western Australia	6401	-31.611	116.6772
Grass Valley	Western Australia	6403	-31.6373	116.7976
Greenwoods Valley	Western Australia	6405	-31.4955	116.9344
Cunderdin	Western Australia	6407	-31.654	117.2337
Doongin	Western Australia	6409	-31.5691	117.5277
Bungulla	Western Australia	6410	-31.6238	117.5898
Doodlakine	Western Australia	6411	-31.6092	117.8722
Baandee	Western Australia	6412	-31.5157	117.9745
Hines Hill	Western Australia	6413	-31.5342	118.0748
Nangeenan	Western Australia	6414	-31.5333	118.1667
Goomarin	Western Australia	6415	-31.2444	118.4358
Bruce Rock	Western Australia	6418	-31.8805	118.1475
Ardath	Western Australia	6419	-32.0325	118.0952
Cramphorne	Western Australia	6420	-31.805	118.5601
Burracoppin	Western Australia	6421	-31.3975	118.4815
Walgoolan	Western Australia	6422	-31.3833	118.5667
Boodarockin	Western Australia	6423	-31.0127	118.8046
Bodallin	Western Australia	6424	-31.3766	118.8761
Dulyalbin	Western Australia	6425	-31.3208	119.1267
Southern Cross	Western Australia	6426	-31.2268	119.3238
Koolyanobbing	Western Australia	6427	-30.8212	119.5214
Babakin	Western Australia	6428	-32.1264	118.0241
Wallaroo	Western Australia	6429	-30.8763	120.5734
Williamstown	Western Australia	6430	-30.75	121.4833
Emu Flat	Western Australia	6431	-30.5167	121.5765
Victory Heights	Western Australia	6432	-30.7788	121.4726
Hannans	Western Australia	6433	-30.7191	121.4548
Forrest	Western Australia	6434	-30.851	128.1
Agnew	Western Australia	6435	-28.0119	120.5186
Menzies	Western Australia	6436	-29.6939	121.0285
Leinster	Western Australia	6437	-27.9203	120.6967
Lake Darlot	Western Australia	6438	-28.8851	121.3307
Laverton	Western Australia	6440	-28.6253	122.3994
Kambalda	Western Australia	6442	-31.2017	121.6708
Dundas	Western Australia	6443	-32.3872	121.7733
North Cascade	Western Australia	6445	-32.9833	121.6333
Grass Patch	Western Australia	6446	-33.2317	121.7222
Lort River	Western Australia	6447	-33.3356	121.3885
Gibson	Western Australia	6448	-33.6442	121.8157
Beaumont	Western Australia	6450	-33.7873	121.9114
Buraminya	Western Australia	6452	-33.7873	121.9114
Goomalling	Western Australia	6460	-31.3016	116.8253
Dowerin	Western Australia	6461	-31.1937	117.0396
Hindmarsh	Western Australia	6462	-31.2148	117.0962
Benjaberring	Western Australia	6463	-31.1389	117.2885
Manmanning	Western Australia	6465	-30.8486	117.0977
Cadoux	Western Australia	6466	-30.7694	117.1328
Burakin	Western Australia	6467	-30.5246	117.1769
Goodlands	Western Australia	6468	-29.9769	117.3973
Kulja	Western Australia	6470	-30.4854	117.2775
Beacon	Western Australia	6472	-30.4485	117.863
North Wialki	Western Australia	6473	-30.478	118.12
Badgerin Rock	Western Australia	6475	-30.7751	117.3117
Gabbin	Western Australia	6476	-30.8011	117.6788
Bencubbin	Western Australia	6477	-30.8161	117.8614
Barbalin	Western Australia	6479	-30.7622	118.2786
Nukarni	Western Australia	6480	-31.2833	118.2
Bullfinch	Western Australia	6484	-30.9842	119.1085
Cowcowing	Western Australia	6485	-30.9983	117.4497
North Yelbeni	Western Australia	6487	-31.0577	117.6711
North Trayning	Western Australia	6488	-31.0354	117.7849
Kununoppin	Western Australia	6489	-31.1117	117.9179
Chandler	Western Australia	6490	-31.1989	118.1062
Muchea	Western Australia	6501	-31.5821	115.9716
Bindoon	Western Australia	6502	-31.3866	116.0966
Granville	Western Australia	6503	-31.3	115.8691
Mooliabeenee	Western Australia	6504	-31.3303	116.0212
Wannamal	Western Australia	6505	-31.1597	116.056
Mogumber	Western Australia	6506	-31.0403	116.0425
Cataby	Western Australia	6507	-30.7205	115.5271
Glentromie	Western Australia	6509	-30.9737	116.2316
Moora	Western Australia	6510	-30.64	116.0036
Cervantes	Western Australia	6511	-30.4961	115.0672
Coomberdale	Western Australia	6512	-30.4633	116.0393
Gunyidi	Western Australia	6513	-30.1366	116.1792
Green Head	Western Australia	6514	-30.0677	114.968
Coorow	Western Australia	6515	-29.8819	116.0226
Jurien Bay	Western Australia	6516	-30.3059	115.0383
Winchester	Western Australia	6517	-29.7737	115.9273
Eneabba	Western Australia	6518	-29.8196	115.2659
Arrino	Western Australia	6519	-29.4435	115.63
Hill River	Western Australia	6521	-30.385	115.6605
Bundanoon	Western Australia	6522	-29.1643	115.5359
Springfield	Western Australia	6525	-29.2759	115.0194
Mount Hill	Western Australia	6528	-29.0112	114.9105
West End	Western Australia	6530	-28.7817	114.5793
Geraldton	Western Australia	6531	-28.779	114.6146
Dartmoor	Western Australia	6532	-28.7905	114.8142
Alma	Western Australia	6535	-28.3084	114.5195
Kalbarri	Western Australia	6536	-27.7105	114.165
Denham	Western Australia	6537	-25.9268	113.5333
Beechina	Western Australia	6556	-31.85	116.3167
Wooroloo	Western Australia	6558	-31.8038	116.3131
Wundowie	Western Australia	6560	-31.7616	116.3799
Copley	Western Australia	6562	-31.807	116.4775
Clackline	Western Australia	6564	-31.7333	116.5333
Carani	Western Australia	6566	-30.9925	116.4053
Dewars Pool	Western Australia	6567	-31.3797	116.3562
Bolgart	Western Australia	6568	-31.2667	116.5
Carani	Western Australia	6569	-30.9925	116.4053
Yerecoin	Western Australia	6571	-30.9225	116.391
Piawaning	Western Australia	6572	-30.841	116.3884
Bindi Bindi	Western Australia	6574	-30.6352	116.3587
Miling	Western Australia	6575	-30.4897	116.3624
Konnongorring	Western Australia	6603	-31.0833	116.7833
Kondut	Western Australia	6605	-30.7109	116.7732
East Damboring	Western Australia	6606	-30.6409	116.8351
East Damboring	Western Australia	6608	-30.3919	116.6688
Dalwallinu	Western Australia	6609	-30.2805	116.6601
Jibberding	Western Australia	6612	-29.6829	117.1613
Buntine	Western Australia	6613	-29.987	116.5713
Maya	Western Australia	6614	-29.8849	116.5044
Latham	Western Australia	6616	-29.7587	116.4457
Bunjil	Western Australia	6620	-29.653	116.3664
Bunjil	Western Australia	6623	-29.653	116.3664
Merkanooka	Western Australia	6625	-29.1833	115.8273
Canna	Western Australia	6627	-28.9002	115.8621
Tardun	Western Australia	6628	-28.7937	115.7478
Murchison	Western Australia	6630	-26.8949	115.9575
Pindar	Western Australia	6631	-28.4804	115.793
Ambania	Western Australia	6632	-28.6965	115.1016
South Murchison	Western Australia	6635	-28.3436	116.6825
Paynesville	Western Australia	6638	-28.0648	117.849
Sandstone	Western Australia	6639	-27.9868	119.2973
Cue	Western Australia	6640	-27.424	117.8974
Peak Hill	Western Australia	6642	-25.6375	118.7244
Lake Carnegie	Western Australia	6646	-26.5921	120.224
Woodleigh	Western Australia	6701	-24.5312	113.6998
East Lyons River	Western Australia	6705	-25.0499	115.2091
Learmonth	Western Australia	6707	-22.25	114.0833
Cane	Western Australia	6710	-21.6376	115.1122
Thevenard Island	Western Australia	6711	-20.85	116.7638
Barrow Island	Western Australia	6712	-20.85	116.7638
Dampier	Western Australia	6713	-20.6627	116.7126
Maitland	Western Australia	6714	-20.7318	116.8268
Fortescue	Western Australia	6716	-21.6392	116.3222
Roebourne	Western Australia	6718	-20.7723	117.1465
Wickham	Western Australia	6720	-20.6747	117.1378
Redbank	Western Australia	6721	-20.3452	118.6296
Boodarie	Western Australia	6722	-20.4461	118.5941
Goldsworthy	Western Australia	6723	-20.35	119.5333
Bilingurr	Western Australia	6725	-17.9091	122.2292
Cable Beach	Western Australia	6726	-17.961	122.2127
Derby	Western Australia	6728	-17.3029	123.6286
Cockatoo Island	Western Australia	6731	-20.7905	118.8132
Koolan Island	Western Australia	6733	-20.7905	118.8132
Wyndham	Western Australia	6740	-16.3794	126.4993
Durack	Western Australia	6743	-16.3794	126.4993
Chichester	Western Australia	6751	-22.4672	118.0643
Jigalong	Western Australia	6753	-23.3564	119.7355
Paraburdoo	Western Australia	6754	-23.2042	117.6697
Nullagine	Western Australia	6758	-21.8897	120.1114
Marble Bar	Western Australia	6760	-21.1707	119.7444
Shay Gap	Western Australia	6761	-19.4863	123.9379
Telfer	Western Australia	6762	-21.2117	123.2617
Fitzroy Crossing	Western Australia	6765	-18.1971	125.5666
Halls Creek	Western Australia	6770	-19.2717	127.4191
Christmas Island	Western Australia	6798	-20.7905	118.8132
Home Island Cocos (Keeling) Islands	Western Australia	6799	-20.7905	118.8132
Perth	Western Australia	6800	-31.9522	115.8614
Northbridge	Western Australia	6803	-31.9478	115.8588
Perth	Western Australia	6809	-31.9522	115.8614
Perth	Western Australia	6817	-31.9522	115.8614
Perth	Western Australia	6820	-31.9522	115.8614
Perth	Western Australia	6827	-31.9522	115.8614
Perth	Western Australia	6830	-31.9522	115.8614
Perth St Georges Tce	Western Australia	6831	-31.9522	115.8614
Perth East St Georges Tce	Western Australia	6832	-31.9522	115.8614
Perth	Western Australia	6837	-31.9522	115.8614
Perth	Western Australia	6838	-31.9522	115.8614
Perth	Western Australia	6839	-31.9522	115.8614
Perth	Western Australia	6840	-31.9522	115.8614
Perth	Western Australia	6841	-31.9522	115.8614
Perth	Western Australia	6842	-31.9522	115.8614
Perth	Western Australia	6843	-31.9522	115.8614
Perth	Western Australia	6844	-31.9522	115.8614
Perth	Western Australia	6845	-31.9522	115.8614
Perth	Western Australia	6846	-31.9522	115.8614
Perth	Western Australia	6847	-31.9522	115.8614
Perth	Western Australia	6848	-31.9522	115.8614
Perth Bc	Western Australia	6849	-31.9522	115.8614
Cloisters Square	Western Australia	6850	-31.952	115.8607
Northbridge	Western Australia	6865	-31.9478	115.8588
West Perth	Western Australia	6872	-31.949	115.842
East Perth	Western Australia	6892	-31.9587	115.8711
Leederville	Western Australia	6900	-31.9363	115.8419
West Leederville	Western Australia	6901	-31.9414	115.8312
Leederville	Western Australia	6902	-31.9363	115.8419
Leederville	Western Australia	6903	-31.9363	115.8419
Subiaco	Western Australia	6904	-31.9485	115.8268
Northlands	Western Australia	6905	-31.9487	115.8314
North Perth	Western Australia	6906	-31.9272	115.8528
Nedlands	Western Australia	6907	-31.9818	115.8073
Nedlands	Western Australia	6909	-31.9818	115.8073
Claremont	Western Australia	6910	-31.9796	115.7823
Cottesloe	Western Australia	6911	-31.9943	115.7582
Mosman Park	Western Australia	6912	-32.0054	115.7638
Wembley	Western Australia	6913	-31.9331	115.8178
Balcatta	Western Australia	6914	-31.875	115.8284
Mount Hawthorn	Western Australia	6915	-31.92	115.8351
Osborne Park	Western Australia	6916	-31.9007	115.8108
Osborne Park	Western Australia	6917	-31.9007	115.8108
Innaloo	Western Australia	6918	-31.8927	115.7951
Joondalup Dc	Western Australia	6919	-31.9335	115.8003
North Beach	Western Australia	6920	-31.863	115.7562
Karrinyup	Western Australia	6921	-31.8723	115.7768
Scarborough	Western Australia	6922	-31.8958	115.7643
Hillarys	Western Australia	6923	-31.807	115.7405
Greenwood	Western Australia	6924	-31.8272	115.8025
Walliston Dc	Western Australia	6925	-31.8819	115.8243
Kalamunda	Western Australia	6926	-31.9737	116.0584
Mount Lawley	Western Australia	6929	-31.9344	115.8716
Maylands	Western Australia	6931	-31.931	115.8949
Inglewood	Western Australia	6932	-31.9166	115.8798
Bayswater	Western Australia	6933	-31.9169	115.9178
Bassendean	Western Australia	6934	-31.9091	115.9437
Guildford	Western Australia	6935	-31.9	115.9667
Midland Dc	Western Australia	6936	-31.9085	115.8885
Tuart Hill	Western Australia	6937	-31.8981	115.8349
Tuart Hill	Western Australia	6938	-31.8981	115.8349
Tuart Hill	Western Australia	6939	-31.8981	115.8349
Tuart Hill	Western Australia	6940	-31.8981	115.8349
Mirrabooka	Western Australia	6941	-31.8596	115.8659
Bassendean Dc	Western Australia	6942	-31.8496	115.8584
Morley	Western Australia	6943	-31.8877	115.9099
Malaga	Western Australia	6944	-31.8526	115.881
Malaga Dc	Western Australia	6945	-31.8496	115.8584
Wanneroo	Western Australia	6946	-31.75	115.8
Wangara Dc	Western Australia	6947	-31.8496	115.8584
South Perth	Western Australia	6951	-31.9833	115.8667
Como	Western Australia	6952	-31.9912	115.8634
Applecross	Western Australia	6953	-32.0167	115.8333
Booragoon	Western Australia	6954	-32.0395	115.8337
Willetton	Western Australia	6955	-32.0525	115.8878
Melville	Western Australia	6956	-32.0404	115.8012
Palmyra	Western Australia	6957	-32.045	115.7859
Royal Australian Navy Warships	Western Australia	6958	-32.0281	115.8272
Fremantle	Western Australia	6959	-32.0563	115.7456
Myaree	Western Australia	6960	-32.04	115.8176
Palmyra Dc	Western Australia	6961	-32.1549	115.7916
Hamilton Hill	Western Australia	6963	-32.0845	115.7795
Success	Western Australia	6964	-32.1428	115.85
Bibra Lake Dc	Western Australia	6965	-32.1549	115.7916
Kwinana	Western Australia	6966	-32.2301	115.7813
Rockingham Dc	Western Australia	6967	-32.1549	115.7916
Rockingham	Western Australia	6968	-32.2768	115.7298
Rockingham Beach	Western Australia	6969	-32.1549	115.7916
Canning Vale Dc	Western Australia	6970	-31.9762	115.9052
Victoria Park	Western Australia	6979	-31.9762	115.9052
Cannington	Western Australia	6980	-32.0163	115.9365
East Victoria Park	Western Australia	6981	-31.9889	115.9039
Bentley	Western Australia	6982	-32.0022	115.9247
Bentley Dc	Western Australia	6983	-32.005	115.9387
Belmont	Western Australia	6984	-31.9435	115.9255
Cloverdale	Western Australia	6985	-31.9628	115.9443
Welshpool Dc	Western Australia	6986	-32.005	115.9387
Cannington	Western Australia	6987	-32.0163	115.9365
Thornlie	Western Australia	6988	-32.06	115.955
Maddington	Western Australia	6989	-32.05	115.9833
Gosnells	Western Australia	6990	-32.081	116.0054
Kelmscott	Western Australia	6991	-32.1243	116.0259
Armadale	Western Australia	6992	-32.1461	116.0093
Kelmscott Dc	Western Australia	6997	-32.1171	116.0135
Glebe	Tasmania	7000	-42.8747	147.3281
Hobart	Tasmania	7001	-42.8794	147.3294
North Hobart	Tasmania	7002	-42.8741	147.316
Battery Point	Tasmania	7004	-42.8899	147.3332
Sandy Bay	Tasmania	7005	-42.8945	147.3244
Sandy Bay	Tasmania	7006	-42.8945	147.3244
Mount Nelson	Tasmania	7007	-42.9207	147.3207
New Town	Tasmania	7008	-42.8576	147.3087
Derwent Park	Tasmania	7009	-42.8351	147.2949
Montrose	Tasmania	7010	-42.829	147.2473
Claremont	Tasmania	7011	-42.7833	147.25
Collinsvale	Tasmania	7012	-42.8417	147.1961
Rose Bay	Tasmania	7015	-42.839	147.3541
Risdon Vale	Tasmania	7016	-42.8124	147.3565
Grasstree Hill	Tasmania	7017	-42.781	147.365
Mornington	Tasmania	7018	-42.8627	147.3982
Rokeby	Tasmania	7019	-42.8987	147.4492
Clifton Beach	Tasmania	7020	-42.9853	147.5211
Lauderdale	Tasmania	7021	-42.9136	147.4875
South Arm	Tasmania	7022	-43.0261	147.422
Opossum Bay	Tasmania	7023	-42.9954	147.4038
Cremorne	Tasmania	7024	-42.9578	147.5315
Richmond	Tasmania	7025	-42.7355	147.4383
Campania	Tasmania	7026	-42.6648	147.4232
Colebrook	Tasmania	7027	-42.5333	147.3667
Brighton	Tasmania	7030	-42.6981	147.2449
Kingston	Tasmania	7050	-42.9764	147.3035
Kingston	Tasmania	7051	-42.9764	147.3035
Blackmans Bay	Tasmania	7052	-43.0031	147.3169
Bonnet Hill	Tasmania	7053	-42.968	147.3319
Margate	Tasmania	7054	-43.0281	147.2626
Huntingfield	Tasmania	7055	-43.0016	147.2957
Waterloo	Tasmania	7109	-43.1909	147.0013
Abels Bay	Tasmania	7112	-43.2284	147.099
Franklin	Tasmania	7113	-43.0888	147.0091
Brooks Bay	Tasmania	7116	-43.2336	147.0219
Dover	Tasmania	7117	-43.3142	147.0149
Stonor	Tasmania	7119	-42.4	147.3833
Stonehenge	Tasmania	7120	-42.4	147.6333
Strathgordon	Tasmania	7139	-42.7665	146.0521
Hamilton	Tasmania	7140	-42.5536	146.8453
Gordon	Tasmania	7150	-43.262	147.2395
Mawson	Tasmania	7151	-42.7119	146.9131
Kettering	Tasmania	7155	-43.1262	147.2464
Woodbridge	Tasmania	7162	-43.1557	147.2389
Middleton	Tasmania	7163	-43.2316	147.2529
Acton Park	Tasmania	7170	-42.8793	147.4846
Midway Point	Tasmania	7171	-42.7816	147.5627
Wattle Hill	Tasmania	7172	-42.7667	147.65
Carlton	Tasmania	7173	-42.862	147.6552
Copping	Tasmania	7174	-42.8167	147.8
Marion Bay	Tasmania	7175	-42.8133	147.8342
Kellevie	Tasmania	7176	-42.7785	147.8153
Boomer Bay	Tasmania	7177	-42.8865	147.8108
Murdunna	Tasmania	7178	-42.9473	147.8705
Eaglehawk Neck	Tasmania	7179	-43.0106	147.8888
Taranna	Tasmania	7180	-43.0629	147.863
Port Arthur	Tasmania	7182	-43.1458	147.8437
Highcroft	Tasmania	7183	-43.1533	147.7753
Cape Raoul	Tasmania	7184	-43.1366	147.7481
Premaydena	Tasmania	7185	-43.0546	147.7708
Saltwater River	Tasmania	7186	-43.0234	147.7183
Koonya	Tasmania	7187	-43.0796	147.8176
Buckland	Tasmania	7190	-42.6157	147.716
Ross	Tasmania	7209	-42.0308	147.4927
Campbell Town	Tasmania	7210	-41.9256	147.4939
Cleveland	Tasmania	7211	-41.8	147.4
Ben Lomond	Tasmania	7212	-41.5364	147.389
Avoca	Tasmania	7213	-41.7864	147.7209
Fingal	Tasmania	7214	-41.6396	147.9695
St Marys	Tasmania	7215	-41.5834	148.1875
St Helens	Tasmania	7216	-41.3203	148.2389
Mayfield	Tasmania	7248	-41.3876	147.1305
Punchbowl	Tasmania	7249	-41.4576	147.1647
Ravenswood	Tasmania	7250	-41.4159	147.1825
Swan Bay	Tasmania	7252	-41.1617	147.0471
Bell Bay	Tasmania	7253	-41.13	146.87
Retreat	Tasmania	7254	-41.1505	147.173
Strzelecki	Tasmania	7255	-40.0246	147.9952
Wickham	Tasmania	7256	-39.887	143.9973
Cape Barren Island	Tasmania	7257	-40.3734	148.027
Breadalbane	Tasmania	7258	-41.5268	147.1965
Myrtle Bank	Tasmania	7259	-41.2941	147.3584
Springfield	Tasmania	7260	-41.2	147.4833
Branxholm	Tasmania	7261	-41.1662	147.7431
Bridport	Tasmania	7262	-41.0005	147.3918
Alberton	Tasmania	7263	-41.3078	147.7957
Gladstone	Tasmania	7264	-40.9593	148.0094
Banca	Tasmania	7265	-41.0975	147.8238
Bangor	Tasmania	7267	-41.2184	147.1411
Lilydale	Tasmania	7268	-41.2503	147.2176
Beaconsfield	Tasmania	7270	-41.2023	146.8172
Blackwall	Tasmania	7275	-41.3021	146.969
Gravelly Beach	Tasmania	7276	-41.2863	146.9752
Bridgenorth	Tasmania	7277	-41.3839	146.9757
Hadspen	Tasmania	7290	-41.5006	147.0736
Carrick	Tasmania	7291	-41.5324	147.0103
Westwood	Tasmania	7292	-41.4859	146.9817
Perth	Tasmania	7300	-41.5723	147.171
Longford	Tasmania	7301	-41.6051	147.1189
Cressy	Tasmania	7302	-41.6856	147.0779
Westbury	Tasmania	7303	-41.5291	146.8391
Kimberley	Tasmania	7304	-41.417	146.4923
Sunnyside	Tasmania	7305	-41.3823	146.4478
Paradise	Tasmania	7306	-41.4516	146.3156
Sassafras	Tasmania	7307	-41.2983	146.4915
Melrose	Tasmania	7310	-41.2546	146.2858
Preston	Tasmania	7315	-41.3384	146.0474
Camena	Tasmania	7316	-41.1814	145.9571
Hillcrest	Tasmania	7320	-41.0632	145.8944
Guildford	Tasmania	7321	-41.4329	145.6887
Somerset	Tasmania	7322	-41.0406	145.8305
Elliott	Tasmania	7325	-41.1001	145.7828
Irishtown	Tasmania	7330	-40.9108	145.1517
Stanley	Tasmania	7331	-40.7606	145.2955
Gormanston	Tasmania	7466	-42.0749	145.5968
Queenstown	Tasmania	7467	-42.0805	145.5565
Macquarie Heads	Tasmania	7468	-42.1519	145.3273
Granville Harbour	Tasmania	7469	-41.8079	145.0363
Rosebery	Tasmania	7470	-41.7794	145.5383
Melbourne	Victoria	8001	-37.814	144.9633
East Melbourne	Victoria	8002	-37.8167	144.9879
Collins Street East	Victoria	8003	-37.8153	144.9756
St Kilda Road	Victoria	8004	-37.8153	144.9756
World Trade Centre	Victoria	8005	-37.8153	144.9756
Abeckett Street	Victoria	8006	-37.8153	144.9756
Collins Street West	Victoria	8007	-37.8153	144.9756
St Kilda Road Central	Victoria	8008	-37.8153	144.9756
Flinders Lane	Victoria	8009	-37.8153	144.9756
Law Courts	Victoria	8010	-37.8149	144.9505
Little Lonsdale Street	Victoria	8011	-37.8149	144.9505
Docklands	Victoria	8012	-37.8149	144.9505
Melbourne	Victoria	8045	-37.814	144.9633
Melbourne	Victoria	8051	-37.814	144.9633
Melbourne	Victoria	8066	-37.814	144.9633
Melbourne	Victoria	8069	-37.814	144.9633
Melbourne	Victoria	8070	-37.814	144.9633
Melbourne	Victoria	8071	-37.814	144.9633
Melbourne	Victoria	8102	-37.814	144.9633
Melbourne	Victoria	8107	-37.814	144.9633
Melbourne	Victoria	8111	-37.814	144.9633
Melbourne	Victoria	8120	-37.814	144.9633
Melbourne	Victoria	8205	-37.814	144.9633
Melbourne	Victoria	8383	-37.814	144.9633
Sunshine West	Victoria	8438	-37.7912	144.8164
Sunshine West	Victoria	8511	-37.7912	144.8164
Dandenong South	Victoria	8785	-37.9833	145.2
Brisbane	Queensland	9000	-27.4679	153.0281
Brisbane	Queensland	9001	-27.4679	153.0281
Brisbane	Queensland	9002	-27.4679	153.0281
Brisbane	Queensland	9005	-27.4679	153.0281
Brisbane	Queensland	9007	-27.4679	153.0281
Brisbane	Queensland	9009	-27.4679	153.0281
Brisbane	Queensland	9010	-27.4679	153.0281
Brisbane	Queensland	9013	-27.4679	153.0281
Brisbane	Queensland	9015	-27.4679	153.0281
