Dresden	Sachsen	01067	51.0547	13.7269
Dresden	Sachsen	01069	51.043	13.7373
Dresden	Sachsen	01097	51.0714	13.7399
Dresden	Sachsen	01099	51.0783	13.8051
Dresden	Sachsen	01108	51.1557	13.7825
Dresden	Sachsen	01109	51.1164	13.7468
Dresden	Sachsen	01127	51.079	13.7208
Dresden	Sachsen	01129	51.0967	13.736
Dresden	Sachsen	01139	51.0836	13.6981
Dresden	Sachsen	01156	51.0494	13.6214
Dresden	Sachsen	01157	51.0707	13.6729
Dresden	Sachsen	01159	51.0452	13.6996
Dresden	Sachsen	01169	51.0443	13.6738
Dresden	Sachsen	01187	51.0281	13.6943
Dresden	Sachsen	01189	51.05	13.75
Dresden	Sachsen	01217	51.05	13.75
Dresden	Sachsen	01219	51.021	13.7679
Dresden	Sachsen	01237	51.013	13.7988
Dresden	Sachsen	01239	51.0066	13.8089
Dresden	Sachsen	01257	51.0114	13.8054
Dresden	Sachsen	01259	51.05	13.75
Dresden	Sachsen	01277	51.05	13.75
Dresden	Sachsen	01279	51.05	13.75
Dresden	Sachsen	01307	51.05	13.75
Dresden	Sachsen	01309	51.05	13.75
Dresden	Sachsen	01324	51.05	13.75
Dresden	Sachsen	01326	51.0538	13.8155
Dresden	Sachsen	01328	51.05	13.75
Radebeul	Sachsen	01445	51.1065	13.6605
Radeberg	Sachsen	01454	51.1111	13.912
Ottendorf-Okrilla	Sachsen	01458	51.1833	13.8333
Dresden	Sachsen	01465	51.05	13.75
Moritzburg	Sachsen	01468	51.1592	13.6802
Radeburg	Sachsen	01471	51.2152	13.7281
Arnsdorf	Sachsen	01477	51.0942	13.9918
Großenhain	Sachsen	01558	51.2895	13.5335
Schönfeld	Sachsen	01561	51.3	13.7
Riesa	Sachsen	01587	51.2991	13.2848
Riesa	Sachsen	01589	51.3026	13.3097
Riesa	Sachsen	01591	51.3	13.3
Stauchitz	Sachsen	01594	51.2435	13.2144
Wülknitz	Sachsen	01609	51.3667	13.4
Glaubitz	Sachsen	01612	51.325	13.3782
Strehla	Sachsen	01616	51.3525	13.2266
Zeithain	Sachsen	01619	51.3336	13.3381
Lommatzsch	Sachsen	01623	51.1954	13.3092
Coswig	Sachsen	01640	51.132	13.5831
Meißen	Sachsen	01662	51.1649	13.4859
Klipphausen	Sachsen	01665	51.0684	13.5137
Heynitz	Sachsen	01683	51.0926	13.3833
Weinböhla	Sachsen	01689	51.1667	13.5667
Freital	Sachsen	01705	51.0017	13.6488
Wilsdruff	Sachsen	01723	51.052	13.5366
Bannewitz	Sachsen	01728	50.9929	13.7171
Kreischa	Sachsen	01731	50.9453	13.7551
Rabenau	Sachsen	01734	50.9648	13.6431
Tharandt	Sachsen	01737	50.9791	13.5236
Dorfhain	Sachsen	01738	50.9333	13.5667
Dippoldiswalde	Sachsen	01744	50.8962	13.6691
Schmiedeberg	Sachsen	01762	50.8364	13.6762
Bärenstein	Sachsen	01768	50.8013	13.7977
Altenberg	Sachsen	01773	50.7656	13.7533
Höckendorf	Sachsen	01774	50.9252	13.5891
Hermsdorf/Erzgebirge	Sachsen	01776	50.75	13.6333
Geising	Sachsen	01778	50.7574	13.7928
Dohma	Sachsen	01796	50.9167	13.9333
Heidenau	Sachsen	01809	50.9722	13.8674
Rathmannsdorf	Sachsen	01814	50.9299	14.1422
Bad Gottleuba-Berggießhübel	Sachsen	01816	50.8583	13.95
Bahretal	Sachsen	01819	50.8875	13.9
Rathen	Sachsen	01824	50.9585	14.0876
Liebstadt	Sachsen	01825	50.8642	13.8569
Stadt Wehlen	Sachsen	01829	50.9582	14.0309
Stolpen	Sachsen	01833	51.049	14.0794
Neustadt in Sachsen	Sachsen	01844	51.0284	14.2179
Lohmen	Sachsen	01847	50.9883	14.0027
Hohnstein	Sachsen	01848	50.9799	14.1141
Sebnitz	Sachsen	01855	50.9754	14.2758
Bischofswerda	Sachsen	01877	51.1277	14.1797
Lichtenberg	Sachsen	01896	51.1833	13.9667
Großröhrsdorf	Sachsen	01900	51.1453	14.0192
Neukirch/Lausitz	Sachsen	01904	51.0973	14.3079
Burkau	Sachsen	01906	51.1758	14.1733
Frankenthal	Sachsen	01909	51.1313	14.1089
Kamenz	Sachsen	01917	51.268	14.0937
Crostwitz	Sachsen	01920	51.2383	14.2434
Haselbachtal	Sachsen	01936	51.2357	14.0258
Hermsdorf	Brandenburg	01945	51.4055	13.8937
Schipkau	Brandenburg	01968	51.5456	13.9121
Lauchhammer	Brandenburg	01979	51.4881	13.7662
Großräschen	Brandenburg	01983	51.5876	14.0109
Schwarzheide	Brandenburg	01987	51.4767	13.8556
Frauendorf	Brandenburg	01990	51.4148	13.7696
Schipkau	Brandenburg	01993	51.5456	13.9121
Schipkau	Brandenburg	01994	51.5456	13.9121
Hosena	Brandenburg	01996	51.4547	14.0251
Schipkau	Brandenburg	01998	51.5456	13.9121
Bautzen	Sachsen	02625	51.1825	14.4292
Hochkirch	Sachsen	02627	51.149	14.5706
Göda	Sachsen	02633	51.178	14.3195
Crostau	Sachsen	02681	51.0846	14.4559
Eulowitz	Sachsen	02692	51.1116	14.4566
Großdubrau	Sachsen	02694	51.2542	14.459
Königswartha	Sachsen	02699	51.3103	14.328
Kittlitz	Sachsen	02708	51.1314	14.6756
Neugersdorf	Sachsen	02727	50.9773	14.6088
Cunewalde	Sachsen	02733	51.1	14.5167
Beiersdorf	Sachsen	02736	51.074	14.5383
Eibau	Sachsen	02739	50.9827	14.6621
Friedersdorf	Sachsen	02742	51.0242	14.5625
Berthelsdorf	Sachsen	02747	51.0278	14.7569
Bertsdorf-Hörnitz	Sachsen	02763	50.8859	14.737
Großschönau	Sachsen	02779	50.9	14.6833
Seifhennersdorf	Sachsen	02782	50.9349	14.6019
Olbersdorf	Sachsen	02785	50.873	14.7704
Hirschfelde	Sachsen	02788	50.9444	14.8851
Oderwitz	Sachsen	02791	50.9583	14.7083
Leutersdorf	Sachsen	02794	50.95	14.65
Jonsdorf	Sachsen	02796	50.85	14.7
Oybin	Sachsen	02797	50.85	14.75
Waltersdorf	Sachsen	02799	50.8703	14.6503
Görlitz	Sachsen	02826	51.1503	14.9829
Görlitz	Sachsen	02827	51.149	14.9534
Görlitz	Sachsen	02828	51.1687	14.9693
Königshain	Sachsen	02829	51.1833	14.8667
Reichenbach/Oberlausitz	Sachsen	02894	51.15	14.8
Ostritz	Sachsen	02899	51.0145	14.9306
Hohendubrau	Sachsen	02906	51.2444	14.6713
Horka	Sachsen	02923	51.3	14.9
Rothenburg/Oberlausitz	Sachsen	02929	51.3635	14.9461
Boxberg/Oberlausitz	Sachsen	02943	51.4	14.5667
Gablenz	Sachsen	02953	51.5333	14.6667
Rietschen	Sachsen	02956	51.4	14.7833
Krauschwitz	Sachsen	02957	51.5215	14.7121
Groß Düben	Sachsen	02959	51.5667	14.5667
Hoyerswerda	Sachsen	02977	51.4379	14.2355
Spreetal	Sachsen	02979	51.5167	14.3667
Lauta	Sachsen	02991	51.4542	14.1049
Bernsdorf	Sachsen	02994	51.3735	14.0689
Wittichenau	Sachsen	02997	51.385	14.244
Lohsa	Sachsen	02999	51.3833	14.4
Cottbus	Brandenburg	03042	51.7612	14.3544
Cottbus	Brandenburg	03044	51.7754	14.3374
Cottbus	Brandenburg	03046	51.756	14.3197
Cottbus	Brandenburg	03048	51.7403	14.3198
Cottbus	Brandenburg	03050	51.7324	14.3347
Cottbus	Brandenburg	03051	51.7667	14.3333
Cottbus	Brandenburg	03052	51.7667	14.3333
Cottbus	Brandenburg	03053	51.7667	14.3333
Cottbus	Brandenburg	03054	51.7667	14.3333
Cottbus	Brandenburg	03055	51.7667	14.3333
Frauendorf	Brandenburg	03058	51.7007	14.3878
Briesen	Brandenburg	03096	51.8155	14.2442
Kolkwitz	Brandenburg	03099	51.75	14.25
Neupetershain	Brandenburg	03103	51.608	14.1651
Drebkau	Brandenburg	03116	51.6541	14.2232
Welzow	Brandenburg	03119	51.5838	14.1708
Lieskau	Brandenburg	03130	51.5683	14.5271
Forst (Lausitz)	Brandenburg	03149	51.7302	14.598
Döbern	Brandenburg	03159	51.6159	14.5981
Atterwasch	Brandenburg	03172	51.9342	14.6255
Drachhausen	Brandenburg	03185	51.8903	14.3164
Drewitz	Brandenburg	03197	51.8966	14.5103
Laasow	Brandenburg	03205	51.7134	14.0875
Kittlitz	Brandenburg	03222	51.8308	13.9161
Koßwig	Brandenburg	03226	51.7769	14.0287
Luckaitztal	Brandenburg	03229	51.6833	14
Lieskau	Brandenburg	03238	51.6173	13.8086
Babben	Brandenburg	03246	51.7126	13.7856
Breitenau	Brandenburg	03249	51.6864	13.7241
Friedersdorf	Brandenburg	03253	51.6985	13.5726
Leipzig	Sachsen	04103	51.3405	12.3827
Leipzig	Sachsen	04105	51.3489	12.3688
Leipzig	Sachsen	04107	51.3667	12.3833
Leipzig	Sachsen	04109	51.342	12.375
Leipzig	Sachsen	04129	51.3674	12.3909
Leipzig	Sachsen	04155	51.3667	12.3833
Leipzig	Sachsen	04157	51.3775	12.3599
Breitenfeld	Sachsen	04158	51.4035	12.3418
Leipzig	Sachsen	04159	51.3717	12.3321
Leipzig	Sachsen	04177	51.3425	12.323
Burghausen	Sachsen	04178	51.3566	12.2643
Leipzig	Sachsen	04179	51.329	12.3115
Leipzig	Sachsen	04205	51.3209	12.2793
Leipzig	Sachsen	04207	51.312	12.3077
Leipzig	Sachsen	04209	51.3148	12.2912
Leipzig	Sachsen	04229	51.3254	12.3341
Leipzig	Sachsen	04249	51.3667	12.3833
Leipzig	Sachsen	04275	51.3667	12.3833
Leipzig	Sachsen	04277	51.3667	12.3833
Leipzig	Sachsen	04279	51.3667	12.3833
Leipzig	Sachsen	04288	51.3667	12.3833
Leipzig	Sachsen	04289	51.3667	12.3833
Leipzig	Sachsen	04299	51.3667	12.3833
Leipzig	Sachsen	04315	51.3667	12.3833
Leipzig	Sachsen	04316	51.3667	12.3833
Leipzig	Sachsen	04317	51.3329	12.4047
Leipzig	Sachsen	04318	51.3332	12.4195
Leipzig	Sachsen	04319	51.3667	12.3833
Sellerhausen-Stünz	Sachsen	04328	51.348	12.4313
Leipzig	Sachsen	04329	51.3667	12.3833
Leipzig	Sachsen	04347	51.3637	12.4312
Leipzig	Sachsen	04349	51.3667	12.3833
Leipzig	Sachsen	04356	51.3667	12.3833
Leipzig	Sachsen	04357	51.3667	12.3833
Markkleeberg	Sachsen	04416	51.2755	12.3691
Großlehna	Sachsen	04420	51.3069	12.1719
Taucha	Sachsen	04425	51.3833	12.4833
Schkeuditz	Sachsen	04435	51.3968	12.2214
Zwenkau	Sachsen	04442	51.2187	12.3301
Borsdorf	Sachsen	04451	51.35	12.5333
Kitzen	Sachsen	04460	51.2217	12.2235
Großpösna	Sachsen	04463	51.2667	12.5
Löbnitz	Sachsen	04509	51.5924	12.4635
Rackwitz	Sachsen	04519	51.4333	12.3833
Elstertrebnitz	Sachsen	04523	51.15	12.2333
Groitzsch	Sachsen	04539	51.1554	12.2828
Borna	Sachsen	04552	51.1242	12.4964
Böhlen	Sachsen	04564	51.2006	12.3862
Regis-Breitingen	Sachsen	04565	51.0888	12.4384
Kitzscher	Sachsen	04567	51.1644	12.5526
Rötha	Sachsen	04571	51.1978	12.4145
Deutzen	Sachsen	04574	51.1122	12.4254
Neukieritzsch	Sachsen	04575	51.1499	12.4109
Espenhain	Sachsen	04579	51.1893	12.4789
Altenburg	Thüringen	04600	50.9876	12.4368
Göhren	Thüringen	04603	50.9667	12.3667
Meuselwitz	Thüringen	04610	51.0565	12.3509
Lucka	Thüringen	04613	51.0973	12.3334
Naundorf	Thüringen	04617	50.9776	12.2668
Frohnsdorf	Thüringen	04618	50.9425	12.5787
Göllnitz	Thüringen	04626	50.95	12.3167
Gößnitz	Thüringen	04639	50.889	12.4329
Geithain	Sachsen	04643	51.0553	12.6967
Bad Lausick	Sachsen	04651	51.145	12.6445
Frohburg	Sachsen	04654	51.0572	12.5575
Kohren-Sahlis	Sachsen	04655	51.0188	12.6042
Narsdorf	Sachsen	04657	51.0167	12.7167
Grimma	Sachsen	04668	51.2337	12.7196
Colditz	Sachsen	04680	51.1282	12.803
Belgershain	Sachsen	04683	51.2333	12.55
Nerchau	Sachsen	04685	51.2709	12.7891
Trebsen/Mulde	Sachsen	04687	51.2833	12.75
Mutzschen	Sachsen	04688	51.2616	12.8913
Gersdorf	Sachsen	04703	51.1122	12.9389
Ebersbach	Sachsen	04720	51.099	13.1135
Waldheim	Sachsen	04736	51.0728	13.02
Niederstriegis	Sachsen	04741	51.0824	13.1493
Hartha	Sachsen	04746	51.0986	12.9739
Ostrau	Sachsen	04749	51.2	13.1667
Cavertitz	Sachsen	04758	51.3833	13.1333
Naundorf	Sachsen	04769	51.2572	13.1081
Dahlen	Sachsen	04774	51.3649	12.9988
Wermsdorf	Sachsen	04779	51.2833	12.95
Falkenhain	Sachsen	04808	51.3989	12.8708
Brandis	Sachsen	04821	51.336	12.6102
Beucha	Sachsen	04824	51.3231	12.5622
Machern	Sachsen	04827	51.3667	12.6333
Bennewitz	Sachsen	04828	51.3607	12.7138
Mockrehna	Sachsen	04838	51.5076	12.8142
Kossa	Sachsen	04849	51.6171	12.682
Torgau	Sachsen	04860	51.5602	12.9962
Mockrehna	Sachsen	04862	51.5	12.8
Belgern	Sachsen	04874	51.4826	13.1238
Dommitzsch	Sachsen	04880	51.6407	12.8794
Arzberg	Sachsen	04886	51.5289	13.1257
Schildau	Sachsen	04889	51.4572	12.9302
Falkenberg/Elster	Brandenburg	04895	51.5875	13.2364
Elsterwerda	Brandenburg	04910	51.4604	13.52
Herzberg (Elster)	Brandenburg	04916	51.6833	13.2333
Bad Liebenwerda	Brandenburg	04924	51.5183	13.3946
Kahla	Brandenburg	04928	51.4678	13.5663
Hirschfeld	Brandenburg	04932	51.3833	13.6167
Dreska	Brandenburg	04934	51.4853	13.538
Naundorf	Brandenburg	04936	51.7374	13.4401
Halle	Sachsen-Anhalt	06108	51.483	11.972
Halle	Sachsen-Anhalt	06110	51.4701	11.9675
Halle	Sachsen-Anhalt	06112	51.4753	11.9973
Halle	Sachsen-Anhalt	06114	51.5034	11.9622
Halle	Sachsen-Anhalt	06116	51.4862	12.0283
Halle	Sachsen-Anhalt	06118	51.5175	11.971
Lieskau	Sachsen-Anhalt	06120	51.504	11.8621
Halle	Sachsen-Anhalt	06124	51.4796	11.937
Halle	Sachsen-Anhalt	06126	51.5	12
Halle	Sachsen-Anhalt	06128	51.4507	11.9493
Halle	Sachsen-Anhalt	06130	51.441	11.9856
Angersdorf	Sachsen-Anhalt	06179	51.4603	11.9071
Dieskau	Sachsen-Anhalt	06184	51.4355	12.0404
Peißen	Sachsen-Anhalt	06188	51.5027	12.0574
Petersberg	Sachsen-Anhalt	06193	51.5965	11.9533
Beesenstedt	Sachsen-Anhalt	06198	51.5683	11.7332
Beuna	Sachsen-Anhalt	06217	51.3167	11.95
Bad Dürrenberg	Sachsen-Anhalt	06231	51.2954	12.0658
Leuna	Sachsen-Anhalt	06237	51.3178	12.0159
Roßbach	Sachsen-Anhalt	06242	51.2604	11.895
Bad Lauchstädt	Sachsen-Anhalt	06246	51.3865	11.8696
Mücheln (Geiseltal)	Sachsen-Anhalt	06249	51.3	11.8
Wallendorf	Sachsen-Anhalt	06254	51.3598	12.0754
Schafstädt	Sachsen-Anhalt	06255	51.3813	11.773
Schkopau	Sachsen-Anhalt	06258	51.4	12.0463
Frankleben	Sachsen-Anhalt	06259	51.3114	11.9293
Leimbach	Sachsen-Anhalt	06268	51.3616	11.55
Esperstedt	Sachsen-Anhalt	06279	51.4239	11.6788
Bornstedt	Sachsen-Anhalt	06295	51.4833	11.4833
Annarode	Sachsen-Anhalt	06308	51.5502	11.4031
Helbra	Sachsen-Anhalt	06311	51.55	11.5
Ahlsdorf	Sachsen-Anhalt	06313	51.5454	11.4666
Seeburg	Sachsen-Anhalt	06317	51.4904	11.7026
Wansleben am See	Sachsen-Anhalt	06318	51.4667	11.75
Walbeck	Sachsen-Anhalt	06333	51.6651	11.4707
Biesenrode	Sachsen-Anhalt	06343	51.6055	11.3859
Friedeburg	Sachsen-Anhalt	06347	51.6212	11.7426
Großörner	Sachsen-Anhalt	06348	51.6153	11.4898
Köthen	Sachsen-Anhalt	06366	51.7519	11.9709
Radegast	Sachsen-Anhalt	06369	51.6565	12.0948
Aken	Sachsen-Anhalt	06385	51.8527	12.0446
Chörau	Sachsen-Anhalt	06386	51.8158	12.1171
Baasdorf	Sachsen-Anhalt	06388	51.7082	11.9803
Bernburg	Sachsen-Anhalt	06406	51.7946	11.7401
Aderstedt	Sachsen-Anhalt	06408	51.7798	11.6957
Wiendorf	Sachsen-Anhalt	06420	51.7138	11.808
Alsleben (Saale)	Sachsen-Anhalt	06425	51.7	11.6667
Gerbitz	Sachsen-Anhalt	06429	51.842	11.8256
Aschersleben	Sachsen-Anhalt	06449	51.7574	11.4608
Drohndorf	Sachsen-Anhalt	06456	51.7169	11.5314
Hedersleben	Sachsen-Anhalt	06458	51.8594	11.25
Ermsleben	Sachsen-Anhalt	06463	51.7324	11.3507
Frose	Sachsen-Anhalt	06464	51.7958	11.3791
Gatersleben	Sachsen-Anhalt	06466	51.8221	11.2866
Hoym	Sachsen-Anhalt	06467	51.7829	11.3124
Nachterstedt	Sachsen-Anhalt	06469	51.8008	11.3349
Ditfurt	Sachsen-Anhalt	06484	51.8333	11.2
Straßberg	Sachsen-Anhalt	06493	51.6157	11.0491
Neinstedt	Sachsen-Anhalt	06502	51.7495	11.0872
Allrode	Sachsen-Anhalt	06507	51.6793	10.9683
Sangerhausen	Sachsen-Anhalt	06526	51.4722	11.2953
Breitenbach	Sachsen-Anhalt	06528	51.5421	11.1178
Breitungen	Sachsen-Anhalt	06536	51.4981	11.0517
Kelbra	Sachsen-Anhalt	06537	51.4353	11.0414
Winkel	Sachsen-Anhalt	06542	51.4044	11.4636
Abberode	Sachsen-Anhalt	06543	51.6154	11.29
Breitenstein	Sachsen-Anhalt	06547	51.62	10.9462
Reinsdorf	Thüringen	06556	51.3333	11.2667
Esperstedt	Thüringen	06567	51.3473	11.179
Donndorf	Thüringen	06571	51.294	11.3728
Etzleben	Thüringen	06577	51.2667	11.1667
Bilzingsleben	Thüringen	06578	51.2833	11.0667
Mertendorf	Sachsen-Anhalt	06618	51.1188	11.8584
Abtlöbnitz	Sachsen-Anhalt	06628	51.0804	11.719
Balgstädt	Sachsen-Anhalt	06632	51.2053	11.7333
Laucha	Sachsen-Anhalt	06636	51.2242	11.6799
Karsdorf	Sachsen-Anhalt	06638	51.2713	11.6577
Bucha	Sachsen-Anhalt	06642	51.2364	11.5073
Steinburg	Sachsen-Anhalt	06647	51.1905	11.5173
Burgholzhausen	Sachsen-Anhalt	06648	51.1351	11.5186
Langendorf	Sachsen-Anhalt	06667	51.1797	11.9614
Taucha	Sachsen-Anhalt	06679	51.1934	12.0804
Krauschwitz	Sachsen-Anhalt	06682	51.1187	11.9731
Dehlitz	Sachsen-Anhalt	06686	51.2305	12.022
Großkorbetha	Sachsen-Anhalt	06688	51.26	12.0301
Breitenbach	Sachsen-Anhalt	06712	51.0041	12.075
Goldschau	Sachsen-Anhalt	06721	51.0622	11.8967
Droyßig	Sachsen-Anhalt	06722	51.0425	12.0259
Weißenborn	Sachsen-Anhalt	06724	51.0297	11.9964
Reuden	Sachsen-Anhalt	06725	51.1107	12.1948
Döbris	Sachsen-Anhalt	06727	51.1167	12.1333
Langendorf	Sachsen-Anhalt	06729	51.0882	12.261
Friedersdorf	Sachsen-Anhalt	06749	51.6481	12.3655
Bobbau	Sachsen-Anhalt	06766	51.6875	12.2725
Selbitz	Sachsen-Anhalt	06773	51.8146	12.5321
Tornau	Sachsen-Anhalt	06774	51.6375	12.5891
Tornau	Sachsen-Anhalt	06779	51.7185	12.1817
Sandersdorf	Sachsen-Anhalt	06780	51.62	12.24
Brandhorst	Sachsen-Anhalt	06785	51.8093	12.41
Gohrau	Sachsen-Anhalt	06786	51.8149	12.4876
Möhlau	Sachsen-Anhalt	06791	51.7313	12.3528
Sandersdorf	Sachsen-Anhalt	06792	51.62	12.24
Sandersdorf	Sachsen-Anhalt	06794	51.62	12.24
Brehna	Sachsen-Anhalt	06796	51.5579	12.2128
Altjeßnitz	Sachsen-Anhalt	06800	51.6915	12.3213
Greppin	Sachsen-Anhalt	06803	51.6468	12.3007
Burgkemnitz	Sachsen-Anhalt	06804	51.6838	12.4009
Holzweißig	Sachsen-Anhalt	06808	51.5982	12.3084
Petersroda	Sachsen-Anhalt	06809	51.5703	12.2892
Dessau	Sachsen-Anhalt	06842	51.8231	12.2598
Dessau	Sachsen-Anhalt	06844	51.8441	12.2475
Dessau	Sachsen-Anhalt	06846	51.8333	12.25
Dessau	Sachsen-Anhalt	06847	51.8221	12.1917
Dessau	Sachsen-Anhalt	06849	51.8083	12.241
Dessau-Roßlau	Sachsen-Anhalt	06861	51.8333	12.25
Brambach	Sachsen-Anhalt	06862	51.8784	12.1485
Bräsen	Sachsen-Anhalt	06868	51.9646	12.3764
Coswig	Sachsen-Anhalt	06869	51.8862	12.4501
Mochau	Sachsen-Anhalt	06888	51.931	12.6795
Boßdorf	Sachsen-Anhalt	06895	51.989	12.685
Nudersdorf	Sachsen-Anhalt	06896	51.9303	12.5955
Kemberg	Sachsen-Anhalt	06901	51.8001	12.5971
Bad Schmiedeberg	Sachsen-Anhalt	06905	51.6852	12.7348
Priesitz	Sachsen-Anhalt	06909	51.7019	12.8245
Jessen (Elster)	Sachsen-Anhalt	06917	51.8136	12.9874
Gadegast	Sachsen-Anhalt	06918	51.8915	12.8936
Axien	Sachsen-Anhalt	06922	51.7015	12.8874
Annaburg	Sachsen-Anhalt	06925	51.733	13.0473
Holzdorf	Sachsen-Anhalt	06926	51.7787	13.1276
Wittgendorf	Thüringen	07318	50.6	11.2333
Marktgölitz	Thüringen	07330	50.5563	11.3352
Unterwellenborn	Thüringen	07333	50.65	11.4333
Goßwitz	Thüringen	07334	50.6354	11.4774
Birkigt	Thüringen	07336	50.6694	11.4846
Altenbeuthen	Thüringen	07338	50.5919	11.6006
Wurzbach	Thüringen	07343	50.4636	11.5378
Lehesten	Thüringen	07349	50.4743	11.4522
Blankenberg	Thüringen	07366	50.403	11.7162
Remptendorf	Thüringen	07368	50.5333	11.65
Bodelwitz	Thüringen	07381	50.6875	11.6222
Krölpa	Thüringen	07387	50.6774	11.5385
Bucha	Thüringen	07389	50.6333	11.7
Großkochberg	Thüringen	07407	50.7749	11.3558
Bad Blankenburg	Thüringen	07422	50.6819	11.2737
Allendorf	Thüringen	07426	50.6547	11.158
Schwarzburg	Thüringen	07427	50.643	11.1919
Rohrbach	Thüringen	07429	50.6	11.2167
Gera	Thüringen	07545	50.8782	12.0824
Gera	Thüringen	07546	50.8901	12.1019
Gera	Thüringen	07548	50.8667	12.0833
Gera	Thüringen	07549	50.8408	12.0756
Gera	Thüringen	07551	50.8412	12.1072
Gera	Thüringen	07552	50.8667	12.0833
Hirschfeld	Thüringen	07554	50.95	12.1833
Bocka	Thüringen	07557	50.8167	11.9667
Schömberg	Thüringen	07570	50.7596	12.0202
Rückersdorf	Thüringen	07580	50.8219	12.2203
Hartmannsdorf	Thüringen	07586	50.9	12
Saara	Thüringen	07589	50.85	11.9667
Eisenberg	Thüringen	07607	50.9686	11.9021
Hartmannsdorf	Thüringen	07613	50.9608	11.9757
Petersberg	Thüringen	07616	50.9833	11.8333
Mertendorf	Thüringen	07619	51	11.7833
Reichenbach	Thüringen	07629	50.8686	11.878
Weißenborn	Thüringen	07639	50.9239	11.8795
Waltersdorf	Thüringen	07646	50.8333	11.75
Jena	Thüringen	07743	50.9326	11.5868
Jena	Thüringen	07745	50.8933	11.5847
Jena	Thüringen	07747	50.8899	11.6086
Jena	Thüringen	07749	50.943	11.6034
Bucha	Thüringen	07751	50.8833	11.5167
Bibra	Thüringen	07768	50.8039	11.5471
Camburg	Thüringen	07774	51.0552	11.7097
Dornburg	Thüringen	07778	51.0074	11.6633
Dreba	Thüringen	07806	50.6667	11.75
Geroda	Thüringen	07819	50.7667	11.9
Dittersdorf	Thüringen	07907	50.65	11.8167
Kirschkau	Thüringen	07919	50.6049	11.8871
Tanna	Thüringen	07922	50.4946	11.8572
Schöndorf	Thüringen	07924	50.6174	11.6948
Gefell	Thüringen	07926	50.4405	11.8593
Hirschberg	Thüringen	07927	50.4054	11.8183
Saalburg-Ebersdorf	Thüringen	07929	50.4917	11.7
Langenwolschendorf	Thüringen	07937	50.6355	11.9542
Merkendorf	Thüringen	07950	50.69	11.9723
Pausa	Sachsen	07952	50.5817	11.9973
Auma	Thüringen	07955	50.7004	11.8996
Hain	Thüringen	07957	50.7075	12.0833
Hohenleuben	Thüringen	07958	50.7113	12.0543
Greiz	Thüringen	07973	50.6578	12.1992
Kühdorf	Thüringen	07980	50.7068	12.1106
Elsterberg	Sachsen	07985	50.6084	12.1679
Mohlsdorf	Thüringen	07987	50.6697	12.2652
Teichwolframsdorf	Thüringen	07989	50.7209	12.2469
Zwickau	Sachsen	08056	50.7114	12.4928
Zwickau	Sachsen	08058	50.7439	12.4781
Zwickau	Sachsen	08060	50.7188	12.4601
Zwickau	Sachsen	08062	50.6915	12.4734
Zwickau	Sachsen	08064	50.6752	12.4709
Zwickau	Sachsen	08066	50.7319	12.5251
Hirschfeld	Sachsen	08107	50.6333	12.4667
Wilkau-Haßlau	Sachsen	08112	50.675	12.5148
Lichtentanne	Sachsen	08115	50.6925	12.4259
Hartenstein	Sachsen	08118	50.6624	12.6697
Mülsen	Sachsen	08132	50.75	12.5667
Langenweißbach	Sachsen	08134	50.64	12.6127
Reinsdorf	Sachsen	08141	50.6978	12.5555
Hirschfeld	Sachsen	08144	50.6333	12.4667
Crinitzberg	Sachsen	08147	50.5667	12.5083
Grünbach	Sachsen	08223	50.4499	12.3619
Rodewisch	Sachsen	08228	50.5308	12.4133
Treuen	Sachsen	08233	50.5425	12.3034
Ellefeld	Sachsen	08236	50.4837	12.3888
Steinberg	Sachsen	08237	50.5389	12.4778
Bergen	Sachsen	08239	50.471	12.2745
Markneukirchen	Sachsen	08258	50.3114	12.3295
Schöneck/Vogtland	Sachsen	08261	50.3833	12.3167
Morgenröthe-Rautenkranz	Sachsen	08262	50.4463	12.5131
Erlbach	Sachsen	08265	50.3167	12.3667
Zwota	Sachsen	08267	50.351	12.4224
Hammerbrücke	Sachsen	08269	50.435	12.415
Aue	Sachsen	08280	50.5903	12.7066
Schneeberg	Sachsen	08289	50.5947	12.6414
Lößnitz	Sachsen	08294	50.6218	12.7315
Zwönitz	Sachsen	08297	50.6303	12.81
Schlema	Sachsen	08301	50.5981	12.6588
Schönheide	Sachsen	08304	50.5046	12.5216
Eibenstock	Sachsen	08309	50.4943	12.5998
Lauter/Sachsen	Sachsen	08312	50.5667	12.7333
Bernsbach	Sachsen	08315	50.5762	12.7675
Hundshübel	Sachsen	08318	50.5439	12.5711
Zschorlau	Sachsen	08321	50.5667	12.65
Bockau	Sachsen	08324	50.5421	12.6864
Sosa	Sachsen	08326	50.4992	12.6512
Stützengrün	Sachsen	08328	50.5333	12.5333
Beierfeld	Sachsen	08340	50.5653	12.7905
Grünhain	Sachsen	08344	50.5802	12.8069
Erlabrunn	Sachsen	08349	50.4726	12.7073
Markersbach	Sachsen	08352	50.5354	12.8615
Rittersgrün	Sachsen	08355	50.4803	12.7934
Breitenbrunn/Erzgebirge	Sachsen	08359	50.4667	12.7667
Glauchau	Sachsen	08371	50.8199	12.5449
Remse	Sachsen	08373	50.85	12.5667
Schönberg	Sachsen	08393	50.8675	12.4913
Waldenburg	Sachsen	08396	50.8765	12.5992
Leubnitz	Sachsen	08412	50.7231	12.3566
Fraureuth	Sachsen	08427	50.7	12.35
Langenbernsdorf	Sachsen	08428	50.7558	12.3267
Steinpleis	Sachsen	08432	50.7142	12.3999
Langenhessen	Sachsen	08439	50.7625	12.3714
Crimmitschau	Sachsen	08451	50.809	12.3461
Neukirchen/Pleiße	Sachsen	08459	50.8	12.3667
Reichenbach/Vogtland	Sachsen	08468	50.6228	12.3034
Lengenfeld	Sachsen	08485	50.5694	12.3641
Limbach	Sachsen	08491	50.5833	12.25
Neumark	Sachsen	08496	50.6601	12.3562
Mylau	Sachsen	08499	50.6186	12.2654
Plauen	Sachsen	08523	50.4942	12.1353
Plauen	Sachsen	08525	50.5106	12.13
Plauen	Sachsen	08527	50.4935	12.1272
Plauen	Sachsen	08529	50.4921	12.1775
Reuth	Sachsen	08538	50.4697	11.9594
Mehltheuer	Sachsen	08539	50.5453	12.037
Neuensalz	Sachsen	08541	50.5	12.2167
Pöhl	Sachsen	08543	50.55	12.1833
Syrau	Sachsen	08548	50.543	12.0793
Bösenbrunn	Sachsen	08606	50.397	12.1
Adorf	Sachsen	08626	50.3201	12.2599
Bad Elster	Sachsen	08645	50.2819	12.2343
Bad Brambach	Sachsen	08648	50.2167	12.3167
Chemnitz	Sachsen	09111	50.8351	12.9222
Chemnitz	Sachsen	09112	50.827	12.9043
Chemnitz	Sachsen	09113	50.8507	12.8951
Chemnitz	Sachsen	09114	50.8574	12.8977
Chemnitz	Sachsen	09116	50.8213	12.884
Chemnitz	Sachsen	09117	50.8179	12.8379
Chemnitz	Sachsen	09119	50.8203	12.9056
Chemnitz	Sachsen	09120	50.8056	12.9067
Chemnitz	Sachsen	09122	50.7945	12.8875
Chemnitz	Sachsen	09123	50.7659	12.946
Chemnitz	Sachsen	09125	50.7963	12.9199
Chemnitz	Sachsen	09126	50.8197	12.9403
Chemnitz	Sachsen	09127	50.8284	12.9586
Chemnitz	Sachsen	09130	50.8376	12.9345
Chemnitz	Sachsen	09131	50.8333	12.9167
Kändler	Sachsen	09212	50.8555	12.7922
Burgstädt	Sachsen	09217	50.9133	12.806
Neukirchen/Erzgebirge	Sachsen	09221	50.7835	12.87
Wittgensdorf	Sachsen	09228	50.8832	12.8703
Hartmannsdorf	Sachsen	09232	50.9	12.8
Burkhardtsdorf	Sachsen	09235	50.7333	12.9167
Claußnitz	Sachsen	09236	50.9333	12.8833
Mühlau	Sachsen	09241	50.9	12.7667
Niederfrohna	Sachsen	09243	50.9	12.7167
Lichtenau	Sachsen	09244	50.9083	12.9917
Röhrsdorf	Sachsen	09247	50.8621	12.8339
Taura	Sachsen	09249	50.9167	12.85
Königsfeld	Sachsen	09306	51.0667	12.75
Penig	Sachsen	09322	50.9334	12.7042
Geringswalde	Sachsen	09326	51.0768	12.9072
Lunzenau	Sachsen	09328	50.9627	12.7559
Bernsdorf	Sachsen	09337	50.7667	12.6667
Oberlungwitz	Sachsen	09353	50.7823	12.7079
Gersdorf	Sachsen	09355	50.75	12.7167
Sankt Egidien	Sachsen	09356	50.7862	12.624
Niederdorf	Sachsen	09366	50.7262	12.7859
Erlbach-Kirchberg	Sachsen	09385	50.7667	12.7667
Jahnsdorf/Erzgebirge	Sachsen	09387	50.75	12.85
Gornsdorf	Sachsen	09390	50.7	12.8833
Auerbach	Sachsen	09392	50.6833	12.9167
Hohndorf	Sachsen	09394	50.7404	12.6806
Hormersdorf	Sachsen	09395	50.6741	12.8819
Niederwürschnitz	Sachsen	09399	50.725	12.75
Gornau/Erzgebirge	Sachsen	09405	50.7667	13.0167
Thum	Sachsen	09419	50.6708	12.9509
Gelenau/Erzgebirge	Sachsen	09423	50.7055	12.9694
Ehrenfriedersdorf	Sachsen	09427	50.6493	12.9701
Wolkenstein	Sachsen	09429	50.6555	13.0713
Drebach	Sachsen	09430	50.6758	13.0162
Großolbersdorf	Sachsen	09432	50.7	13.0833
Scharfenstein	Sachsen	09435	50.7041	13.0565
Börnichen/Erzgebirge	Sachsen	09437	50.75	13.1333
Amtsberg	Sachsen	09439	50.75	13.0056
Annaberg-Buchholz	Sachsen	09456	50.5795	13.0063
Sehmatal	Sachsen	09465	50.5167	12.9833
Geyer	Sachsen	09468	50.6263	12.9207
Bärenstein	Sachsen	09471	50.5	13.0333
Crottendorf	Sachsen	09474	50.5167	12.95
Jöhstadt	Sachsen	09477	50.5123	13.0946
Elterlein	Sachsen	09481	50.5766	12.8684
Oberwiesenthal	Sachsen	09484	50.4167	12.9833
Schlettau	Sachsen	09487	50.5588	12.9527
Wiesa	Sachsen	09488	50.6111	13.0138
Marienberg	Sachsen	09496	50.6132	13.1883
Lengefeld	Sachsen	09514	50.7191	13.1929
Zöblitz	Sachsen	09517	50.6591	13.2298
Großrückerswalde	Sachsen	09518	50.6333	13.1167
Heidersdorf	Sachsen	09526	50.6833	13.4
Neuhausen/Erzgebirge	Sachsen	09544	50.675	13.4667
Deutschneudorf	Sachsen	09548	50.6167	13.4667
Flöha	Sachsen	09557	50.8561	13.0741
Frankenstein	Sachsen	09569	50.9006	13.2093
Leubsdorf	Sachsen	09573	50.8	13.1667
Eppendorf	Sachsen	09575	50.8	13.2333
Niederwiesa	Sachsen	09577	50.8667	13.0167
Borstendorf	Sachsen	09579	50.7732	13.1792
Freiberg	Sachsen	09599	50.9109	13.3388
Niederschöna	Sachsen	09600	50.9667	13.4191
Großschirma	Sachsen	09603	50.966	13.2859
Großhartmannsdorf	Sachsen	09618	50.8	13.3333
Mulda/Sachsen	Sachsen	09619	50.8	13.4167
Frauenstein	Sachsen	09623	50.8028	13.5379
Hilbersdorf	Sachsen	09627	50.9099	13.3968
Reinsberg	Sachsen	09629	51.0082	13.3654
Halsbrücke	Sachsen	09633	50.95	13.35
Siebenlehn	Sachsen	09634	51.0311	13.3081
Lichtenberg/Erzgebirge	Sachsen	09638	50.8333	13.4167
Altmittweida	Sachsen	09648	50.9667	12.95
Hainichen	Sachsen	09661	50.9704	13.1229
Berlin	Berlin	10115	52.5323	13.3846
Berlin	Berlin	10117	52.517	13.3872
Berlin	Berlin	10119	52.5305	13.4053
Berlin	Berlin	10178	52.5213	13.4096
Berlin	Berlin	10179	52.5122	13.4164
Berlin Friedrichshain	Berlin	10243	52.5123	13.4394
Berlin Friedrichshain	Berlin	10245	52.5007	13.4647
Berlin Friedrichshain	Berlin	10247	52.5161	13.4656
Berlin Friedrichshain	Berlin	10249	52.5238	13.4428
Berlin	Berlin	10315	52.5132	13.5148
Berlin	Berlin	10317	52.4979	13.4908
Berlin	Berlin	10318	52.4835	13.5287
Berlin	Berlin	10319	52.4992	13.5188
Berlin	Berlin	10365	52.5206	13.4969
Berlin	Berlin	10367	52.5246	13.4821
Berlin	Berlin	10369	52.5295	13.4695
Berlin	Berlin	10405	52.5352	13.4257
Berlin	Berlin	10407	52.5336	13.4492
Berlin	Berlin	10409	52.5443	13.4414
Berlin	Berlin	10435	52.5378	13.4112
Berlin	Berlin	10437	52.5449	13.4126
Berlin	Berlin	10439	52.5522	13.4121
Berlin	Berlin	10551	52.5307	13.3372
Berlin	Berlin	10553	52.5305	13.3215
Berlin	Berlin	10555	52.5215	13.3355
Berlin	Berlin	10557	52.5233	13.3594
Berlin	Berlin	10559	52.5301	13.3499
Berlin	Berlin	10585	52.5152	13.3057
Berlin	Berlin	10587	52.5184	13.3195
Berlin	Berlin	10589	52.5276	13.3057
Berlin	Berlin	10623	52.5088	13.3274
Berlin	Berlin	10625	52.5095	13.3147
Berlin	Berlin	10627	52.508	13.303
Berlin	Berlin	10629	52.5028	13.3086
Berlin	Berlin	10707	52.4967	13.3138
Berlin	Berlin	10709	52.4939	13.3031
Berlin	Berlin	10711	52.4981	13.2905
Berlin	Berlin	10713	52.4851	13.3133
Berlin	Berlin	10715	52.4824	13.3289
Berlin	Berlin	10717	52.4908	13.3275
Berlin	Berlin	10719	52.4988	13.3257
Berlin	Berlin	10777	52.4975	13.3427
Berlin	Berlin	10779	52.4921	13.3395
Berlin	Berlin	10781	52.4936	13.3529
Berlin	Berlin	10783	52.4964	13.3624
Berlin	Berlin	10785	52.5073	13.3643
Berlin	Berlin	10787	52.5078	13.3439
Berlin	Berlin	10789	52.5017	13.3377
Berlin	Berlin	10823	52.4873	13.3509
Berlin	Berlin	10825	52.4838	13.3413
Berlin	Berlin	10827	52.4838	13.3543
Berlin	Berlin	10829	52.4761	13.3607
Berlin Kreuzberg	Berlin	10961	52.4926	13.3975
Berlin Kreuzberg	Berlin	10963	52.5003	13.3813
Berlin Kreuzberg	Berlin	10965	52.4855	13.3946
Berlin Kreuzberg	Berlin	10967	52.4905	13.4164
Berlin Kreuzberg	Berlin	10969	52.5025	13.4012
Berlin Kreuzberg	Berlin	10997	52.5009	13.4356
Berlin Kreuzberg	Berlin	10999	52.4969	13.4266
Berlin	Berlin	11011	52.5179	13.3759
Berlin	Berlin	12043	52.4799	13.4371
Berlin	Berlin	12045	52.4855	13.4392
Berlin	Berlin	12047	52.4905	13.4285
Berlin	Berlin	12049	52.4764	13.422
Berlin	Berlin	12051	52.4669	13.4298
Berlin	Berlin	12053	52.4768	13.4325
Berlin	Berlin	12055	52.4712	13.4486
Berlin	Berlin	12057	52.4684	13.4633
Berlin	Berlin	12059	52.4809	13.4513
Berlin	Berlin	12099	52.4644	13.4023
Berlin	Berlin	12101	52.4785	13.3791
Berlin	Berlin	12103	52.4641	13.3747
Berlin	Berlin	12105	52.4492	13.3714
Berlin	Berlin	12107	52.4312	13.3917
Berlin	Berlin	12109	52.4465	13.3993
Berlin	Berlin	12157	52.4653	13.3462
Berlin	Berlin	12159	52.4737	13.3369
Berlin	Berlin	12161	52.4704	13.327
Berlin	Berlin	12163	52.4626	13.3185
Berlin	Berlin	12165	52.4557	13.3148
Berlin	Berlin	12167	52.4486	13.3338
Berlin	Berlin	12169	52.4548	13.3435
Berlin	Berlin	12203	52.4444	13.3096
Berlin	Berlin	12205	52.434	13.2945
Berlin	Berlin	12207	52.4199	13.3133
Berlin	Berlin	12209	52.4179	13.3291
Berlin	Berlin	12247	52.4395	13.3462
Berlin	Berlin	12249	52.4264	13.3518
Berlin	Berlin	12277	52.4134	13.375
Berlin	Berlin	12279	52.4106	13.3531
Berlin	Berlin	12305	52.4033	13.4021
Berlin	Berlin	12307	52.3886	13.3907
Berlin	Berlin	12309	52.3905	13.4171
Berlin	Berlin	12347	52.4509	13.4281
Berlin	Berlin	12349	52.4253	13.4221
Berlin	Berlin	12351	52.4328	13.4555
Berlin	Berlin	12353	52.4227	13.4589
Berlin	Berlin	12355	52.411	13.4978
Berlin	Berlin	12357	52.4293	13.4905
Berlin	Berlin	12359	52.4473	13.4531
Berlin	Berlin	12435	52.4866	13.4672
Berlin	Berlin	12437	52.4624	13.4817
Berlin	Berlin	12439	52.4528	13.5286
Berlin	Berlin	12459	52.4656	13.528
Berlin	Berlin	12487	52.4437	13.5052
Berlin	Berlin	12489	52.4356	13.5432
Berlin	Berlin	12524	52.4128	13.5417
Berlin	Berlin	12526	52.3976	13.5642
Berlin	Berlin	12527	52.3856	13.6339
Berlin	Berlin	12529	52.5167	13.4
Berlin	Berlin	12555	52.4627	13.5791
Berlin	Berlin	12557	52.4303	13.592
Berlin	Berlin	12559	52.4149	13.6634
Berlin	Berlin	12587	52.4586	13.6362
Berlin	Berlin	12589	52.4438	13.7034
Berlin	Berlin	12619	52.5235	13.5883
Berlin	Berlin	12621	52.5027	13.5878
Berlin	Berlin	12623	52.5026	13.6165
Berlin	Berlin	12627	52.5372	13.6135
Berlin	Berlin	12629	52.5413	13.5901
Berlin	Berlin	12679	52.5501	13.566
Berlin	Berlin	12681	52.5369	13.5367
Berlin	Berlin	12683	52.5075	13.5591
Berlin	Berlin	12685	52.5391	13.565
Berlin	Berlin	12687	52.5564	13.5645
Berlin	Berlin	12689	52.5665	13.5675
Reinickendorf	Berlin	13047	52.5667	13.3333
Berlin	Berlin	13051	52.5815	13.4908
Berlin	Berlin	13053	52.55	13.5046
Berlin	Berlin	13055	52.5401	13.496
Berlin	Berlin	13057	52.5711	13.5415
Berlin	Berlin	13059	52.5809	13.5217
Berlin	Berlin	13086	52.5565	13.4482
Berlin	Berlin	13088	52.5603	13.4708
Berlin	Berlin	13089	52.5707	13.441
Berlin	Berlin	13125	52.6329	13.4829
Berlin	Berlin	13127	52.62	13.438
Berlin	Berlin	13129	52.5921	13.4579
Berlin	Berlin	13156	52.5824	13.3997
Berlin	Berlin	13158	52.5932	13.3835
Berlin	Berlin	13159	52.623	13.3978
Berlin	Berlin	13187	52.5695	13.4084
Berlin	Berlin	13189	52.5643	13.4219
Berlin	Berlin	13347	52.5491	13.3655
Berlin	Berlin	13349	52.558	13.3473
Berlin	Berlin	13351	52.5507	13.3328
Berlin	Berlin	13353	52.5416	13.3495
Berlin	Berlin	13355	52.5416	13.3904
Berlin	Berlin	13357	52.5502	13.3828
Berlin	Berlin	13359	52.5599	13.3851
Berlin	Berlin	13403	52.5739	13.3224
Berlin	Berlin	13405	52.5596	13.2967
Berlin	Berlin	13407	52.5727	13.3512
Berlin	Berlin	13409	52.5679	13.3714
Berlin	Berlin	13435	52.602	13.3456
Berlin	Berlin	13437	52.5905	13.3284
Berlin	Berlin	13439	52.5976	13.3584
Berlin	Berlin	13465	52.6399	13.2896
Berlin	Berlin	13467	52.6171	13.3075
Berlin	Berlin	13469	52.6119	13.3422
Berlin	Berlin	13503	52.6122	13.2488
Berlin	Berlin	13505	52.5839	13.2404
Berlin	Berlin	13507	52.5765	13.2717
Berlin	Berlin	13509	52.5892	13.3006
Berlin	Berlin	13581	52.531	13.1794
Berlin	Berlin	13583	52.5437	13.1824
Berlin	Berlin	13585	52.5477	13.2049
Berlin	Berlin	13587	52.5767	13.1854
Berlin	Berlin	13589	52.557	13.1676
Berlin	Berlin	13591	52.5345	13.1405
Berlin	Berlin	13593	52.5148	13.1672
Berlin	Berlin	13595	52.5116	13.1962
Berlin	Berlin	13597	52.5272	13.2195
Berlin	Berlin	13599	52.5463	13.235
Berlin	Berlin	13627	52.5398	13.2991
Berlin	Berlin	13629	52.5422	13.2661
Berlin	Berlin	14050	52.5208	13.2683
Berlin	Berlin	14052	52.5156	13.2569
Berlin	Berlin	14053	52.5159	13.2387
Berlin	Berlin	14055	52.502	13.2447
Berlin	Berlin	14057	52.5073	13.2879
Berlin	Berlin	14059	52.5205	13.2878
Berlin	Berlin	14089	52.4708	13.1516
Berlin	Berlin	14109	52.4197	13.144
Berlin	Berlin	14129	52.4463	13.2026
Berlin	Berlin	14131	52.517	13.4
Berlin	Berlin	14163	52.4368	13.2385
Berlin	Berlin	14165	52.4175	13.2536
Berlin	Berlin	14167	52.4212	13.2765
Berlin	Berlin	14169	52.4496	13.2573
Berlin	Berlin	14193	52.4831	13.2365
Berlin	Berlin	14195	52.4589	13.2829
Berlin	Berlin	14197	52.4734	13.3118
Berlin	Berlin	14199	52.4777	13.2951
Potsdam	Brandenburg	14469	52.4091	12.9899
Potsdam	Brandenburg	14471	52.3744	13.0102
Seeburg	Brandenburg	14476	52.5097	13.1198
Potsdam	Brandenburg	14478	52.3725	13.0914
Potsdam	Brandenburg	14480	52.3689	13.1273
Potsdam	Brandenburg	14482	52.3871	13.0993
Teltow	Brandenburg	14513	52.4031	13.2601
Fahlhorst	Brandenburg	14532	52.3061	13.1626
Werder (Havel)	Brandenburg	14542	52.3687	12.9188
Beelitz	Brandenburg	14547	52.2381	12.9714
Schwielowsee	Brandenburg	14548	52.3389	12.9722
Deetz	Brandenburg	14550	52.4466	12.7718
Fresdorf	Brandenburg	14552	52.2703	13.0754
Seddiner See	Brandenburg	14554	52.2722	13.0167
Langerwisch	Brandenburg	14557	52.3167	13.0667
Bergholz-Rehbrücke	Brandenburg	14558	52.3472	13.1053
Falkensee	Brandenburg	14612	52.5601	13.0927
Schönwalde	Brandenburg	14621	52.6192	13.1265
Dallgow-Döberitz	Brandenburg	14624	52.5427	13.0584
Elstal	Brandenburg	14627	52.5425	12.9879
Berge	Brandenburg	14641	52.6201	12.7951
Brieselang	Brandenburg	14656	52.5833	13
Warsow	Brandenburg	14662	52.7113	12.6433
Ketzin	Brandenburg	14669	52.4781	12.8453
Rathenow	Brandenburg	14712	52.6066	12.337
Jerchel	Brandenburg	14715	52.4876	12.3433
Döberitz	Brandenburg	14727	52.5222	12.3682
Rhinow	Brandenburg	14728	52.7509	12.3419
Brandenburg an der Havel	Brandenburg	14770	52.4189	12.5228
Brandenburg an der Havel	Brandenburg	14772	52.4358	12.5297
Brandenburg an der Havel	Brandenburg	14774	52.3864	12.4144
Brandenburg an der Havel	Brandenburg	14776	52.4043	12.568
Golzow	Brandenburg	14778	52.2762	12.6005
Bensdorf	Brandenburg	14789	52.4167	12.3333
Gräben	Brandenburg	14793	52.2333	12.4333
Kloster Lehnin	Brandenburg	14797	52.3271	12.6625
Havelsee	Brandenburg	14798	52.4929	12.4667
Schwanebeck	Brandenburg	14806	52.1765	12.6272
Borkheide	Brandenburg	14822	52.2167	12.85
Wiesenburg	Brandenburg	14827	52.1146	12.4553
Görzke	Brandenburg	14828	52.1718	12.3751
Ihlow	Brandenburg	14913	51.8672	13.3377
Treuenbrietzen	Brandenburg	14929	52.0975	12.8726
Lüdersdorf	Brandenburg	14943	52.1858	13.2899
Nuthe-Urstromtal	Brandenburg	14947	52.1116	13.2152
Schönhagen	Brandenburg	14959	52.213	13.1464
Ludwigsfelde	Brandenburg	14974	52.3032	13.254
Großbeeren	Brandenburg	14979	52.3586	13.3099
Frankfurt (Oder)	Brandenburg	15230	52.3475	14.5539
Frankfurt (Oder)	Brandenburg	15232	52.3241	14.5325
Frankfurt (Oder)	Brandenburg	15234	52.3646	14.5244
Frankfurt (Oder)	Brandenburg	15236	52.35	14.55
Brieskow-Finkenheerd	Brandenburg	15295	52.2539	14.5728
Dammendorf	Brandenburg	15299	52.1408	14.416
Falkenhagen	Brandenburg	15306	52.4333	14.3167
Neuhardenberg	Brandenburg	15320	52.596	14.2377
Gieshof-Zelliner Loose	Brandenburg	15324	52.7237	14.3174
Lebus	Brandenburg	15326	52.4272	14.5323
Golzow	Brandenburg	15328	52.574	14.493
Strausberg	Brandenburg	15344	52.5786	13.8874
Werder	Brandenburg	15345	52.52	13.9442
Münchehofe	Brandenburg	15366	52.5562	14.1376
Petershagen-Eggersdorf	Brandenburg	15370	52.525	13.8
Müncheberg	Brandenburg	15372	52.5	14.1333
Müncheberg	Brandenburg	15374	52.5114	14.1359
Ihlow	Brandenburg	15377	52.619	14.0708
Herzfelde	Brandenburg	15378	52.4816	13.8521
Fürstenwalde/Spree	Brandenburg	15517	52.3833	14.0583
Falkenberg	Brandenburg	15518	52.3809	14.2353
Bad Saarow	Brandenburg	15526	52.2833	14.0667
Spreenhagen	Brandenburg	15528	52.3432	13.8766
Grünheide (Mark)	Brandenburg	15537	52.4111	13.8889
Rüdersdorf bei Berlin	Brandenburg	15562	52.4707	13.7736
Schöneiche bei Berlin	Brandenburg	15566	52.4598	13.7054
Woltersdorf	Brandenburg	15569	52.446	13.756
Königs Wusterhausen	Brandenburg	15711	52.3014	13.633
Kablow	Brandenburg	15712	52.2973	13.7179
Niederlehme	Brandenburg	15713	52.3171	13.6504
Waltersdorf	Brandenburg	15732	52.3623	13.5565
Zeuthen	Brandenburg	15738	52.348	13.6217
Bestensee	Brandenburg	15741	52.2398	13.6373
Wildau	Brandenburg	15745	52.3167	13.6333
Groß Köris	Brandenburg	15746	52.1659	13.6594
Münchehofe	Brandenburg	15748	52.1473	13.8343
Kiekebusch	Brandenburg	15749	52.3461	13.5515
Kolberg	Brandenburg	15752	52.2439	13.8052
Friedersdorf	Brandenburg	15754	52.2948	13.7889
Schwerin	Brandenburg	15755	52.15	13.6333
Briesen	Brandenburg	15757	52.0532	13.7132
Gadsdorf	Brandenburg	15806	52.1904	13.3246
Blankenfelde	Brandenburg	15827	52.3372	13.4121
Groß Kienitz	Brandenburg	15831	52.3253	13.4634
Rangsdorf	Brandenburg	15834	52.2913	13.4195
Baruth/Mark	Brandenburg	15837	52.05	13.5
Klausdorf	Brandenburg	15838	52.1546	13.4064
Beeskow	Brandenburg	15848	52.1729	14.246
Kehrigk	Brandenburg	15859	52.1615	13.9192
Wendisch Rietz	Brandenburg	15864	52.2161	14.0084
Doberburg	Brandenburg	15868	52.005	14.2439
Siehdichum	Brandenburg	15890	52.1944	14.5333
Lawitz	Brandenburg	15898	52.107	14.6415
Lübben (Spreewald)	Brandenburg	15907	51.9455	13.8852
Dürrenhofe	Brandenburg	15910	52.0258	13.9488
Laasow	Brandenburg	15913	51.9448	14.1304
Görlsdorf	Brandenburg	15926	51.8181	13.7554
Steinreich	Brandenburg	15938	51.9495	13.4934
Eberswalde	Brandenburg	16225	52.8342	13.8218
Eberswalde	Brandenburg	16227	52.8333	13.8333
Britz	Brandenburg	16230	52.8873	13.8112
Altenhof	Brandenburg	16244	52.9148	13.7132
Althüttendorf	Brandenburg	16247	52.9623	13.8072
Liepe	Brandenburg	16248	52.8621	13.9695
Falkenberg	Brandenburg	16259	52.8051	13.958
Bliesdorf	Brandenburg	16269	52.693	14.1595
Schöneberg	Brandenburg	16278	53.0085	14.1426
Schwedt/Oder	Brandenburg	16303	53.066	14.2711
Woltersdorf	Brandenburg	16306	53.1795	14.2167
Schönfeld	Brandenburg	16307	53.2726	14.2916
Lindenberg	Brandenburg	16321	52.6026	13.5244
Schwanebeck	Brandenburg	16341	52.6251	13.5441
Klosterfelde	Brandenburg	16348	52.7971	13.4789
Schönwalde	Brandenburg	16352	52.6779	13.44
Seefeld	Brandenburg	16356	52.6224	13.6801
Biesenthal	Brandenburg	16359	52.7662	13.6442
Friedrichsthal	Brandenburg	16515	52.7947	13.2799
Stolpe	Brandenburg	16540	52.661	13.2593
Birkenwerder	Brandenburg	16547	52.6833	13.2833
Glienicke/Nordbahn	Brandenburg	16548	52.6351	13.3075
Schildow	Brandenburg	16552	52.6363	13.376
Borgsdorf	Brandenburg	16556	52.7129	13.2767
Hammer	Brandenburg	16559	52.8797	13.4395
Bergfelde	Brandenburg	16562	52.6729	13.3186
Lehnitz	Brandenburg	16565	52.7405	13.2627
Mühlenbeck	Brandenburg	16567	52.6647	13.3769
Velten	Brandenburg	16727	52.6915	13.1753
Hennigsdorf	Brandenburg	16761	52.636	13.2042
Kremmen	Brandenburg	16766	52.7622	13.0252
Germendorf	Brandenburg	16767	52.7499	13.1701
Marienthal	Brandenburg	16775	53.0547	13.2785
Wesendorf	Brandenburg	16792	52.983	13.38
Altthymen	Brandenburg	16798	53.2397	13.1627
Neuruppin	Brandenburg	16816	52.9282	12.8031
Basdorf	Brandenburg	16818	53.0909	12.7313
Alt Ruppin	Brandenburg	16827	52.9483	12.848
Rheinsberg	Brandenburg	16831	53.0997	12.8989
Fehrbellin	Brandenburg	16833	52.8135	12.7644
Herzberg	Brandenburg	16835	52.9027	12.9698
Dreetz	Brandenburg	16845	52.803	12.4596
Schönhagen	Brandenburg	16866	52.9623	12.1825
Heiligengrabe	Brandenburg	16909	53.1446	12.3625
Alt Krüssow	Brandenburg	16921	53.15	12.2667
Buchholz	Brandenburg	16928	53.1175	12.1835
Meyenburg	Brandenburg	16945	53.3133	12.2425
Putlitz	Brandenburg	16949	53.249	12.0418
Neubrandenburg	Mecklenburg-Vorpommern	17033	53.5476	13.2555
Neubrandenburg	Mecklenburg-Vorpommern	17034	53.5761	13.2797
Neubrandenburg	Mecklenburg-Vorpommern	17036	53.5537	13.2969
Neuenkirchen	Mecklenburg-Vorpommern	17039	53.5973	13.3694
Altentreptow	Mecklenburg-Vorpommern	17087	53.6942	13.265
Werder	Mecklenburg-Vorpommern	17089	53.7165	13.3566
Wildberg	Mecklenburg-Vorpommern	17091	53.6524	13.124
Lindetal	Mecklenburg-Vorpommern	17094	53.4786	13.431
Friedland	Mecklenburg-Vorpommern	17098	53.6703	13.554
Brohm	Mecklenburg-Vorpommern	17099	53.608	13.5953
Demmin	Mecklenburg-Vorpommern	17109	53.9076	13.0314
Schönfeld	Mecklenburg-Vorpommern	17111	53.852	12.9579
Sassen	Mecklenburg-Vorpommern	17121	54.0238	13.1875
Jarmen	Mecklenburg-Vorpommern	17126	53.9239	13.3403
Plötz	Mecklenburg-Vorpommern	17129	53.8734	13.2922
Basedow	Mecklenburg-Vorpommern	17139	53.6977	12.6806
Gülzow	Mecklenburg-Vorpommern	17153	53.6937	12.8516
Neukalen	Mecklenburg-Vorpommern	17154	53.8227	12.7901
Stubbendorf	Mecklenburg-Vorpommern	17159	53.9497	12.814
Bülow	Mecklenburg-Vorpommern	17166	53.6899	12.6007
Groß Wüstenfelde	Mecklenburg-Vorpommern	17168	53.8736	12.5522
Boddin	Mecklenburg-Vorpommern	17179	53.9374	12.6468
Alt Schönau	Mecklenburg-Vorpommern	17192	53.5847	12.7338
Hinrichshagen	Mecklenburg-Vorpommern	17194	53.6151	12.6675
Bollewick	Mecklenburg-Vorpommern	17207	53.3538	12.5773
Buchholz	Mecklenburg-Vorpommern	17209	53.2743	12.6441
Kogel	Mecklenburg-Vorpommern	17213	53.4085	12.4152
Silz	Mecklenburg-Vorpommern	17214	53.5195	12.44
Krukow	Mecklenburg-Vorpommern	17217	53.52	13.1289
Ankershagen	Mecklenburg-Vorpommern	17219	53.4799	12.967
Neustrelitz	Mecklenburg-Vorpommern	17235	53.3613	13.0729
Blankensee	Mecklenburg-Vorpommern	17237	53.4039	13.2684
Lärz	Mecklenburg-Vorpommern	17248	53.2931	12.7466
Roggentin	Mecklenburg-Vorpommern	17252	53.3344	12.8826
Wustrow	Mecklenburg-Vorpommern	17255	53.228	12.9697
Feldberger Seenlandschaft	Mecklenburg-Vorpommern	17258	53.3391	13.4188
Feldberger Seenlandschaft	Mecklenburg-Vorpommern	17259	53.3391	13.4188
Herzfelde	Brandenburg	17268	53.1975	13.6031
Lychen	Brandenburg	17279	53.2124	13.3148
Schönfeld	Brandenburg	17291	53.4136	13.9857
Marienthal	Mecklenburg-Vorpommern	17309	53.5709	14.15
Glashütte	Mecklenburg-Vorpommern	17321	53.5843	14.2472
Blankensee	Mecklenburg-Vorpommern	17322	53.5124	14.3063
Brüssow	Brandenburg	17326	53.3997	14.1253
Wollin	Mecklenburg-Vorpommern	17328	53.3151	14.2173
Krackow	Mecklenburg-Vorpommern	17329	53.344	14.2647
Strasburg	Mecklenburg-Vorpommern	17335	53.5103	13.7451
Blumenhagen	Mecklenburg-Vorpommern	17337	53.5318	13.8746
Lindetal	Mecklenburg-Vorpommern	17348	53.4786	13.431
Lindetal	Mecklenburg-Vorpommern	17349	53.4786	13.431
Hammer	Mecklenburg-Vorpommern	17358	53.6011	13.9804
Eggesin	Mecklenburg-Vorpommern	17367	53.6797	14.0799
Ueckermünde	Mecklenburg-Vorpommern	17373	53.7379	14.0447
Ahlbeck	Mecklenburg-Vorpommern	17375	53.6697	14.1862
Lübs	Mecklenburg-Vorpommern	17379	53.7261	13.8819
Anklam	Mecklenburg-Vorpommern	17389	53.8564	13.6897
Ziethen	Mecklenburg-Vorpommern	17390	53.8878	13.6754
Stolpe	Mecklenburg-Vorpommern	17391	53.8667	13.5667
Neuenkirchen	Mecklenburg-Vorpommern	17392	53.7987	13.5717
Löwitz	Mecklenburg-Vorpommern	17398	53.7167	13.725
Morgenitz	Mecklenburg-Vorpommern	17406	53.925	13.9706
Garz	Mecklenburg-Vorpommern	17419	53.8817	14.1692
Heringsdorf	Mecklenburg-Vorpommern	17424	53.95	14.1667
Benz	Mecklenburg-Vorpommern	17429	53.9406	14.0717
Wolgast	Mecklenburg-Vorpommern	17438	54.0528	13.772
Buddenhagen	Mecklenburg-Vorpommern	17440	54.0042	13.6918
Karlshagen	Mecklenburg-Vorpommern	17449	54.1111	13.8319
Zinnowitz	Mecklenburg-Vorpommern	17454	54.0667	13.9
Koserow	Mecklenburg-Vorpommern	17459	54.0519	14.002
Greifswald	Mecklenburg-Vorpommern	17489	54.0881	13.3876
Greifswald	Mecklenburg-Vorpommern	17491	54.083	13.4058
Greifswald	Mecklenburg-Vorpommern	17493	54.0902	13.4464
Groß Kiesow	Mecklenburg-Vorpommern	17495	54.0126	13.4785
Weitenhagen	Mecklenburg-Vorpommern	17498	54.0537	13.41
Lüssow	Mecklenburg-Vorpommern	17506	53.914	13.4994
Hanshagen	Mecklenburg-Vorpommern	17509	54.0454	13.5431
Rostock	Mecklenburg-Vorpommern	18055	54.0865	12.1544
Rostock	Mecklenburg-Vorpommern	18057	54.0872	12.1062
Rostock	Mecklenburg-Vorpommern	18059	54.0679	12.1186
Rostock	Mecklenburg-Vorpommern	18069	54.1084	12.0687
Rostock	Mecklenburg-Vorpommern	18106	54.0833	12.1333
Rostock	Mecklenburg-Vorpommern	18107	54.1436	12.0325
Rostock	Mecklenburg-Vorpommern	18109	54.1471	12.0689
Rostock	Mecklenburg-Vorpommern	18119	54.0833	12.1333
Rostock	Mecklenburg-Vorpommern	18146	54.1282	12.1761
Rostock	Mecklenburg-Vorpommern	18147	54.1243	12.1243
Seeheilbad Graal-Müritz	Mecklenburg-Vorpommern	18181	54.2512	12.2514
Bentwisch	Mecklenburg-Vorpommern	18182	54.115	12.2046
Hohenfelde	Mecklenburg-Vorpommern	18184	54.0809	11.9126
Sanitz	Mecklenburg-Vorpommern	18190	54.0776	12.3756
Cammin	Mecklenburg-Vorpommern	18195	53.9904	12.3593
Damm	Mecklenburg-Vorpommern	18196	54.0092	12.1525
Kritzmow	Mecklenburg-Vorpommern	18198	54.0524	12.0531
Steffenshagen	Mecklenburg-Vorpommern	18209	54.1047	11.8219
Nienhagen	Mecklenburg-Vorpommern	18211	54.161	11.9531
Kühlungsborn	Mecklenburg-Vorpommern	18225	54.15	11.75
Biendorf	Mecklenburg-Vorpommern	18230	54.0752	11.7013
Neubukow	Mecklenburg-Vorpommern	18231	54.0319	11.6725
Neubukow	Mecklenburg-Vorpommern	18233	54.024	11.6614
Altenhagen	Mecklenburg-Vorpommern	18236	54.0272	11.797
Radegast	Mecklenburg-Vorpommern	18239	53.9663	11.8529
Neuendorf	Mecklenburg-Vorpommern	18246	53.8611	11.9449
Dreetz	Mecklenburg-Vorpommern	18249	53.7874	11.9694
Wiendorf	Mecklenburg-Vorpommern	18258	53.9465	12.1505
Güstrow	Mecklenburg-Vorpommern	18273	53.7972	12.1734
Bülow	Mecklenburg-Vorpommern	18276	53.7686	12.1027
Lalendorf	Mecklenburg-Vorpommern	18279	53.7577	12.3898
Hoppenrade	Mecklenburg-Vorpommern	18292	53.7278	12.2727
Pölitz	Mecklenburg-Vorpommern	18299	53.8386	12.4257
Ribnitz-Damgarten	Mecklenburg-Vorpommern	18311	54.2422	12.4567
Löbnitz	Mecklenburg-Vorpommern	18314	54.2954	12.7193
Saal	Mecklenburg-Vorpommern	18317	54.3105	12.4994
Ahrenshagen-Daskow	Mecklenburg-Vorpommern	18320	54.25	12.5667
Breesen	Mecklenburg-Vorpommern	18334	54.0475	12.6907
Marlow	Mecklenburg-Vorpommern	18337	54.1544	12.5726
Wustrow	Mecklenburg-Vorpommern	18347	54.3474	12.3984
Fuhlendorf	Mecklenburg-Vorpommern	18356	54.3605	12.6019
Zingst	Mecklenburg-Vorpommern	18374	54.4357	12.6888
Prerow	Mecklenburg-Vorpommern	18375	54.4333	12.5833
Stralsund	Mecklenburg-Vorpommern	18435	54.3272	13.0642
Stralsund	Mecklenburg-Vorpommern	18437	54.3041	13.046
Stralsund	Mecklenburg-Vorpommern	18439	54.3024	13.0928
Lüssow	Mecklenburg-Vorpommern	18442	54.2818	13.031
Klausdorf	Mecklenburg-Vorpommern	18445	54.4042	13.0133
Weitenhagen	Mecklenburg-Vorpommern	18461	54.2268	12.7868
Drechow	Mecklenburg-Vorpommern	18465	54.1404	12.7998
Karnin	Mecklenburg-Vorpommern	18469	54.3019	12.7906
Grimmen	Mecklenburg-Vorpommern	18507	54.1122	13.0405
Elmenhorst	Mecklenburg-Vorpommern	18510	54.2136	13.0753
Deyelsdorf	Mecklenburg-Vorpommern	18513	54.0444	12.8218
Süderholz	Mecklenburg-Vorpommern	18516	54.0762	13.1333
Kirchdorf	Mecklenburg-Vorpommern	18519	54.175	13.2746
Lietzow	Mecklenburg-Vorpommern	18528	54.4817	13.5072
Sassnitz	Mecklenburg-Vorpommern	18546	54.5127	13.62
Glowe	Mecklenburg-Vorpommern	18551	54.5691	13.4655
Altenkirchen	Mecklenburg-Vorpommern	18556	54.6362	13.3433
Insel Hiddensee	Mecklenburg-Vorpommern	18565	54.549	13.1036
Neuenkirchen	Mecklenburg-Vorpommern	18569	54.5438	13.3315
Altefähr	Mecklenburg-Vorpommern	18573	54.3299	13.1264
Garz	Mecklenburg-Vorpommern	18574	54.3184	13.3512
Putbus	Mecklenburg-Vorpommern	18581	54.3551	13.4763
Göhren	Mecklenburg-Vorpommern	18586	54.3333	13.7333
Binz	Mecklenburg-Vorpommern	18609	54.3833	13.6167
Schwerin	Mecklenburg-Vorpommern	19053	53.6313	11.4092
Schwerin	Mecklenburg-Vorpommern	19055	53.6441	11.4103
Schwerin	Mecklenburg-Vorpommern	19057	53.6382	11.3766
Schwerin	Mecklenburg-Vorpommern	19059	53.641	11.3905
Schwerin	Mecklenburg-Vorpommern	19061	53.5992	11.404
Schwerin	Mecklenburg-Vorpommern	19063	53.6007	11.4433
Pinnow	Mecklenburg-Vorpommern	19065	53.6016	11.5458
Leezen	Mecklenburg-Vorpommern	19067	53.6626	11.4987
Alt Meteln	Mecklenburg-Vorpommern	19069	53.7471	11.3406
Grambow	Mecklenburg-Vorpommern	19071	53.6217	11.275
Stralendorf	Mecklenburg-Vorpommern	19073	53.575	11.3036
Pampow	Mecklenburg-Vorpommern	19075	53.5682	11.358
Lübesse	Mecklenburg-Vorpommern	19077	53.4888	11.4613
Banzkow	Mecklenburg-Vorpommern	19079	53.525	11.5231
Plate	Mecklenburg-Vorpommern	19086	53.5515	11.5093
Bülow	Mecklenburg-Vorpommern	19089	53.5922	11.7681
Dragun	Mecklenburg-Vorpommern	19205	53.7079	11.2251
Badow	Mecklenburg-Vorpommern	19209	53.6123	11.12
Bülow	Mecklenburg-Vorpommern	19217	53.7713	11.0255
Alt Zachun	Mecklenburg-Vorpommern	19230	53.4943	11.3375
Boddin	Mecklenburg-Vorpommern	19243	53.5768	11.1039
Neuhof	Mecklenburg-Vorpommern	19246	53.569	10.9963
Garlitz	Mecklenburg-Vorpommern	19249	53.3166	11.0081
Greven	Mecklenburg-Vorpommern	19258	53.4771	10.7993
Banzin	Mecklenburg-Vorpommern	19260	53.4092	10.913
Brahlstorf	Mecklenburg-Vorpommern	19273	53.3644	10.9517
Alt Krenzlin	Mecklenburg-Vorpommern	19288	53.3184	11.308
Bresegard	Mecklenburg-Vorpommern	19294	53.2478	11.3714
Grabow	Mecklenburg-Vorpommern	19300	53.2797	11.565
Dömitz	Mecklenburg-Vorpommern	19303	53.1408	11.2502
Blievenstorf	Mecklenburg-Vorpommern	19306	53.3619	11.6656
Besandten	Brandenburg	19309	53.0895	11.2931
Breese	Brandenburg	19322	53	11.8
Bad Wilsnack	Brandenburg	19336	52.9561	11.949
Bendelin	Brandenburg	19339	52.91	12.1689
Berge	Brandenburg	19348	53.2333	11.8667
Karstädt	Brandenburg	19357	53.1622	11.7424
Parchim	Mecklenburg-Vorpommern	19370	53.4263	11.8488
Stolpe	Mecklenburg-Vorpommern	19372	53.3591	11.7385
Damm	Mecklenburg-Vorpommern	19374	53.4398	11.754
Marnitz	Mecklenburg-Vorpommern	19376	53.3168	11.9295
Werder	Mecklenburg-Vorpommern	19386	53.5011	12.0077
Karow	Mecklenburg-Vorpommern	19395	53.5377	12.2578
Langenhagen	Mecklenburg-Vorpommern	19399	53.5782	12.0291
Mustin	Mecklenburg-Vorpommern	19406	53.6954	11.9725
Blankenberg	Mecklenburg-Vorpommern	19412	53.7695	11.711
Bibow	Mecklenburg-Vorpommern	19417	53.7838	11.6422
Hamburg	Hamburg	20038	53.5544	9.9946
Hamburg	Hamburg	20095	53.5521	10.0004
Hamburg	Hamburg	20097	53.5481	10.0194
Hamburg	Hamburg	20099	53.5583	10.0107
Hamburg	Hamburg	20144	53.574	9.9747
Hamburg	Hamburg	20146	53.5666	9.98
Hamburg	Hamburg	20148	53.5674	9.9977
Hamburg	Hamburg	20149	53.5792	9.9929
Hamburg	Hamburg	20249	53.5894	9.9897
Hamburg	Hamburg	20251	53.583	9.9813
Hamburg	Hamburg	20253	53.5818	9.9719
Hamburg	Hamburg	20255	53.5767	9.949
Hamburg	Hamburg	20257	53.5751	9.945
Hamburg	Hamburg	20259	53.5711	9.9534
Hamburg	Hamburg	20354	53.5568	9.9898
Hamburg	Hamburg	20355	53.5568	9.9801
Hamburg	Hamburg	20357	53.5642	9.9679
Hamburg	Hamburg	20359	53.5512	9.9662
Hamburg	Hamburg	20457	53.5336	9.9808
Hamburg	Hamburg	20459	53.5502	9.9841
Hamburg	Hamburg	20535	53.5598	10.0485
Hamburg	Hamburg	20537	53.5506	10.0569
Hamburg	Hamburg	20539	53.5389	10.0343
Hamburg	Hamburg	21029	53.4826	10.2211
Hamburg	Hamburg	21031	53.5057	10.2042
Hamburg	Hamburg	21033	53.5053	10.1518
Hamburg	Hamburg	21035	53.4882	10.1445
Hamburg	Hamburg	21037	53.4508	10.1419
Hamburg	Hamburg	21039	53.443	10.2514
Hamburg	Hamburg	21073	53.4581	9.9725
Hamburg	Hamburg	21075	53.457	9.9301
Hamburg	Hamburg	21077	53.4332	9.9517
Hamburg	Hamburg	21079	53.4616	10.0109
Hamburg	Hamburg	21107	53.51	9.9784
Hamburg	Hamburg	21109	53.5007	10.0137
Hamburg	Hamburg	21129	53.5194	9.8994
Hamburg	Hamburg	21147	53.4842	9.8512
Hamburg	Hamburg	21149	53.4526	9.8619
Seevetal	Niedersachsen	21217	53.4193	10.0211
Seevetal	Niedersachsen	21218	53.4	9.9667
Seevetal	Niedersachsen	21220	53.3661	10.048
Rosengarten	Niedersachsen	21224	53.4065	9.9256
Bendestorf	Niedersachsen	21227	53.3358	9.9615
Harmstorf	Niedersachsen	21228	53.35	9.9833
Buchholz in der Nordheide	Niedersachsen	21244	53.3264	9.8681
Dohren	Niedersachsen	21255	53.3	9.7
Handeloh	Niedersachsen	21256	53.2456	9.8392
Heidenau	Niedersachsen	21258	53.3167	9.6667
Otter	Niedersachsen	21259	53.2402	9.7425
Welle	Niedersachsen	21261	53.2398	9.8018
Jesteburg	Niedersachsen	21266	53.3097	9.9526
Asendorf	Niedersachsen	21271	53.2927	9.9791
Egestorf	Niedersachsen	21272	53.193	10.063
Undeloh	Niedersachsen	21274	53.1971	9.9757
Appel	Niedersachsen	21279	53.3906	9.7456
Lüneburg	Niedersachsen	21335	53.2329	10.4078
Lüneburg	Niedersachsen	21337	53.2558	10.4398
Lüneburg	Niedersachsen	21339	53.2604	10.3968
Bleckede	Niedersachsen	21354	53.2897	10.7337
Barum	Niedersachsen	21357	53.35	10.4
Mechtersen	Niedersachsen	21358	53.2833	10.3167
Vögelsen	Niedersachsen	21360	53.2745	10.3537
Adendorf	Niedersachsen	21365	53.2819	10.4379
Dahlem	Niedersachsen	21368	53.2	10.75
Nahrendorf	Niedersachsen	21369	53.1739	10.8138
Tosterglope	Niedersachsen	21371	53.2098	10.8193
Eyendorf	Niedersachsen	21376	53.2	10.15
Echem	Niedersachsen	21379	53.3333	10.5333
Artlenburg	Niedersachsen	21380	53.3718	10.4879
Brietlingen	Niedersachsen	21382	53.3333	10.45
Amelinghausen	Niedersachsen	21385	53.124	10.2127
Betzendorf	Niedersachsen	21386	53.1375	10.3127
Soderstorf	Niedersachsen	21388	53.1428	10.1481
Dachtmissen	Niedersachsen	21391	53.2538	10.3178
Heiligenthal	Niedersachsen	21394	53.2206	10.3363
Tespe	Niedersachsen	21395	53.3964	10.4108
Barendorf	Niedersachsen	21397	53.229	10.5216
Neetze	Niedersachsen	21398	53.2652	10.6213
Reinstorf	Niedersachsen	21400	53.2345	10.5732
Thomasburg	Niedersachsen	21401	53.2333	10.6667
Wendisch Evern	Niedersachsen	21403	53.2167	10.4667
Barnstedt	Niedersachsen	21406	53.1333	10.3667
Deutsch Evern	Niedersachsen	21407	53.2	10.4333
Embsen	Niedersachsen	21409	53.1761	10.3463
Drage	Niedersachsen	21423	53.4167	10.2667
Stelle	Niedersachsen	21435	53.3842	10.1114
Marschacht	Niedersachsen	21436	53.4152	10.3752
Brackel	Niedersachsen	21438	53.2997	10.0486
Marxen	Niedersachsen	21439	53.3121	10.0041
Garstedt	Niedersachsen	21441	53.2847	10.1614
Toppenstedt	Niedersachsen	21442	53.2643	10.1145
Vierhöfen	Niedersachsen	21444	53.2667	10.2167
Wulfsen	Niedersachsen	21445	53.3	10.15
Handorf	Niedersachsen	21447	53.3408	10.3465
Radbruch	Niedersachsen	21449	53.3167	10.2833
Reinbek	Schleswig-Holstein	21465	53.517	10.2488
Buchhorst	Schleswig-Holstein	21481	53.386	10.5655
Gülzow	Schleswig-Holstein	21483	53.45	10.5
Elmenhorst	Schleswig-Holstein	21493	53.5456	10.5352
Geesthacht	Schleswig-Holstein	21502	53.4358	10.3779
Glinde	Schleswig-Holstein	21509	53.5441	10.2005
Bröthen	Schleswig-Holstein	21514	53.4795	10.6676
Woltersdorf	Schleswig-Holstein	21516	53.5727	10.6432
Dassendorf	Schleswig-Holstein	21521	53.4953	10.3599
Hittbergen	Niedersachsen	21522	53.3445	10.5891
Brunstorf	Schleswig-Holstein	21524	53.4933	10.4252
Hohenhorn	Schleswig-Holstein	21526	53.4765	10.3646
Kollow	Schleswig-Holstein	21527	53.4667	10.4667
Kröppelshagen-Fahrendorf	Schleswig-Holstein	21529	53.4898	10.317
Buxtehude	Niedersachsen	21614	53.4672	9.6864
Neu Wulmstorf	Niedersachsen	21629	53.4227	9.7896
Jork	Niedersachsen	21635	53.532	9.6808
Neuenkirchen	Niedersachsen	21640	53.5167	9.6
Apensen	Niedersachsen	21641	53.4333	9.6167
Beckdorf	Niedersachsen	21643	53.4167	9.6167
Sauensiek	Niedersachsen	21644	53.3833	9.6
Halvesbostel	Niedersachsen	21646	53.3553	9.5985
Moisburg	Niedersachsen	21647	53.4062	9.6988
Regesbostel	Niedersachsen	21649	53.3833	9.65
Stade	Niedersachsen	21680	53.5908	9.4848
Stade	Niedersachsen	21682	53.6084	9.4688
Stade	Niedersachsen	21683	53.6	9.4833
Stade	Niedersachsen	21684	53.6	9.4833
Bargstedt	Niedersachsen	21698	53.4667	9.45
Ahlerstedt	Niedersachsen	21702	53.4	9.45
Drochtersen	Niedersachsen	21706	53.7101	9.3846
Burweg	Niedersachsen	21709	53.6248	9.2663
Engelschoff	Niedersachsen	21710	53.6667	9.3333
Großenwörden	Niedersachsen	21712	53.6833	9.2667
Hammah	Niedersachsen	21714	53.6167	9.3667
Deinste	Niedersachsen	21717	53.529	9.4438
Steinkirchen	Niedersachsen	21720	53.566	9.6111
Hollern-Twielenfleth	Niedersachsen	21723	53.6	9.55
Kranenburg	Niedersachsen	21726	53.6065	9.206
Estorf	Niedersachsen	21727	53.576	9.2027
Balje	Niedersachsen	21730	53.8333	9.1333
Krummendeich	Niedersachsen	21732	53.8308	9.2038
Oederquart	Niedersachsen	21734	53.8027	9.2368
Wischhafen	Niedersachsen	21737	53.7833	9.3167
Dollern	Niedersachsen	21739	53.5333	9.55
Hemmoor	Niedersachsen	21745	53.687	9.1549
Hechthausen	Niedersachsen	21755	53.6404	9.2394
Osten	Niedersachsen	21756	53.7	9.2
Osterbruch	Niedersachsen	21762	53.7781	8.9412
Neuenkirchen	Niedersachsen	21763	53.777	8.8936
Nordleda	Niedersachsen	21765	53.7667	8.8333
Armstorf	Niedersachsen	21769	53.6	9.0667
Mittelstenahe	Niedersachsen	21770	53.65	9.0333
Stinstedt	Niedersachsen	21772	53.6612	8.9723
Ihlienworth	Niedersachsen	21775	53.7333	8.9167
Wanna	Niedersachsen	21776	53.75	8.8
Cadenberge	Niedersachsen	21781	53.7693	9.0627
Bülkau	Niedersachsen	21782	53.7461	8.9781
Geversdorf	Niedersachsen	21784	53.8	9.0833
Belum	Niedersachsen	21785	53.8167	9
Oberndorf	Niedersachsen	21787	53.75	9.15
Wingst	Niedersachsen	21789	53.7357	9.0805
Hamburg	Hamburg	22041	53.5741	10.076
Hamburg	Hamburg	22043	53.5691	10.1209
Hamburg	Hamburg	22045	53.5829	10.1268
Hamburg	Hamburg	22047	53.5883	10.0897
Hamburg	Hamburg	22049	53.5808	10.0594
Hamburg	Hamburg	22081	53.576	10.0467
Hamburg	Hamburg	22083	53.575	10.0342
Hamburg	Hamburg	22085	53.5771	10.019
Hamburg	Hamburg	22087	53.566	10.0247
Hamburg	Hamburg	22089	53.5685	10.0589
Hamburg	Hamburg	22111	53.5401	10.1031
Hamburg Billbrook	Schleswig-Holstein	22113	53.5281	10.0933
Hamburg	Hamburg	22115	53.5281	10.1473
Hamburg	Hamburg	22117	53.5389	10.128
Hamburg	Hamburg	22119	53.5498	10.1091
Hamburg	Hamburg	22143	53.6063	10.1669
Hamburg	Hamburg	22145	53.6228	10.1761
Hamburg	Hamburg	22147	53.6112	10.1356
Hamburg	Hamburg	22149	53.5893	10.1691
Hamburg	Hamburg	22159	53.6153	10.1162
Hamburg	Hamburg	22175	53.6217	10.0828
Hamburg	Hamburg	22177	53.6057	10.0691
Hamburg	Hamburg	22179	53.6058	10.0833
Hamburg	Hamburg	22297	53.6023	10.0252
Hamburg	Hamburg	22299	53.5957	10.0016
Hamburg	Hamburg	22301	53.5843	10.003
Hamburg	Hamburg	22303	53.5843	10.0266
Hamburg	Hamburg	22305	53.5886	10.0483
Hamburg	Hamburg	22307	53.5992	10.042
Hamburg	Hamburg	22309	53.6068	10.0474
Hamburg	Hamburg	22335	53.6274	10.0143
Hamburg	Hamburg	22337	53.6283	10.0347
Hamburg	Hamburg	22339	53.6508	10.0432
Hamburg	Hamburg	22359	53.6556	10.1656
Hamburg	Hamburg	22391	53.6423	10.0819
Hamburg	Hamburg	22393	53.6471	10.1156
Hamburg	Hamburg	22395	53.6707	10.1231
Hamburg	Hamburg	22397	53.7042	10.1172
Hamburg	Hamburg	22399	53.6641	10.0715
Hamburg	Hamburg	22415	53.6446	10.0078
Hamburg	Hamburg	22417	53.6671	10.0345
Hamburg	Hamburg	22419	53.6663	10.0057
Hamburg	Hamburg	22453	53.6082	9.9694
Hamburg	Hamburg	22455	53.6407	9.955
Hamburg	Hamburg	22457	53.6382	9.9121
Hamburg	Hamburg	22459	53.6242	9.9235
Hamburg	Hamburg	22523	53.6108	9.9033
Hamburg	Hamburg	22525	53.592	9.9198
Hamburg	Hamburg	22527	53.593	9.9397
Hamburg	Hamburg	22529	53.6021	9.9589
Hamburg	Hamburg	22547	53.5892	9.8831
Hamburg	Hamburg	22549	53.5824	9.8556
Hamburg	Hamburg	22559	53.5931	9.7651
Hamburg	Hamburg	22587	53.5652	9.8
Hamburg	Hamburg	22589	53.5827	9.8079
Hamburg	Hamburg	22605	53.5512	9.8846
Hamburg	Hamburg	22607	53.5712	9.8745
Hamburg	Hamburg	22609	53.5701	9.8654
Hamburg	Hamburg	22761	53.566	9.9116
Hamburg	Hamburg	22763	53.552	9.9084
Hamburg	Hamburg	22765	53.5528	9.9361
Hamburg	Hamburg	22767	53.5509	9.9425
Hamburg	Hamburg	22769	53.5625	9.9573
Norderstedt	Schleswig-Holstein	22844	53.7246	10.0124
Norderstedt	Schleswig-Holstein	22846	53.7099	9.9946
Norderstedt	Schleswig-Holstein	22848	53.6736	9.9833
Norderstedt	Schleswig-Holstein	22850	53.6855	9.9976
Norderstedt	Schleswig-Holstein	22851	53.6874	10.0366
Schenefeld	Schleswig-Holstein	22869	53.6	9.85
Wedel	Schleswig-Holstein	22880	53.5837	9.6984
Barsbüttel	Schleswig-Holstein	22885	53.5667	10.1667
Tangstedt	Schleswig-Holstein	22889	53.7333	10.0833
Ahrensburg	Schleswig-Holstein	22926	53.6752	10.2259
Großhansdorf	Schleswig-Holstein	22927	53.6667	10.2833
Schönberg	Schleswig-Holstein	22929	53.6832	10.4267
Bargteheide	Schleswig-Holstein	22941	53.7286	10.2669
Hohenfelde	Schleswig-Holstein	22946	53.6333	10.4667
Ammersbek	Schleswig-Holstein	22949	53.7	10.2
Lütjensee	Schleswig-Holstein	22952	53.65	10.3667
Hoisdorf	Schleswig-Holstein	22955	53.65	10.3167
Grönwohld	Schleswig-Holstein	22956	53.6416	10.4078
Kuddewörde	Schleswig-Holstein	22958	53.5833	10.4
Linau	Schleswig-Holstein	22959	53.6445	10.4685
Siek	Schleswig-Holstein	22962	53.6333	10.3
Steinburg	Schleswig-Holstein	22964	53.7167	10.4
Todendorf	Schleswig-Holstein	22965	53.6946	10.3478
Tremsbüttel	Schleswig-Holstein	22967	53.7438	10.3102
Witzhave	Schleswig-Holstein	22969	53.5667	10.3333
Lübeck	Schleswig-Holstein	23539	53.8696	10.6871
Lübeck	Schleswig-Holstein	23552	53.8685	10.6854
Lübeck	Schleswig-Holstein	23554	53.876	10.6748
Lübeck	Schleswig-Holstein	23556	53.8672	10.6478
Lübeck	Schleswig-Holstein	23558	53.8606	10.6611
Lübeck	Schleswig-Holstein	23560	53.8471	10.6845
Lübeck	Schleswig-Holstein	23562	53.8511	10.7028
Lübeck	Schleswig-Holstein	23564	53.8705	10.6986
Lübeck	Schleswig-Holstein	23570	53.8667	10.7
Bad Schwartau	Schleswig-Holstein	23611	53.9189	10.6969
Stockelsdorf	Schleswig-Holstein	23617	53.8922	10.6471
Badendorf	Schleswig-Holstein	23619	53.8667	10.5667
Ahrensbök	Schleswig-Holstein	23623	54.0086	10.5743
Ratekau	Schleswig-Holstein	23626	53.95	10.7333
Groß Grönau	Schleswig-Holstein	23627	53.8	10.75
Klempau	Schleswig-Holstein	23628	53.7667	10.6667
Timmendorfer Strand	Schleswig-Holstein	23669	53.9953	10.7768
Scharbeutz	Schleswig-Holstein	23683	54.0345	10.7322
Scharbeutz	Schleswig-Holstein	23684	54.0333	10.75
Süsel	Schleswig-Holstein	23701	54.0814	10.7017
Kirchnüchel	Schleswig-Holstein	23714	54.2	10.6833
Bosau	Schleswig-Holstein	23715	54.0979	10.4357
Kasseedorf	Schleswig-Holstein	23717	54.1667	10.7167
Glasau	Schleswig-Holstein	23719	54.05	10.5167
Altenkrempe	Schleswig-Holstein	23730	54.1333	10.8333
Harmsdorf	Schleswig-Holstein	23738	54.2399	10.833
Grömitz	Schleswig-Holstein	23743	54.15	10.9667
Schönwalde am Bungsberg	Schleswig-Holstein	23744	54.1833	10.75
Kellenhusen	Schleswig-Holstein	23746	54.1934	11.0616
Dahme	Schleswig-Holstein	23747	54.2167	11.0833
Grube	Schleswig-Holstein	23749	54.2333	11.0333
Gremersdorf	Schleswig-Holstein	23758	54.3333	10.9333
Fehmarn	Schleswig-Holstein	23769	54.4378	11.1935
Heiligenhafen	Schleswig-Holstein	23774	54.3696	10.9802
Großenbrode	Schleswig-Holstein	23775	54.3833	11.0833
Heringsdorf	Schleswig-Holstein	23777	54.301	11.0066
Neukirchen	Schleswig-Holstein	23779	54.3238	11.0144
Bad Segeberg	Schleswig-Holstein	23795	53.9431	10.3022
Wahlstedt	Schleswig-Holstein	23812	53.9516	10.2063
Blunk	Schleswig-Holstein	23813	54.0094	10.3138
Geschendorf	Schleswig-Holstein	23815	53.9213	10.442
Groß Niendorf	Schleswig-Holstein	23816	53.8463	10.2431
Neuengörs	Schleswig-Holstein	23818	53.9	10.3833
Pronstorf	Schleswig-Holstein	23820	53.95	10.4667
Rohlstorf	Schleswig-Holstein	23821	53.9667	10.3889
Seedorf	Schleswig-Holstein	23823	54.05	10.4167
Damsdorf	Schleswig-Holstein	23824	54.0667	10.3167
Bark	Schleswig-Holstein	23826	53.9115	10.1795
Travenhorst	Schleswig-Holstein	23827	54.0167	10.45
Kükels	Schleswig-Holstein	23829	53.9	10.2333
Bad Oldesloe	Schleswig-Holstein	23843	53.8117	10.3742
Grabau	Schleswig-Holstein	23845	53.8	10.2833
Pölitz	Schleswig-Holstein	23847	53.773	10.3828
Wesenberg	Schleswig-Holstein	23858	53.8333	10.55
Groß Schenkenberg	Schleswig-Holstein	23860	53.8	10.5667
Bargfeld-Stegen	Schleswig-Holstein	23863	53.7678	10.1875
Nahe	Schleswig-Holstein	23866	53.8	10.1333
Sülfeld	Schleswig-Holstein	23867	53.8	10.2333
Elmenhorst	Schleswig-Holstein	23869	53.7667	10.2667
Mölln	Schleswig-Holstein	23879	53.617	10.6874
Alt Mölln	Schleswig-Holstein	23881	53.6231	10.6618
Seedorf	Schleswig-Holstein	23883	53.6197	10.866
Nusse	Schleswig-Holstein	23896	53.6565	10.5839
Lüchow	Schleswig-Holstein	23898	53.6833	10.5333
Besenthal	Schleswig-Holstein	23899	53.5333	10.7333
Albsfelde	Schleswig-Holstein	23909	53.6833	10.7
Buchholz	Schleswig-Holstein	23911	53.7333	10.75
Niendorf	Schleswig-Holstein	23919	53.7026	10.6256
Schönberg	Mecklenburg-Vorpommern	23923	53.8444	10.9327
Grieben	Mecklenburg-Vorpommern	23936	53.8422	11.047
Dassow	Mecklenburg-Vorpommern	23942	53.911	10.9755
Ostseebad Boltenhagen	Mecklenburg-Vorpommern	23944	53.9878	11.2019
Boltenhagen	Mecklenburg-Vorpommern	23946	53.9833	11.2167
Elmenhorst	Mecklenburg-Vorpommern	23948	53.993	11.1238
Wismar	Mecklenburg-Vorpommern	23966	53.892	11.4636
Wismar	Mecklenburg-Vorpommern	23968	53.9023	11.4036
Wismar	Mecklenburg-Vorpommern	23970	53.8743	11.4488
Dorf Mecklenburg	Mecklenburg-Vorpommern	23972	53.85	11.4667
Blowatz	Mecklenburg-Vorpommern	23974	53.9897	11.5336
Glasin	Mecklenburg-Vorpommern	23992	53.9121	11.7366
Bad Kleinen	Mecklenburg-Vorpommern	23996	53.7713	11.4716
Insel Poel	Mecklenburg-Vorpommern	23999	54	11.4333
Kiel	Schleswig-Holstein	24103	54.3205	10.1327
Kiel	Schleswig-Holstein	24105	54.3347	10.1348
Kiel	Schleswig-Holstein	24106	54.3506	10.1205
Kiel	Schleswig-Holstein	24107	54.3333	10.1333
Melsdorf	Schleswig-Holstein	24109	54.3167	10.0333
Kiel	Schleswig-Holstein	24111	54.3333	10.1333
Kiel	Schleswig-Holstein	24113	54.301	10.116
Kiel	Schleswig-Holstein	24114	54.3157	10.1302
Kiel	Schleswig-Holstein	24116	54.3253	10.1212
Kiel	Schleswig-Holstein	24118	54.3334	10.1176
Kronshagen	Schleswig-Holstein	24119	54.3333	10.0833
Kiel	Schleswig-Holstein	24143	54.3061	10.1448
Kiel	Schleswig-Holstein	24145	54.3333	10.1333
Kiel	Schleswig-Holstein	24146	54.3333	10.1333
Kiel	Schleswig-Holstein	24147	54.3333	10.1333
Kiel	Schleswig-Holstein	24148	54.3187	10.1703
Kiel	Schleswig-Holstein	24149	54.3333	10.1333
Altenholz	Schleswig-Holstein	24161	54.4	10.1333
Preetz	Schleswig-Holstein	24211	54.2354	10.278
Lindau	Schleswig-Holstein	24214	54.3833	9.9
Wisch	Schleswig-Holstein	24217	54.4108	10.3428
Boksee	Schleswig-Holstein	24220	54.2333	10.1333
Schwentinental	Schleswig-Holstein	24222	54.2944	10.2167
Raisdorf	Schleswig-Holstein	24223	54.2813	10.2491
Heikendorf	Schleswig-Holstein	24226	54.3667	10.2
Dänischenhagen	Schleswig-Holstein	24229	54.4278	10.126
Dobersdorf	Schleswig-Holstein	24232	54.3189	10.2801
Brodersdorf	Schleswig-Holstein	24235	54.3833	10.25
Lammershagen	Schleswig-Holstein	24238	54.2833	10.45
Achterwehr	Schleswig-Holstein	24239	54.3132	9.9661
Reesdorf	Schleswig-Holstein	24241	54.1833	10.05
Felde	Schleswig-Holstein	24242	54.3	9.9333
Felm	Schleswig-Holstein	24244	54.4167	10.05
Barmissen	Schleswig-Holstein	24245	54.2	10.1833
Mielkendorf	Schleswig-Holstein	24247	54.2833	10.05
Mönkeberg	Schleswig-Holstein	24248	54.35	10.1833
Warnau	Schleswig-Holstein	24250	54.1833	10.1667
Osdorf	Schleswig-Holstein	24251	54.4333	10.0167
Fahren	Schleswig-Holstein	24253	54.35	10.3333
Rumohr	Schleswig-Holstein	24254	54.2556	10.0245
Fargau-Pratjau	Schleswig-Holstein	24256	54.3333	10.4167
Hohenfelde	Schleswig-Holstein	24257	54.3667	10.5
Westensee	Schleswig-Holstein	24259	54.2745	9.8958
Bösdorf	Schleswig-Holstein	24306	54.15	10.4833
Behrensdorf	Schleswig-Holstein	24321	54.3504	10.6049
Ascheberg	Schleswig-Holstein	24326	54.1503	10.3455
Blekendorf	Schleswig-Holstein	24327	54.2821	10.6582
Dannau	Schleswig-Holstein	24329	54.2407	10.5423
Altenhof	Schleswig-Holstein	24340	54.4333	9.8667
Thumby	Schleswig-Holstein	24351	54.5833	9.9167
Kosel	Schleswig-Holstein	24354	54.5058	9.7565
Fleckeby	Schleswig-Holstein	24357	54.4833	9.7
Hütten	Schleswig-Holstein	24358	54.4333	9.7167
Barkelsby	Schleswig-Holstein	24360	54.5	9.8333
Damendorf	Schleswig-Holstein	24361	54.4167	9.7333
Holtsee	Schleswig-Holstein	24363	54.4	9.85
Holzdorf	Schleswig-Holstein	24364	54.55	9.8833
Loose	Schleswig-Holstein	24366	54.5167	9.8833
Osterby	Schleswig-Holstein	24367	54.45	9.75
Waabs	Schleswig-Holstein	24369	54.5333	9.9833
Arnis	Schleswig-Holstein	24376	54.6333	9.9167
Boren	Schleswig-Holstein	24392	54.6151	9.8211
Gelting	Schleswig-Holstein	24395	54.75	9.9
Brodersby	Schleswig-Holstein	24398	54.6333	9.9833
Arnis	Schleswig-Holstein	24399	54.6304	9.9316
Böel	Schleswig-Holstein	24401	54.65	9.7167
Esgrus	Schleswig-Holstein	24402	54.7167	9.7833
Maasholm	Schleswig-Holstein	24404	54.6833	9.9833
Mohrkirch	Schleswig-Holstein	24405	54.6667	9.7167
Oersberg	Schleswig-Holstein	24407	54.6667	9.85
Stoltebüll	Schleswig-Holstein	24409	54.7	9.8833
Neumünster	Schleswig-Holstein	24534	54.0725	9.9828
Neumünster	Schleswig-Holstein	24536	54.1077	9.9946
Neumünster	Schleswig-Holstein	24537	54.0893	9.9779
Neumünster	Schleswig-Holstein	24539	54.0614	9.9982
Henstedt-Ulzburg	Schleswig-Holstein	24558	53.805	9.9745
Kaltenkirchen	Schleswig-Holstein	24568	53.8329	9.9581
Hagen	Schleswig-Holstein	24576	53.9465	9.8266
Hoffeld	Schleswig-Holstein	24582	54.2	10
Nortorf	Schleswig-Holstein	24589	54.1674	9.8544
Nindorf	Schleswig-Holstein	24594	54.1333	9.7
Boostedt	Schleswig-Holstein	24598	54.0167	10.0333
Stolpe	Schleswig-Holstein	24601	54.1333	10.2167
Gönnebek	Schleswig-Holstein	24610	54.049	10.1969
Aukrug	Schleswig-Holstein	24613	54.0833	9.7833
Borstel	Schleswig-Holstein	24616	53.9675	9.7996
Bornhöved	Schleswig-Holstein	24619	54.0667	10.2333
Bönebüttel	Schleswig-Holstein	24620	54.0833	10.0667
Gnutz	Schleswig-Holstein	24622	54.1333	9.8167
Großenaspe	Schleswig-Holstein	24623	53.9833	9.9667
Großharrie	Schleswig-Holstein	24625	54.1167	10.05
Groß Kummerfeld	Schleswig-Holstein	24626	54.05	10.0833
Hartenholm	Schleswig-Holstein	24628	53.8986	10.0595
Kisdorf	Schleswig-Holstein	24629	53.8167	10.0167
Langwedel	Schleswig-Holstein	24631	54.2103	9.9276
Heidmoor	Schleswig-Holstein	24632	53.8333	9.85
Arpsdorf	Schleswig-Holstein	24634	54.0333	9.8667
Daldorf	Schleswig-Holstein	24635	54.0167	10.25
Schillsdorf	Schleswig-Holstein	24637	54.1167	10.1333
Schmalensee	Schleswig-Holstein	24638	54.083	10.2705
Hasenmoor	Schleswig-Holstein	24640	53.9	9.9833
Hüttblek	Schleswig-Holstein	24641	53.8333	10.0667
Struvenhütten	Schleswig-Holstein	24643	53.8667	10.05
Krogaspe	Schleswig-Holstein	24644	54.1333	9.9333
Warder	Schleswig-Holstein	24646	54.2167	9.8833
Ehndorf	Schleswig-Holstein	24647	54.05	9.9
Fuhlendorf	Schleswig-Holstein	24649	53.9437	9.8868
Rendsburg	Schleswig-Holstein	24768	54.3066	9.6631
Büdelsdorf	Schleswig-Holstein	24782	54.3184	9.6729
Osterrönfeld	Schleswig-Holstein	24783	54.2901	9.699
Westerrönfeld	Schleswig-Holstein	24784	54.2833	9.65
Fockbek	Schleswig-Holstein	24787	54.3	9.6
Ostenfeld	Schleswig-Holstein	24790	54.3161	9.781
Alt Duvenstedt	Schleswig-Holstein	24791	54.3667	9.65
Bargstedt	Schleswig-Holstein	24793	54.1667	9.7667
Borgstedt	Schleswig-Holstein	24794	54.3327	9.7095
Bovenau	Schleswig-Holstein	24796	54.3333	9.8333
Breiholz	Schleswig-Holstein	24797	54.2055	9.5237
Christiansholm	Schleswig-Holstein	24799	54.3167	9.4167
Elsdorf-Westermühlen	Schleswig-Holstein	24800	54.2667	9.5167
Bokel	Schleswig-Holstein	24802	54.214	9.7953
Erfde	Schleswig-Holstein	24803	54.3	9.3167
Hamdorf	Schleswig-Holstein	24805	54.2252	9.5187
Bargstall	Schleswig-Holstein	24806	54.2667	9.4667
Jevenstedt	Schleswig-Holstein	24808	54.2333	9.6667
Nübbel	Schleswig-Holstein	24809	54.2667	9.6167
Ahlefeld	Schleswig-Holstein	24811	54.4037	9.6789
Sehestedt	Schleswig-Holstein	24814	54.3667	9.8167
Brinjahe	Schleswig-Holstein	24816	54.1667	9.6333
Tetenhusen	Schleswig-Holstein	24817	54.35	9.5
Embühren	Schleswig-Holstein	24819	54.1667	9.5833
Schleswig	Schleswig-Holstein	24837	54.5216	9.5586
Alt Bennebek	Schleswig-Holstein	24848	54.3833	9.4333
Hüsby	Schleswig-Holstein	24850	54.5	9.4833
Eggebek	Schleswig-Holstein	24852	54.6167	9.3667
Bollingstedt	Schleswig-Holstein	24855	54.5923	9.4174
Borgwedel	Schleswig-Holstein	24857	54.5	9.6667
Böklund	Schleswig-Holstein	24860	54.6	9.5833
Bergenhusen	Schleswig-Holstein	24861	54.3833	9.3167
Börm	Schleswig-Holstein	24863	54.4	9.3833
Brodersby	Schleswig-Holstein	24864	54.5333	9.7167
Busdorf	Schleswig-Holstein	24866	54.4911	9.55
Dannewerk	Schleswig-Holstein	24867	54.4833	9.5
Dörpstedt	Schleswig-Holstein	24869	54.4333	9.3667
Ellingstedt	Schleswig-Holstein	24870	54.4749	9.4114
Groß Rheide	Schleswig-Holstein	24872	54.4415	9.4351
Havetoft	Schleswig-Holstein	24873	54.65	9.5167
Havetoftloit	Schleswig-Holstein	24875	54.6616	9.5592
Hollingstedt	Schleswig-Holstein	24876	54.4593	9.337
Jagel	Schleswig-Holstein	24878	54.4565	9.5376
Idstedt	Schleswig-Holstein	24879	54.5833	9.5167
Nübel	Schleswig-Holstein	24881	54.5667	9.5833
Schaalby	Schleswig-Holstein	24882	54.55	9.6333
Geltorf	Schleswig-Holstein	24884	54.4667	9.6167
Sieverstedt	Schleswig-Holstein	24885	54.6415	9.4695
Silberstedt	Schleswig-Holstein	24887	54.5167	9.3833
Steinfeld	Schleswig-Holstein	24888	54.6	9.75
Stolk	Schleswig-Holstein	24890	54.6	9.55
Schnarup-Thumby	Schleswig-Holstein	24891	54.65	9.65
Taarstedt	Schleswig-Holstein	24893	54.5667	9.6833
Tolk	Schleswig-Holstein	24894	54.5799	9.6384
Treia	Schleswig-Holstein	24896	54.5	9.3167
Ulsnis	Schleswig-Holstein	24897	54.5667	9.75
Wohlde	Schleswig-Holstein	24899	54.4061	9.2989
Flensburg	Schleswig-Holstein	24937	54.7862	9.4306
Flensburg	Schleswig-Holstein	24939	54.7983	9.4206
Flensburg	Schleswig-Holstein	24941	54.7652	9.4109
Flensburg	Schleswig-Holstein	24943	54.7915	9.4673
Flensburg	Schleswig-Holstein	24944	54.8092	9.4698
Harrislee	Schleswig-Holstein	24955	54.8	9.3833
Glücksburg	Schleswig-Holstein	24960	54.8352	9.5485
Jerrishoe	Schleswig-Holstein	24963	54.6567	9.3692
Sörup	Schleswig-Holstein	24966	54.7167	9.6667
Großenwiehe	Schleswig-Holstein	24969	54.7	9.25
Steinberg	Schleswig-Holstein	24972	54.7667	9.7833
Ausacker	Schleswig-Holstein	24975	54.7333	9.5667
Handewitt	Schleswig-Holstein	24976	54.7645	9.3153
Grundhof	Schleswig-Holstein	24977	54.7709	9.6531
Hörup	Schleswig-Holstein	24980	54.7427	9.1024
Handewitt	Schleswig-Holstein	24983	54.7645	9.3153
Rüde	Schleswig-Holstein	24986	54.8244	9.572
Oeversee	Schleswig-Holstein	24988	54.7	9.4333
Dollerup	Schleswig-Holstein	24989	54.778	9.6798
Freienwill	Schleswig-Holstein	24991	54.7275	9.4941
Janneby	Schleswig-Holstein	24992	54.6333	9.3
Osterby	Schleswig-Holstein	24994	54.8	9.2167
Ahneby	Schleswig-Holstein	24996	54.7167	9.7333
Wanderup	Schleswig-Holstein	24997	54.6833	9.3333
Wees	Schleswig-Holstein	24999	54.8062	9.517
Elmshorn	Schleswig-Holstein	25335	53.7567	9.6426
Elmshorn	Schleswig-Holstein	25336	53.7491	9.6592
Elmshorn	Schleswig-Holstein	25337	53.7494	9.685
Blomesche Wildnis	Schleswig-Holstein	25348	53.8	9.4167
Bevern	Schleswig-Holstein	25355	53.7559	9.7709
Hohenfelde	Schleswig-Holstein	25358	53.8432	9.6226
Elskop	Schleswig-Holstein	25361	53.8167	9.4833
Bokel	Schleswig-Holstein	25364	53.8667	9.7333
Klein Offenseth-Sparrieshoop	Schleswig-Holstein	25365	53.7975	9.6865
Kiebitzreihe	Schleswig-Holstein	25368	53.7833	9.6167
Seester	Schleswig-Holstein	25370	53.7178	9.598
Seestermühe	Schleswig-Holstein	25371	53.7	9.5667
Ellerhoop	Schleswig-Holstein	25373	53.726	9.7693
Borsfleth	Schleswig-Holstein	25376	53.8333	9.4333
Kollmar	Schleswig-Holstein	25377	53.7294	9.4788
Herzhorn	Schleswig-Holstein	25379	53.7833	9.4833
Pinneberg	Schleswig-Holstein	25404	53.659	9.801
Pinneberg	Schleswig-Holstein	25421	53.6591	9.8009
Uetersen	Schleswig-Holstein	25429	53.6934	9.6542
Tornesch	Schleswig-Holstein	25436	53.7	9.7167
Tornesch	Schleswig-Holstein	25437	53.7039	9.731
Quickborn	Schleswig-Holstein	25451	53.7283	9.9093
Rellingen	Schleswig-Holstein	25462	53.6413	9.8647
Halstenbek	Schleswig-Holstein	25469	53.6333	9.85
Bönningstedt	Schleswig-Holstein	25474	53.6667	9.9167
Ellerau	Schleswig-Holstein	25479	53.75	9.9167
Appen	Schleswig-Holstein	25482	53.6581	9.7458
Langeln	Schleswig-Holstein	25485	53.7929	9.8626
Alveslohe	Schleswig-Holstein	25486	53.7833	9.9167
Holm	Schleswig-Holstein	25488	53.6167	9.6667
Haselau	Schleswig-Holstein	25489	53.6618	9.6201
Hetlingen	Schleswig-Holstein	25491	53.6071	9.6372
Heist	Schleswig-Holstein	25492	53.65	9.65
Borstel-Hohenraden	Schleswig-Holstein	25494	53.6833	9.8167
Kummerfeld	Schleswig-Holstein	25495	53.6926	9.791
Prisdorf	Schleswig-Holstein	25497	53.6833	9.75
Tangstedt	Schleswig-Holstein	25499	53.6771	9.8488
Bekmünde	Schleswig-Holstein	25524	53.925	9.4463
Brunsbüttel	Schleswig-Holstein	25541	53.895	9.1048
Rosdorf	Schleswig-Holstein	25548	53.978	9.7274
Hohenlockstedt	Schleswig-Holstein	25551	53.9667	9.6167
Kleve	Schleswig-Holstein	25554	53.9667	9.4
Seefeld	Schleswig-Holstein	25557	54.0998	9.4931
Schenefeld	Schleswig-Holstein	25560	54.05	9.4833
Föhrden-Barl	Schleswig-Holstein	25563	53.928	9.787
Rethwisch	Schleswig-Holstein	25566	53.867	9.5857
Bahrenfleth	Schleswig-Holstein	25569	53.8713	9.4396
Aebtissinwisch	Schleswig-Holstein	25572	53.9667	9.2833
Beidenfleth	Schleswig-Holstein	25573	53.8794	9.4131
Beringstedt	Schleswig-Holstein	25575	54.1167	9.5333
Brokdorf	Schleswig-Holstein	25576	53.8638	9.3231
Dägeling	Schleswig-Holstein	25578	53.8833	9.5333
Fitzbek	Schleswig-Holstein	25579	54	9.7667
Hennstedt	Schleswig-Holstein	25581	54.0333	9.7167
Drage	Schleswig-Holstein	25582	54.004	9.5193
Besdorf	Schleswig-Holstein	25584	54.0501	9.36
Lütjenwestedt	Schleswig-Holstein	25585	54.1333	9.4833
Münsterdorf	Schleswig-Holstein	25587	53.9023	9.5412
Oldendorf	Schleswig-Holstein	25588	53.9534	9.4586
Osterstedt	Schleswig-Holstein	25590	54.1082	9.5744
Ottenbüttel	Schleswig-Holstein	25591	53.9711	9.5042
Christinenthal	Schleswig-Holstein	25593	54.05	9.5333
Nutteln	Schleswig-Holstein	25594	53.9878	9.3868
Bokelrehm	Schleswig-Holstein	25596	54.0382	9.3861
Breitenberg	Schleswig-Holstein	25597	53.9241	9.6351
Wewelsfleth	Schleswig-Holstein	25599	53.85	9.4
Gudendorf	Schleswig-Holstein	25693	54.0242	9.1079
Nindorf	Schleswig-Holstein	25704	54.0833	9.1167
Diekhusen-Fahrstedt	Schleswig-Holstein	25709	53.9333	9.0167
Buchholz	Schleswig-Holstein	25712	53.9883	9.2236
Averlak	Schleswig-Holstein	25715	53.9398	9.1842
Friedrichskoog	Schleswig-Holstein	25718	54.0167	8.9167
Barlt	Schleswig-Holstein	25719	54.0167	9.05
Eggstedt	Schleswig-Holstein	25721	54.05	9.2667
Neufeld	Schleswig-Holstein	25724	53.9	9.0167
Bornholt	Schleswig-Holstein	25725	54.1	9.3333
Frestedt	Schleswig-Holstein	25727	54.0333	9.1833
Windbergen	Schleswig-Holstein	25729	54.05	9.1167
Heide	Schleswig-Holstein	25746	54.1958	9.0988
Büsum	Schleswig-Holstein	25761	54.134	8.8576
Friedrichsgabekoog	Schleswig-Holstein	25764	54.15	8.95
Albersdorf	Schleswig-Holstein	25767	54.15	9.2833
Hemmingstedt	Schleswig-Holstein	25770	54.15	9.0667
Lehe	Schleswig-Holstein	25774	54.3414	9.0237
Rehm-Flehde-Bargen	Schleswig-Holstein	25776	54.2833	9.0167
Kleve	Schleswig-Holstein	25779	54.2951	9.1241
Gaushorn	Schleswig-Holstein	25782	54.2	9.2333
Nordhastedt	Schleswig-Holstein	25785	54.1667	9.1833
Dellstedt	Schleswig-Holstein	25786	54.2333	9.3667
Hollingstedt	Schleswig-Holstein	25788	54.2903	9.2252
Linden	Schleswig-Holstein	25791	54.25	9.1833
Neuenkirchen	Schleswig-Holstein	25792	54.2365	8.9915
Dörpling	Schleswig-Holstein	25794	54.2592	9.305
Stelle-Wittenwurth	Schleswig-Holstein	25795	54.2667	9.05
Wöhrden	Schleswig-Holstein	25797	54.1667	9
Wrohm	Schleswig-Holstein	25799	54.2131	9.3821
Husum	Schleswig-Holstein	25813	54.4858	9.0524
Almdorf	Schleswig-Holstein	25821	54.5833	9.0167
Sankt Peter-Ording	Schleswig-Holstein	25826	54.3036	8.6414
Kotzenbüll	Schleswig-Holstein	25832	54.3333	8.9045
Garding	Schleswig-Holstein	25836	54.3306	8.7806
Friedrichstadt	Schleswig-Holstein	25840	54.3757	9.0867
Bargum	Schleswig-Holstein	25842	54.7	8.95
Elisabeth-Sophien-Koog	Schleswig-Holstein	25845	54.5167	8.8833
Pellworm	Schleswig-Holstein	25849	54.5161	8.6451
Behrendorf	Schleswig-Holstein	25850	54.5667	9.2167
Bordelum	Schleswig-Holstein	25852	54.6333	8.9333
Ahrenshöft	Schleswig-Holstein	25853	54.55	9.0667
Haselund	Schleswig-Holstein	25855	54.6	9.1833
Hattstedt	Schleswig-Holstein	25856	54.5333	9.0333
Högel	Schleswig-Holstein	25858	54.65	9.0667
Hooge	Schleswig-Holstein	25859	54.57	8.5481
Horstedt	Schleswig-Holstein	25860	54.5249	9.0665
Goldebek	Schleswig-Holstein	25862	54.6833	9.15
Löwenstedt	Schleswig-Holstein	25864	54.6216	9.1726
Mildstedt	Schleswig-Holstein	25866	54.4667	9.1
Norderstapel	Schleswig-Holstein	25868	54.36	9.2408
Gröde	Schleswig-Holstein	25869	54.6333	8.7167
Norderfriedrichskoog	Schleswig-Holstein	25870	54.4039	8.8968
Ostenfeld	Schleswig-Holstein	25872	54.464	9.2343
Oldersbek	Schleswig-Holstein	25873	54.4468	9.1693
Schobüll	Schleswig-Holstein	25875	54.5092	9.0062
Wisch	Schleswig-Holstein	25876	54.4167	9.15
Drage	Schleswig-Holstein	25878	54.3556	9.1578
Süderstapel	Schleswig-Holstein	25879	54.35	9.2167
Augustenkoog	Schleswig-Holstein	25881	54.3816	8.7338
Tetenbüll	Schleswig-Holstein	25882	54.3521	8.8279
Norstedt	Schleswig-Holstein	25884	54.5833	9.1333
Ahrenviöl	Schleswig-Holstein	25885	54.5313	9.2068
Winnert	Schleswig-Holstein	25887	54.4333	9.2
Uelvesbüll	Schleswig-Holstein	25889	54.4153	8.9239
Bosbüll	Schleswig-Holstein	25899	54.8167	8.8667
Achtrup	Schleswig-Holstein	25917	54.7905	9.0285
Risum-Lindholm	Schleswig-Holstein	25920	54.758	8.8691
Holm	Schleswig-Holstein	25923	54.8333	8.8667
Emmelsbüll-Horsbüll	Schleswig-Holstein	25924	54.8167	8.7
Bramstedtlund	Schleswig-Holstein	25926	54.85	9.0667
Neukirchen	Schleswig-Holstein	25927	54.8667	8.7333
Midlum	Schleswig-Holstein	25938	54.7151	8.5216
Nebel	Schleswig-Holstein	25946	54.6508	8.3537
Rantum	Schleswig-Holstein	25980	54.8457	8.2933
List	Schleswig-Holstein	25992	55.0192	8.4313
Wenningstedt	Schleswig-Holstein	25996	54.9358	8.33
Hörnum	Schleswig-Holstein	25997	54.7573	8.2883
Kampen	Schleswig-Holstein	25999	54.9541	8.3417
Oldenburg	Niedersachsen	26121	53.1599	8.205
Oldenburg	Niedersachsen	26122	53.1407	8.2171
Oldenburg	Niedersachsen	26123	53.1567	8.2333
Oldenburg	Niedersachsen	26125	53.1698	8.225
Oldenburg	Niedersachsen	26127	53.1684	8.2106
Oldenburg	Niedersachsen	26129	53.1547	8.1706
Oldenburg	Niedersachsen	26131	53.131	8.1828
Oldenburg	Niedersachsen	26133	53.1156	8.2159
Oldenburg	Niedersachsen	26135	53.1267	8.2384
Bad Zwischenahn	Niedersachsen	26160	53.1717	8.0414
Friesoythe	Niedersachsen	26169	53.0226	7.8576
Rastede	Niedersachsen	26180	53.25	8.2
Edewecht	Niedersachsen	26188	53.1228	8.1138
Großenkneten	Niedersachsen	26197	52.9438	8.2532
Wardenburg	Niedersachsen	26203	53.0667	8.2
Hatten	Niedersachsen	26209	53.0167	8.35
Wiefelstede	Niedersachsen	26215	53.25	8.1167
Bösel	Niedersachsen	26219	53	7.95
Varel	Niedersachsen	26316	53.3969	8.1362
Zetel	Niedersachsen	26340	53.4167	7.9833
Bockhorn	Niedersachsen	26345	53.4	8.0167
Jade	Niedersachsen	26349	53.3844	8.241
Wilhelmshaven	Niedersachsen	26382	53.5234	8.1075
Wilhelmshaven	Niedersachsen	26384	53.5395	8.1441
Wilhelmshaven	Niedersachsen	26386	53.5568	8.1266
Wilhelmshaven	Niedersachsen	26388	53.577	8.1021
Wilhelmshaven	Niedersachsen	26389	53.5241	8.0867
Wittmund	Niedersachsen	26409	53.5767	7.7784
Schortens	Niedersachsen	26419	53.5333	7.95
Dunum	Niedersachsen	26427	53.6	7.65
Wangerland	Niedersachsen	26434	53.658	7.9227
Jever	Niedersachsen	26441	53.5737	7.8981
Friedeburg	Niedersachsen	26446	53.45	7.8333
Sande	Niedersachsen	26452	53.5049	8.0142
Langeoog	Niedersachsen	26465	53.75	7.4833
Spiekeroog	Niedersachsen	26474	53.7701	7.6948
Wangerooge	Niedersachsen	26486	53.79	7.8994
Blomberg	Niedersachsen	26487	53.5768	7.5582
Ochtersum	Niedersachsen	26489	53.6069	7.5162
Norden	Niedersachsen	26506	53.5955	7.2064
Berumbur	Niedersachsen	26524	53.6	7.3167
Leezdorf	Niedersachsen	26529	53.55	7.3
Großheide	Niedersachsen	26532	53.5868	7.3396
Norderney	Niedersachsen	26548	53.7083	7.1582
Dornum	Niedersachsen	26553	53.6465	7.4296
Eversmeer	Niedersachsen	26556	53.5599	7.4336
Juist	Niedersachsen	26571	53.6779	6.9958
Baltrum	Niedersachsen	26579	53.7284	7.3714
Aurich	Niedersachsen	26603	53.4719	7.4775
Aurich	Niedersachsen	26605	53.4839	7.5151
Aurich	Niedersachsen	26607	53.4839	7.5151
Südbrookmerland	Niedersachsen	26624	53.4755	7.3516
Großefehn	Niedersachsen	26629	53.4026	7.6072
Ihlow	Niedersachsen	26632	53.4102	7.4029
Wiesmoor	Niedersachsen	26639	53.4167	7.7333
Westerstede	Niedersachsen	26655	53.2568	7.9274
Uplengen	Niedersachsen	26670	53.3055	7.7512
Barßel	Niedersachsen	26676	53.1698	7.7501
Saterland	Niedersachsen	26683	53.1033	7.6825
Apen	Niedersachsen	26689	53.2262	7.7489
Emden	Niedersachsen	26721	53.3701	7.2031
Emden	Niedersachsen	26723	53.3667	7.2167
Emden	Niedersachsen	26725	53.3528	7.2184
Krummhörn	Niedersachsen	26736	53.4397	7.0912
Borkum	Niedersachsen	26757	53.5809	6.6915
Hinte	Niedersachsen	26759	53.4167	7.1833
Leer (Ostfriesland)	Niedersachsen	26789	53.2348	7.4752
Moormerland	Niedersachsen	26802	53.3114	7.423
Westoverledingen	Niedersachsen	26810	53.1692	7.4614
Rhauderfehn	Niedersachsen	26817	53.1362	7.5747
Weener	Niedersachsen	26826	53.1633	7.3505
Boen	Niedersachsen	26831	53.1469	7.2669
Brinkum	Niedersachsen	26835	53.2667	7.5667
Ostrhauderfehn	Niedersachsen	26842	53.1333	7.6167
Jemgum	Niedersachsen	26844	53.2667	7.3833
Nortmoor	Niedersachsen	26845	53.2461	7.5718
Detern	Niedersachsen	26847	53.2093	7.674
Filsum	Niedersachsen	26849	53.2421	7.6279
Papenburg	Niedersachsen	26871	53.0774	7.4044
Heede	Niedersachsen	26892	52.992	7.2983
Bockhorst	Niedersachsen	26897	53.033	7.5758
Rhede	Niedersachsen	26899	53.0602	7.2713
Lorup	Niedersachsen	26901	52.9249	7.6434
Surwold	Niedersachsen	26903	52.978	7.5153
Börger	Niedersachsen	26904	52.9121	7.5358
Dersum	Niedersachsen	26906	52.9611	7.2739
Walchum	Niedersachsen	26907	52.9272	7.2832
Neubörger	Niedersachsen	26909	52.9582	7.4484
Brake	Niedersachsen	26919	53.3252	8.465
Elsfleth	Niedersachsen	26931	53.2375	8.4566
Ovelgönne	Niedersachsen	26939	53.3419	8.4218
Nordenham	Niedersachsen	26954	53.4861	8.4809
Butjadingen	Niedersachsen	26969	53.5472	8.335
Bassum	Niedersachsen	27211	52.8506	8.7279
Sulingen	Niedersachsen	27232	52.6837	8.8095
Twistringen	Niedersachsen	27239	52.7993	8.6416
Beckeln	Niedersachsen	27243	52.8667	8.5833
Kirchdorf	Niedersachsen	27245	52.5952	8.8349
Ehrenburg	Niedersachsen	27248	52.75	8.7
Maasen	Niedersachsen	27249	52.6922	8.8845
Neuenkirchen	Niedersachsen	27251	52.7763	8.7504
Schwaförden	Niedersachsen	27252	52.7377	8.8303
Siedenburg	Niedersachsen	27254	52.6929	8.9396
Affinghausen	Niedersachsen	27257	52.7833	8.8833
Freistatt	Niedersachsen	27259	52.623	8.6522
Verden (Aller)	Niedersachsen	27283	52.9208	9.248
Langwedel	Niedersachsen	27299	52.9786	9.1854
Bruchhausen-Vilsen	Niedersachsen	27305	52.8293	8.9907
Kirchlinteln	Niedersachsen	27308	52.9424	9.3181
Dörverden	Niedersachsen	27313	52.85	9.2333
Hilgermissen	Niedersachsen	27318	52.85	9.1667
Emtinghausen	Niedersachsen	27321	52.9333	8.9667
Eystrup	Niedersachsen	27324	52.7794	9.2132
Martfeld	Niedersachsen	27327	52.8757	9.0608
Asendorf	Niedersachsen	27330	52.7722	9.0049
Bücken	Niedersachsen	27333	52.7788	9.1337
Frankenfeld	Niedersachsen	27336	52.7684	9.4299
Blender	Niedersachsen	27337	52.9167	9.1333
Riede	Niedersachsen	27339	52.9667	8.95
Rotenburg (Wümme)	Niedersachsen	27356	53.1199	9.4238
Horstedt	Niedersachsen	27367	53.1833	9.2333
Visselhövede	Niedersachsen	27374	52.9855	9.5826
Scheeßel	Niedersachsen	27383	53.1667	9.4833
Bothel	Niedersachsen	27386	53.0667	9.5
Fintel	Niedersachsen	27389	53.1719	9.6697
Seedorf	Niedersachsen	27404	53.35	9.2333
Breddorf	Niedersachsen	27412	53.2926	9.0809
Groß Meckelsen	Niedersachsen	27419	53.2833	9.45
Ebersdorf	Niedersachsen	27432	53.5251	9.049
Gnarrenburg	Niedersachsen	27442	53.3833	9
Anderlingen	Niedersachsen	27446	53.3744	9.3036
Kutenholz	Niedersachsen	27449	53.4815	9.3212
Cuxhaven	Niedersachsen	27472	53.8584	8.709
Cuxhaven	Niedersachsen	27474	53.8555	8.6773
Cuxhaven	Niedersachsen	27476	53.861	8.6483
Cuxhaven	Niedersachsen	27478	53.8187	8.664
Helgoland	Schleswig-Holstein	27498	54.1814	7.8863
Hamburg Neuwerk	Hamburg	27499	53.9167	8.5
Bremerhaven	Bremen	27568	53.5687	8.5741
Bremerhaven	Bremen	27570	53.5286	8.5907
Bremerhaven	Bremen	27572	53.5002	8.6047
Bremerhaven	Bremen	27574	53.5299	8.6098
Bremerhaven	Bremen	27576	53.5545	8.5933
Bremerhaven	Bremen	27578	53.5887	8.5977
Bremerhaven	Bremen	27580	53.5685	8.5968
Langen	Niedersachsen	27607	53.6055	8.5951
Loxstedt	Niedersachsen	27612	53.4667	8.65
Bokel	Niedersachsen	27616	53.3933	8.768
Schiffdorf	Niedersachsen	27619	53.5333	8.65
Bad Bederkesa	Niedersachsen	27624	53.6333	8.85
Bramstedt	Niedersachsen	27628	53.366	8.6901
Nordholz	Niedersachsen	27637	53.7833	8.6
Wremen	Niedersachsen	27638	53.65	8.5167
Midlum	Niedersachsen	27639	53.7313	8.617
Osterholz-Scharmbeck	Niedersachsen	27711	53.227	8.7953
Ritterhude	Niedersachsen	27721	53.1829	8.7355
Worpswede	Niedersachsen	27726	53.2167	8.9333
Axstedt	Niedersachsen	27729	53.3547	8.7749
Delmenhorst	Niedersachsen	27749	53.0509	8.6291
Delmenhorst	Niedersachsen	27751	53.048	8.6606
Delmenhorst	Niedersachsen	27753	53.0628	8.6236
Delmenhorst	Niedersachsen	27755	53.0275	8.6385
Ganderkesee	Niedersachsen	27777	53.0333	8.5333
Wildeshausen	Niedersachsen	27793	52.8945	8.4338
Hude (Oldenburg)	Niedersachsen	27798	53.1167	8.4667
Dötlingen	Niedersachsen	27801	52.9333	8.3833
Berne	Niedersachsen	27804	53.1814	8.4822
Lemwerder	Niedersachsen	27809	53.1667	8.6167
Bremen	Bremen	28195	53.0889	8.7906
Bremen	Bremen	28197	53.0854	8.7463
Bremen	Bremen	28199	53.0618	8.79
Bremen	Bremen	28201	53.0577	8.8036
Bremen	Bremen	28203	53.0711	8.8317
Bremen	Bremen	28205	53.0709	8.846
Bremen	Bremen	28207	53.0687	8.8697
Bremen	Bremen	28209	53.0841	8.8271
Bremen	Bremen	28211	53.0859	8.8549
Bremen	Bremen	28213	53.1094	8.7814
Bremen	Bremen	28215	53.0926	8.8073
Bremen	Bremen	28217	53.0938	8.783
Bremen	Bremen	28219	53.1036	8.7875
Bremen	Bremen	28237	53.1165	8.7595
Bremen	Bremen	28239	53.124	8.7464
Bremen	Bremen	28259	53.0543	8.7457
Bremen	Bremen	28277	53.1094	8.7814
Bremen	Bremen	28279	53.0483	8.8383
Bremen	Bremen	28307	53.0441	8.9558
Bremen	Bremen	28309	53.0515	8.8896
Bremen	Bremen	28325	53.1094	8.7814
Bremen	Bremen	28327	53.081	8.8925
Bremen	Bremen	28329	53.0815	8.8721
Bremen	Bremen	28335	53.054	8.746
Bremen	Bremen	28355	53.1001	8.9029
Bremen	Bremen	28357	53.1178	8.8947
Bremen	Bremen	28359	53.1003	8.8752
Bremen	Bremen	28717	53.1735	8.7045
Bremen	Bremen	28719	53.1728	8.7135
Bremen	Bremen	28755	53.1094	8.7814
Bremen	Bremen	28757	53.1094	8.7814
Bremen	Bremen	28759	53.1094	8.7814
Bremen	Bremen	28777	53.1094	8.7814
Bremen	Bremen	28779	53.1094	8.7814
Schwanewede	Niedersachsen	28790	53.2321	8.5407
Stuhr	Niedersachsen	28816	53.0333	8.75
Achim	Niedersachsen	28832	53.0142	9.0263
Weyhe	Niedersachsen	28844	52.989	8.8314
Syke	Niedersachsen	28857	52.9135	8.8221
Lilienthal	Niedersachsen	28865	53.1419	8.9034
Ottersberg	Niedersachsen	28870	53.1292	9.1068
Oyten	Niedersachsen	28876	53.05	9.0167
Grasberg	Niedersachsen	28879	53.1833	8.9833
Celle	Niedersachsen	29221	52.6175	10.085
Celle	Niedersachsen	29223	52.6333	10.0842
Celle	Niedersachsen	29225	52.6122	10.0402
Celle	Niedersachsen	29227	52.611	10.0993
Celle	Niedersachsen	29229	52.6167	10.0833
Bergen	Niedersachsen	29303	52.8084	9.9637
Winsen (Aller)	Niedersachsen	29308	52.6837	9.9095
Hambühren	Niedersachsen	29313	52.6333	9.9833
Hermannsburg	Niedersachsen	29320	52.8325	10.0896
Wietze	Niedersachsen	29323	52.65	9.8333
Faßberg	Niedersachsen	29328	52.9	10.1667
Lachendorf	Niedersachsen	29331	52.6167	10.25
Nienhagen	Niedersachsen	29336	52.557	10.1021
Wathlingen	Niedersachsen	29339	52.5369	10.1507
Wienhausen	Niedersachsen	29342	52.5802	10.1886
Unterlüß	Niedersachsen	29345	52.8347	10.2969
Eschede	Niedersachsen	29348	52.7349	10.2354
Eldingen	Niedersachsen	29351	52.6833	10.3333
Adelheidsdorf	Niedersachsen	29352	52.564	10.0604
Ahnsbeck	Niedersachsen	29353	52.6107	10.2853
Beedenbostel	Niedersachsen	29355	52.6429	10.2591
Bröckel	Niedersachsen	29356	52.5163	10.2151
Eicklingen	Niedersachsen	29358	52.5504	10.1844
Habighorst	Niedersachsen	29359	52.7086	10.2274
Höfer	Niedersachsen	29361	52.6833	10.25
Hohne	Niedersachsen	29362	52.5872	10.376
Langlingen	Niedersachsen	29364	52.5559	10.2829
Sprakensehl	Niedersachsen	29365	52.7667	10.4918
Steinhorst	Niedersachsen	29367	52.6833	10.4
Ummern	Niedersachsen	29369	52.5911	10.4319
Wittingen	Niedersachsen	29378	52.7281	10.7391
Wittingen	Niedersachsen	29379	52.7333	10.7167
Dedelstorf	Niedersachsen	29386	52.7	10.5
Bad Bodenteich	Niedersachsen	29389	52.8333	10.6833
Wesendorf	Niedersachsen	29392	52.6	10.5333
Groß Oesingen	Niedersachsen	29393	52.6476	10.4637
Lüder	Niedersachsen	29394	52.8088	10.6661
Schönewörde	Niedersachsen	29396	52.6333	10.6333
Wahrenholz	Niedersachsen	29399	52.6167	10.6
Chüden	Sachsen-Anhalt	29410	52.85	11.2333
Ellenberg	Sachsen-Anhalt	29413	52.7971	10.9704
Chüden	Sachsen-Anhalt	29416	52.85	11.2333
Lüchow	Niedersachsen	29439	52.9681	11.154
Dannenberg (Elbe)	Niedersachsen	29451	53.0904	11.0924
Hitzacker	Niedersachsen	29456	53.1598	10.9995
Clenze	Niedersachsen	29459	52.9373	10.9575
Wustrow	Niedersachsen	29462	52.9237	11.1285
Schnega	Niedersachsen	29465	52.8913	10.8923
Gartow	Niedersachsen	29471	53.0247	11.462
Damnatz	Niedersachsen	29472	53.1365	11.1769
Göhrde	Niedersachsen	29473	53.1309	10.956
Gorleben	Niedersachsen	29475	53.0484	11.3573
Gusborn	Niedersachsen	29476	53.0745	11.2012
Höhbeck	Niedersachsen	29478	53.0561	11.4344
Jameln	Niedersachsen	29479	53.05	11.0833
Karwitz	Niedersachsen	29481	53.0833	11.0167
Küsten	Niedersachsen	29482	52.9778	11.0624
Langendorf	Niedersachsen	29484	53.1009	11.2558
Lemgow	Niedersachsen	29485	52.9167	11.3333
Luckau	Niedersachsen	29487	52.9275	11.0486
Lübbow	Niedersachsen	29488	52.9116	11.181
Neu Darchau	Niedersachsen	29490	53.229	10.8853
Prezelle	Niedersachsen	29491	52.9667	11.4
Schnackenburg	Niedersachsen	29493	53.0373	11.5645
Trebel	Niedersachsen	29494	53	11.3167
Waddeweitz	Niedersachsen	29496	53	10.9667
Woltersdorf	Niedersachsen	29497	52.95	11.2167
Zernien	Niedersachsen	29499	53.0685	10.8832
Uelzen	Niedersachsen	29525	52.9657	10.5611
Bad Bevensen	Niedersachsen	29549	53.0792	10.5813
Bienenbüttel	Niedersachsen	29553	53.1416	10.4868
Suderburg	Niedersachsen	29556	52.8959	10.4514
Wrestedt	Niedersachsen	29559	52.9043	10.5749
Suhlendorf	Niedersachsen	29562	52.9333	10.7667
Wriedel	Niedersachsen	29565	53.0313	10.2985
Wieren	Niedersachsen	29568	52.8853	10.6587
Rosche	Niedersachsen	29571	52.9866	10.7518
Ebstorf	Niedersachsen	29574	53.0278	10.4184
Altenmedingen	Niedersachsen	29575	53.1305	10.6016
Barum	Niedersachsen	29576	53.05	10.5167
Eimke	Niedersachsen	29578	52.966	10.3132
Emmendorf	Niedersachsen	29579	53.0202	10.5646
Gerdau	Niedersachsen	29581	52.9667	10.4167
Himbergen	Niedersachsen	29584	53.0942	10.7291
Jelmstorf	Niedersachsen	29585	53.1013	10.5224
Natendorf	Niedersachsen	29587	53.0798	10.4703
Oetzen	Niedersachsen	29588	53.0192	10.6757
Rätzlingen	Niedersachsen	29590	52.9758	10.6754
Römstedt	Niedersachsen	29591	53.1	10.65
Schwienau	Niedersachsen	29593	53.0056	10.4454
Soltendieck	Niedersachsen	29594	52.8737	10.7616
Stadensen	Niedersachsen	29596	52.8757	10.5562
Stoetze	Niedersachsen	29597	53.0667	10.7833
Weste	Niedersachsen	29599	53.0594	10.7028
Soltau	Niedersachsen	29614	52.9864	9.8434
Munster	Niedersachsen	29633	52.9857	10.0876
Schneverdingen	Niedersachsen	29640	53.1168	9.7952
Neuenkirchen	Niedersachsen	29643	53.0326	9.7064
Bispingen	Niedersachsen	29646	53.0831	9.9977
Wietzendorf	Niedersachsen	29649	52.9167	9.9833
Walsrode	Niedersachsen	29664	52.8615	9.5926
Fallingbostel	Niedersachsen	29683	52.8497	9.688
Essel	Niedersachsen	29690	52.6913	9.6414
Böhme	Niedersachsen	29693	52.7833	9.4667
Bomlitz	Niedersachsen	29699	52.9	9.65
Hannover	Niedersachsen	30159	52.3736	9.7371
Hannover	Niedersachsen	30161	52.3874	9.7465
Hannover	Niedersachsen	30163	52.3943	9.7475
Hannover	Niedersachsen	30165	52.4008	9.7217
Hannover	Niedersachsen	30167	52.3914	9.7083
Hannover	Niedersachsen	30169	52.3633	9.748
Hannover	Niedersachsen	30171	52.3697	9.7521
Hannover	Niedersachsen	30173	52.3586	9.7558
Hannover	Niedersachsen	30175	52.3667	9.7167
Hannover	Niedersachsen	30177	52.3973	9.7707
Hannover	Niedersachsen	30179	52.4137	9.7544
Hannover	Niedersachsen	30419	52.414	9.6603
Hannover	Niedersachsen	30449	52.3685	9.7082
Hannover	Niedersachsen	30451	52.3751	9.7094
Hannover	Niedersachsen	30453	52.3665	9.6815
Hannover	Niedersachsen	30455	52.3574	9.671
Hannover	Niedersachsen	30457	52.3288	9.7001
Hannover	Niedersachsen	30459	52.3425	9.7153
Hannover	Niedersachsen	30519	52.3398	9.7743
Hannover	Niedersachsen	30521	52.3667	9.7167
Hannover	Niedersachsen	30539	52.339	9.8288
Hannover	Niedersachsen	30559	52.3613	9.8344
Hannover	Niedersachsen	30625	52.3795	9.8075
Hannover	Niedersachsen	30627	52.3667	9.7167
Hannover	Niedersachsen	30629	52.3895	9.8502
Hannover	Niedersachsen	30655	52.4026	9.7939
Hannover	Niedersachsen	30657	52.4265	9.7921
Hannover	Niedersachsen	30659	52.4097	9.808
Hannover	Niedersachsen	30669	52.3667	9.7167
Garbsen	Niedersachsen	30823	52.4182	9.6021
Garbsen	Niedersachsen	30826	52.4759	9.5359
Garbsen	Niedersachsen	30827	52.4353	9.611
Langenhagen	Niedersachsen	30851	52.4378	9.7432
Langenhagen	Niedersachsen	30853	52.4506	9.7492
Langenhagen	Niedersachsen	30855	52.4402	9.6655
Laatzen	Niedersachsen	30880	52.3151	9.7974
Barsinghausen	Niedersachsen	30890	52.3	9.45
Wedemark	Niedersachsen	30900	52.541	9.7429
Isernhagen	Niedersachsen	30916	52.4333	9.85
Seelze	Niedersachsen	30926	52.3964	9.5973
Burgwedel	Niedersachsen	30938	52.5027	9.86
Ronnenberg	Niedersachsen	30952	52.3194	9.6554
Hemmingen	Niedersachsen	30966	52.3143	9.7236
Wennigsen	Niedersachsen	30974	52.274	9.5729
Pattensen	Niedersachsen	30982	52.2645	9.7644
Gehrden	Niedersachsen	30989	52.3136	9.6003
Elze	Niedersachsen	31008	52.1226	9.7359
Gronau (Leine)	Niedersachsen	31028	52.0833	9.7833
Banteln	Niedersachsen	31029	52.0667	9.75
Betheln	Niedersachsen	31032	52.1143	9.794
Brüggen	Niedersachsen	31033	52.0425	9.7745
Eime	Niedersachsen	31036	52.0745	9.7212
Rheden	Niedersachsen	31039	52.0578	9.7871
Alfeld (Leine)	Niedersachsen	31061	51.9881	9.817
Delligsen	Niedersachsen	31073	51.9412	9.8027
Adenstedt	Niedersachsen	31079	51.9985	9.9352
Freden (Leine)	Niedersachsen	31084	51.9333	9.9
Everode	Niedersachsen	31085	51.95	9.9167
Winzenburg	Niedersachsen	31088	51.9333	9.9333
Duingen	Niedersachsen	31089	52.0045	9.6958
Coppengrave	Niedersachsen	31091	51.9833	9.7333
Hoyershausen	Niedersachsen	31093	52.0189	9.7535
Marienhagen	Niedersachsen	31094	52.0372	9.6869
Weenzen	Niedersachsen	31096	52.0333	9.6667
Harbarnsen	Niedersachsen	31097	51.9833	9.9667
Woltershausen	Niedersachsen	31099	51.9833	9.95
Hildesheim	Niedersachsen	31134	52.1531	9.9555
Hildesheim	Niedersachsen	31135	52.1647	9.9768
Hildesheim	Niedersachsen	31137	52.1603	9.9331
Hildesheim	Niedersachsen	31139	52.141	9.9407
Hildesheim	Niedersachsen	31141	52.1353	9.9713
Sarstedt	Niedersachsen	31157	52.235	9.8541
Bad Salzdetfurth	Niedersachsen	31162	52.0578	10.0058
Bockenem	Niedersachsen	31167	52.0099	10.132
Nordstemmen	Niedersachsen	31171	52.162	9.7835
Schellerten	Niedersachsen	31174	52.1853	10.1023
Harsum	Niedersachsen	31177	52.2104	9.9649
Giesen	Niedersachsen	31180	52.1972	9.8989
Söhlde	Niedersachsen	31185	52.189	10.2324
Holle	Niedersachsen	31188	52.0872	10.1601
Algermissen	Niedersachsen	31191	52.2533	9.9691
Neuhof	Niedersachsen	31195	51.9833	10.05
Sehlem	Niedersachsen	31196	52.0124	9.9759
Diekholzen	Niedersachsen	31199	52.0962	9.9195
Peine	Niedersachsen	31224	52.3233	10.2307
Peine	Niedersachsen	31226	52.3143	10.2336
Peine	Niedersachsen	31228	52.3395	10.2492
Edemissen	Niedersachsen	31234	52.387	10.2614
Ilsede	Niedersachsen	31241	52.2634	10.1992
Hohenhameln	Niedersachsen	31249	52.2575	10.0642
Lehrte	Niedersachsen	31275	52.3719	9.9792
Burgdorf	Niedersachsen	31303	52.4463	10.0064
Uetze	Niedersachsen	31311	52.4713	10.1581
Sehnde	Niedersachsen	31319	52.3139	9.9682
Wunstorf	Niedersachsen	31515	52.4238	9.4359
Neustadt am Rübenberge	Niedersachsen	31535	52.5046	9.4587
Bad Nenndorf	Niedersachsen	31542	52.337	9.379
Rehburg-Loccum	Niedersachsen	31547	52.4695	9.1996
Apelern	Niedersachsen	31552	52.2898	9.3358
Auhagen	Niedersachsen	31553	52.3983	9.2919
Suthfeld	Niedersachsen	31555	52.3576	9.3893
Wölpinghausen	Niedersachsen	31556	52.4167	9.2333
Hagenburg	Niedersachsen	31558	52.4337	9.3247
Haste	Niedersachsen	31559	52.381	9.3928
Stolzenau	Niedersachsen	31592	52.5167	9.0667
Steyerberg	Niedersachsen	31595	52.5702	9.0242
Uchte	Niedersachsen	31600	52.4998	8.9093
Diepenau	Niedersachsen	31603	52.4187	8.7176
Raddestorf	Niedersachsen	31604	52.45	8.9667
Warmsen	Niedersachsen	31606	52.457	8.8495
Marklohe	Niedersachsen	31608	52.6686	9.1422
Balge	Niedersachsen	31609	52.7167	9.1667
Wietzen	Niedersachsen	31613	52.7167	9.0833
Liebenau	Niedersachsen	31618	52.6036	9.0972
Binnen	Niedersachsen	31619	52.6167	9.1333
Pennigsehl	Niedersachsen	31621	52.6418	9.0263
Heemsen	Niedersachsen	31622	52.7	9.2667
Drakenburg	Niedersachsen	31623	52.6869	9.2108
Haßbergen	Niedersachsen	31626	52.7333	9.2333
Rohrsen	Niedersachsen	31627	52.7099	9.2323
Landesbergen	Niedersachsen	31628	52.556	9.1251
Estorf	Niedersachsen	31629	52.5885	9.1415
Husum	Niedersachsen	31632	52.5667	9.25
Leese	Niedersachsen	31633	52.5	9.1167
Steimbke	Niedersachsen	31634	52.6548	9.3909
Linsburg	Niedersachsen	31636	52.5935	9.3026
Rodewald	Niedersachsen	31637	52.6658	9.4821
Stöckse	Niedersachsen	31638	52.6407	9.3403
Stadthagen	Niedersachsen	31655	52.3233	9.2031
Bückeburg	Niedersachsen	31675	52.2606	9.0494
Obernkirchen	Niedersachsen	31683	52.2721	9.1291
Nienstädt	Niedersachsen	31688	52.2924	9.1644
Helpsen	Niedersachsen	31691	52.3113	9.1168
Hespe	Niedersachsen	31693	52.33	9.1082
Lindhorst	Niedersachsen	31698	52.3579	9.2832
Beckedorf	Niedersachsen	31699	52.35	9.3167
Heuerßen	Niedersachsen	31700	52.3295	9.2772
Lüdersfeld	Niedersachsen	31702	52.3599	9.2542
Bad Eilsen	Niedersachsen	31707	52.2421	9.0982
Ahnsen	Niedersachsen	31708	52.2547	9.1009
Buchholz	Niedersachsen	31710	52.2265	9.1278
Luhden	Niedersachsen	31711	52.2254	9.0926
Niedernwöhren	Niedersachsen	31712	52.3521	9.1479
Lauenhagen	Niedersachsen	31714	52.3555	9.2064
Meerbeck	Niedersachsen	31715	52.3417	9.1507
Nordsehl	Niedersachsen	31717	52.35	9.1833
Pollhagen	Niedersachsen	31718	52.3853	9.1881
Wiedensahl	Niedersachsen	31719	52.3838	9.1202
Rinteln	Niedersachsen	31737	52.1733	9.1195
Auetal	Niedersachsen	31749	52.2388	9.2516
Hameln	Niedersachsen	31785	52.1037	9.3676
Hameln	Niedersachsen	31787	52.115	9.3388
Hameln	Niedersachsen	31789	52.0988	9.395
Bad Pyrmont	Niedersachsen	31812	51.9859	9.2525
Springe	Niedersachsen	31832	52.2084	9.5542
Hessisch Oldendorf	Niedersachsen	31840	52.1727	9.2491
Bad Münder am Deister	Niedersachsen	31848	52.1955	9.4642
Aerzen	Niedersachsen	31855	52.0495	9.2586
Emmerthal	Niedersachsen	31860	52.0449	9.4001
Coppenbrügge	Niedersachsen	31863	52.1185	9.5487
Hülsede	Niedersachsen	31867	52.2495	9.3615
Ottenstein	Niedersachsen	31868	51.9471	9.407
Herford	Nordrhein-Westfalen	32049	52.1337	8.6963
Herford	Nordrhein-Westfalen	32051	52.127	8.6427
Herford	Nordrhein-Westfalen	32052	52.1005	8.6723
Bad Salzuflen	Nordrhein-Westfalen	32105	52.0808	8.7505
Bad Salzuflen	Nordrhein-Westfalen	32107	52.0613	8.7341
Bad Salzuflen	Nordrhein-Westfalen	32108	52.0692	8.7598
Hiddenhausen	Nordrhein-Westfalen	32120	52.1667	8.6167
Enger	Nordrhein-Westfalen	32130	52.1406	8.5577
Spenge	Nordrhein-Westfalen	32139	52.1402	8.4847
Bünde	Nordrhein-Westfalen	32257	52.1984	8.5864
Kirchlengern	Nordrhein-Westfalen	32278	52.2	8.6333
Rödinghausen	Nordrhein-Westfalen	32289	52.25	8.4833
Lübbecke	Nordrhein-Westfalen	32312	52.307	8.6142
Espelkamp	Nordrhein-Westfalen	32339	52.3825	8.6213
Stemwede	Nordrhein-Westfalen	32351	52.4167	8.45
Preußisch Oldendorf	Nordrhein-Westfalen	32361	52.3412	8.5253
Rahden	Nordrhein-Westfalen	32369	52.4337	8.6126
Minden	Nordrhein-Westfalen	32423	52.2873	8.9243
Minden	Nordrhein-Westfalen	32425	52.2833	8.9167
Minden	Nordrhein-Westfalen	32427	52.2946	8.8976
Minden	Nordrhein-Westfalen	32429	52.2833	8.9167
Porta Westfalica	Nordrhein-Westfalen	32457	52.2296	8.9161
Petershagen	Nordrhein-Westfalen	32469	52.3751	8.9654
Hille	Nordrhein-Westfalen	32479	52.3333	8.75
Bad Oeynhausen	Nordrhein-Westfalen	32545	52.1917	8.8093
Bad Oeynhausen	Nordrhein-Westfalen	32547	52.206	8.8107
Bad Oeynhausen	Nordrhein-Westfalen	32549	52.2473	8.7858
Löhne	Nordrhein-Westfalen	32584	52.1885	8.6922
Vlotho	Nordrhein-Westfalen	32602	52.1388	8.7806
Hüllhorst	Nordrhein-Westfalen	32609	52.2833	8.6667
Lemgo	Nordrhein-Westfalen	32657	52.0279	8.899
Lügde	Nordrhein-Westfalen	32676	51.9583	9.2471
Barntrup	Nordrhein-Westfalen	32683	51.9904	9.1164
Kalletal	Nordrhein-Westfalen	32689	52.1222	8.96
Dörentrup	Nordrhein-Westfalen	32694	52.0411	9.0028
Extertal	Nordrhein-Westfalen	32699	52.067	9.1162
Detmold	Nordrhein-Westfalen	32756	51.936	8.8783
Detmold	Nordrhein-Westfalen	32758	51.9509	8.8658
Lage	Nordrhein-Westfalen	32791	51.9922	8.793
Horn-Bad Meinberg	Nordrhein-Westfalen	32805	51.8855	8.9624
Schieder-Schwalenberg	Nordrhein-Westfalen	32816	51.8771	9.1954
Blomberg	Nordrhein-Westfalen	32825	51.9678	9.0473
Augustdorf	Nordrhein-Westfalen	32832	51.9094	8.7317
Steinheim	Nordrhein-Westfalen	32839	51.8707	9.0914
Bad Driburg	Nordrhein-Westfalen	33014	51.733	9.0197
Brakel	Nordrhein-Westfalen	33034	51.7175	9.186
Nieheim	Nordrhein-Westfalen	33039	51.805	9.113
Paderborn	Nordrhein-Westfalen	33098	51.7136	8.7554
Paderborn	Nordrhein-Westfalen	33100	51.7273	8.7706
Paderborn	Nordrhein-Westfalen	33102	51.7171	8.7417
Paderborn	Nordrhein-Westfalen	33104	51.7571	8.73
Paderborn	Nordrhein-Westfalen	33106	51.7327	8.6885
Delbrück	Nordrhein-Westfalen	33129	51.7802	8.484
Büren	Nordrhein-Westfalen	33142	51.5511	8.5596
Salzkotten	Nordrhein-Westfalen	33154	51.6717	8.6009
Hövelhof	Nordrhein-Westfalen	33161	51.8167	8.65
Lichtenau	Nordrhein-Westfalen	33165	51.6171	8.8967
Bad Lippspringe	Nordrhein-Westfalen	33175	51.7833	8.8168
Borchen	Nordrhein-Westfalen	33178	51.6677	8.7228
Bad Wünnenberg	Nordrhein-Westfalen	33181	51.521	8.6964
Altenbeken	Nordrhein-Westfalen	33184	51.7645	8.942
Schlangen	Nordrhein-Westfalen	33189	51.8098	8.8461
Gütersloh	Nordrhein-Westfalen	33311	51.9	8.384
Gütersloh	Nordrhein-Westfalen	33330	51.9074	8.3767
Gütersloh	Nordrhein-Westfalen	33332	51.9005	8.3837
Gütersloh	Nordrhein-Westfalen	33334	51.9436	8.4283
Gütersloh	Nordrhein-Westfalen	33335	51.9316	8.4599
Rheda-Wiedenbrück	Nordrhein-Westfalen	33378	51.8497	8.3002
Rietberg	Nordrhein-Westfalen	33397	51.8092	8.4284
Verl	Nordrhein-Westfalen	33415	51.8833	8.5167
Harsewinkel	Nordrhein-Westfalen	33428	51.9622	8.2277
Herzebrock-Clarholz	Nordrhein-Westfalen	33442	51.9	8.2167
Langenberg	Nordrhein-Westfalen	33449	51.7721	8.3181
Bielefeld	Nordrhein-Westfalen	33519	52.033	8.533
Bielefeld	Nordrhein-Westfalen	33602	52.0245	8.5326
Bielefeld	Nordrhein-Westfalen	33604	52.0106	8.5493
Bielefeld	Nordrhein-Westfalen	33605	52.0008	8.574
Bielefeld	Nordrhein-Westfalen	33607	52.0284	8.5759
Bielefeld	Nordrhein-Westfalen	33609	52.0342	8.5553
Bielefeld	Nordrhein-Westfalen	33611	52.0483	8.5492
Bielefeld	Nordrhein-Westfalen	33613	52.044	8.5225
Bielefeld	Nordrhein-Westfalen	33615	52.0307	8.5133
Bielefeld	Nordrhein-Westfalen	33617	52.0119	8.5202
Bielefeld	Nordrhein-Westfalen	33619	52.0333	8.5333
Bielefeld	Nordrhein-Westfalen	33647	51.99	8.5114
Bielefeld	Nordrhein-Westfalen	33649	51.9745	8.4686
Bielefeld	Nordrhein-Westfalen	33659	51.9692	8.5522
Bielefeld	Nordrhein-Westfalen	33689	51.9501	8.5793
Bielefeld	Nordrhein-Westfalen	33699	52.0333	8.5333
Bielefeld	Nordrhein-Westfalen	33719	52.0107	8.5926
Bielefeld	Nordrhein-Westfalen	33729	52.0707	8.6002
Bielefeld	Nordrhein-Westfalen	33739	52.0333	8.5333
Schloß Holte-Stukenbrock	Nordrhein-Westfalen	33758	51.9	8.6167
Versmold	Nordrhein-Westfalen	33775	52.0401	8.1527
Halle	Nordrhein-Westfalen	33790	52.0601	8.3608
Steinhagen	Nordrhein-Westfalen	33803	52	8.4
Oerlinghausen	Nordrhein-Westfalen	33813	51.9545	8.6622
Leopoldshöhe	Nordrhein-Westfalen	33818	52.0125	8.6983
Werther	Nordrhein-Westfalen	33824	52.0777	8.4179
Borgholzhausen	Nordrhein-Westfalen	33829	52.1034	8.3021
Kassel	Hessen	34117	51.3166	9.4912
Kassel	Hessen	34119	51.3152	9.4647
Kassel	Hessen	34121	51.3056	9.4652
Kassel	Hessen	34123	51.2988	9.5297
Kassel	Hessen	34125	51.3195	9.5163
Kassel	Hessen	34127	51.3355	9.4913
Kassel	Hessen	34128	51.336	9.4457
Kassel	Hessen	34130	51.3247	9.4466
Kassel	Hessen	34131	51.3173	9.4227
Kassel	Hessen	34132	51.3167	9.5
Kassel	Hessen	34134	51.2878	9.4705
Melsungen	Hessen	34212	51.1303	9.5524
Baunatal	Hessen	34225	51.2518	9.4075
Fuldatal	Hessen	34233	51.3484	9.5256
Vellmar	Hessen	34246	51.3581	9.4797
Lohfelden	Hessen	34253	51.2667	9.5333
Kaufungen	Hessen	34260	51.2811	9.6186
Niestetal	Hessen	34266	51.3083	9.5669
Schauenburg	Hessen	34270	51.2856	9.2717
Fuldabrück	Hessen	34277	51.2667	9.4833
Gudensberg	Hessen	34281	51.1771	9.3675
Spangenberg	Hessen	34286	51.1164	9.6627
Zierenberg	Hessen	34289	51.3695	9.3016
Ahnatal	Hessen	34292	51.35	9.3833
Edermünde	Hessen	34295	51.2125	9.4208
Helsa	Hessen	34298	51.2598	9.6887
Guxhagen	Hessen	34302	51.2	9.4833
Niedenstein	Hessen	34305	51.2334	9.3103
Bad Emstal	Hessen	34308	51.2333	9.25
Naumburg	Hessen	34311	51.2482	9.1657
Espenau	Hessen	34314	51.3966	9.4702
Habichtswald	Hessen	34317	51.3285	9.3392
Söhrewald	Hessen	34320	51.2056	9.5778
Malsfeld	Hessen	34323	51.0908	9.5389
Morschen	Hessen	34326	51.05	9.6
Körle	Hessen	34327	51.1667	9.5167
Nieste	Hessen	34329	51.3167	9.6667
Hannoversch Münden	Niedersachsen	34346	51.4151	9.6505
Staufenberg	Niedersachsen	34355	51.35	9.6333
Reinhardshagen	Hessen	34359	51.4917	9.6083
Hofgeismar	Hessen	34369	51.4961	9.385
Immenhausen	Hessen	34376	51.4429	9.5231
Calden	Hessen	34379	51.4094	9.4019
Bad Karlshafen	Hessen	34385	51.6426	9.4548
Trendelburg	Hessen	34388	51.5741	9.4209
Grebenstein	Hessen	34393	51.4465	9.4125
Liebenau	Hessen	34396	51.497	9.2821
Warburg	Nordrhein-Westfalen	34414	51.4901	9.1464
Marsberg	Nordrhein-Westfalen	34431	51.4617	8.8495
Borgentreich	Nordrhein-Westfalen	34434	51.5692	9.2411
Willebadessen	Nordrhein-Westfalen	34439	51.6256	9.0369
Bad Arolsen	Hessen	34454	51.3798	9.0145
Wolfhagen	Hessen	34466	51.3261	9.1702
Volkmarsen	Hessen	34471	51.409	9.1181
Diemelstadt	Hessen	34474	51.4878	9.0079
Twistetal	Hessen	34477	51.3214	8.9548
Breuna	Hessen	34479	51.4157	9.185
Korbach	Hessen	34497	51.2756	8.873
Willingen (Upland)	Hessen	34508	51.3	8.6167
Waldeck	Hessen	34513	51.2062	9.0629
Vöhl	Hessen	34516	51.1815	8.8878
Diemelsee	Hessen	34519	51.3667	8.8
Bad Wildungen	Hessen	34537	51.1196	9.1247
Edertal	Hessen	34549	51.159	9.0923
Fritzlar	Hessen	34560	51.1318	9.2756
Homberg (Efze)	Hessen	34576	51.0333	9.4
Felsberg	Hessen	34587	51.1376	9.4214
Wabern	Hessen	34590	51.1	9.35
Knüllwald	Hessen	34593	50.9771	9.4865
Bad Zwesten	Hessen	34596	51.05	9.1833
Neuental	Hessen	34599	51	9.2167
Schwalmstadt	Hessen	34613	50.9333	9.2167
Frielendorf	Hessen	34621	50.9707	9.3227
Neukirchen	Hessen	34626	50.8691	9.3465
Willingshausen	Hessen	34628	50.85	9.2
Gilserberg	Hessen	34630	50.95	9.0667
Jesberg	Hessen	34632	51	9.15
Ottrau	Hessen	34633	50.806	9.3857
Schrecksbach	Hessen	34637	50.8333	9.2833
Schwarzenborn	Hessen	34639	50.9098	9.4466
Marburg	Hessen	35037	50.803	8.7625
Marburg	Hessen	35039	50.8098	8.7773
Marburg	Hessen	35041	50.8165	8.7513
Marburg	Hessen	35043	50.7765	8.7645
Frankenberg (Eder)	Hessen	35066	51.0585	8.7833
Gladenbach	Hessen	35075	50.7685	8.5808
Bad Endbach	Hessen	35080	50.75	8.5
Wetter	Hessen	35083	50.9025	8.7237
Ebsdorfergrund	Hessen	35085	50.726	8.857
Battenberg (Eder)	Hessen	35088	51.0136	8.6473
Cölbe	Hessen	35091	50.851	8.7809
Lahntal	Hessen	35094	50.8619	8.6976
Burgwald	Hessen	35099	51	8.75
Lohra	Hessen	35102	50.7333	8.6333
Lichtenfels	Hessen	35104	51.1583	8.7958
Allendorf (Eder)	Hessen	35108	51.0333	8.6792
Frankenau	Hessen	35110	51.0927	8.9345
Fronhausen	Hessen	35112	50.7	8.7
Haina (Kloster)	Hessen	35114	51.0278	8.9667
Hatzfeld (Eder)	Hessen	35116	51.0109	8.5866
Münchhausen	Hessen	35117	50.9608	8.7184
Rosenthal	Hessen	35119	50.9744	8.8674
Biedenkopf	Hessen	35216	50.9112	8.5302
Dautphetal	Hessen	35232	50.8417	8.5542
Breidenbach	Hessen	35236	50.8873	8.4575
Stadtallendorf	Hessen	35260	50.8226	9.0129
Kirchhain	Hessen	35274	50.8272	8.9281
Neustadt (Hessen)	Hessen	35279	50.85	9.1167
Rauschenberg	Hessen	35282	50.8833	8.9186
Gemünden (Wohra)	Hessen	35285	50.9667	8.9667
Amöneburg	Hessen	35287	50.796	8.9233
Wohratal	Hessen	35288	50.9375	8.9333
Grünberg	Hessen	35305	50.594	8.9587
Homberg (Ohm)	Hessen	35315	50.7333	9
Laubach	Hessen	35321	50.542	8.9903
Mücke	Hessen	35325	50.6284	9.0547
Ulrichstein	Hessen	35327	50.5755	9.1927
Gemünden (Felda)	Hessen	35329	50.7	9.05
Gießen	Hessen	35390	50.5849	8.6742
Gießen	Hessen	35392	50.5669	8.6538
Gießen	Hessen	35394	50.5746	8.7135
Gießen	Hessen	35396	50.6165	8.7044
Gießen	Hessen	35398	50.5833	8.65
Hungen	Hessen	35410	50.4737	8.8933
Buseck	Hessen	35418	50.6148	8.783
Lich	Hessen	35423	50.5208	8.8157
Langgöns	Hessen	35428	50.5	8.6667
Wettenberg	Hessen	35435	50.6167	8.65
Linden	Hessen	35440	50.5374	8.6497
Biebertal	Hessen	35444	50.6182	8.6017
Reiskirchen	Hessen	35447	50.6	8.8333
Heuchelheim	Hessen	35452	50.5833	8.6333
Lollar	Hessen	35457	50.6465	8.7049
Staufenberg	Hessen	35460	50.662	8.7316
Fernwald	Hessen	35463	50.55	8.7833
Rabenau	Hessen	35466	50.6775	8.8643
Allendorf (Lumda)	Hessen	35469	50.6833	8.8333
Butzbach	Hessen	35510	50.4339	8.6712
Münzenberg	Hessen	35516	50.4563	8.7293
Rockenberg	Hessen	35519	50.4305	8.7369
Wetzlar	Hessen	35576	50.5665	8.5247
Wetzlar	Hessen	35578	50.5455	8.505
Wetzlar	Hessen	35579	50.55	8.5
Wetzlar	Hessen	35580	50.55	8.5
Wetzlar	Hessen	35581	50.55	8.5
Wetzlar	Hessen	35582	50.55	8.5
Wetzlar	Hessen	35583	50.55	8.5
Wetzlar	Hessen	35584	50.55	8.5
Wetzlar	Hessen	35585	50.55	8.5
Wetzlar	Hessen	35586	50.55	8.5
Solms	Hessen	35606	50.5362	8.407
Aßlar	Hessen	35614	50.5916	8.4627
Braunfels	Hessen	35619	50.5154	8.3892
Hüttenberg	Hessen	35625	50.521	8.5758
Ehringshausen	Hessen	35630	50.6	8.3833
Lahnau	Hessen	35633	50.5833	8.5667
Leun	Hessen	35638	50.5513	8.3584
Schöffengrund	Hessen	35641	50.4935	8.4718
Hohenahr	Hessen	35644	50.6689	8.4896
Waldsolms	Hessen	35647	50.4167	8.5167
Bischoffen	Hessen	35649	50.7	8.45
Dillenburg	Hessen	35683	50.7369	8.2873
Dillenburg	Hessen	35684	50.7333	8.2833
Dillenburg	Hessen	35685	50.7333	8.2833
Dillenburg	Hessen	35686	50.7333	8.2833
Dillenburg	Hessen	35687	50.7333	8.2833
Dillenburg	Hessen	35688	50.7333	8.2833
Dillenburg	Hessen	35689	50.7333	8.2833
Dillenburg	Hessen	35690	50.7333	8.2833
Haiger	Hessen	35708	50.7416	8.2078
Eschenburg	Hessen	35713	50.8083	8.3583
Dietzhölztal	Hessen	35716	50.8333	8.3167
Angelburg	Hessen	35719	50.8063	8.4164
Herborn	Hessen	35745	50.6814	8.3037
Greifenstein	Hessen	35753	50.6167	8.3
Mittenaar	Hessen	35756	50.7	8.3833
Driedorf	Hessen	35759	50.6333	8.1833
Sinn	Hessen	35764	50.65	8.3333
Breitscheid	Hessen	35767	50.6851	8.1912
Siegbach	Hessen	35768	50.739	8.4179
Weilburg	Hessen	35781	50.4844	8.2625
Weilmünster	Hessen	35789	50.4314	8.3767
Löhnberg	Hessen	35792	50.513	8.272
Mengerskirchen	Hessen	35794	50.5639	8.1555
Weinbach	Hessen	35796	50.4384	8.2913
Merenberg	Hessen	35799	50.5071	8.1919
Fulda	Hessen	36037	50.5518	9.6833
Fulda	Hessen	36039	50.5732	9.6824
Fulda	Hessen	36041	50.5569	9.6431
Fulda	Hessen	36043	50.5345	9.6922
Hünfeld	Hessen	36088	50.6797	9.7673
Künzell	Hessen	36093	50.5442	9.7179
Flieden	Hessen	36103	50.4239	9.5666
Schlitz	Hessen	36110	50.6742	9.561
Hilders	Hessen	36115	50.5327	9.9929
Neuhof	Hessen	36119	50.4531	9.6175
Eichenzell	Hessen	36124	50.4954	9.6967
Gersfeld	Hessen	36129	50.4514	9.9142
Eiterfeld	Hessen	36132	50.7667	9.8
Großenlüder	Hessen	36137	50.5925	9.5423
Tann	Hessen	36142	50.6428	10.0238
Hofbieber	Hessen	36145	50.5863	9.8353
Kalbach	Hessen	36148	50.4045	9.6826
Burghaun	Hessen	36151	50.6968	9.7245
Hosenfeld	Hessen	36154	50.505	9.4797
Ebersburg	Hessen	36157	50.4554	9.7863
Dipperz	Hessen	36160	50.5433	9.7959
Poppenhausen	Hessen	36163	50.4879	9.868
Haunetal	Hessen	36166	50.7667	9.6667
Nüsttal	Hessen	36167	50.6333	9.85
Rasdorf	Hessen	36169	50.7167	9.9
Bebra	Hessen	36179	50.9745	9.7956
Rotenburg an der Fulda	Hessen	36199	50.9956	9.7284
Sontra	Hessen	36205	51.0717	9.9356
Wildeck	Hessen	36208	50.95	9.9833
Alheim	Hessen	36211	51.0333	9.6667
Nentershausen	Hessen	36214	51.0167	9.9333
Ronshausen	Hessen	36217	50.95	9.85
Cornberg	Hessen	36219	51.0416	9.8605
Bad Hersfeld	Hessen	36251	50.872	9.7089
Heringen (Werra)	Hessen	36266	50.8833	9.9873
Philippsthal (Werra)	Hessen	36269	50.846	9.9795
Niederaula	Hessen	36272	50.8	9.6
Kirchheim	Hessen	36275	50.8333	9.5667
Schenklengsfeld	Hessen	36277	50.8167	9.85
Oberaula	Hessen	36280	50.85	9.4667
Hauneck	Hessen	36282	50.8167	9.7333
Hohenroda	Hessen	36284	50.8	9.9
Neuenstein	Hessen	36286	50.9333	9.55
Breitenbach am Herzberg	Hessen	36287	50.7752	9.516
Friedewald	Hessen	36289	50.8833	9.8667
Alsfeld	Hessen	36304	50.7518	9.2708
Schwalmtal	Hessen	36318	50.6833	9.3
Kirtorf	Hessen	36320	50.7694	9.1039
Grebenau	Hessen	36323	50.7424	9.4731
Feldatal	Hessen	36325	50.65	9.1667
Romrod	Hessen	36329	50.7134	9.2201
Lauterbach	Hessen	36341	50.6356	9.3978
Grebenhain	Hessen	36355	50.4892	9.3386
Herbstein	Hessen	36358	50.536	9.3874
Bad Salzschlirf	Hessen	36364	50.6239	9.5082
Wartenberg	Hessen	36367	50.6167	9.45
Lautertal	Hessen	36369	50.5833	9.2833
Schlüchtern	Hessen	36381	50.3655	9.5829
Sinntal	Hessen	36391	50.3127	9.6234
Steinau an der Straße	Hessen	36396	50.314	9.4633
Freiensteinau	Hessen	36399	50.4251	9.4027
Martinroda	Thüringen	36404	50.8	10.0667
Unterbreizbach	Thüringen	36414	50.8167	9.9833
Schleid	Thüringen	36419	50.7	9.9667
Leimbach	Thüringen	36433	50.8167	10.2
Steinbach	Thüringen	36448	50.8332	10.3639
Diedorf	Thüringen	36452	50.6617	10.1247
Barchfeld	Thüringen	36456	50.8	10.3
Stadtlengsfeld	Thüringen	36457	50.7833	10.1292
Dorndorf	Thüringen	36460	50.8347	10.0892
Dermbach	Thüringen	36466	50.7138	10.1184
Tiefenort	Thüringen	36469	50.8395	10.166
Göttingen	Niedersachsen	37073	51.5364	9.939
Göttingen	Niedersachsen	37075	51.5509	9.9328
Göttingen	Niedersachsen	37077	51.5604	9.9319
Göttingen	Niedersachsen	37079	51.5333	9.9333
Göttingen	Niedersachsen	37081	51.5335	9.8993
Göttingen	Niedersachsen	37083	51.513	9.9535
Göttingen	Niedersachsen	37085	51.5333	9.9333
Duderstadt	Niedersachsen	37115	51.5131	10.2595
Bovenden	Niedersachsen	37120	51.5884	9.9222
Rosdorf	Niedersachsen	37124	51.5	9.9
Bühren	Niedersachsen	37127	51.4833	9.6833
Gleichen	Niedersachsen	37130	51.4667	10.0333
Friedland	Niedersachsen	37133	51.4192	9.9176
Seeburg	Niedersachsen	37136	51.5667	10.15
Adelebsen	Niedersachsen	37139	51.5827	9.7546
Northeim	Niedersachsen	37154	51.7066	10
Uslar	Niedersachsen	37170	51.6569	9.635
Nörten-Hardenberg	Niedersachsen	37176	51.6288	9.9359
Hardegsen	Niedersachsen	37181	51.6523	9.8305
Moringen	Niedersachsen	37186	51.6992	9.8711
Katlenburg-Lindau	Niedersachsen	37191	51.6833	10.1
Bodenfelde	Niedersachsen	37194	51.6404	9.5557
Hattorf am Harz	Niedersachsen	37197	51.6482	10.2386
Wulften	Niedersachsen	37199	51.66	10.1744
Witzenhausen	Hessen	37213	51.3334	9.858
Witzenhausen	Hessen	37214	51.3333	9.8667
Witzenhausen	Hessen	37215	51.3333	9.8667
Witzenhausen	Hessen	37216	51.3333	9.8667
Witzenhausen	Hessen	37217	51.3333	9.8667
Witzenhausen	Hessen	37218	51.3333	9.8667
Hessisch Lichtenau	Hessen	37235	51.1995	9.7186
Bad Sooden-Allendorf	Hessen	37242	51.2709	9.9748
Großalmerode	Hessen	37247	51.2586	9.7845
Neu-Eichenberg	Hessen	37249	51.3833	9.8833
Eschwege	Hessen	37269	51.1839	10.0533
Meinhard	Hessen	37276	51.2167	10.0667
Wanfried	Hessen	37281	51.1821	10.1728
Waldkappel	Hessen	37284	51.1384	9.9432
Wehretal	Hessen	37287	51.15	10
Meißner	Hessen	37290	51.2	9.9333
Herleshausen	Hessen	37293	51.0063	10.1673
Ringgau	Hessen	37296	51.0833	10.0667
Berkatal	Hessen	37297	51.2333	9.9167
Weißenborn	Hessen	37299	51.1251	10.116
Steinbach	Thüringen	37308	51.4221	10.2187
Schönhagen	Thüringen	37318	51.339	10.0209
Hausen	Thüringen	37327	51.3833	10.3667
Gernrode	Thüringen	37339	51.4	10.4
Bischofferode	Thüringen	37345	51.4966	10.444
Dingelstädt	Thüringen	37351	51.3153	10.3174
Deuna	Thüringen	37355	51.3545	10.4744
Büttstedt	Thüringen	37359	51.2597	10.3064
Elbingerode	Niedersachsen	37412	51.6592	10.2777
Bad Lauterberg im Harz	Niedersachsen	37431	51.6327	10.4703
Bilshausen	Niedersachsen	37434	51.6297	10.1586
Bad Sachsa	Niedersachsen	37441	51.595	10.5555
Sankt Andreasberg	Niedersachsen	37444	51.71	10.5187
Walkenried	Niedersachsen	37445	51.5833	10.6167
Wieda	Niedersachsen	37447	51.634	10.587
Zorge	Niedersachsen	37449	51.6333	10.6333
Osterode am Harz	Niedersachsen	37520	51.7269	10.2509
Badenhausen	Niedersachsen	37534	51.77	10.2049
Bad Grund (Harz)	Niedersachsen	37539	51.8167	10.2333
Kreiensen	Niedersachsen	37547	51.8536	9.9648
Einbeck	Niedersachsen	37574	51.8202	9.8696
Bad Gandersheim	Niedersachsen	37581	51.8717	10.0254
Dassel	Niedersachsen	37586	51.8018	9.689
Kalefeld	Niedersachsen	37589	51.8	10.0333
Holzminden	Niedersachsen	37603	51.828	9.4455
Bodenwerder	Niedersachsen	37619	51.9716	9.5193
Halle	Niedersachsen	37620	51.9912	9.5653
Arholzen	Niedersachsen	37627	51.8667	9.5667
Eimen	Niedersachsen	37632	51.8833	9.7833
Dielmissen	Niedersachsen	37633	51.9706	9.6067
Lüerdissen	Niedersachsen	37635	51.9527	9.6245
Bevern	Niedersachsen	37639	51.8583	9.4941
Golmbach	Niedersachsen	37640	51.9	9.55
Holenberg	Niedersachsen	37642	51.9167	9.5833
Negenborn	Niedersachsen	37643	51.8833	9.5667
Brevörde	Niedersachsen	37647	51.9167	9.4167
Heinsen	Niedersachsen	37649	51.8833	9.4333
Höxter	Nordrhein-Westfalen	37671	51.775	9.3816
Beverungen	Nordrhein-Westfalen	37688	51.668	9.3742
Boffzen	Niedersachsen	37691	51.75	9.3833
Marienmünster	Nordrhein-Westfalen	37696	51.8333	9.2167
Lauenförde	Niedersachsen	37697	51.6594	9.3871
Fürstenberg	Niedersachsen	37699	51.7333	9.4
Braunschweig	Niedersachsen	38023	52.255	10.541
Braunschweig	Niedersachsen	38100	52.2647	10.5233
Braunschweig	Niedersachsen	38102	52.2575	10.5365
Braunschweig	Niedersachsen	38104	52.2835	10.5822
Braunschweig	Niedersachsen	38106	52.2789	10.5427
Braunschweig	Niedersachsen	38108	52.3015	10.5688
Braunschweig	Niedersachsen	38110	52.328	10.4761
Braunschweig	Niedersachsen	38112	52.3022	10.4979
Braunschweig	Niedersachsen	38114	52.2764	10.5127
Braunschweig	Niedersachsen	38116	52.2667	10.5333
Braunschweig	Niedersachsen	38118	52.259	10.5002
Braunschweig	Niedersachsen	38120	52.2546	10.4879
Braunschweig	Niedersachsen	38122	52.224	10.4989
Braunschweig	Niedersachsen	38124	52.2258	10.5271
Braunschweig	Niedersachsen	38126	52.2443	10.5594
Königslutter am Elm	Niedersachsen	38154	52.2512	10.8168
Vechelde	Niedersachsen	38159	52.2604	10.3649
Cremlingen	Niedersachsen	38162	52.25	10.65
Lehre	Niedersachsen	38165	52.3333	10.6667
Dahlum	Niedersachsen	38170	52.1333	10.85
Veltheim	Niedersachsen	38173	52.2187	10.6833
Wendeburg	Niedersachsen	38176	52.3296	10.3926
Schwülper	Niedersachsen	38179	52.3481	10.4463
Salzgitter	Niedersachsen	38226	52.1221	10.3761
Salzgitter	Niedersachsen	38228	52.1221	10.3761
Salzgitter	Niedersachsen	38229	52.1221	10.3761
Salzgitter	Niedersachsen	38239	52.1221	10.3761
Salzgitter	Niedersachsen	38259	52.1221	10.3761
Lengede	Niedersachsen	38268	52.2049	10.3078
Baddeckenstedt	Niedersachsen	38271	52.0833	10.2333
Burgdorf	Niedersachsen	38272	52.1443	10.2176
Elbe	Niedersachsen	38274	52.0833	10.2833
Haverlah	Niedersachsen	38275	52.0541	10.3282
Heere	Niedersachsen	38277	52.0667	10.25
Sehlde	Niedersachsen	38279	52.0389	10.2657
Wolfenbüttel	Niedersachsen	38281	52.159	10.535
Wolfenbüttel	Niedersachsen	38300	52.1578	10.5579
Wolfenbüttel	Niedersachsen	38302	52.1661	10.5514
Wolfenbüttel	Niedersachsen	38304	52.1424	10.5484
Achim	Niedersachsen	38312	52.0593	10.6107
Hornburg	Niedersachsen	38315	52.031	10.6049
Remlingen	Niedersachsen	38319	52.1137	10.6741
Denkte	Niedersachsen	38321	52.15	10.6083
Hedeper	Niedersachsen	38322	52.0667	10.6833
Kissenbrück	Niedersachsen	38324	52.1096	10.59
Roklum	Niedersachsen	38325	52.0666	10.7409
Semmenstedt	Niedersachsen	38327	52.0937	10.6969
Wittmar	Niedersachsen	38329	52.1297	10.64
Helmstedt	Niedersachsen	38350	52.2279	11.0098
Schöningen	Niedersachsen	38364	52.138	10.9674
Grasleben	Niedersachsen	38368	52.3064	11.0147
Büddenstedt	Niedersachsen	38372	52.1704	11.0188
Frellstedt	Niedersachsen	38373	52.2057	10.9154
Räbke	Niedersachsen	38375	52.196	10.8787
Süpplingenburg	Niedersachsen	38376	52.2507	10.9101
Warberg	Niedersachsen	38378	52.1812	10.9197
Wolsdorf	Niedersachsen	38379	52.191	10.9388
Jerxheim	Niedersachsen	38381	52.0817	10.8984
Beierstedt	Niedersachsen	38382	52.0741	10.8581
Gevensleben	Niedersachsen	38384	52.0766	10.8222
Ingeleben	Niedersachsen	38385	52.1066	10.8734
Söllingen	Niedersachsen	38387	52.0898	10.9252
Twieflingen	Niedersachsen	38388	52.1248	10.9168
Wolfsburg	Niedersachsen	38440	52.4239	10.7812
Wolfsburg	Niedersachsen	38442	52.4204	10.7188
Wolfsburg	Niedersachsen	38444	52.4003	10.7531
Wolfsburg	Niedersachsen	38446	52.3808	10.8285
Wolfsburg	Niedersachsen	38448	52.4231	10.8224
Velpke	Niedersachsen	38458	52.408	10.9364
Bahrdorf	Niedersachsen	38459	52.3859	11.0004
Danndorf	Niedersachsen	38461	52.4247	10.9129
Grafhorst	Niedersachsen	38462	52.4448	10.9451
Groß Twülpstedt	Niedersachsen	38464	52.3736	10.9193
Brome	Niedersachsen	38465	52.6002	10.9375
Bergfeld	Niedersachsen	38467	52.544	10.8451
Ehra-Lessien	Niedersachsen	38468	52.5667	10.8
Parsau	Niedersachsen	38470	52.5347	10.8902
Rühen	Niedersachsen	38471	52.4856	10.8864
Tiddische	Niedersachsen	38473	52.5167	10.8
Tülau	Niedersachsen	38474	52.5758	10.8782
Barwedel	Niedersachsen	38476	52.5219	10.7749
Jembke	Niedersachsen	38477	52.5	10.7667
Tappenbeck	Niedersachsen	38479	52.4705	10.7407
Neuendorf	Sachsen-Anhalt	38486	52.6773	11.216
Rohrberg	Sachsen-Anhalt	38489	52.7075	11.0409
Gifhorn	Niedersachsen	38518	52.4777	10.5511
Sassenburg	Niedersachsen	38524	52.5167	10.6333
Meine	Niedersachsen	38527	52.3849	10.5393
Adenbüttel	Niedersachsen	38528	52.3798	10.4508
Didderse	Niedersachsen	38530	52.3804	10.4029
Rötgesbüttel	Niedersachsen	38531	52.4167	10.5333
Vordorf	Niedersachsen	38533	52.3652	10.5204
Meinersen	Niedersachsen	38536	52.4744	10.3525
Müden (Aller)	Niedersachsen	38539	52.5333	10.3667
Leiferde	Niedersachsen	38542	52.4395	10.4346
Hillerse	Niedersachsen	38543	52.4167	10.4
Calberlah	Niedersachsen	38547	52.4207	10.6233
Isenbüttel	Niedersachsen	38550	52.4333	10.5833
Ribbesbüttel	Niedersachsen	38551	52.4344	10.51
Wasbüttel	Niedersachsen	38553	52.4133	10.5936
Weyhausen	Niedersachsen	38554	52.4621	10.717
Bokensdorf	Niedersachsen	38556	52.5	10.7167
Osloß	Niedersachsen	38557	52.4693	10.6801
Wagenhoff	Niedersachsen	38559	52.5523	10.5234
Goslar	Niedersachsen	38640	51.9191	10.4167
Goslar	Niedersachsen	38642	51.9191	10.4167
Goslar	Niedersachsen	38644	51.9191	10.4167
Bad Harzburg	Niedersachsen	38667	51.8827	10.5616
Clausthal-Zellerfeld	Niedersachsen	38678	51.8095	10.3382
Langelsheim	Niedersachsen	38685	51.9238	10.3866
Vienenburg	Niedersachsen	38690	51.9524	10.5637
Braunlage	Niedersachsen	38700	51.7265	10.6109
Liebenburg	Niedersachsen	38704	52.0218	10.4317
Altenau	Niedersachsen	38707	51.8011	10.4415
Wildemann	Niedersachsen	38709	51.8281	10.2815
Seesen	Niedersachsen	38723	51.891	10.1785
Hahausen	Niedersachsen	38729	51.95	10.2167
Halberstadt	Sachsen-Anhalt	38820	51.8956	11.0562
Aspenstedt	Sachsen-Anhalt	38822	51.936	10.9496
Wegeleben	Sachsen-Anhalt	38828	51.8838	11.1735
Harsleben	Sachsen-Anhalt	38829	51.8667	11.1
Veltheim	Sachsen-Anhalt	38835	52.0349	10.7451
Anderbeck	Sachsen-Anhalt	38836	51.9818	10.9336
Aderstedt	Sachsen-Anhalt	38838	52.0308	10.9973
Danstedt	Sachsen-Anhalt	38855	51.9119	10.8864
Langeln	Sachsen-Anhalt	38871	51.9119	10.7944
Elbingerode	Sachsen-Anhalt	38875	51.7704	10.8056
Benneckenstein	Sachsen-Anhalt	38877	51.6682	10.7172
Schierke	Sachsen-Anhalt	38879	51.7639	10.6621
Blankenburg	Sachsen-Anhalt	38889	51.7902	10.9551
Langenstein	Sachsen-Anhalt	38895	51.8555	10.9882
Hasselfelde	Sachsen-Anhalt	38899	51.6905	10.8537
Magdeburg	Sachsen-Anhalt	39014	52.082	11.586
Magdeburg	Sachsen-Anhalt	39104	52.1243	11.6322
Magdeburg	Sachsen-Anhalt	39106	52.1469	11.6498
Magdeburg	Sachsen-Anhalt	39108	52.1333	11.6167
Magdeburg	Sachsen-Anhalt	39110	52.1263	11.6011
Magdeburg	Sachsen-Anhalt	39112	52.1104	11.6011
Magdeburg	Sachsen-Anhalt	39114	52.1333	11.6167
Magdeburg	Sachsen-Anhalt	39118	52.1333	11.6167
Magdeburg	Sachsen-Anhalt	39124	52.1638	11.6333
Magdeburg	Sachsen-Anhalt	39126	52.1805	11.6504
Magdeburg	Sachsen-Anhalt	39128	52.1624	11.6165
Magdeburg	Sachsen-Anhalt	39130	52.1561	11.5789
Bottmersdorf	Sachsen-Anhalt	39164	52.0303	11.4291
Wellen	Sachsen-Anhalt	39167	52.1452	11.4411
Sülzetal	Sachsen-Anhalt	39171	52.0167	11.55
Woltersdorf	Sachsen-Anhalt	39175	52.1552	11.7775
Barleben	Sachsen-Anhalt	39179	52.1944	11.5889
Schönebeck (Elbe)	Sachsen-Anhalt	39217	52.0183	11.724
Schönebeck (Elbe)	Sachsen-Anhalt	39218	52.0183	11.724
Eickendorf	Sachsen-Anhalt	39221	51.9477	11.6754
Breitenhagen	Sachsen-Anhalt	39240	51.9234	11.949
Dannigkow	Sachsen-Anhalt	39245	52.0704	11.8742
Glinde	Sachsen-Anhalt	39249	52.0092	11.8508
Zerbst	Sachsen-Anhalt	39261	51.9662	12.0852
Dornburg	Sachsen-Anhalt	39264	52.034	11.8802
Hobeck	Sachsen-Anhalt	39279	52.0774	12.0411
Burg	Sachsen-Anhalt	39288	52.2667	11.8631
Drewitz	Sachsen-Anhalt	39291	52.2155	12.1649
Brettin	Sachsen-Anhalt	39307	52.4264	12.1825
Elbe-Parey	Sachsen-Anhalt	39317	52.3833	12.0167
Jerichow	Sachsen-Anhalt	39319	52.5005	12.0238
Hermsdorf	Sachsen-Anhalt	39326	52.1874	11.4756
Haldensleben	Sachsen-Anhalt	39340	52.3006	11.4303
Emden	Sachsen-Anhalt	39343	52.24	11.2809
Born	Sachsen-Anhalt	39345	52.3757	11.4707
Walbeck	Sachsen-Anhalt	39356	52.2792	11.0653
Bösdorf	Sachsen-Anhalt	39359	52.4141	11.0725
Seehausen	Sachsen-Anhalt	39365	52.1029	11.2915
Altbrandsleben	Sachsen-Anhalt	39387	52.0741	11.2502
Am Großen Bruch	Sachsen-Anhalt	39393	52.0556	11.0722
Nienhagen	Sachsen-Anhalt	39397	51.95	11.1645
Alikendorf	Sachsen-Anhalt	39398	51.9878	11.2845
Staßfurt	Sachsen-Anhalt	39418	51.8519	11.5851
Borne	Sachsen-Anhalt	39435	51.9488	11.5586
Rathmannsdorf	Sachsen-Anhalt	39439	51.8209	11.6271
Atzendorf	Sachsen-Anhalt	39443	51.9195	11.5991
Hecklingen	Sachsen-Anhalt	39444	51.847	11.5342
Löderburg	Sachsen-Anhalt	39446	51.8761	11.5397
Etgersleben	Sachsen-Anhalt	39448	51.9791	11.4127
Buch	Sachsen-Anhalt	39517	52.4865	11.9457
Schönfeld	Sachsen-Anhalt	39524	52.7263	12.0615
Havelberg	Sachsen-Anhalt	39539	52.8309	12.0755
Stendal	Sachsen-Anhalt	39576	52.6069	11.8587
Buchholz	Sachsen-Anhalt	39579	52.54	11.7901
Heeren	Sachsen-Anhalt	39590	52.5427	11.8865
Beelitz	Sachsen-Anhalt	39596	52.6883	11.9536
Insel	Sachsen-Anhalt	39599	52.5619	11.7536
Behrendorf	Sachsen-Anhalt	39606	52.8264	11.9602
Schönberg	Sachsen-Anhalt	39615	52.88	11.8252
Kläden	Sachsen-Anhalt	39619	52.8647	11.4347
Altmersleben	Sachsen-Anhalt	39624	52.6855	11.4244
Bismark (Altmark)	Sachsen-Anhalt	39629	52.6667	11.5667
Berge	Sachsen-Anhalt	39638	52.5524	11.3693
Oebisfelde	Sachsen-Anhalt	39646	52.4342	10.9879
Dannefeld	Sachsen-Anhalt	39649	52.5061	11.1401
Düsseldorf	Nordrhein-Westfalen	40210	51.2216	6.7897
Düsseldorf	Nordrhein-Westfalen	40211	51.2278	6.7861
Düsseldorf	Nordrhein-Westfalen	40212	51.223	6.7827
Düsseldorf	Nordrhein-Westfalen	40213	51.2249	6.7743
Düsseldorf	Nordrhein-Westfalen	40215	51.2165	6.7836
Düsseldorf	Nordrhein-Westfalen	40217	51.2157	6.7767
Düsseldorf	Nordrhein-Westfalen	40219	51.2125	6.7637
Düsseldorf	Nordrhein-Westfalen	40221	51.2002	6.7564
Düsseldorf	Nordrhein-Westfalen	40223	51.1998	6.7727
Düsseldorf	Nordrhein-Westfalen	40225	51.2055	6.7885
Düsseldorf	Nordrhein-Westfalen	40227	51.2117	6.8071
Düsseldorf	Nordrhein-Westfalen	40229	51.1984	6.8415
Düsseldorf	Nordrhein-Westfalen	40231	51.217	6.8254
Düsseldorf	Nordrhein-Westfalen	40233	51.2214	6.8116
Düsseldorf	Nordrhein-Westfalen	40235	51.2301	6.8216
Düsseldorf	Nordrhein-Westfalen	40237	51.2352	6.8191
Düsseldorf	Nordrhein-Westfalen	40239	51.2167	6.7667
Düsseldorf	Nordrhein-Westfalen	40468	51.2561	6.7808
Düsseldorf	Nordrhein-Westfalen	40470	51.2517	6.8143
Düsseldorf	Nordrhein-Westfalen	40472	51.2686	6.81
Düsseldorf	Nordrhein-Westfalen	40474	51.2696	6.748
Düsseldorf	Nordrhein-Westfalen	40476	51.2465	6.7855
Düsseldorf	Nordrhein-Westfalen	40477	51.2371	6.7795
Düsseldorf	Nordrhein-Westfalen	40479	51.2167	6.7667
Düsseldorf	Nordrhein-Westfalen	40489	51.2167	6.7667
Düsseldorf	Nordrhein-Westfalen	40545	51.2167	6.7667
Düsseldorf	Nordrhein-Westfalen	40547	51.2429	6.7428
Düsseldorf	Nordrhein-Westfalen	40549	51.2302	6.7135
Düsseldorf	Nordrhein-Westfalen	40589	51.1668	6.8253
Düsseldorf	Nordrhein-Westfalen	40591	51.1953	6.8324
Düsseldorf	Nordrhein-Westfalen	40593	51.2167	6.7667
Düsseldorf	Nordrhein-Westfalen	40595	51.2167	6.7667
Düsseldorf	Nordrhein-Westfalen	40597	51.1659	6.8773
Düsseldorf	Nordrhein-Westfalen	40599	51.1809	6.8598
Düsseldorf	Nordrhein-Westfalen	40625	51.2322	6.8567
Düsseldorf	Nordrhein-Westfalen	40627	51.2167	6.7667
Düsseldorf	Nordrhein-Westfalen	40629	51.2596	6.8898
Meerbusch	Nordrhein-Westfalen	40667	51.2503	6.6899
Meerbusch	Nordrhein-Westfalen	40668	51.3042	6.6718
Meerbusch	Nordrhein-Westfalen	40670	51.2734	6.6484
Erkrath	Nordrhein-Westfalen	40699	51.2223	6.9083
Hilden	Nordrhein-Westfalen	40721	51.1694	6.9253
Hilden	Nordrhein-Westfalen	40723	51.1578	6.939
Hilden	Nordrhein-Westfalen	40724	51.1803	6.9472
Langenfeld	Nordrhein-Westfalen	40764	51.1082	6.9483
Monheim am Rhein	Nordrhein-Westfalen	40789	51.0916	6.8922
Mettmann	Nordrhein-Westfalen	40822	51.2504	6.9754
Ratingen	Nordrhein-Westfalen	40832	51.3	6.85
Ratingen	Nordrhein-Westfalen	40878	51.2922	6.8485
Ratingen	Nordrhein-Westfalen	40880	51.3	6.85
Ratingen	Nordrhein-Westfalen	40882	51.2984	6.8585
Ratingen	Nordrhein-Westfalen	40883	51.3	6.85
Ratingen	Nordrhein-Westfalen	40885	51.3394	6.8528
Mönchengladbach	Nordrhein-Westfalen	41061	51.1958	6.4387
Mönchengladbach	Nordrhein-Westfalen	41063	51.2	6.4333
Mönchengladbach	Nordrhein-Westfalen	41065	51.1911	6.4467
Mönchengladbach	Nordrhein-Westfalen	41066	51.2249	6.4838
Mönchengladbach	Nordrhein-Westfalen	41068	51.1977	6.3911
Mönchengladbach	Nordrhein-Westfalen	41069	51.1768	6.4021
Mönchengladbach	Nordrhein-Westfalen	41169	51.2	6.4333
Mönchengladbach	Nordrhein-Westfalen	41179	51.1723	6.3414
Mönchengladbach	Nordrhein-Westfalen	41189	51.139	6.4102
Mönchengladbach	Nordrhein-Westfalen	41199	51.129	6.4386
Mönchengladbach	Nordrhein-Westfalen	41236	51.1666	6.4427
Mönchengladbach	Nordrhein-Westfalen	41238	51.1514	6.4703
Mönchengladbach	Nordrhein-Westfalen	41239	51.1604	6.4172
Nettetal	Nordrhein-Westfalen	41334	51.3246	6.2329
Korschenbroich	Nordrhein-Westfalen	41352	51.1914	6.5135
Jüchen	Nordrhein-Westfalen	41363	51.1	6.5
Schwalmtal	Nordrhein-Westfalen	41366	51.2167	6.2667
Niederkrüchten	Nordrhein-Westfalen	41372	51.2108	6.1775
Brüggen	Nordrhein-Westfalen	41379	51.2405	6.1838
Neuss	Nordrhein-Westfalen	41460	51.2014	6.6944
Neuss	Nordrhein-Westfalen	41462	51.2154	6.6631
Neuss	Nordrhein-Westfalen	41464	51.1843	6.6821
Neuss	Nordrhein-Westfalen	41466	51.1682	6.6847
Neuss	Nordrhein-Westfalen	41468	51.1646	6.7519
Neuss	Nordrhein-Westfalen	41469	51.1576	6.7328
Neuss	Nordrhein-Westfalen	41470	51.2	6.6833
Neuss	Nordrhein-Westfalen	41472	51.2	6.6833
Grevenbroich	Nordrhein-Westfalen	41515	51.0904	6.6067
Grevenbroich	Nordrhein-Westfalen	41516	51.1292	6.6245
Grevenbroich	Nordrhein-Westfalen	41517	51.0833	6.5833
Dormagen	Nordrhein-Westfalen	41539	51.0964	6.84
Dormagen	Nordrhein-Westfalen	41540	51.0923	6.8114
Dormagen	Nordrhein-Westfalen	41541	51.127	6.8068
Dormagen	Nordrhein-Westfalen	41542	51.113	6.7752
Kaarst	Nordrhein-Westfalen	41564	51.2293	6.6188
Rommerskirchen	Nordrhein-Westfalen	41569	51.0333	6.6833
Viersen	Nordrhein-Westfalen	41747	51.2556	6.3917
Viersen	Nordrhein-Westfalen	41748	51.25	6.3833
Viersen	Nordrhein-Westfalen	41749	51.2852	6.3871
Viersen	Nordrhein-Westfalen	41751	51.25	6.3833
Erkelenz	Nordrhein-Westfalen	41812	51.0795	6.3153
Hückelhoven	Nordrhein-Westfalen	41836	51.0555	6.2266
Wegberg	Nordrhein-Westfalen	41844	51.1422	6.2844
Wassenberg	Nordrhein-Westfalen	41849	51.1001	6.1548
Wuppertal	Nordrhein-Westfalen	42103	51.2569	7.1505
Wuppertal	Nordrhein-Westfalen	42105	51.2649	7.1307
Wuppertal	Nordrhein-Westfalen	42107	51.2619	7.1513
Wuppertal	Nordrhein-Westfalen	42109	51.2765	7.1559
Wuppertal	Nordrhein-Westfalen	42111	51.2667	7.1833
Wuppertal	Nordrhein-Westfalen	42113	51.2678	7.1285
Wuppertal	Nordrhein-Westfalen	42115	51.2497	7.103
Wuppertal	Nordrhein-Westfalen	42117	51.2498	7.1239
Wuppertal	Nordrhein-Westfalen	42119	51.2441	7.1661
Wuppertal	Nordrhein-Westfalen	42275	51.2718	7.204
Wuppertal	Nordrhein-Westfalen	42277	51.2742	7.2203
Wuppertal	Nordrhein-Westfalen	42279	51.3077	7.2522
Wuppertal	Nordrhein-Westfalen	42281	51.2878	7.194
Wuppertal	Nordrhein-Westfalen	42283	51.2699	7.1838
Wuppertal	Nordrhein-Westfalen	42285	51.259	7.1695
Wuppertal	Nordrhein-Westfalen	42287	51.2432	7.2066
Wuppertal	Nordrhein-Westfalen	42289	51.2667	7.1833
Wuppertal	Nordrhein-Westfalen	42327	51.2424	7.06
Wuppertal	Nordrhein-Westfalen	42329	51.2221	7.0639
Wuppertal	Nordrhein-Westfalen	42349	51.216	7.1418
Wuppertal	Nordrhein-Westfalen	42369	51.2298	7.202
Wuppertal	Nordrhein-Westfalen	42389	51.2732	7.235
Wuppertal	Nordrhein-Westfalen	42399	51.2667	7.1833
Radevormwald	Nordrhein-Westfalen	42477	51.2022	7.3603
Wülfrath	Nordrhein-Westfalen	42489	51.282	7.0382
Hückeswagen	Nordrhein-Westfalen	42499	51.1498	7.3447
Velbert	Nordrhein-Westfalen	42549	51.3336	7.027
Velbert	Nordrhein-Westfalen	42551	51.3434	7.0594
Velbert	Nordrhein-Westfalen	42553	51.3005	7.0914
Velbert	Nordrhein-Westfalen	42555	51.3515	7.1302
Heiligenhaus	Nordrhein-Westfalen	42579	51.3266	6.9711
Solingen	Nordrhein-Westfalen	42651	51.1728	7.094
Solingen	Nordrhein-Westfalen	42653	51.1878	7.0785
Solingen	Nordrhein-Westfalen	42655	51.176	7.0653
Solingen	Nordrhein-Westfalen	42657	51.1532	7.0595
Solingen	Nordrhein-Westfalen	42659	51.1595	7.1036
Solingen	Nordrhein-Westfalen	42697	51.1611	7.0016
Solingen	Nordrhein-Westfalen	42699	51.156	7.0152
Solingen	Nordrhein-Westfalen	42719	51.1825	7.0454
Haan	Nordrhein-Westfalen	42781	51.1938	7.0133
Leichlingen	Nordrhein-Westfalen	42799	51.1063	7.0187
Remscheid	Nordrhein-Westfalen	42853	51.1802	7.1872
Remscheid	Nordrhein-Westfalen	42855	51.1807	7.2066
Remscheid	Nordrhein-Westfalen	42857	51.1775	7.1661
Remscheid	Nordrhein-Westfalen	42859	51.1833	7.2
Remscheid	Nordrhein-Westfalen	42897	51.1833	7.2556
Remscheid	Nordrhein-Westfalen	42899	51.2201	7.2407
Wermelskirchen	Nordrhein-Westfalen	42929	51.1397	7.2158
Dortmund	Nordrhein-Westfalen	44135	51.5125	7.477
Dortmund	Nordrhein-Westfalen	44137	51.5097	7.4601
Dortmund	Nordrhein-Westfalen	44139	51.4995	7.4717
Dortmund	Nordrhein-Westfalen	44141	51.5044	7.4998
Dortmund	Nordrhein-Westfalen	44143	51.5208	7.5184
Dortmund	Nordrhein-Westfalen	44145	51.529	7.4802
Dortmund	Nordrhein-Westfalen	44147	51.5198	7.4378
Dortmund	Nordrhein-Westfalen	44149	51.5005	7.4063
Dortmund	Nordrhein-Westfalen	44225	51.4759	7.4434
Dortmund	Nordrhein-Westfalen	44227	51.444	7.4546
Dortmund	Nordrhein-Westfalen	44229	51.4455	7.4642
Dortmund	Nordrhein-Westfalen	44263	51.4847	7.4996
Dortmund	Nordrhein-Westfalen	44265	51.461	7.4837
Dortmund	Nordrhein-Westfalen	44267	51.469	7.5154
Dortmund	Nordrhein-Westfalen	44269	51.4856	7.5366
Dortmund	Nordrhein-Westfalen	44287	51.4996	7.5495
Dortmund	Nordrhein-Westfalen	44289	51.5161	7.4683
Dortmund	Nordrhein-Westfalen	44309	51.5251	7.5475
Dortmund	Nordrhein-Westfalen	44319	51.5301	7.5972
Dortmund	Nordrhein-Westfalen	44328	51.553	7.5385
Dortmund	Nordrhein-Westfalen	44329	51.5161	7.4683
Dortmund	Nordrhein-Westfalen	44339	51.5607	7.4657
Dortmund	Nordrhein-Westfalen	44357	51.5161	7.4683
Dortmund	Nordrhein-Westfalen	44359	51.5724	7.3892
Dortmund	Nordrhein-Westfalen	44369	51.5287	7.4137
Dortmund	Nordrhein-Westfalen	44379	51.525	7.3676
Dortmund	Nordrhein-Westfalen	44388	51.501	7.3371
Lünen	Nordrhein-Westfalen	44532	51.6067	7.5241
Lünen	Nordrhein-Westfalen	44534	51.6189	7.5222
Lünen	Nordrhein-Westfalen	44536	51.5993	7.4681
Castrop-Rauxel	Nordrhein-Westfalen	44575	51.55	7.3167
Castrop-Rauxel	Nordrhein-Westfalen	44577	51.55	7.3167
Castrop-Rauxel	Nordrhein-Westfalen	44579	51.55	7.3167
Castrop-Rauxel	Nordrhein-Westfalen	44581	51.55	7.3167
Herne	Nordrhein-Westfalen	44623	51.5426	7.219
Herne	Nordrhein-Westfalen	44625	51.5324	7.206
Herne	Nordrhein-Westfalen	44627	51.55	7.2167
Herne	Nordrhein-Westfalen	44628	51.55	7.2167
Herne	Nordrhein-Westfalen	44629	51.5493	7.2149
Herne	Nordrhein-Westfalen	44649	51.5329	7.1611
Herne	Nordrhein-Westfalen	44651	51.55	7.2167
Herne	Nordrhein-Westfalen	44652	51.5312	7.1704
Herne	Nordrhein-Westfalen	44653	51.5448	7.1691
Bochum	Nordrhein-Westfalen	44787	51.4803	7.2183
Bochum	Nordrhein-Westfalen	44789	51.4661	7.2491
Bochum	Nordrhein-Westfalen	44791	51.49	7.2493
Bochum	Nordrhein-Westfalen	44793	51.4822	7.1868
Bochum	Nordrhein-Westfalen	44795	51.4501	7.1984
Bochum	Nordrhein-Westfalen	44797	51.4285	7.2424
Bochum	Nordrhein-Westfalen	44799	51.4509	7.2388
Bochum	Nordrhein-Westfalen	44801	51.4833	7.2167
Bochum	Nordrhein-Westfalen	44803	51.4637	7.2446
Bochum	Nordrhein-Westfalen	44805	51.518	7.2722
Bochum	Nordrhein-Westfalen	44807	51.5156	7.2118
Bochum	Nordrhein-Westfalen	44809	51.4997	7.1944
Bochum	Nordrhein-Westfalen	44866	51.4808	7.1486
Bochum	Nordrhein-Westfalen	44867	51.4645	7.1418
Bochum	Nordrhein-Westfalen	44869	51.4658	7.1572
Bochum	Nordrhein-Westfalen	44879	51.4271	7.1543
Bochum	Nordrhein-Westfalen	44892	51.4745	7.311
Bochum	Nordrhein-Westfalen	44894	51.4925	7.3106
Essen	Nordrhein-Westfalen	45127	51.4535	7.0102
Essen	Nordrhein-Westfalen	45128	51.4457	7.0103
Essen	Nordrhein-Westfalen	45130	51.434	7.0161
Essen	Nordrhein-Westfalen	45131	51.4273	6.9967
Essen	Nordrhein-Westfalen	45133	51.4112	6.9931
Essen	Nordrhein-Westfalen	45134	51.4232	7.0298
Essen	Nordrhein-Westfalen	45136	51.4353	7.0352
Essen	Nordrhein-Westfalen	45138	51.447	7.0381
Essen	Nordrhein-Westfalen	45139	51.4602	7.0439
Essen	Nordrhein-Westfalen	45141	51.4705	7.0221
Essen	Nordrhein-Westfalen	45143	51.4631	6.9741
Essen	Nordrhein-Westfalen	45144	51.45	7.0167
Essen	Nordrhein-Westfalen	45145	51.449	6.9734
Essen	Nordrhein-Westfalen	45147	51.4408	6.9863
Essen	Nordrhein-Westfalen	45149	51.4209	6.9708
Essen	Nordrhein-Westfalen	45219	51.45	7.0167
Essen	Nordrhein-Westfalen	45239	51.3806	7.0169
Essen	Nordrhein-Westfalen	45257	51.3935	7.0825
Essen	Nordrhein-Westfalen	45259	51.45	7.0167
Essen	Nordrhein-Westfalen	45276	51.4467	7.0821
Essen	Nordrhein-Westfalen	45277	51.45	7.0167
Essen	Nordrhein-Westfalen	45279	51.45	7.0167
Essen	Nordrhein-Westfalen	45289	51.4159	7.1215
Essen	Nordrhein-Westfalen	45307	51.4614	7.0785
Essen	Nordrhein-Westfalen	45309	51.4804	7.0714
Essen	Nordrhein-Westfalen	45326	51.4844	7.005
Essen	Nordrhein-Westfalen	45327	51.4992	7.0488
Essen	Nordrhein-Westfalen	45329	51.5032	7.0073
Essen	Nordrhein-Westfalen	45355	51.4698	6.9517
Essen	Nordrhein-Westfalen	45356	51.4824	6.9748
Essen	Nordrhein-Westfalen	45357	51.4918	6.9402
Essen	Nordrhein-Westfalen	45359	51.4681	6.9174
Mülheim an der Ruhr	Nordrhein-Westfalen	45403	51.4333	6.8833
Mülheim an der Ruhr	Nordrhein-Westfalen	45468	51.4268	6.8806
Mülheim an der Ruhr	Nordrhein-Westfalen	45470	51.4194	6.8937
Mülheim an der Ruhr	Nordrhein-Westfalen	45472	51.4374	6.9566
Mülheim an der Ruhr	Nordrhein-Westfalen	45473	51.4421	6.8982
Mülheim an der Ruhr	Nordrhein-Westfalen	45475	51.4587	6.8885
Mülheim an der Ruhr	Nordrhein-Westfalen	45476	51.449	6.8612
Mülheim an der Ruhr	Nordrhein-Westfalen	45478	51.4326	6.8216
Mülheim an der Ruhr	Nordrhein-Westfalen	45479	51.422	6.8566
Mülheim an der Ruhr	Nordrhein-Westfalen	45481	51.4004	6.8773
Hattingen	Nordrhein-Westfalen	45525	51.3954	7.1779
Hattingen	Nordrhein-Westfalen	45527	51.4	7.1667
Hattingen	Nordrhein-Westfalen	45529	51.4	7.1667
Sprockhövel	Nordrhein-Westfalen	45549	51.3467	7.2434
Recklinghausen	Nordrhein-Westfalen	45657	51.6132	7.1956
Recklinghausen	Nordrhein-Westfalen	45659	51.6007	7.1927
Recklinghausen	Nordrhein-Westfalen	45661	51.6167	7.2
Recklinghausen	Nordrhein-Westfalen	45663	51.5794	7.2158
Recklinghausen	Nordrhein-Westfalen	45665	51.6017	7.2183
Herten	Nordrhein-Westfalen	45699	51.5964	7.1439
Herten	Nordrhein-Westfalen	45701	51.5996	7.0962
Datteln	Nordrhein-Westfalen	45711	51.656	7.3453
Haltern am See	Nordrhein-Westfalen	45721	51.7287	7.1666
Waltrop	Nordrhein-Westfalen	45731	51.6213	7.4024
Oer-Erkenschwick	Nordrhein-Westfalen	45739	51.642	7.2645
Marl	Nordrhein-Westfalen	45768	51.6484	7.0845
Marl	Nordrhein-Westfalen	45770	51.6566	7.1101
Marl	Nordrhein-Westfalen	45772	51.6744	7.1343
Gelsenkirchen	Nordrhein-Westfalen	45879	51.5087	7.0968
Gelsenkirchen	Nordrhein-Westfalen	45881	51.5213	7.0747
Gelsenkirchen	Nordrhein-Westfalen	45883	51.5221	7.0575
Gelsenkirchen	Nordrhein-Westfalen	45884	51.4866	7.0835
Gelsenkirchen	Nordrhein-Westfalen	45886	51.4967	7.1136
Gelsenkirchen	Nordrhein-Westfalen	45888	51.5185	7.1222
Gelsenkirchen	Nordrhein-Westfalen	45889	51.5305	7.1143
Gelsenkirchen	Nordrhein-Westfalen	45891	51.5592	7.0841
Gelsenkirchen	Nordrhein-Westfalen	45892	51.5748	7.1165
Gelsenkirchen	Nordrhein-Westfalen	45894	51.579	7.0579
Gelsenkirchen	Nordrhein-Westfalen	45896	51.6071	7.0488
Gelsenkirchen	Nordrhein-Westfalen	45897	51.5717	7.0471
Gelsenkirchen	Nordrhein-Westfalen	45899	51.533	7.0234
Gladbeck	Nordrhein-Westfalen	45964	51.5713	6.9827
Gladbeck	Nordrhein-Westfalen	45966	51.5842	6.9746
Gladbeck	Nordrhein-Westfalen	45968	51.5566	7.0025
Oberhausen	Nordrhein-Westfalen	46045	51.4706	6.8568
Oberhausen	Nordrhein-Westfalen	46047	51.4834	6.8798
Oberhausen	Nordrhein-Westfalen	46049	51.4773	6.8413
Oberhausen	Nordrhein-Westfalen	46117	51.5005	6.8859
Oberhausen	Nordrhein-Westfalen	46119	51.4667	6.85
Oberhausen	Nordrhein-Westfalen	46145	51.5256	6.8517
Oberhausen	Nordrhein-Westfalen	46147	51.5355	6.8116
Oberhausen	Nordrhein-Westfalen	46149	51.5175	6.8332
Bottrop	Nordrhein-Westfalen	46236	51.5232	6.9253
Bottrop	Nordrhein-Westfalen	46238	51.5303	6.9681
Bottrop	Nordrhein-Westfalen	46240	51.5167	6.9167
Bottrop	Nordrhein-Westfalen	46242	51.5214	6.9071
Bottrop	Nordrhein-Westfalen	46244	51.6061	6.9154
Dorsten	Nordrhein-Westfalen	46282	51.6566	6.9657
Dorsten	Nordrhein-Westfalen	46284	51.6812	6.963
Dorsten	Nordrhein-Westfalen	46286	51.7377	7.0067
Borken	Nordrhein-Westfalen	46325	51.8438	6.8577
Velen	Nordrhein-Westfalen	46342	51.8945	6.9881
Raesfeld	Nordrhein-Westfalen	46348	51.7667	6.85
Südlohn	Nordrhein-Westfalen	46354	51.9333	6.8667
Heiden	Nordrhein-Westfalen	46359	51.8333	6.9333
Bocholt	Nordrhein-Westfalen	46395	51.8208	6.6063
Bocholt	Nordrhein-Westfalen	46397	51.8413	6.6242
Bocholt	Nordrhein-Westfalen	46399	51.8453	6.6035
Rhede	Nordrhein-Westfalen	46414	51.8354	6.696
Isselburg	Nordrhein-Westfalen	46419	51.8323	6.4643
Emmerich	Nordrhein-Westfalen	46446	51.8393	6.2479
Rees	Nordrhein-Westfalen	46459	51.8097	6.4004
Wesel	Nordrhein-Westfalen	46483	51.6669	6.6204
Wesel	Nordrhein-Westfalen	46485	51.6637	6.6824
Wesel	Nordrhein-Westfalen	46487	51.6833	6.5762
Hamminkeln	Nordrhein-Westfalen	46499	51.7326	6.5903
Xanten	Nordrhein-Westfalen	46509	51.6588	6.453
Schermbeck	Nordrhein-Westfalen	46514	51.6833	6.8667
Alpen	Nordrhein-Westfalen	46519	51.5833	6.5167
Dinslaken	Nordrhein-Westfalen	46535	51.559	6.7357
Dinslaken	Nordrhein-Westfalen	46537	51.5774	6.7465
Dinslaken	Nordrhein-Westfalen	46539	51.5675	6.7625
Voerde	Nordrhein-Westfalen	46562	51.6251	6.6525
Hünxe	Nordrhein-Westfalen	46569	51.65	6.7833
Duisburg	Nordrhein-Westfalen	47051	51.4294	6.7744
Duisburg	Nordrhein-Westfalen	47053	51.4216	6.7553
Duisburg	Nordrhein-Westfalen	47055	51.4034	6.7703
Duisburg	Nordrhein-Westfalen	47057	51.4216	6.7957
Duisburg	Nordrhein-Westfalen	47058	51.4346	6.7858
Duisburg	Nordrhein-Westfalen	47059	51.4375	6.7428
Duisburg	Nordrhein-Westfalen	47119	51.4632	6.7328
Duisburg	Nordrhein-Westfalen	47137	51.468	6.7715
Duisburg	Nordrhein-Westfalen	47138	51.4333	6.75
Duisburg	Nordrhein-Westfalen	47139	51.4784	6.7334
Duisburg	Nordrhein-Westfalen	47166	51.4913	6.7741
Duisburg	Nordrhein-Westfalen	47167	51.507	6.7963
Duisburg	Nordrhein-Westfalen	47169	51.5044	6.7538
Duisburg	Nordrhein-Westfalen	47178	51.4333	6.75
Duisburg	Nordrhein-Westfalen	47179	51.4333	6.75
Duisburg	Nordrhein-Westfalen	47198	51.4499	6.6901
Duisburg	Nordrhein-Westfalen	47199	51.4333	6.75
Duisburg	Nordrhein-Westfalen	47226	51.4076	6.7215
Duisburg	Nordrhein-Westfalen	47228	51.4134	6.6963
Duisburg	Nordrhein-Westfalen	47229	51.391	6.7071
Duisburg	Nordrhein-Westfalen	47239	51.3926	6.6564
Duisburg	Nordrhein-Westfalen	47249	51.3831	6.7521
Duisburg	Nordrhein-Westfalen	47259	51.3614	6.7246
Duisburg	Nordrhein-Westfalen	47269	51.3601	6.7793
Duisburg	Nordrhein-Westfalen	47279	51.3929	6.7981
Moers	Nordrhein-Westfalen	47441	51.4463	6.6396
Moers	Nordrhein-Westfalen	47443	51.4542	6.6679
Moers	Nordrhein-Westfalen	47445	51.45	6.65
Moers	Nordrhein-Westfalen	47447	51.45	6.65
Kamp-Lintfort	Nordrhein-Westfalen	47475	51.5047	6.5459
Rheinberg	Nordrhein-Westfalen	47495	51.5465	6.5952
Neukirchen-Vluyn	Nordrhein-Westfalen	47506	51.45	6.55
Rheurdt	Nordrhein-Westfalen	47509	51.4667	6.4667
Kleve	Nordrhein-Westfalen	47533	51.7883	6.1386
Kalkar	Nordrhein-Westfalen	47546	51.7391	6.291
Bedburg-Hau	Nordrhein-Westfalen	47551	51.7667	6.1667
Kranenburg	Nordrhein-Westfalen	47559	51.7833	6.0167
Goch	Nordrhein-Westfalen	47574	51.6787	6.159
Uedem	Nordrhein-Westfalen	47589	51.6652	6.2737
Geldern	Nordrhein-Westfalen	47608	51.5191	6.3236
Kevelaer	Nordrhein-Westfalen	47623	51.5829	6.2414
Kevelaer	Nordrhein-Westfalen	47624	51.5833	6.25
Kevelaer	Nordrhein-Westfalen	47625	51.5833	6.25
Kevelaer	Nordrhein-Westfalen	47626	51.5833	6.25
Kevelaer	Nordrhein-Westfalen	47627	51.5833	6.25
Straelen	Nordrhein-Westfalen	47638	51.4419	6.2664
Kerken	Nordrhein-Westfalen	47647	51.45	6.3667
Weeze	Nordrhein-Westfalen	47652	51.6268	6.1979
Issum	Nordrhein-Westfalen	47661	51.5333	6.4333
Sonsbeck	Nordrhein-Westfalen	47665	51.6074	6.3792
Wachtendonk	Nordrhein-Westfalen	47669	51.3974	6.2919
Krefeld	Nordrhein-Westfalen	47798	51.3311	6.5616
Krefeld	Nordrhein-Westfalen	47799	51.3319	6.5717
Krefeld	Nordrhein-Westfalen	47800	51.3428	6.5951
Krefeld	Nordrhein-Westfalen	47802	51.3333	6.5683
Krefeld	Nordrhein-Westfalen	47803	51.3516	6.5496
Krefeld	Nordrhein-Westfalen	47804	51.3037	6.5032
Krefeld	Nordrhein-Westfalen	47805	51.3251	6.5805
Krefeld	Nordrhein-Westfalen	47807	51.304	6.5899
Krefeld	Nordrhein-Westfalen	47809	51.3281	6.616
Krefeld	Nordrhein-Westfalen	47829	51.3553	6.6366
Krefeld	Nordrhein-Westfalen	47839	51.3755	6.5091
Willich	Nordrhein-Westfalen	47877	51.2637	6.5473
Kempen	Nordrhein-Westfalen	47906	51.3643	6.4186
Tönisvorst	Nordrhein-Westfalen	47918	51.3209	6.4941
Grefrath	Nordrhein-Westfalen	47929	51.3363	6.3407
Münster	Nordrhein-Westfalen	48079	51.96	7.631
Münster	Nordrhein-Westfalen	48143	51.9597	7.6314
Münster	Nordrhein-Westfalen	48145	51.9667	7.6333
Münster	Nordrhein-Westfalen	48147	51.9858	7.648
Münster	Nordrhein-Westfalen	48149	51.9716	7.6068
Münster	Nordrhein-Westfalen	48151	51.951	7.6181
Münster	Nordrhein-Westfalen	48153	51.9268	7.6313
Münster	Nordrhein-Westfalen	48155	51.9597	7.6349
Münster	Nordrhein-Westfalen	48157	52.0003	7.6893
Münster	Nordrhein-Westfalen	48159	51.9915	7.6124
Münster	Nordrhein-Westfalen	48161	51.9471	7.5446
Münster	Nordrhein-Westfalen	48163	51.9176	7.5725
Münster	Nordrhein-Westfalen	48165	51.903	7.6395
Münster	Nordrhein-Westfalen	48167	51.9162	7.7108
Warendorf	Nordrhein-Westfalen	48231	51.9511	7.9876
Dülmen	Nordrhein-Westfalen	48249	51.8315	7.2808
Greven	Nordrhein-Westfalen	48268	52.0936	7.594
Emsdetten	Nordrhein-Westfalen	48282	52.1734	7.5278
Telgte	Nordrhein-Westfalen	48291	51.98	7.7829
Nottuln	Nordrhein-Westfalen	48301	51.9333	7.35
Senden	Nordrhein-Westfalen	48308	51.8564	7.4833
Drensteinfurt	Nordrhein-Westfalen	48317	51.7953	7.7382
Sendenhorst	Nordrhein-Westfalen	48324	51.8559	7.7884
Havixbeck	Nordrhein-Westfalen	48329	51.9833	7.4167
Sassenberg	Nordrhein-Westfalen	48336	51.9922	8.0407
Altenberge	Nordrhein-Westfalen	48341	52.05	7.4667
Ostbevern	Nordrhein-Westfalen	48346	52.0402	7.8423
Everswinkel	Nordrhein-Westfalen	48351	51.9259	7.8469
Nordwalde	Nordrhein-Westfalen	48356	52.0833	7.4833
Beelen	Nordrhein-Westfalen	48361	51.9291	8.1112
Laer	Nordrhein-Westfalen	48366	52.0556	7.3577
Saerbeck	Nordrhein-Westfalen	48369	52.1737	7.634
Rheine	Nordrhein-Westfalen	48429	52.2868	7.4437
Rheine	Nordrhein-Westfalen	48431	52.2772	7.432
Rheine	Nordrhein-Westfalen	48432	52.2672	7.4443
Bad Bentheim	Niedersachsen	48455	52.3007	7.1576
Engden	Niedersachsen	48465	52.4	7.1833
Hörstel	Nordrhein-Westfalen	48477	52.2976	7.5838
Lünne	Niedersachsen	48480	52.4296	7.4265
Neuenkirchen	Nordrhein-Westfalen	48485	52.2447	7.3718
Emsbüren	Niedersachsen	48488	52.4	7.3
Wettringen	Nordrhein-Westfalen	48493	52.2094	7.319
Hopsten	Nordrhein-Westfalen	48496	52.3817	7.6016
Salzbergen	Niedersachsen	48499	52.3256	7.4305
Nordhorn	Niedersachsen	48527	52.4491	7.0518
Nordhorn	Niedersachsen	48529	52.4149	7.0766
Nordhorn	Niedersachsen	48531	52.4517	7.1065
Steinfurt	Nordrhein-Westfalen	48565	52.1504	7.3366
Ochtrup	Nordrhein-Westfalen	48607	52.208	7.1899
Horstmar	Nordrhein-Westfalen	48612	52.081	7.3054
Heek	Nordrhein-Westfalen	48619	52.1167	7.1
Schöppingen	Nordrhein-Westfalen	48624	52.1	7.2333
Metelen	Nordrhein-Westfalen	48629	52.1443	7.2127
Coesfeld	Nordrhein-Westfalen	48653	51.9435	7.1681
Ahaus	Nordrhein-Westfalen	48683	52.092	6.9739
Vreden	Nordrhein-Westfalen	48691	52.0379	6.828
Stadtlohn	Nordrhein-Westfalen	48703	51.994	6.9192
Gescher	Nordrhein-Westfalen	48712	51.954	7.0048
Rosendahl	Nordrhein-Westfalen	48720	52.0167	7.2167
Billerbeck	Nordrhein-Westfalen	48727	51.9783	7.2926
Reken	Nordrhein-Westfalen	48734	51.8324	7.0347
Legden	Nordrhein-Westfalen	48739	52.0333	7.1
Osnabrück	Niedersachsen	49074	52.2738	8.0521
Osnabrück	Niedersachsen	49076	52.2832	7.9485
Osnabrück	Niedersachsen	49078	52.2651	8.0096
Osnabrück	Niedersachsen	49080	52.2491	8.0367
Osnabrück	Niedersachsen	49082	52.244	8.0613
Osnabrück	Niedersachsen	49084	52.2667	8.0725
Osnabrück	Niedersachsen	49086	52.2887	8.0892
Osnabrück	Niedersachsen	49088	52.2667	8.05
Osnabrück	Niedersachsen	49090	52.2983	8.0131
Georgsmarienhütte	Niedersachsen	49124	52.203	8.0448
Wallenhorst	Niedersachsen	49134	52.35	8.0167
Bissendorf	Niedersachsen	49143	52.2333	8.1667
Bad Essen	Niedersachsen	49152	52.3175	8.413
Bohmte	Niedersachsen	49163	52.3667	8.3167
Hagen am Teutoburger Wald	Niedersachsen	49170	52.2094	7.9206
Hilter am Teutoburger Wald	Niedersachsen	49176	52.1644	8.1468
Ostercappeln	Niedersachsen	49179	52.35	8.2333
Bad Iburg	Niedersachsen	49186	52.1549	8.0422
Belm	Niedersachsen	49191	52.3	8.1333
Bad Laer	Niedersachsen	49196	52.1	8.0833
Dissen am Teutoburger Wald	Niedersachsen	49201	52.1167	8.2
Hasbergen	Niedersachsen	49205	52.2375	7.9611
Bad Rothenfelde	Niedersachsen	49214	52.1167	8.1667
Glandorf	Niedersachsen	49219	52.0847	7.9994
Melle	Niedersachsen	49324	52.1977	8.3389
Melle	Niedersachsen	49326	52.2	8.35
Melle	Niedersachsen	49328	52.2	8.35
Diepholz	Niedersachsen	49356	52.6078	8.3701
Vechta	Niedersachsen	49377	52.7263	8.286
Lohne (Oldenburg)	Niedersachsen	49393	52.6589	8.225
Damme	Niedersachsen	49401	52.5216	8.1979
Barnstorf	Niedersachsen	49406	52.7101	8.5026
Dinklage	Niedersachsen	49413	52.6622	8.1244
Wagenfeld	Niedersachsen	49419	52.55	8.5833
Goldenstedt	Niedersachsen	49424	52.7883	8.432
Visbek	Niedersachsen	49429	52.8333	8.3167
Neuenkirchen-Vörden	Niedersachsen	49434	52.5167	8.0667
Steinfeld (Oldenburg)	Niedersachsen	49439	52.5864	8.2157
Marl	Niedersachsen	49448	52.4833	8.3667
Holdorf	Niedersachsen	49451	52.5833	8.1167
Barver	Niedersachsen	49453	52.6207	8.5925
Bakum	Niedersachsen	49456	52.7412	8.1955
Drebber	Niedersachsen	49457	52.65	8.4333
Lembruch	Niedersachsen	49459	52.5333	8.35
Ibbenbüren	Nordrhein-Westfalen	49477	52.2601	7.7135
Ibbenbüren	Nordrhein-Westfalen	49479	52.2667	7.7333
Westerkappeln	Nordrhein-Westfalen	49492	52.3167	7.8833
Mettingen	Nordrhein-Westfalen	49497	52.3167	7.7833
Lotte	Nordrhein-Westfalen	49504	52.2833	7.9167
Recke	Nordrhein-Westfalen	49509	52.3689	7.7212
Lengerich	Nordrhein-Westfalen	49525	52.1866	7.8604
Lienen	Nordrhein-Westfalen	49536	52.15	7.9833
Tecklenburg	Nordrhein-Westfalen	49545	52.2196	7.8136
Ladbergen	Nordrhein-Westfalen	49549	52.1333	7.75
Bramsche	Niedersachsen	49565	52.4088	7.9729
Ankum	Niedersachsen	49577	52.55	7.8833
Fürstenau	Niedersachsen	49584	52.5167	7.6767
Neuenkirchen	Niedersachsen	49586	52.4171	7.8389
Bersenbrück	Niedersachsen	49593	52.5516	7.9484
Alfhausen	Niedersachsen	49594	52.5	7.95
Gehrde	Niedersachsen	49596	52.5768	8.0034
Rieste	Niedersachsen	49597	52.4833	8.0167
Voltlage	Niedersachsen	49599	52.4333	7.75
Quakenbrück	Niedersachsen	49610	52.675	7.9498
Löningen	Niedersachsen	49624	52.7368	7.7581
Berge	Niedersachsen	49626	52.6233	7.7455
Essen (Oldenburg)	Niedersachsen	49632	52.7	7.9167
Badbergen	Niedersachsen	49635	52.6333	7.9833
Menslage	Niedersachsen	49637	52.6833	7.8167
Nortrup	Niedersachsen	49638	52.615	7.8607
Cloppenburg	Niedersachsen	49661	52.8475	8.045
Garrel	Niedersachsen	49681	52.95	8.0167
Emstek	Niedersachsen	49685	52.8333	8.15
Lastrup	Niedersachsen	49688	52.7947	7.8671
Molbergen	Niedersachsen	49696	52.8512	7.9716
Lindern (Oldenburg)	Niedersachsen	49699	52.85	7.7833
Meppen	Niedersachsen	49716	52.6906	7.291
Haren	Niedersachsen	49733	52.7886	7.1841
Haselünne	Niedersachsen	49740	52.6741	7.4846
Geeste	Niedersachsen	49744	52.6	7.2667
Hüven	Niedersachsen	49751	52.7833	7.5167
Lahn	Niedersachsen	49757	52.8167	7.6167
Fresenburg	Niedersachsen	49762	52.8833	7.3
Twist	Niedersachsen	49767	52.6561	7.1057
Dohren	Niedersachsen	49770	52.65	7.5833
Lähden	Niedersachsen	49774	52.7455	7.5704
Groß Berßen	Niedersachsen	49777	52.7717	7.4938
Niederlangen	Niedersachsen	49779	52.8571	7.282
Lingen	Niedersachsen	49808	52.5138	7.3133
Lingen	Niedersachsen	49809	52.5223	7.3284
Lingen	Niedersachsen	49811	52.5167	7.3167
Emlichheim	Niedersachsen	49824	52.6167	6.85
Lage	Niedersachsen	49828	52.4667	6.9667
Beesten	Niedersachsen	49832	52.4333	7.5
Wietmarschen	Niedersachsen	49835	52.5181	7.1341
Langen	Niedersachsen	49838	52.5399	7.4674
Getelo	Niedersachsen	49843	52.4667	6.85
Bawinkel	Niedersachsen	49844	52.6	7.4
Hoogstede	Niedersachsen	49846	52.5833	6.95
Itterbeck	Niedersachsen	49847	52.5062	6.8035
Wilsum	Niedersachsen	49849	52.5333	6.85
Bergheim	Nordrhein-Westfalen	50126	50.9562	6.6349
Bergheim	Nordrhein-Westfalen	50127	50.9412	6.6631
Bergheim	Nordrhein-Westfalen	50129	50.9741	6.6794
Kerpen	Nordrhein-Westfalen	50169	50.8748	6.7435
Kerpen	Nordrhein-Westfalen	50170	50.8964	6.6829
Kerpen	Nordrhein-Westfalen	50171	50.8791	6.6939
Bedburg	Nordrhein-Westfalen	50181	50.9926	6.5713
Elsdorf	Nordrhein-Westfalen	50189	50.9374	6.5683
Frechen	Nordrhein-Westfalen	50226	50.9149	6.8118
Pulheim	Nordrhein-Westfalen	50259	50.9996	6.8063
Brühl	Nordrhein-Westfalen	50321	50.8293	6.905
Hürth	Nordrhein-Westfalen	50354	50.8708	6.8676
Erftstadt	Nordrhein-Westfalen	50374	50.8148	6.7939
Wesseling	Nordrhein-Westfalen	50389	50.8271	6.9747
Köln	Nordrhein-Westfalen	50667	50.9387	6.9547
Köln	Nordrhein-Westfalen	50668	50.9499	6.9628
Köln	Nordrhein-Westfalen	50670	50.9504	6.9502
Köln	Nordrhein-Westfalen	50672	50.9439	6.9363
Köln	Nordrhein-Westfalen	50674	50.9326	6.9342
Köln	Nordrhein-Westfalen	50676	50.9314	6.9526
Köln	Nordrhein-Westfalen	50677	50.9214	6.9507
Köln	Nordrhein-Westfalen	50678	50.9233	6.9635
Köln	Nordrhein-Westfalen	50679	50.9365	6.9781
Köln	Nordrhein-Westfalen	50733	50.9643	6.9537
Köln	Nordrhein-Westfalen	50735	50.9896	6.9622
Köln	Nordrhein-Westfalen	50737	50.9923	6.9334
Köln	Nordrhein-Westfalen	50739	50.9807	6.9212
Köln	Nordrhein-Westfalen	50765	51.0198	6.8684
Köln	Nordrhein-Westfalen	50767	51.0033	6.8847
Köln	Nordrhein-Westfalen	50769	51.0458	6.876
Köln	Nordrhein-Westfalen	50823	50.9511	6.9264
Köln	Nordrhein-Westfalen	50825	50.9541	6.9103
Köln	Nordrhein-Westfalen	50827	50.9667	6.9
Köln	Nordrhein-Westfalen	50829	50.9746	6.8713
Köln	Nordrhein-Westfalen	50858	50.9243	6.8565
Köln	Nordrhein-Westfalen	50859	50.9535	6.8328
Köln	Nordrhein-Westfalen	50931	50.9323	6.9183
Köln	Nordrhein-Westfalen	50933	50.9427	6.8763
Köln	Nordrhein-Westfalen	50935	50.9225	6.8956
Köln	Nordrhein-Westfalen	50937	50.9124	6.9108
Köln	Nordrhein-Westfalen	50939	50.9078	6.9247
Köln	Nordrhein-Westfalen	50968	50.9033	6.9647
Köln	Nordrhein-Westfalen	50969	50.9036	6.9385
Köln	Nordrhein-Westfalen	50996	50.8834	6.9902
Köln	Nordrhein-Westfalen	50997	50.864	6.9512
Köln	Nordrhein-Westfalen	50999	50.8753	7.0202
Köln	Nordrhein-Westfalen	51061	50.994	7.003
Köln	Nordrhein-Westfalen	51063	50.9685	7.0054
Köln	Nordrhein-Westfalen	51065	50.9549	7.0121
Köln	Nordrhein-Westfalen	51067	50.9656	7.042
Köln	Nordrhein-Westfalen	51069	50.9925	7.0537
Köln	Nordrhein-Westfalen	51103	50.942	7.0166
Köln	Nordrhein-Westfalen	51105	50.9188	6.9972
Köln	Nordrhein-Westfalen	51107	50.9236	7.0905
Köln	Nordrhein-Westfalen	51109	50.9447	7.0699
Köln	Nordrhein-Westfalen	51143	50.8598	7.036
Köln	Nordrhein-Westfalen	51145	50.8824	7.0804
Köln	Nordrhein-Westfalen	51147	50.8686	7.1073
Köln	Nordrhein-Westfalen	51149	50.9055	7.0414
Leverkusen	Nordrhein-Westfalen	51371	51.0645	6.9592
Leverkusen	Nordrhein-Westfalen	51373	51.0307	6.9898
Leverkusen	Nordrhein-Westfalen	51375	51.0331	7.052
Leverkusen	Nordrhein-Westfalen	51377	51.0509	7.0633
Leverkusen	Nordrhein-Westfalen	51379	51.0665	7.004
Leverkusen	Nordrhein-Westfalen	51381	51.05	7.0167
Burscheid	Nordrhein-Westfalen	51399	51.0847	7.1139
Bergisch Gladbach	Nordrhein-Westfalen	51427	50.952	7.1114
Bergisch Gladbach	Nordrhein-Westfalen	51429	50.9655	7.1823
Bergisch Gladbach	Nordrhein-Westfalen	51465	50.9891	7.129
Bergisch Gladbach	Nordrhein-Westfalen	51467	51.0089	7.1052
Bergisch Gladbach	Nordrhein-Westfalen	51469	50.9854	7.1141
Overath	Nordrhein-Westfalen	51491	50.9327	7.2839
Rösrath	Nordrhein-Westfalen	51503	50.8956	7.1818
Kürten	Nordrhein-Westfalen	51515	51.05	7.2667
Odenthal	Nordrhein-Westfalen	51519	51.0333	7.1167
Waldbröl	Nordrhein-Westfalen	51545	50.8758	7.6169
Windeck	Nordrhein-Westfalen	51570	50.7909	7.5676
Reichshof	Nordrhein-Westfalen	51580	50.9284	7.6432
Nümbrecht	Nordrhein-Westfalen	51588	50.9043	7.5406
Morsbach	Nordrhein-Westfalen	51597	50.8666	7.7279
Friesenhagen	Rheinland-Pfalz	51598	50.9038	7.8096
Gummersbach	Nordrhein-Westfalen	51643	51.0143	7.5724
Gummersbach	Nordrhein-Westfalen	51645	51.0006	7.5693
Gummersbach	Nordrhein-Westfalen	51647	51.0333	7.55
Wiehl	Nordrhein-Westfalen	51674	50.9495	7.5506
Wipperfürth	Nordrhein-Westfalen	51688	51.1161	7.3986
Bergneustadt	Nordrhein-Westfalen	51702	51.025	7.656
Marienheide	Nordrhein-Westfalen	51709	51.0832	7.5309
Engelskirchen	Nordrhein-Westfalen	51766	50.9885	7.4139
Lindlar	Nordrhein-Westfalen	51789	51.0196	7.3776
Aachen	Nordrhein-Westfalen	52062	50.776	6.0872
Aachen	Nordrhein-Westfalen	52064	50.7683	6.076
Aachen	Nordrhein-Westfalen	52066	50.7564	6.0914
Aachen	Nordrhein-Westfalen	52068	50.7787	6.1085
Aachen	Nordrhein-Westfalen	52070	50.7884	6.1044
Aachen	Nordrhein-Westfalen	52072	50.8034	6.0627
Aachen	Nordrhein-Westfalen	52074	50.7479	6.0485
Aachen	Nordrhein-Westfalen	52076	50.7167	6.1481
Aachen	Nordrhein-Westfalen	52078	50.7624	6.138
Aachen	Nordrhein-Westfalen	52080	50.7793	6.1642
Herzogenrath	Nordrhein-Westfalen	52134	50.8687	6.0932
Würselen	Nordrhein-Westfalen	52146	50.8181	6.1347
Simmerath	Nordrhein-Westfalen	52152	50.6	6.3
Monschau	Nordrhein-Westfalen	52156	50.5546	6.24
Roetgen	Nordrhein-Westfalen	52159	50.65	6.2
Stolberg (Rheinland)	Nordrhein-Westfalen	52223	50.7318	6.2104
Stolberg (Rheinland)	Nordrhein-Westfalen	52224	50.74	6.2877
Eschweiler	Nordrhein-Westfalen	52249	50.8185	6.2718
Düren	Nordrhein-Westfalen	52349	50.8009	6.4788
Düren	Nordrhein-Westfalen	52351	50.8086	6.4982
Düren	Nordrhein-Westfalen	52353	50.8294	6.462
Düren	Nordrhein-Westfalen	52355	50.7907	6.4659
Kreuzau	Nordrhein-Westfalen	52372	50.747	6.4907
Langerwehe	Nordrhein-Westfalen	52379	50.8167	6.35
Niederzier	Nordrhein-Westfalen	52382	50.8833	6.4667
Nideggen	Nordrhein-Westfalen	52385	50.6927	6.4844
Nörvenich	Nordrhein-Westfalen	52388	50.806	6.6395
Vettweiß	Nordrhein-Westfalen	52391	50.7333	6.6
Hürtgenwald	Nordrhein-Westfalen	52393	50.7167	6.3667
Heimbach	Nordrhein-Westfalen	52396	50.6369	6.469
Merzenich	Nordrhein-Westfalen	52399	50.8268	6.5249
Jülich	Nordrhein-Westfalen	52428	50.9215	6.3627
Linnich	Nordrhein-Westfalen	52441	50.98	6.2705
Titz	Nordrhein-Westfalen	52445	51.0062	6.4248
Aldenhoven	Nordrhein-Westfalen	52457	50.9	6.2833
Inden	Nordrhein-Westfalen	52459	50.8431	6.36
Alsdorf	Nordrhein-Westfalen	52477	50.8767	6.164
Baesweiler	Nordrhein-Westfalen	52499	50.9096	6.1887
Geilenkirchen	Nordrhein-Westfalen	52511	50.9675	6.1176
Heinsberg	Nordrhein-Westfalen	52525	51.0636	6.0998
Übach-Palenberg	Nordrhein-Westfalen	52531	50.9177	6.1234
Gangelt	Nordrhein-Westfalen	52538	50.9925	5.998
Bonn	Nordrhein-Westfalen	53111	50.7362	7.1002
Bonn	Nordrhein-Westfalen	53113	50.7231	7.1068
Bonn	Nordrhein-Westfalen	53115	50.7272	7.0851
Bonn	Nordrhein-Westfalen	53117	50.761	7.063
Bonn	Nordrhein-Westfalen	53119	50.7431	7.059
Bonn	Nordrhein-Westfalen	53121	50.7317	7.0575
Bonn	Nordrhein-Westfalen	53123	50.711	7.0489
Bonn	Nordrhein-Westfalen	53125	50.7333	7.1
Bonn	Nordrhein-Westfalen	53127	50.7112	7.0668
Bonn	Nordrhein-Westfalen	53129	50.7207	7.107
Bonn	Nordrhein-Westfalen	53173	50.6902	7.1666
Bonn	Nordrhein-Westfalen	53175	50.6975	7.1417
Bonn	Nordrhein-Westfalen	53177	50.6813	7.1546
Bonn	Nordrhein-Westfalen	53179	50.6653	7.1822
Bonn	Nordrhein-Westfalen	53225	50.7462	7.1294
Bonn	Nordrhein-Westfalen	53227	50.7248	7.1555
Bonn	Nordrhein-Westfalen	53229	50.7323	7.1847
Bornheim	Nordrhein-Westfalen	53332	50.7631	6.9909
Meckenheim	Nordrhein-Westfalen	53340	50.6239	7.0294
Wachtberg	Nordrhein-Westfalen	53343	50.6333	7.1
Alfter	Nordrhein-Westfalen	53347	50.7333	7.0167
Rheinbach	Nordrhein-Westfalen	53359	50.6256	6.9491
Remagen	Rheinland-Pfalz	53424	50.5788	7.227
Königsfeld	Rheinland-Pfalz	53426	50.4979	7.1771
Bad Neuenahr-Ahrweiler	Rheinland-Pfalz	53474	50.5432	7.1113
Sinzig	Rheinland-Pfalz	53489	50.5438	7.2464
Gönnersdorf	Rheinland-Pfalz	53498	50.4833	7.2667
Grafschaft	Rheinland-Pfalz	53501	50.5833	7.0667
Berg	Rheinland-Pfalz	53505	50.5552	6.9489
Lind	Rheinland-Pfalz	53506	50.5	6.9333
Dernau	Rheinland-Pfalz	53507	50.5333	7.05
Mayschoß	Rheinland-Pfalz	53508	50.5208	7.0169
Leimbach	Rheinland-Pfalz	53518	50.4039	6.9277
Müllenbach	Rheinland-Pfalz	53520	50.3167	6.9167
Antweiler	Rheinland-Pfalz	53533	50.4	6.8333
Bauler	Rheinland-Pfalz	53534	50.3333	6.8833
Bodenbach	Rheinland-Pfalz	53539	50.3167	6.85
Linz am Rhein	Rheinland-Pfalz	53545	50.5688	7.2844
Roßbach	Rheinland-Pfalz	53547	50.575	7.4161
Bad Hönningen	Rheinland-Pfalz	53557	50.5169	7.312
Vettelschoß	Rheinland-Pfalz	53560	50.6167	7.35
Sankt Katharinen	Rheinland-Pfalz	53562	50.5833	7.3833
Asbach	Rheinland-Pfalz	53567	50.6667	7.4167
Bruchhausen	Rheinland-Pfalz	53572	50.6	7.25
Neustadt (Wied)	Rheinland-Pfalz	53577	50.6209	7.4325
Windhagen	Rheinland-Pfalz	53578	50.6412	7.3535
Erpel	Rheinland-Pfalz	53579	50.5833	7.2333
Bad Honnef	Nordrhein-Westfalen	53604	50.6434	7.2278
Rheinbreitbach	Rheinland-Pfalz	53619	50.6167	7.2333
Königswinter	Nordrhein-Westfalen	53639	50.7026	7.2584
Siegburg	Nordrhein-Westfalen	53721	50.8002	7.2077
Sankt Augustin	Nordrhein-Westfalen	53757	50.7754	7.197
Hennef	Nordrhein-Westfalen	53773	50.7756	7.2831
Eitorf	Nordrhein-Westfalen	53783	50.7667	7.45
Lohmar	Nordrhein-Westfalen	53797	50.8387	7.214
Ruppichteroth	Nordrhein-Westfalen	53809	50.8437	7.4841
Neunkirchen-Seelscheid	Nordrhein-Westfalen	53819	50.8667	7.325
Troisdorf	Nordrhein-Westfalen	53840	50.8152	7.172
Troisdorf	Nordrhein-Westfalen	53842	50.8189	7.1189
Troisdorf	Nordrhein-Westfalen	53844	50.8015	7.1271
Niederkassel	Nordrhein-Westfalen	53859	50.815	7.0378
Euskirchen	Nordrhein-Westfalen	53879	50.6606	6.7872
Euskirchen	Nordrhein-Westfalen	53881	50.6272	6.8478
Mechernich	Nordrhein-Westfalen	53894	50.6399	6.7042
Bad Münstereifel	Nordrhein-Westfalen	53902	50.5567	6.7642
Zülpich	Nordrhein-Westfalen	53909	50.7	6.65
Swisttal	Nordrhein-Westfalen	53913	50.7	6.9167
Weilerswist	Nordrhein-Westfalen	53919	50.7529	6.8458
Kall	Nordrhein-Westfalen	53925	50.5422	6.563
Schleiden	Nordrhein-Westfalen	53937	50.529	6.4769
Hellenthal	Nordrhein-Westfalen	53940	50.4412	6.4361
Blankenheim	Nordrhein-Westfalen	53945	50.4333	6.65
Nettersheim	Nordrhein-Westfalen	53947	50.4937	6.629
Dahlem	Nordrhein-Westfalen	53949	50.3861	6.5477
Trier	Rheinland-Pfalz	54290	49.7537	6.6393
Trier	Rheinland-Pfalz	54292	49.7728	6.6645
Trier	Rheinland-Pfalz	54293	49.75	6.6333
Trier	Rheinland-Pfalz	54294	49.744	6.6188
Trier	Rheinland-Pfalz	54295	49.75	6.6333
Trier	Rheinland-Pfalz	54296	49.75	6.6333
Aach	Rheinland-Pfalz	54298	49.7833	6.6
Kordel	Rheinland-Pfalz	54306	49.8333	6.6333
Langsur	Rheinland-Pfalz	54308	49.7244	6.4991
Newel	Rheinland-Pfalz	54309	49.8124	6.583
Minden	Rheinland-Pfalz	54310	49.8333	6.4667
Trierweiler	Rheinland-Pfalz	54311	49.7623	6.5599
Zemmer	Rheinland-Pfalz	54313	49.9	6.7
Baldringen	Rheinland-Pfalz	54314	49.6167	6.6833
Schöndorf	Rheinland-Pfalz	54316	49.6776	6.7432
Farschweiler	Rheinland-Pfalz	54317	49.7167	6.8167
Mertesdorf	Rheinland-Pfalz	54318	49.7721	6.7329
Waldrach	Rheinland-Pfalz	54320	49.7462	6.7454
Konz	Rheinland-Pfalz	54329	49.7005	6.5765
Oberbillig	Rheinland-Pfalz	54331	49.7094	6.5066
Wasserliesch	Rheinland-Pfalz	54332	49.7074	6.5394
Longen	Rheinland-Pfalz	54338	49.8	6.7833
Bekond	Rheinland-Pfalz	54340	49.85	6.8
Fell	Rheinland-Pfalz	54341	49.7667	6.7833
Föhren	Rheinland-Pfalz	54343	49.8593	6.7648
Kenn	Rheinland-Pfalz	54344	49.8	6.7167
Mehring	Rheinland-Pfalz	54346	49.8	6.8333
Neumagen-Dhron	Rheinland-Pfalz	54347	49.8555	6.8978
Trittenheim	Rheinland-Pfalz	54349	49.8247	6.8993
Deuselbach	Rheinland-Pfalz	54411	49.75	7.05
Bescheid	Rheinland-Pfalz	54413	49.75	6.8833
Hinzert-Pölert	Rheinland-Pfalz	54421	49.7	6.9
Neuhütten	Rheinland-Pfalz	54422	49.6427	7.015
Burtscheid	Rheinland-Pfalz	54424	49.7333	6.95
Schönberg	Rheinland-Pfalz	54426	49.7667	6.9167
Kell am See	Rheinland-Pfalz	54427	49.6331	6.8222
Heddert	Rheinland-Pfalz	54429	49.65	6.75
Fisch	Rheinland-Pfalz	54439	49.6167	6.4833
Mannebach	Rheinland-Pfalz	54441	49.6333	6.5167
Freudenburg	Rheinland-Pfalz	54450	49.5435	6.5329
Irsch	Rheinland-Pfalz	54451	49.6049	6.5955
Nittel	Rheinland-Pfalz	54453	49.65	6.45
Serrig	Rheinland-Pfalz	54455	49.5752	6.5745
Onsdorf	Rheinland-Pfalz	54456	49.65	6.4833
Wincheringen	Rheinland-Pfalz	54457	49.609	6.426
Wiltingen	Rheinland-Pfalz	54459	49.6592	6.5926
Bernkastel-Kues	Rheinland-Pfalz	54470	49.916	7.0766
Burgen	Rheinland-Pfalz	54472	49.8833	7
Kleinich	Rheinland-Pfalz	54483	49.9	7.1833
Maring-Noviand	Rheinland-Pfalz	54484	49.9333	7
Mülheim	Rheinland-Pfalz	54486	49.9125	7.0195
Wintrich	Rheinland-Pfalz	54487	49.8833	6.95
Erden	Rheinland-Pfalz	54492	49.9833	7.0167
Horath	Rheinland-Pfalz	54497	49.8109	6.9859
Piesport	Rheinland-Pfalz	54498	49.8864	6.9165
Flußbach	Rheinland-Pfalz	54516	50.0167	6.9333
Esch	Rheinland-Pfalz	54518	49.9	6.85
Dierscheid	Rheinland-Pfalz	54523	49.9	6.75
Klausen	Rheinland-Pfalz	54524	49.9	6.8833
Landscheid	Rheinland-Pfalz	54526	49.9833	6.7667
Salmtal	Rheinland-Pfalz	54528	49.9333	6.85
Spangdahlem	Rheinland-Pfalz	54529	49.9833	6.6833
Manderscheid	Rheinland-Pfalz	54531	50.0967	6.8098
Greimerath	Rheinland-Pfalz	54533	50.0333	6.9
Großlittgen	Rheinland-Pfalz	54534	50.0279	6.7986
Kröv	Rheinland-Pfalz	54536	49.9833	7.0833
Bausendorf	Rheinland-Pfalz	54538	50.0167	7
Ürzig	Rheinland-Pfalz	54539	49.9794	7.0061
Daun	Rheinland-Pfalz	54550	50.1972	6.8294
Boxberg	Rheinland-Pfalz	54552	50.2667	6.8833
Winkel	Rheinland-Pfalz	54558	50.15	6.95
Gerolstein	Rheinland-Pfalz	54568	50.2222	6.6598
Weidenbach	Rheinland-Pfalz	54570	50.1333	6.7167
Birresborn	Rheinland-Pfalz	54574	50.1833	6.6333
Hillesheim	Rheinland-Pfalz	54576	50.2918	6.6696
Kerpen	Rheinland-Pfalz	54578	50.3097	6.7298
Üxheim	Rheinland-Pfalz	54579	50.35	6.75
Gönnersdorf	Rheinland-Pfalz	54584	50.3333	6.6
Esch	Rheinland-Pfalz	54585	50.3667	6.6167
Schüller	Rheinland-Pfalz	54586	50.3333	6.5833
Birgel	Rheinland-Pfalz	54587	50.3167	6.6167
Kerschenbach	Rheinland-Pfalz	54589	50.35	6.5
Weinsheim	Rheinland-Pfalz	54595	50.2333	6.4667
Roth	Rheinland-Pfalz	54597	50.3093	6.3835
Brandscheid	Rheinland-Pfalz	54608	50.2201	6.3085
Büdesheim	Rheinland-Pfalz	54610	50.2167	6.55
Hallschlag	Rheinland-Pfalz	54611	50.3544	6.4382
Wawern	Rheinland-Pfalz	54612	50.1167	6.4833
Dingdorf	Rheinland-Pfalz	54614	50.15	6.4333
Winterspelt	Rheinland-Pfalz	54616	50.2167	6.2167
Harspelt	Rheinland-Pfalz	54617	50.1333	6.1667
Herzfeld	Rheinland-Pfalz	54619	50.1333	6.2167
Birtlingen	Rheinland-Pfalz	54634	49.95	6.4833
Hamm	Rheinland-Pfalz	54636	50.0167	6.4167
Burg	Rheinland-Pfalz	54646	49.9667	6.35
Dudeldorf	Rheinland-Pfalz	54647	49.9749	6.6372
Manderscheid	Rheinland-Pfalz	54649	50.1	6.35
Malberg	Rheinland-Pfalz	54655	50.05	6.5833
Badem	Rheinland-Pfalz	54657	50	6.6167
Beilingen	Rheinland-Pfalz	54662	49.95	6.6667
Hosten	Rheinland-Pfalz	54664	49.9	6.6167
Irrel	Rheinland-Pfalz	54666	49.8454	6.457
Alsdorf	Rheinland-Pfalz	54668	49.8883	6.4682
Bollendorf	Rheinland-Pfalz	54669	49.8527	6.3579
Leimbach	Rheinland-Pfalz	54673	50.0167	6.25
Lahr	Rheinland-Pfalz	54675	49.9333	6.2833
Arzfeld	Rheinland-Pfalz	54687	50.0896	6.2707
Affler	Rheinland-Pfalz	54689	50.0167	6.15
Mainz	Rheinland-Pfalz	55116	50.001	8.2688
Mainz	Rheinland-Pfalz	55118	50	8.2711
Mainz	Rheinland-Pfalz	55120	50.0196	8.2321
Mainz	Rheinland-Pfalz	55122	49.995	8.237
Mainz	Rheinland-Pfalz	55124	50.0025	8.2148
Mainz	Rheinland-Pfalz	55126	49.9836	8.1767
Mainz	Rheinland-Pfalz	55127	50	8.2711
Mainz	Rheinland-Pfalz	55128	49.9808	8.2422
Mainz	Rheinland-Pfalz	55129	49.9661	8.2663
Mainz	Rheinland-Pfalz	55130	49.9873	8.2965
Mainz	Rheinland-Pfalz	55131	49.9823	8.2609
Ingelheim am Rhein	Rheinland-Pfalz	55218	49.9708	8.0588
Alzey	Rheinland-Pfalz	55232	49.7466	8.1151
Freimersheim	Rheinland-Pfalz	55234	49.7083	8.0892
Bornheim	Rheinland-Pfalz	55237	49.7831	8.0603
Gau-Odernheim	Rheinland-Pfalz	55239	49.7847	8.1942
Mainz-Kostheim	Hessen	55246	50.0051	8.3134
Mainz-Kastel	Hessen	55252	50.0102	8.2844
Budenheim	Rheinland-Pfalz	55257	50.0167	8.1667
Heidesheim am Rhein	Rheinland-Pfalz	55262	50	8.1261
Wackernheim	Rheinland-Pfalz	55263	49.9744	8.1167
Nieder-Olm	Rheinland-Pfalz	55268	49.9117	8.2053
Bubenheim	Rheinland-Pfalz	55270	49.9217	8.0797
Stadecken-Elsheim	Rheinland-Pfalz	55271	49.9122	8.1253
Dienheim	Rheinland-Pfalz	55276	49.8372	8.3497
Friesenheim	Rheinland-Pfalz	55278	49.8364	8.2569
Nierstein	Rheinland-Pfalz	55283	49.87	8.3365
Sulzheim	Rheinland-Pfalz	55286	49.8431	8.0917
Armsheim	Rheinland-Pfalz	55288	49.8097	8.0567
Saulheim	Rheinland-Pfalz	55291	49.8774	8.1363
Bodenheim	Rheinland-Pfalz	55294	49.9353	8.32
Gau-Bischofsheim	Rheinland-Pfalz	55296	49.9158	8.2728
Nackenheim	Rheinland-Pfalz	55299	49.9153	8.3389
Bingen am Rhein	Rheinland-Pfalz	55411	49.9667	7.8992
Weiler	Rheinland-Pfalz	55413	49.957	7.8648
Breitscheid	Rheinland-Pfalz	55422	50.05	7.7
Münster-Sarmsheim	Rheinland-Pfalz	55424	49.9434	7.8943
Waldalgesheim	Rheinland-Pfalz	55425	49.95	7.8333
Urbar	Rheinland-Pfalz	55430	50.1333	7.7167
Damscheid	Rheinland-Pfalz	55432	50.1	7.6833
Gau-Algesheim	Rheinland-Pfalz	55435	49.9567	8.0157
Appenheim	Rheinland-Pfalz	55437	49.93	8.0333
Roth	Rheinland-Pfalz	55442	49.9333	7.8
Schöneberg	Rheinland-Pfalz	55444	49.9167	7.75
Langenlonsheim	Rheinland-Pfalz	55450	49.9	7.9
Dorsheim	Rheinland-Pfalz	55452	49.9167	7.8667
Gensingen	Rheinland-Pfalz	55457	49.9	7.9333
Aspisheim	Rheinland-Pfalz	55459	49.9	7.9833
Schönborn	Rheinland-Pfalz	55469	49.95	7.4667
Tiefenbach	Rheinland-Pfalz	55471	49.9376	7.5439
Kirchberg	Rheinland-Pfalz	55481	49.944	7.407
Hirschfeld	Rheinland-Pfalz	55483	49.8976	7.2419
Dill	Rheinland-Pfalz	55487	49.9167	7.35
Rohrbach	Rheinland-Pfalz	55490	49.8833	7.4167
Niederweiler	Rheinland-Pfalz	55491	49.9	7.2833
Erbach	Rheinland-Pfalz	55494	50.0333	7.6833
Argenthal	Rheinland-Pfalz	55496	49.9667	7.6
Ellern	Rheinland-Pfalz	55497	49.9817	7.6438
Riesweiler	Rheinland-Pfalz	55499	49.959	7.5567
Bad Kreuznach	Rheinland-Pfalz	55543	49.8368	7.8647
Bad Kreuznach	Rheinland-Pfalz	55545	49.8484	7.8378
Tiefenthal	Rheinland-Pfalz	55546	49.75	7.9
Bretzenheim	Rheinland-Pfalz	55559	49.878	7.8965
Daubach	Rheinland-Pfalz	55566	49.85	7.6333
Abtweiler	Rheinland-Pfalz	55568	49.75	7.65
Auen	Rheinland-Pfalz	55569	49.8333	7.6
Odernheim am Glan	Rheinland-Pfalz	55571	49.7648	7.7061
Badenheim	Rheinland-Pfalz	55576	49.8333	7.9667
Sankt Johann	Rheinland-Pfalz	55578	49.8675	8.0144
Bad Münster am Stein-Ebernburg	Rheinland-Pfalz	55583	49.8116	7.8452
Altenbamberg	Rheinland-Pfalz	55585	49.7833	7.8333
Meisenheim	Rheinland-Pfalz	55590	49.7072	7.6677
Breitenheim	Rheinland-Pfalz	55592	49.7	7.6333
Rüdesheim	Rheinland-Pfalz	55593	49.85	7.8167
Winterbach	Rheinland-Pfalz	55595	49.8667	7.6333
Oberstreit	Rheinland-Pfalz	55596	49.8	7.7
Gumbsheim	Rheinland-Pfalz	55597	49.8167	7.9833
Eckelsheim	Rheinland-Pfalz	55599	49.8	7.9833
Oberhausen	Rheinland-Pfalz	55606	49.8088	7.4499
Bergen	Rheinland-Pfalz	55608	49.7833	7.4167
Simmertal	Rheinland-Pfalz	55618	49.8098	7.5228
Hennweiler	Rheinland-Pfalz	55619	49.8167	7.4333
Hundsbach	Rheinland-Pfalz	55621	49.7167	7.55
Bollenbach	Rheinland-Pfalz	55624	49.8333	7.35
Bundenbach	Rheinland-Pfalz	55626	49.8428	7.3783
Martinstein	Rheinland-Pfalz	55627	49.8	7.5333
Schwarzerden	Rheinland-Pfalz	55629	49.85	7.5167
Fischbach	Rheinland-Pfalz	55743	49.7333	7.4
Herrstein	Rheinland-Pfalz	55756	49.7833	7.3333
Sulzbach	Rheinland-Pfalz	55758	49.8333	7.3333
Birkenfeld	Rheinland-Pfalz	55765	49.6524	7.1667
Brücken	Rheinland-Pfalz	55767	49.6333	7.1167
Hoppstädten-Weiersbach	Rheinland-Pfalz	55768	49.6167	7.2
Baumholder	Rheinland-Pfalz	55774	49.6489	7.3975
Rohrbach	Rheinland-Pfalz	55776	49.5833	7.2667
Berschweiler	Rheinland-Pfalz	55777	49.5785	7.2925
Heimbach	Rheinland-Pfalz	55779	49.6167	7.25
Koblenz	Rheinland-Pfalz	56068	50.3567	7.5932
Koblenz	Rheinland-Pfalz	56070	50.3849	7.5741
Koblenz	Rheinland-Pfalz	56072	50.3578	7.5251
Koblenz	Rheinland-Pfalz	56073	50.3586	7.5812
Koblenz	Rheinland-Pfalz	56075	50.3201	7.5682
Koblenz	Rheinland-Pfalz	56076	50.35	7.6
Koblenz	Rheinland-Pfalz	56077	50.35	7.6
Lahnstein	Rheinland-Pfalz	56112	50.3	7.6167
Bad Ems	Rheinland-Pfalz	56130	50.3354	7.7137
Becheln	Rheinland-Pfalz	56132	50.2928	7.718
Fachbach	Rheinland-Pfalz	56133	50.3333	7.6833
Boppard	Rheinland-Pfalz	56154	50.2308	7.5899
Bendorf	Rheinland-Pfalz	56170	50.4229	7.5792
Niederwerth	Rheinland-Pfalz	56179	50.4	7.6167
Urbar	Rheinland-Pfalz	56182	50.3833	7.6333
Weitersburg	Rheinland-Pfalz	56191	50.4167	7.6
Höhr-Grenzhausen	Rheinland-Pfalz	56203	50.4347	7.669
Hillscheid	Rheinland-Pfalz	56204	50.4064	7.6986
Kammerforst	Rheinland-Pfalz	56206	50.463	7.676
Mülheim-Kärlich	Rheinland-Pfalz	56218	50.3851	7.4989
Bassenheim	Rheinland-Pfalz	56220	50.3582	7.4596
Hundsdorf	Rheinland-Pfalz	56235	50.4701	7.7022
Breitenau	Rheinland-Pfalz	56237	50.4981	7.6906
Quirnbach	Rheinland-Pfalz	56242	50.5208	7.7969
Steinen	Rheinland-Pfalz	56244	50.5833	7.8
Herschbach	Rheinland-Pfalz	56249	50.5833	7.7333
Treis-Karden	Rheinland-Pfalz	56253	50.1717	7.3022
Moselkern	Rheinland-Pfalz	56254	50.1944	7.3708
Dierdorf	Rheinland-Pfalz	56269	50.5465	7.6527
Roßbach	Rheinland-Pfalz	56271	50.6051	7.6818
Großmaischeid	Rheinland-Pfalz	56276	50.5	7.6333
Karbach	Rheinland-Pfalz	56281	50.15	7.6167
Beulich	Rheinland-Pfalz	56283	50.1833	7.45
Roth	Rheinland-Pfalz	56288	50.0833	7.45
Buch	Rheinland-Pfalz	56290	50.0761	7.3892
Steinbach	Rheinland-Pfalz	56291	50.0333	7.6
Gappenach	Rheinland-Pfalz	56294	50.273	7.345
Kerben	Rheinland-Pfalz	56295	50.3167	7.3667
Ochtendung	Rheinland-Pfalz	56299	50.35	7.3833
Döttesfeld	Rheinland-Pfalz	56305	50.6232	7.5488
Dernbach	Rheinland-Pfalz	56307	50.55	7.6
Hanroth	Rheinland-Pfalz	56316	50.5833	7.65
Linkenbach	Rheinland-Pfalz	56317	50.5833	7.55
Brey	Rheinland-Pfalz	56321	50.2725	7.6264
Spay	Rheinland-Pfalz	56322	50.2588	7.6484
Waldesch	Rheinland-Pfalz	56323	50.2833	7.55
Sankt Goar	Rheinland-Pfalz	56329	50.1488	7.7072
Kobern-Gondorf	Rheinland-Pfalz	56330	50.3023	7.4561
Burgen	Rheinland-Pfalz	56332	50.2113	7.3896
Winningen	Rheinland-Pfalz	56333	50.3167	7.5167
Neuhäusel	Rheinland-Pfalz	56335	50.3836	7.7096
Simmern	Rheinland-Pfalz	56337	50.3891	7.674
Braubach	Rheinland-Pfalz	56338	50.2736	7.6451
Osterspai	Rheinland-Pfalz	56340	50.2445	7.6123
Filsen	Rheinland-Pfalz	56341	50.2402	7.5849
Lykershausen	Rheinland-Pfalz	56346	50.2	7.6667
Bornich	Rheinland-Pfalz	56348	50.1269	7.7658
Kaub	Rheinland-Pfalz	56349	50.0883	7.7607
Weidenbach	Rheinland-Pfalz	56355	50.15	7.8833
Berg	Rheinland-Pfalz	56357	50.2543	7.8114
Roth	Rheinland-Pfalz	56368	50.2669	7.8963
Schönborn	Rheinland-Pfalz	56370	50.3025	7.994
Seelbach	Rheinland-Pfalz	56377	50.3167	7.8667
Sulzbach	Rheinland-Pfalz	56379	50.3026	7.7523
Montabaur	Rheinland-Pfalz	56410	50.4359	7.8232
Horbach	Rheinland-Pfalz	56412	50.3731	7.8528
Obererbach	Rheinland-Pfalz	56414	50.45	7.9667
Wirges	Rheinland-Pfalz	56422	50.4719	7.7984
Bannberscheid	Rheinland-Pfalz	56424	50.4718	7.8366
Siershahn	Rheinland-Pfalz	56427	50.4864	7.7797
Halbs	Rheinland-Pfalz	56457	50.5908	7.9647
Bellingen	Rheinland-Pfalz	56459	50.6	7.9
Höhn	Rheinland-Pfalz	56462	50.6167	7.9833
Bad Marienberg	Rheinland-Pfalz	56470	50.6495	7.9496
Hof	Rheinland-Pfalz	56472	50.6667	8.0167
Rennerod	Rheinland-Pfalz	56477	50.6082	8.067
Neunkirchen	Rheinland-Pfalz	56479	50.5469	8.1039
Neuwied	Rheinland-Pfalz	56564	50.4326	7.463
Neuwied	Rheinland-Pfalz	56566	50.4369	7.5452
Neuwied	Rheinland-Pfalz	56567	50.4565	7.4693
Weißenthurm	Rheinland-Pfalz	56575	50.4172	7.4507
Bonefeld	Rheinland-Pfalz	56579	50.5239	7.4893
Ehlscheid	Rheinland-Pfalz	56581	50.5145	7.4665
Anhausen	Rheinland-Pfalz	56584	50.5	7.55
Oberhonnefeld-Gierend	Rheinland-Pfalz	56587	50.5559	7.5224
Waldbreitbach	Rheinland-Pfalz	56588	50.55	7.4167
Datzeroth	Rheinland-Pfalz	56589	50.5167	7.4167
Horhausen	Rheinland-Pfalz	56593	50.5875	7.5303
Willroth	Rheinland-Pfalz	56594	50.5691	7.5275
Hammerstein	Rheinland-Pfalz	56598	50.4833	7.35
Leutesdorf	Rheinland-Pfalz	56599	50.45	7.3833
Andernach	Rheinland-Pfalz	56626	50.4311	7.4042
Kretz	Rheinland-Pfalz	56630	50.3957	7.3625
Plaidt	Rheinland-Pfalz	56637	50.3926	7.3925
Kruft	Rheinland-Pfalz	56642	50.3833	7.3333
Nickenich	Rheinland-Pfalz	56645	50.4142	7.3273
Saffig	Rheinland-Pfalz	56648	50.3833	7.4167
Brenk	Rheinland-Pfalz	56651	50.4333	7.1833
Wehr	Rheinland-Pfalz	56653	50.4167	7.2167
Brohl-Lützing	Rheinland-Pfalz	56656	50.483	7.3291
Burgbrohl	Rheinland-Pfalz	56659	50.4546	7.2772
Sankt Johann	Rheinland-Pfalz	56727	50.35	7.2
Boos	Rheinland-Pfalz	56729	50.3167	7.0167
Kottenheim	Rheinland-Pfalz	56736	50.35	7.25
Mendig	Rheinland-Pfalz	56743	50.3667	7.2833
Rieden	Rheinland-Pfalz	56745	50.4	7.1833
Hohenleimbach	Rheinland-Pfalz	56746	50.4167	7.0667
Einig	Rheinland-Pfalz	56751	50.2833	7.2833
Mertloch	Rheinland-Pfalz	56753	50.2695	7.3081
Binningen	Rheinland-Pfalz	56754	50.2064	7.2461
Laubach	Rheinland-Pfalz	56759	50.2328	7.0733
Müllenbach	Rheinland-Pfalz	56761	50.2215	7.0661
Auderath	Rheinland-Pfalz	56766	50.1833	7
Sassen	Rheinland-Pfalz	56767	50.2667	6.9667
Mannebach	Rheinland-Pfalz	56769	50.2833	6.9833
Cochem	Rheinland-Pfalz	56812	50.1451	7.1638
Beilstein	Rheinland-Pfalz	56814	50.1167	7.25
Klotten	Rheinland-Pfalz	56818	50.1667	7.2
Nehren	Rheinland-Pfalz	56820	50.0833	7.2
Ellenz-Poltersdorf	Rheinland-Pfalz	56821	50.1	7.2333
Büchel	Rheinland-Pfalz	56823	50.1729	7.0832
Weiler	Rheinland-Pfalz	56825	50.15	7.0833
Lutzerath	Rheinland-Pfalz	56826	50.1269	7.0074
Alflen	Rheinland-Pfalz	56828	50.1768	7.0395
Brieden	Rheinland-Pfalz	56829	50.1833	7.2667
Traben-Trarbach	Rheinland-Pfalz	56841	49.9508	7.1156
Irmenach	Rheinland-Pfalz	56843	49.9242	7.1887
Enkirch	Rheinland-Pfalz	56850	49.9843	7.13
Zell	Rheinland-Pfalz	56856	50.0292	7.1823
Altlay	Rheinland-Pfalz	56858	49.9877	7.2718
Alf	Rheinland-Pfalz	56859	50.0545	7.1234
Reil	Rheinland-Pfalz	56861	50.0167	7.1167
Pünderich	Rheinland-Pfalz	56862	50.04	7.128
Bad Bertrich	Rheinland-Pfalz	56864	50.0667	7.0333
Schauren	Rheinland-Pfalz	56865	50.0167	7.2667
Briedel	Rheinland-Pfalz	56867	50.0167	7.15
Mastershausen	Rheinland-Pfalz	56869	50.0667	7.35
Siegen	Nordrhein-Westfalen	57072	50.8734	8.0104
Siegen	Nordrhein-Westfalen	57074	50.8625	8.0338
Siegen	Nordrhein-Westfalen	57076	50.8994	8.031
Siegen	Nordrhein-Westfalen	57078	50.9116	8.008
Siegen	Nordrhein-Westfalen	57080	50.834	8.0219
Kreuztal	Nordrhein-Westfalen	57223	50.9678	7.9885
Wilnsdorf	Nordrhein-Westfalen	57234	50.8167	8.1
Netphen	Nordrhein-Westfalen	57250	50.8998	8.1513
Freudenberg	Nordrhein-Westfalen	57258	50.8974	7.8741
Hilchenbach	Nordrhein-Westfalen	57271	50.9969	8.1106
Neunkirchen	Nordrhein-Westfalen	57290	50.8	8
Burbach	Nordrhein-Westfalen	57299	50.7511	8.0794
Bad Berleburg	Nordrhein-Westfalen	57319	51.0522	8.3923
Bad Laasphe	Nordrhein-Westfalen	57334	50.9409	8.3302
Erndtebrück	Nordrhein-Westfalen	57339	50.9893	8.2529
Lennestadt	Nordrhein-Westfalen	57368	51.1172	8.0671
Schmallenberg	Nordrhein-Westfalen	57392	51.1547	8.285
Kirchhundem	Nordrhein-Westfalen	57399	51.0856	8.0889
Finnentrop	Nordrhein-Westfalen	57413	51.168	7.973
Attendorn	Nordrhein-Westfalen	57439	51.1264	7.9033
Olpe	Nordrhein-Westfalen	57462	51.029	7.8514
Wenden	Nordrhein-Westfalen	57482	50.9667	7.8667
Drolshagen	Nordrhein-Westfalen	57489	51.0236	7.7736
Alsdorf	Rheinland-Pfalz	57518	50.7774	7.8856
Rosenheim	Rheinland-Pfalz	57520	50.7124	7.8511
Forst	Rheinland-Pfalz	57537	50.8	7.6833
Roth	Rheinland-Pfalz	57539	50.7623	7.7002
Kirchen	Rheinland-Pfalz	57548	50.8085	7.8863
Brachbach	Rheinland-Pfalz	57555	50.8167	7.9333
Herdorf	Rheinland-Pfalz	57562	50.777	7.9537
Daaden	Rheinland-Pfalz	57567	50.7333	7.9667
Harbach	Rheinland-Pfalz	57572	50.85	7.8333
Hamm	Rheinland-Pfalz	57577	50.7653	7.6776
Elkenroth	Rheinland-Pfalz	57578	50.7333	7.8833
Elben	Rheinland-Pfalz	57580	50.75	7.8333
Katzwinkel	Rheinland-Pfalz	57581	50.8147	7.8224
Mörlen	Rheinland-Pfalz	57583	50.6981	7.8844
Scheuerfeld	Rheinland-Pfalz	57584	50.7874	7.8413
Weitefeld	Rheinland-Pfalz	57586	50.7254	7.9281
Birken-Honigsessen	Rheinland-Pfalz	57587	50.8167	7.7333
Birkenbeul	Rheinland-Pfalz	57589	50.7333	7.6167
Altenkirchen	Rheinland-Pfalz	57610	50.6859	7.6418
Obererbach	Rheinland-Pfalz	57612	50.7247	7.6577
Berod bei Höchstenbach	Rheinland-Pfalz	57614	50.6476	7.6928
Astert	Rheinland-Pfalz	57627	50.695	7.7783
Limbach	Rheinland-Pfalz	57629	50.7	7.8
Seelbach	Rheinland-Pfalz	57632	50.6402	7.5653
Hasselbach	Rheinland-Pfalz	57635	50.7167	7.5167
Mammelzen	Rheinland-Pfalz	57636	50.7	7.6667
Schöneberg	Rheinland-Pfalz	57638	50.6667	7.6
Rodenbach	Rheinland-Pfalz	57639	50.638	7.6497
Oberlahr	Rheinland-Pfalz	57641	50.623	7.5169
Alpenrod	Rheinland-Pfalz	57642	50.6333	7.8667
Hattert	Rheinland-Pfalz	57644	50.6667	7.7667
Nister	Rheinland-Pfalz	57645	50.6758	7.8383
Enspel	Rheinland-Pfalz	57647	50.6167	7.8833
Bölsberg	Rheinland-Pfalz	57648	50.6667	7.9167
Hagen	Nordrhein-Westfalen	58089	51.3801	7.4394
Hagen	Nordrhein-Westfalen	58091	51.3201	7.508
Hagen	Nordrhein-Westfalen	58093	51.3657	7.5207
Hagen	Nordrhein-Westfalen	58095	51.3606	7.4785
Hagen	Nordrhein-Westfalen	58097	51.3668	7.4776
Hagen	Nordrhein-Westfalen	58099	51.3987	7.4901
Hagen	Nordrhein-Westfalen	58119	51.3529	7.563
Hagen	Nordrhein-Westfalen	58135	51.3474	7.4274
Schwerte	Nordrhein-Westfalen	58239	51.4439	7.5675
Ennepetal	Nordrhein-Westfalen	58256	51.2985	7.3629
Gevelsberg	Nordrhein-Westfalen	58285	51.3197	7.3392
Wetter (Ruhr)	Nordrhein-Westfalen	58300	51.3875	7.3928
Herdecke	Nordrhein-Westfalen	58313	51.4	7.4358
Schwelm	Nordrhein-Westfalen	58332	51.2863	7.2939
Breckerfeld	Nordrhein-Westfalen	58339	51.2593	7.4681
Witten	Nordrhein-Westfalen	58452	51.4315	7.334
Witten	Nordrhein-Westfalen	58453	51.4434	7.3633
Witten	Nordrhein-Westfalen	58454	51.4644	7.3739
Witten	Nordrhein-Westfalen	58455	51.4452	7.3303
Witten	Nordrhein-Westfalen	58456	51.4046	7.2583
Lüdenscheid	Nordrhein-Westfalen	58507	51.2258	7.6342
Lüdenscheid	Nordrhein-Westfalen	58509	51.2269	7.613
Lüdenscheid	Nordrhein-Westfalen	58511	51.2169	7.6457
Lüdenscheid	Nordrhein-Westfalen	58513	51.2462	7.6201
Lüdenscheid	Nordrhein-Westfalen	58515	51.2012	7.6258
Meinerzhagen	Nordrhein-Westfalen	58540	51.1074	7.6484
Halver	Nordrhein-Westfalen	58553	51.1861	7.4982
Kierspe	Nordrhein-Westfalen	58566	51.134	7.5908
Schalksmühle	Nordrhein-Westfalen	58579	51.2412	7.5279
Iserlohn	Nordrhein-Westfalen	58636	51.38	7.7032
Iserlohn	Nordrhein-Westfalen	58638	51.3743	7.6961
Iserlohn	Nordrhein-Westfalen	58640	51.3667	7.7
Iserlohn	Nordrhein-Westfalen	58642	51.3708	7.6109
Iserlohn	Nordrhein-Westfalen	58644	51.3246	7.6968
Hemer	Nordrhein-Westfalen	58675	51.3871	7.7702
Menden	Nordrhein-Westfalen	58706	51.4408	7.7887
Menden	Nordrhein-Westfalen	58708	51.4553	7.7764
Menden	Nordrhein-Westfalen	58710	51.4187	7.8259
Fröndenberg	Nordrhein-Westfalen	58730	51.4756	7.7695
Wickede	Nordrhein-Westfalen	58739	51.4964	7.8659
Altena	Nordrhein-Westfalen	58762	51.2947	7.6734
Nachrodt-Wiblingwerde	Nordrhein-Westfalen	58769	51.3167	7.6167
Werdohl	Nordrhein-Westfalen	58791	51.2601	7.7661
Balve	Nordrhein-Westfalen	58802	51.3315	7.8642
Neuenrade	Nordrhein-Westfalen	58809	51.2828	7.7825
Plettenberg	Nordrhein-Westfalen	58840	51.2095	7.8726
Herscheid	Nordrhein-Westfalen	58849	51.1923	7.8063
Hamm	Nordrhein-Westfalen	59063	51.6747	7.8407
Hamm	Nordrhein-Westfalen	59065	51.6802	7.8134
Hamm	Nordrhein-Westfalen	59067	51.6742	7.7799
Hamm	Nordrhein-Westfalen	59069	51.645	7.8608
Hamm	Nordrhein-Westfalen	59071	51.691	7.8704
Hamm	Nordrhein-Westfalen	59073	51.6833	7.8
Hamm	Nordrhein-Westfalen	59075	51.6866	7.7359
Hamm	Nordrhein-Westfalen	59077	51.6425	7.7343
Kamen	Nordrhein-Westfalen	59174	51.5923	7.6638
Bergkamen	Nordrhein-Westfalen	59192	51.6163	7.6445
Bönen	Nordrhein-Westfalen	59199	51.6	7.7667
Ahlen	Nordrhein-Westfalen	59227	51.7602	7.8845
Ahlen	Nordrhein-Westfalen	59229	51.7502	7.8968
Beckum	Nordrhein-Westfalen	59269	51.7557	8.0407
Oelde	Nordrhein-Westfalen	59302	51.8289	8.1472
Ennigerloh	Nordrhein-Westfalen	59320	51.8384	8.0309
Wadersloh	Nordrhein-Westfalen	59329	51.7333	8.25
Lüdinghausen	Nordrhein-Westfalen	59348	51.7683	7.4438
Werne	Nordrhein-Westfalen	59368	51.6645	7.6342
Selm	Nordrhein-Westfalen	59379	51.6969	7.4681
Ascheberg	Nordrhein-Westfalen	59387	51.7833	7.6167
Nordkirchen	Nordrhein-Westfalen	59394	51.7383	7.522
Olfen	Nordrhein-Westfalen	59399	51.7079	7.3789
Unna	Nordrhein-Westfalen	59423	51.5302	7.676
Unna	Nordrhein-Westfalen	59425	51.5485	7.6849
Unna	Nordrhein-Westfalen	59427	51.5393	7.7283
Holzwickede	Nordrhein-Westfalen	59439	51.5	7.6333
Werl	Nordrhein-Westfalen	59457	51.5549	7.914
Ense	Nordrhein-Westfalen	59469	51.5133	7.9494
Soest	Nordrhein-Westfalen	59494	51.5756	8.1062
Bad Sassendorf	Nordrhein-Westfalen	59505	51.5833	8.1667
Lippetal	Nordrhein-Westfalen	59510	51.6766	8.1224
Welver	Nordrhein-Westfalen	59514	51.6167	7.9667
Möhnesee	Nordrhein-Westfalen	59519	51.5	8.1333
Lippstadt	Nordrhein-Westfalen	59555	51.6767	8.3411
Lippstadt	Nordrhein-Westfalen	59556	51.6667	8.35
Lippstadt	Nordrhein-Westfalen	59557	51.6574	8.3435
Lippstadt	Nordrhein-Westfalen	59558	51.6667	8.35
Warstein	Nordrhein-Westfalen	59581	51.4662	8.3108
Geseke	Nordrhein-Westfalen	59590	51.6409	8.5109
Erwitte	Nordrhein-Westfalen	59597	51.6034	8.2908
Rüthen	Nordrhein-Westfalen	59602	51.4909	8.436
Anröchte	Nordrhein-Westfalen	59609	51.5667	8.3333
Arnsberg	Nordrhein-Westfalen	59755	51.3833	8.0833
Arnsberg	Nordrhein-Westfalen	59757	51.3833	8.0833
Arnsberg	Nordrhein-Westfalen	59759	51.4263	7.9913
Arnsberg	Nordrhein-Westfalen	59821	51.3997	8.0627
Arnsberg	Nordrhein-Westfalen	59823	51.3833	8.0833
Sundern	Nordrhein-Westfalen	59846	51.3281	8.0037
Meschede	Nordrhein-Westfalen	59872	51.3502	8.2833
Bestwig	Nordrhein-Westfalen	59909	51.3608	8.4008
Brilon	Nordrhein-Westfalen	59929	51.3946	8.5715
Olsberg	Nordrhein-Westfalen	59939	51.3561	8.489
Winterberg	Nordrhein-Westfalen	59955	51.1925	8.5347
Medebach	Nordrhein-Westfalen	59964	51.1971	8.7063
Bromskirchen	Hessen	59969	51.0936	8.6264
Frankfurt am Main	Hessen	60306	50.1159	8.6702
Frankfurt am Main	Hessen	60308	50.1125	8.6529
Frankfurt am Main	Hessen	60310	50.1107	8.673
Frankfurt am Main	Hessen	60311	50.1112	8.6831
Frankfurt am Main	Hessen	60313	50.1153	8.6823
Frankfurt am Main	Hessen	60314	50.1137	8.7119
Frankfurt am Main	Hessen	60316	50.1209	8.6966
Frankfurt am Main	Hessen	60318	50.1252	8.6865
Frankfurt am Main	Hessen	60320	50.139	8.6725
Frankfurt am Main	Hessen	60322	50.125	8.6762
Frankfurt am Main	Hessen	60323	50.1219	8.6655
Frankfurt am Main	Hessen	60325	50.1155	8.6596
Frankfurt am Main	Hessen	60326	50.1025	8.6299
Frankfurt am Main	Hessen	60327	50.1038	8.6522
Frankfurt am Main	Hessen	60329	50.1074	8.6663
Frankfurt am Main	Hessen	60385	50.1253	8.7108
Frankfurt am Main	Hessen	60386	50.1268	8.7554
Frankfurt am Main	Hessen	60388	50.1506	8.7537
Frankfurt am Main	Hessen	60389	50.1383	8.7116
Frankfurt am Main	Hessen	60431	50.1457	8.6549
Frankfurt am Main	Hessen	60433	50.1605	8.6684
Frankfurt am Main	Hessen	60435	50.1544	8.6912
Frankfurt am Main	Hessen	60437	50.1924	8.6753
Frankfurt am Main	Hessen	60438	50.1787	8.632
Frankfurt am Main	Hessen	60439	50.1605	8.6337
Frankfurt am Main	Hessen	60486	50.1162	8.6365
Frankfurt am Main	Hessen	60487	50.1257	8.6414
Frankfurt am Main	Hessen	60488	50.1416	8.6155
Frankfurt am Main	Hessen	60489	50.1252	8.6088
Frankfurt am Main	Hessen	60528	50.0837	8.644
Frankfurt am Main	Hessen	60529	50.0841	8.5916
Frankfurt am Main	Hessen	60549	50.0413	8.5702
Frankfurt am Main	Hessen	60594	50.1039	8.6886
Frankfurt am Main	Hessen	60596	50.0974	8.6735
Frankfurt am Main	Hessen	60598	50.09	8.6816
Frankfurt am Main	Hessen	60599	50.096	8.7111
Bad Vilbel	Hessen	61118	50.1787	8.7376
Nidderau	Hessen	61130	50.2381	8.867
Schöneck	Hessen	61137	50.2056	8.8333
Niederdorfelden	Hessen	61138	50.1942	8.8
Friedberg	Hessen	61169	50.3374	8.7559
Karben	Hessen	61184	50.2302	8.7716
Rosbach vor der Höhe	Hessen	61191	50.3033	8.6898
Niddatal	Hessen	61194	50.2833	8.8333
Florstadt	Hessen	61197	50.3287	8.9167
Wölfersheim	Hessen	61200	50.4	8.8167
Reichelsheim	Hessen	61203	50.3564	8.8745
Wöllstadt	Hessen	61206	50.2833	8.7667
Echzell	Hessen	61209	50.3889	8.8861
Bad Nauheim	Hessen	61231	50.3646	8.7386
Ober-Mörlen	Hessen	61239	50.3735	8.6909
Usingen	Hessen	61250	50.3355	8.5369
Neu-Anspach	Hessen	61267	50.3167	8.5
Wehrheim	Hessen	61273	50.3	8.5667
Weilrod	Hessen	61276	50.3333	8.4167
Grävenwiesbach	Hessen	61279	50.3902	8.4569
Bad Homburg vor der Höhe	Hessen	61348	50.2265	8.612
Bad Homburg vor der Höhe	Hessen	61350	50.2377	8.6024
Bad Homburg vor der Höhe	Hessen	61352	50.2167	8.6167
Friedrichsdorf	Hessen	61381	50.2496	8.6428
Schmitten	Hessen	61389	50.2667	8.45
Oberursel	Hessen	61440	50.2073	8.5775
Steinbach (Taunus)	Hessen	61449	50.1648	8.5706
Königstein im Taunus	Hessen	61462	50.1794	8.4713
Kronberg im Taunus	Hessen	61476	50.1789	8.5134
Glashütten	Hessen	61479	50.2167	8.4
Offenbach	Hessen	63065	50.1054	8.762
Offenbach	Hessen	63067	50.1069	8.7344
Offenbach	Hessen	63069	50.0894	8.7494
Offenbach	Hessen	63071	50.0993	8.7852
Offenbach	Hessen	63073	50.1	8.7667
Offenbach	Hessen	63075	50.123	8.7921
Rodgau	Hessen	63110	50.0263	8.8859
Dietzenbach	Hessen	63128	50.0098	8.7778
Heusenstamm	Hessen	63150	50.0555	8.8008
Mühlheim	Hessen	63165	50.1078	8.8318
Obertshausen	Hessen	63179	50.0714	8.8512
Langen	Hessen	63225	49.9896	8.6685
Neu-Isenburg	Hessen	63263	50.0583	8.6918
Dreieich	Hessen	63303	50.02	8.6961
Rödermark	Hessen	63322	49.974	8.8282
Egelsbach	Hessen	63329	49.9679	8.6634
Hanau	Hessen	63405	50.1333	8.9167
Hanau	Hessen	63450	50.1316	8.9208
Hanau	Hessen	63452	50.1442	8.9169
Hanau	Hessen	63454	50.1391	8.8864
Hanau	Hessen	63456	50.1139	8.9107
Hanau	Hessen	63457	50.1063	8.9495
Maintal	Hessen	63477	50.15	8.8333
Bruchköbel	Hessen	63486	50.1785	8.9232
Seligenstadt	Hessen	63500	50.0432	8.9739
Langenselbold	Hessen	63505	50.1766	9.04
Hainburg	Hessen	63512	50.0833	8.9333
Rodenbach	Hessen	63517	50.15	9.0333
Erlensee	Hessen	63526	50.163	8.9782
Mainhausen	Hessen	63533	50.0127	8.9901
Großkrotzenburg	Hessen	63538	50.0833	8.9833
Neuberg	Hessen	63543	50.2	8.9833
Hammersbach	Hessen	63546	50.2167	8.9833
Ronneburg	Hessen	63549	50.2278	9.0556
Gelnhausen	Hessen	63571	50.2016	9.1874
Freigericht	Hessen	63579	50.1323	9.1346
Gründau	Hessen	63584	50.2064	9.1388
Linsengericht	Hessen	63589	50.1667	9.2167
Hasselroth	Hessen	63594	50.1667	9.1
Biebergemünd	Hessen	63599	50.1806	9.2861
Wächtersbach	Hessen	63607	50.2551	9.2956
Bad Orb	Hessen	63619	50.2279	9.3478
Bad Soden-Salmünster	Hessen	63628	50.2757	9.367
Birstein	Hessen	63633	50.35	9.3
Brachttal	Hessen	63636	50.3167	9.2833
Jossgrund	Hessen	63637	50.1792	9.4583
Flörsbachtal	Hessen	63639	50.1208	9.4375
Büdingen	Hessen	63654	50.2901	9.1114
Nidda	Hessen	63667	50.4133	9.0064
Altenstadt	Hessen	63674	50.2875	8.9437
Schotten	Hessen	63679	50.5035	9.1252
Ortenberg	Hessen	63683	50.3558	9.056
Gedern	Hessen	63688	50.4248	9.1984
Ranstadt	Hessen	63691	50.3574	8.9837
Limeshain	Hessen	63694	50.2591	8.9776
Glauburg	Hessen	63695	50.3167	9
Hirzenhain	Hessen	63697	50.4	9.1333
Kefenrod	Hessen	63699	50.3448	9.2114
Aschaffenburg	Bayern	63739	49.9757	9.1478
Aschaffenburg	Bayern	63741	49.9751	9.1314
Aschaffenburg	Bayern	63743	49.9648	9.1647
Alzenau in Unterfranken	Bayern	63755	50.0888	9.0646
Großostheim	Bayern	63762	49.9199	9.076
Hösbach	Bayern	63768	50.0065	9.2076
Goldbach	Bayern	63773	49.9995	9.1844
Mömbris	Bayern	63776	50.0692	9.1637
Obernburg am Main	Bayern	63785	49.8358	9.131
Karlstein am Main	Bayern	63791	50.0487	9.0287
Kahl am Main	Bayern	63796	50.0698	9.0055
Kleinostheim	Bayern	63801	50	9.0667
Haibach	Bayern	63808	49.9644	9.2072
Stockstadt am Main	Bayern	63811	49.97	9.0715
Mainaschaff	Bayern	63814	49.9817	9.09
Elsenfeld	Bayern	63820	49.8429	9.1636
Blankenbach	Bayern	63825	50.0667	9.2333
Geiselbach	Bayern	63826	50.1233	9.1966
Kleinkahl	Bayern	63828	50.1167	9.2667
Krombach	Bayern	63829	50.0832	9.2061
Wiesen	Bayern	63831	50.1167	9.3667
Sulzbach am Main	Bayern	63834	49.9115	9.1532
Kleinwallstadt	Bayern	63839	49.8746	9.1693
Hausen	Bayern	63840	49.8697	9.2103
Niedernberg	Bayern	63843	49.9122	9.1369
Laufach	Bayern	63846	50.0167	9.3
Leidersbach	Bayern	63849	49.9014	9.2217
Mömlingen	Bayern	63853	49.8597	9.0833
Bessenbach	Bayern	63856	49.9694	9.2686
Waldaschaff	Bayern	63857	49.9753	9.3019
Rothenbuch	Bayern	63860	49.9653	9.3939
Eschau	Bayern	63863	49.8189	9.2592
Glattbach	Bayern	63864	50	9.15
Johannesberg	Bayern	63867	50.0316	9.1425
Großwallstadt	Bayern	63868	49.8794	9.1534
Heigenbrücken	Bayern	63869	50.0282	9.3712
Heinrichsthal	Bayern	63871	50.0711	9.343
Heimbuchenthal	Bayern	63872	49.8892	9.2956
Dammbach	Bayern	63874	49.8577	9.3276
Mespelbrunn	Bayern	63875	49.9144	9.2919
Sailauf	Bayern	63877	50.0246	9.2593
Weibersbrunn	Bayern	63879	49.9308	9.3661
Miltenberg	Bayern	63897	49.7045	9.2673
Erlenbach am Main	Bayern	63906	49.8034	9.1631
Klingenberg am Main	Bayern	63911	49.7851	9.1803
Amorbach	Bayern	63916	49.6444	9.2218
Großheubach	Bayern	63920	49.7283	9.2228
Kleinheubach	Bayern	63924	49.7211	9.2135
Laudenbach	Bayern	63925	49.7458	9.1761
Bürgstadt	Bayern	63927	49.7148	9.2692
Eichenbühl	Bayern	63928	49.7056	9.3292
Neunkirchen	Bayern	63930	49.7072	9.4025
Kirchzell	Bayern	63931	49.618	9.1779
Mönchberg	Bayern	63933	49.7933	9.2686
Röllbach	Bayern	63934	49.7731	9.2461
Schneeberg	Bayern	63936	49.6402	9.2506
Weilbach	Bayern	63937	49.6681	9.2164
Wörth am Main	Bayern	63939	49.7972	9.1539
Darmstadt	Hessen	64283	49.8719	8.6484
Darmstadt	Hessen	64285	49.8591	8.6486
Darmstadt	Hessen	64287	49.8676	8.6644
Darmstadt	Hessen	64289	49.8972	8.6809
Darmstadt	Hessen	64291	49.9111	8.6573
Darmstadt	Hessen	64293	49.8875	8.6446
Darmstadt	Hessen	64295	49.8611	8.6373
Darmstadt	Hessen	64297	49.8192	8.6449
Pfungstadt	Hessen	64319	49.8056	8.6031
Weiterstadt	Hessen	64331	49.9039	8.5887
Seeheim-Jugenheim	Hessen	64342	49.765	8.6519
Griesheim	Hessen	64347	49.8609	8.5725
Reinheim	Hessen	64354	49.8292	8.8357
Mühltal	Hessen	64367	49.8156	8.7081
Ober-Ramstadt	Hessen	64372	49.8308	8.7489
Roßdorf	Hessen	64380	49.8597	8.7617
Reichelsheim	Hessen	64385	49.7121	8.839
Erzhausen	Hessen	64390	49.9553	8.6475
Brensbach	Hessen	64395	49.7739	8.8844
Modautal	Hessen	64397	49.7606	8.7208
Groß-Bieberau	Hessen	64401	49.8006	8.8243
Bickenbach	Hessen	64404	49.7592	8.6175
Fischbachtal	Hessen	64405	49.7647	8.785
Fränkisch-Crumbach	Hessen	64407	49.7461	8.8586
Messel	Hessen	64409	49.9383	8.7406
Groß-Gerau	Hessen	64521	49.9214	8.4825
Mörfelden-Walldorf	Hessen	64546	49.9947	8.5836
Riedstadt	Hessen	64560	49.8341	8.4962
Nauheim	Hessen	64569	49.9508	8.4633
Büttelborn	Hessen	64572	49.9033	8.5233
Gernsheim	Hessen	64579	49.7531	8.4886
Biebesheim am Rhein	Hessen	64584	49.7836	8.4744
Stockstadt am Rhein	Hessen	64589	49.8094	8.4728
Bensheim	Hessen	64625	49.6837	8.6184
Lorsch	Hessen	64653	49.65	8.5667
Fürth	Hessen	64658	49.6508	8.7847
Alsbach-Hähnlein	Hessen	64665	49.7386	8.5958
Rimbach	Hessen	64668	49.625	8.7631
Zwingenberg	Hessen	64673	49.7239	8.6108
Lindenfels	Hessen	64678	49.6837	8.7815
Einhausen	Hessen	64683	49.6767	8.5483
Lautertal	Hessen	64686	49.7258	8.7033
Erbach	Hessen	64711	49.6615	8.994
Michelstadt	Hessen	64720	49.6757	9.0037
Bad König	Hessen	64732	49.7432	9.0075
Höchst im Odenwald	Hessen	64739	49.7997	8.9994
Beerfelden	Hessen	64743	49.5686	8.9744
Breuberg	Hessen	64747	49.8	9.0667
Lützelbach	Hessen	64750	49.7883	9.0753
Brombachtal	Hessen	64753	49.7325	8.9622
Hesseneck	Hessen	64754	49.5699	9.0629
Mossautal	Hessen	64756	49.6533	8.9289
Rothenberg	Hessen	64757	49.4992	8.9192
Dieburg	Hessen	64807	49.8974	8.8461
Groß-Umstadt	Hessen	64823	49.869	8.9321
Babenhausen	Hessen	64832	49.9652	8.9513
Münster	Hessen	64839	49.9228	8.8678
Groß-Zimmern	Hessen	64846	49.8758	8.8344
Schaafheim	Hessen	64850	49.9242	9.0094
Otzberg	Hessen	64853	49.8261	8.9225
Eppertshausen	Hessen	64859	49.9506	8.8539
Wiesbaden	Hessen	65183	50.0817	8.2389
Wiesbaden	Hessen	65185	50.0773	8.2424
Wiesbaden	Hessen	65187	50.0691	8.2254
Wiesbaden	Hessen	65189	50.071	8.2565
Wiesbaden	Hessen	65191	50.0876	8.2797
Wiesbaden	Hessen	65193	50.0896	8.2428
Wiesbaden	Hessen	65195	50.1095	8.1967
Wiesbaden	Hessen	65197	50.0794	8.2157
Wiesbaden	Hessen	65199	50.0734	8.196
Wiesbaden	Hessen	65201	50.0441	8.2036
Wiesbaden	Hessen	65203	50.045	8.2453
Taunusstein	Hessen	65219	50.15	8.15
Taunusstein	Hessen	65220	50.15	8.15
Taunusstein	Hessen	65221	50.15	8.15
Taunusstein	Hessen	65222	50.15	8.15
Taunusstein	Hessen	65223	50.15	8.15
Taunusstein	Hessen	65224	50.15	8.15
Taunusstein	Hessen	65232	50.1377	8.1337
Hochheim am Main	Hessen	65239	50.0144	8.3522
Bad Schwalbach	Hessen	65307	50.142	8.0696
Heidenrod	Hessen	65321	50.1649	7.9535
Aarbergen	Hessen	65326	50.25	8.0667
Hohenstein	Hessen	65329	50.2	8.0667
Eltville am Rhein	Hessen	65343	50.0333	8.1167
Eltville am Rhein	Hessen	65344	50.0333	8.1167
Eltville am Rhein	Hessen	65345	50.0333	8.1167
Eltville am Rhein	Hessen	65346	50.0333	8.1167
Eltville am Rhein	Hessen	65347	50.0132	8.0615
Geisenheim	Hessen	65366	49.9847	7.9684
Oestrich-Winkel	Hessen	65375	50	8
Rüdesheim am Rhein	Hessen	65385	49.9821	7.9296
Schlangenbad	Hessen	65388	50.0932	8.1031
Lorch	Hessen	65391	50.0462	7.8042
Walluf	Hessen	65396	50.04	8.1554
Kiedrich	Hessen	65399	50.0396	8.0853
Rüsselsheim	Hessen	65428	49.9896	8.4225
Flörsheim	Hessen	65439	50.0131	8.4278
Kelsterbach	Hessen	65451	50.0613	8.5292
Ginsheim-Gustavsburg	Hessen	65462	49.9711	8.3453
Trebur	Hessen	65468	49.9264	8.4073
Bischofsheim	Hessen	65474	49.9939	8.3672
Raunheim	Hessen	65479	50.0132	8.4525
Idstein	Hessen	65510	50.2177	8.2668
Bad Camberg	Hessen	65520	50.297	8.269
Niedernhausen	Hessen	65527	50.1631	8.3134
Waldems	Hessen	65529	50.25	8.3333
Limburg an der Lahn	Hessen	65549	50.383	8.0611
Limburg an der Lahn	Hessen	65550	50.3833	8.05
Limburg an der Lahn	Hessen	65551	50.3833	8.05
Limburg an der Lahn	Hessen	65552	50.3833	8.05
Limburg an der Lahn	Hessen	65553	50.3833	8.05
Limburg an der Lahn	Hessen	65554	50.3833	8.05
Limburg an der Lahn	Hessen	65555	50.3833	8.05
Limburg an der Lahn	Hessen	65556	50.3833	8.05
Holzheim	Rheinland-Pfalz	65558	50.3545	8.0483
Aull	Rheinland-Pfalz	65582	50.3856	8.0019
Hadamar	Hessen	65589	50.4459	8.0425
Runkel	Hessen	65594	50.4057	8.1546
Hünfelden	Hessen	65597	50.3286	8.1476
Dornburg	Hessen	65599	50.5167	8.0167
Elz	Hessen	65604	50.4167	8.0333
Villmar	Hessen	65606	50.3929	8.1931
Brechen	Hessen	65611	50.3556	8.1778
Beselich	Hessen	65614	50.4583	8.1458
Selters (Taunus)	Hessen	65618	50.35	8.2667
Waldbrunn (Westerwald)	Hessen	65620	50.5167	8.1167
Hahnstätten	Rheinland-Pfalz	65623	50.3	8.0667
Altendiez	Rheinland-Pfalz	65624	50.3667	7.9833
Birlenbach	Rheinland-Pfalz	65626	50.3581	8.0027
Elbtal	Hessen	65627	50.5	8.05
Niederneisen	Rheinland-Pfalz	65629	50.3333	8.05
Hofheim am Taunus	Hessen	65719	50.0902	8.4493
Eschborn	Hessen	65760	50.1433	8.5711
Kelkheim (Taunus)	Hessen	65779	50.137	8.4502
Hattersheim	Hessen	65795	50.0785	8.4755
Bad Soden am Taunus	Hessen	65812	50.1408	8.5045
Eppstein	Hessen	65817	50.1428	8.3923
Schwalbach am Taunus	Hessen	65824	50.15	8.5333
Kriftel	Hessen	65830	50.0841	8.4698
Liederbach am Taunus	Hessen	65835	50.1185	8.4885
Sulzbach	Hessen	65843	50.134	8.528
Frankfurt am Main	Hessen	65929	50.1045	8.5389
Frankfurt am Main	Hessen	65931	50.091	8.5044
Frankfurt am Main	Hessen	65933	50.0979	8.5999
Frankfurt am Main	Hessen	65934	50.1027	8.5749
Frankfurt am Main	Hessen	65936	50.1207	8.5663
Saarbrücken	Saarland	66111	49.2461	7.0022
Saarbrücken	Saarland	66113	49.2431	6.9757
Saarbrücken	Saarland	66115	49.2399	6.9696
Saarbrücken	Saarland	66117	49.2146	6.9682
Saarbrücken	Saarland	66119	49.2087	7.0202
Saarbrücken	Saarland	66121	49.229	7.0124
Saarbrücken	Saarland	66123	49.2333	7
Saarbrücken	Saarland	66125	49.2718	7.0325
Saarbrücken	Saarland	66126	49.2333	7
Saarbrücken	Saarland	66127	49.2333	7
Saarbrücken	Saarland	66128	49.2333	7
Saarbrücken	Saarland	66129	49.2333	7
Saarbrücken	Saarland	66131	49.2333	7
Saarbrücken	Saarland	66132	49.2333	7
Saarbrücken	Saarland	66133	49.2333	7
Heusweiler	Saarland	66265	49.3363	6.9304
Kleinblittersdorf	Saarland	66271	49.1578	7.0373
Sulzbach/Saar	Saarland	66280	49.3	7.0667
Quierschied	Saarland	66287	49.3167	7.05
Riegelsberg	Saarland	66292	49.3	6.9333
Friedrichsthal	Saarland	66299	49.3279	7.0962
Völklingen	Saarland	66333	49.2516	6.8587
Püttlingen	Saarland	66346	49.2855	6.8872
Großrosseln	Saarland	66352	49.203	6.8415
Bous	Saarland	66359	49.2773	6.8013
Sankt Ingbert	Saarland	66386	49.277	7.1167
Mandelbachtal	Saarland	66399	49.1833	7.1667
Homburg	Saarland	66424	49.3264	7.3387
Blieskastel	Saarland	66440	49.2372	7.2562
Bexbach	Saarland	66450	49.3462	7.2553
Gersheim	Saarland	66453	49.15	7.2
Kirkel	Saarland	66459	49.2833	7.2333
Zweibrücken	Rheinland-Pfalz	66482	49.2469	7.3698
Winterbach	Rheinland-Pfalz	66484	49.303	7.4731
Contwig	Rheinland-Pfalz	66497	49.25	7.4333
Hornbach	Rheinland-Pfalz	66500	49.1878	7.3688
Großbundenbach	Rheinland-Pfalz	66501	49.3	7.4167
Dellfeld	Rheinland-Pfalz	66503	49.234	7.474
Bottenbach	Rheinland-Pfalz	66504	49.1833	7.5
Maßweiler	Rheinland-Pfalz	66506	49.2667	7.5333
Reifenberg	Rheinland-Pfalz	66507	49.2828	7.5096
Rieschweiler-Mühlbach	Rheinland-Pfalz	66509	49.2333	7.5
Illingen	Saarland	66557	49.3736	7.0476
Ottweiler	Saarland	66564	49.4013	7.1642
Eppelborn	Saarland	66571	49.4	6.9667
Schiffweiler	Saarland	66578	49.3667	7.1333
Spiesen-Elversberg	Saarland	66583	49.3167	7.1333
Merchweiler	Saarland	66589	49.35	7.05
Sankt Wendel	Saarland	66606	49.4663	7.1681
Nonnweiler	Saarland	66620	49.6076	6.9699
Nohfelden	Saarland	66625	49.5759	7.0808
Freisen	Saarland	66629	49.55	7.25
Tholey	Saarland	66636	49.4837	7.0369
Namborn	Saarland	66640	49.5217	7.1407
Marpingen	Saarland	66646	49.4523	7.0582
Oberthal	Saarland	66649	49.5126	7.0838
Merzig	Saarland	66663	49.4433	6.6387
Losheim am See	Saarland	66679	49.5181	6.735
Wadern	Saarland	66687	49.5412	6.8877
Mettlach	Saarland	66693	49.4936	6.5969
Beckingen	Saarland	66701	49.4	6.7
Perl	Saarland	66706	49.4717	6.3813
Weiskirchen	Saarland	66709	49.55	6.8167
Saarlouis	Saarland	66740	49.3137	6.7515
Dillingen	Saarland	66763	49.3556	6.7278
Schwalbach	Saarland	66773	49.3	6.8167
Rehlingen-Siersburg	Saarland	66780	49.3756	6.6844
Wadgassen	Saarland	66787	49.2667	6.7833
Saarwellingen	Saarland	66793	49.3543	6.8049
Wallerfangen	Saarland	66798	49.3275	6.711
Überherrn	Saarland	66802	49.2419	6.6984
Ensdorf	Saarland	66806	49.3	6.7833
Nalbach	Saarland	66809	49.3833	6.7833
Lebach	Saarland	66822	49.4112	6.9099
Schmelz	Saarland	66839	49.4333	6.85
Landstuhl	Rheinland-Pfalz	66849	49.4131	7.5702
Linden	Rheinland-Pfalz	66851	49.35	7.65
Kindsbach	Rheinland-Pfalz	66862	49.4167	7.6167
Blaubach	Rheinland-Pfalz	66869	49.5667	7.4
Albessen	Rheinland-Pfalz	66871	49.5167	7.3333
Ramstein-Miesenbach	Rheinland-Pfalz	66877	49.4445	7.5553
Kollweiler	Rheinland-Pfalz	66879	49.5167	7.5833
Hütschenhausen	Rheinland-Pfalz	66882	49.4167	7.4833
Altenglan	Rheinland-Pfalz	66885	49.55	7.4667
Jettenbach	Rheinland-Pfalz	66887	49.5348	7.5572
Bruchmühlbach-Miesau	Rheinland-Pfalz	66892	49.3833	7.4333
Bechhofen	Rheinland-Pfalz	66894	49.35	7.4
Schönenberg-Kübelberg	Rheinland-Pfalz	66901	49.4074	7.3723
Altenkirchen	Rheinland-Pfalz	66903	49.4431	7.3208
Brücken	Rheinland-Pfalz	66904	49.4317	7.36
Glan-Münchweiler	Rheinland-Pfalz	66907	49.4722	7.442
Langenbach	Rheinland-Pfalz	66909	49.4936	7.3277
Waldmohr	Rheinland-Pfalz	66914	49.3833	7.3333
Breitenbach	Rheinland-Pfalz	66916	49.4333	7.2667
Biedershausen	Rheinland-Pfalz	66917	49.3167	7.4833
Hermersberg	Rheinland-Pfalz	66919	49.3167	7.6333
Pirmasens	Rheinland-Pfalz	66953	49.2149	7.629
Pirmasens	Rheinland-Pfalz	66954	49.2071	7.5911
Pirmasens	Rheinland-Pfalz	66955	49.1839	7.6134
Eppenbrunn	Rheinland-Pfalz	66957	49.1167	7.5667
Lemberg	Rheinland-Pfalz	66969	49.1731	7.6511
Rodalben	Rheinland-Pfalz	66976	49.2394	7.6396
Leimen	Rheinland-Pfalz	66978	49.2737	7.7686
Münchweiler an der Rodalb	Rheinland-Pfalz	66981	49.2167	7.7
Thaleischweiler-Fröschen	Rheinland-Pfalz	66987	49.2667	7.5833
Petersberg	Rheinland-Pfalz	66989	49.2333	7.5667
Dahn	Rheinland-Pfalz	66994	49.151	7.7784
Schönau	Rheinland-Pfalz	66996	49.0606	7.7479
Hinterweidenthal	Rheinland-Pfalz	66999	49.2	7.75
Ludwigshafen am Rhein	Rheinland-Pfalz	67059	49.4828	8.4376
Ludwigshafen am Rhein	Rheinland-Pfalz	67061	49.4705	8.4454
Ludwigshafen am Rhein	Rheinland-Pfalz	67063	49.499	8.4109
Ludwigshafen am Rhein	Rheinland-Pfalz	67065	49.4603	8.4162
Ludwigshafen am Rhein	Rheinland-Pfalz	67067	49.4811	8.4353
Ludwigshafen am Rhein	Rheinland-Pfalz	67069	49.5235	8.4022
Ludwigshafen am Rhein	Rheinland-Pfalz	67071	49.489	8.3791
Bad Dürkheim	Rheinland-Pfalz	67098	49.4563	8.0814
Schifferstadt	Rheinland-Pfalz	67105	49.3842	8.3775
Mutterstadt	Rheinland-Pfalz	67112	49.4414	8.3561
Limburgerhof	Rheinland-Pfalz	67117	49.4244	8.3919
Altrip	Rheinland-Pfalz	67122	49.4356	8.4947
Dannstadt-Schauernheim	Rheinland-Pfalz	67125	49.4403	8.3086
Hochdorf-Assenheim	Rheinland-Pfalz	67126	49.4194	8.2817
Rödersheim-Gronau	Rheinland-Pfalz	67127	49.43	8.2614
Maxdorf	Rheinland-Pfalz	67133	49.4881	8.2917
Birkenheide	Rheinland-Pfalz	67134	49.4814	8.2619
Fußgönheim	Rheinland-Pfalz	67136	49.4611	8.2922
Neuhofen	Rheinland-Pfalz	67141	49.4278	8.4247
Deidesheim	Rheinland-Pfalz	67146	49.4078	8.1844
Forst an der Weinstraße	Rheinland-Pfalz	67147	49.4258	8.1911
Meckenheim	Rheinland-Pfalz	67149	49.4044	8.2392
Niederkirchen bei Deidesheim	Rheinland-Pfalz	67150	49.415	8.21
Ruppertsberg	Rheinland-Pfalz	67152	49.4003	8.1961
Wachenheim an der Weinstraße	Rheinland-Pfalz	67157	49.448	8.1712
Ellerstadt	Rheinland-Pfalz	67158	49.4617	8.2594
Friedelsheim	Rheinland-Pfalz	67159	49.4469	8.2231
Gönnheim	Rheinland-Pfalz	67161	49.4481	8.2386
Waldsee	Rheinland-Pfalz	67165	49.3953	8.4403
Otterstadt	Rheinland-Pfalz	67166	49.3722	8.4478
Erpolzheim	Rheinland-Pfalz	67167	49.4892	8.2247
Kallstadt	Rheinland-Pfalz	67169	49.4908	8.1761
Frankenthal (Pfalz)	Rheinland-Pfalz	67227	49.5386	8.354
Gerolsheim	Rheinland-Pfalz	67229	49.5478	8.2639
Bobenheim-Roxheim	Rheinland-Pfalz	67240	49.5875	8.3578
Lambsheim	Rheinland-Pfalz	67245	49.5136	8.2878
Dirmstein	Rheinland-Pfalz	67246	49.5633	8.2447
Freinsheim	Rheinland-Pfalz	67251	49.5065	8.2119
Weisenheim am Sand	Rheinland-Pfalz	67256	49.5181	8.2478
Heßheim	Rheinland-Pfalz	67258	49.5458	8.3078
Beindersheim	Rheinland-Pfalz	67259	49.5606	8.3194
Grünstadt	Rheinland-Pfalz	67269	49.563	8.1628
Kindenheim	Rheinland-Pfalz	67271	49.6111	8.1642
Bobenheim am Berg	Rheinland-Pfalz	67273	49.5242	8.1511
Bockenheim	Rheinland-Pfalz	67278	49.6067	8.1849
Ebertsheim	Rheinland-Pfalz	67280	49.5683	8.1086
Bissersheim	Rheinland-Pfalz	67281	49.5358	8.2042
Kirchheimbolanden	Rheinland-Pfalz	67292	49.6625	8.0151
Stetten	Rheinland-Pfalz	67294	49.6694	8.0919
Bolanden	Rheinland-Pfalz	67295	49.6392	8.0119
Marnheim	Rheinland-Pfalz	67297	49.6328	8.04
Kerzenheim	Rheinland-Pfalz	67304	49.5764	8.0597
Ramsen	Rheinland-Pfalz	67305	49.5369	8.0133
Göllheim	Rheinland-Pfalz	67307	49.595	8.0508
Bubenheim	Rheinland-Pfalz	67308	49.6281	8.1178
Hettenleidelheim	Rheinland-Pfalz	67310	49.5356	8.0736
Tiefenthal	Rheinland-Pfalz	67311	49.5386	8.1039
Carlsberg	Rheinland-Pfalz	67316	49.5039	8.0417
Altleiningen	Rheinland-Pfalz	67317	49.5075	8.0733
Wattenheim	Rheinland-Pfalz	67319	49.5217	8.0617
Speyer	Rheinland-Pfalz	67346	49.3208	8.4311
Römerberg	Rheinland-Pfalz	67354	49.2954	8.407
Lingenfeld	Rheinland-Pfalz	67360	49.2539	8.3386
Freisbach	Rheinland-Pfalz	67361	49.2717	8.2719
Lustadt	Rheinland-Pfalz	67363	49.2448	8.2741
Schwegenheim	Rheinland-Pfalz	67365	49.27	8.3286
Weingarten	Rheinland-Pfalz	67366	49.2595	8.2862
Westheim	Rheinland-Pfalz	67368	49.2464	8.3236
Dudenhofen	Rheinland-Pfalz	67373	49.3186	8.3886
Hanhofen	Rheinland-Pfalz	67374	49.3167	8.3408
Harthausen	Rheinland-Pfalz	67376	49.2942	8.345
Gommersheim	Rheinland-Pfalz	67377	49.2911	8.2658
Zeiskam	Rheinland-Pfalz	67378	49.2328	8.2472
Neustadt an der Weinstraße	Rheinland-Pfalz	67433	49.3465	8.1491
Neustadt an der Weinstraße	Rheinland-Pfalz	67434	49.3505	8.1363
Neustadt an der Weinstraße	Rheinland-Pfalz	67435	49.3567	8.1378
Haßloch	Rheinland-Pfalz	67454	49.3628	8.2581
Böhl-Iggelheim	Rheinland-Pfalz	67459	49.3806	8.3039
Lambrecht	Rheinland-Pfalz	67466	49.3705	8.0726
Frankenstein	Rheinland-Pfalz	67468	49.4401	7.9774
Elmstein	Rheinland-Pfalz	67471	49.3667	7.9333
Esthal	Rheinland-Pfalz	67472	49.3833	7.9833
Lindenberg	Rheinland-Pfalz	67473	49.3803	8.0986
Weidenthal	Rheinland-Pfalz	67475	49.4167	8
Edenkoben	Rheinland-Pfalz	67480	49.2839	8.1271
Altdorf	Rheinland-Pfalz	67482	49.2872	8.2161
Edesheim	Rheinland-Pfalz	67483	49.2633	8.135
Maikammer	Rheinland-Pfalz	67487	49.3053	8.1317
Kirrweiler (Pfalz)	Rheinland-Pfalz	67489	49.3019	8.1656
Worms	Rheinland-Pfalz	67547	49.6326	8.3619
Worms	Rheinland-Pfalz	67549	49.6356	8.3338
Worms	Rheinland-Pfalz	67550	49.6356	8.3597
Worms	Rheinland-Pfalz	67551	49.6163	8.2753
Osthofen	Rheinland-Pfalz	67574	49.7038	8.3242
Eich	Rheinland-Pfalz	67575	49.75	8.3989
Alsheim	Rheinland-Pfalz	67577	49.7681	8.3403
Gimbsheim	Rheinland-Pfalz	67578	49.7778	8.375
Hamm	Rheinland-Pfalz	67580	49.7323	8.4327
Mettenheim	Rheinland-Pfalz	67582	49.74	8.3258
Guntersblum	Rheinland-Pfalz	67583	49.7975	8.3456
Dorn-Dürkheim	Rheinland-Pfalz	67585	49.7686	8.2697
Hillesheim	Rheinland-Pfalz	67586	49.7764	8.2561
Wintersheim	Rheinland-Pfalz	67587	49.7786	8.2803
Monsheim	Rheinland-Pfalz	67590	49.6372	8.2119
Hohen-Sülzen	Rheinland-Pfalz	67591	49.6192	8.2256
Flörsheim-Dalsheim	Rheinland-Pfalz	67592	49.6755	8.2089
Bermersheim	Rheinland-Pfalz	67593	49.6819	8.2236
Bechtheim	Rheinland-Pfalz	67595	49.7278	8.2922
Dittelsheim-Heßloch	Rheinland-Pfalz	67596	49.7439	8.2369
Gundersheim	Rheinland-Pfalz	67598	49.6961	8.2025
Gundheim	Rheinland-Pfalz	67599	49.6758	8.2378
Kaiserslautern	Rheinland-Pfalz	67653	49.45	7.75
Kaiserslautern	Rheinland-Pfalz	67655	49.4425	7.7659
Kaiserslautern	Rheinland-Pfalz	67657	49.4495	7.7948
Kaiserslautern	Rheinland-Pfalz	67659	49.4467	7.7609
Kaiserslautern	Rheinland-Pfalz	67663	49.436	7.7503
Enkenbach-Alsenborn	Rheinland-Pfalz	67677	49.4833	7.9
Mehlingen	Rheinland-Pfalz	67678	49.4914	7.8547
Neuhemsbach	Rheinland-Pfalz	67680	49.5167	7.9167
Sembach	Rheinland-Pfalz	67681	49.5118	7.8666
Erzenhausen	Rheinland-Pfalz	67685	49.5	7.6167
Mackenbach	Rheinland-Pfalz	67686	49.4667	7.5833
Rodenbach	Rheinland-Pfalz	67688	49.4728	7.6579
Hochspeyer	Rheinland-Pfalz	67691	49.4421	7.895
Fischbach	Rheinland-Pfalz	67693	49.45	7.9167
Otterberg	Rheinland-Pfalz	67697	49.503	7.7699
Heiligenmoschel	Rheinland-Pfalz	67699	49.55	7.7667
Niederkirchen	Rheinland-Pfalz	67700	49.5833	7.7
Schallodenbach	Rheinland-Pfalz	67701	49.55	7.7167
Stelzenberg	Rheinland-Pfalz	67705	49.3776	7.7381
Krickenbach	Rheinland-Pfalz	67706	49.3667	7.6667
Schopp	Rheinland-Pfalz	67707	49.35	7.6833
Waldfischbach-Burgalben	Rheinland-Pfalz	67714	49.2833	7.6667
Geiselberg	Rheinland-Pfalz	67715	49.3261	7.6971
Heltersberg	Rheinland-Pfalz	67716	49.3167	7.7167
Schmalenberg	Rheinland-Pfalz	67718	49.3333	7.7333
Alsenbrück-Langmeil	Rheinland-Pfalz	67722	49.5665	7.8848
Gehrweiler	Rheinland-Pfalz	67724	49.5833	7.7667
Breunigweiler	Rheinland-Pfalz	67725	49.5667	7.9667
Lohnsfeld	Rheinland-Pfalz	67727	49.55	7.85
Münchweiler an der Alsenz	Rheinland-Pfalz	67728	49.55	7.8833
Sippersfeld	Rheinland-Pfalz	67729	49.55	7.9333
Otterbach	Rheinland-Pfalz	67731	49.4855	7.7345
Hirschhorn	Rheinland-Pfalz	67732	49.5197	7.6788
Katzweiler	Rheinland-Pfalz	67734	49.5	7.7
Mehlbach	Rheinland-Pfalz	67735	49.5167	7.7167
Frankelbach	Rheinland-Pfalz	67737	49.5333	7.6333
Adenbach	Rheinland-Pfalz	67742	49.6667	7.65
Homberg	Rheinland-Pfalz	67744	49.65	7.5167
Grumbach	Rheinland-Pfalz	67745	49.65	7.5667
Langweiler	Rheinland-Pfalz	67746	49.6667	7.5167
Odenbach	Rheinland-Pfalz	67748	49.6833	7.65
Nerzweiler	Rheinland-Pfalz	67749	49.6	7.55
Oberweiler-Tiefenbach	Rheinland-Pfalz	67752	49.6	7.6167
Aschbach	Rheinland-Pfalz	67753	49.6	7.5833
Eßweiler	Rheinland-Pfalz	67754	49.5582	7.5642
Hinzweiler	Rheinland-Pfalz	67756	49.5833	7.55
Kreimbach-Kaulbach	Rheinland-Pfalz	67757	49.55	7.6333
Nußbach	Rheinland-Pfalz	67759	49.6333	7.7
Marienthal	Rheinland-Pfalz	67806	49.6351	7.8868
Schönborn	Rheinland-Pfalz	67808	49.6333	7.7667
Dielkirchen	Rheinland-Pfalz	67811	49.6667	7.8167
Gerbach	Rheinland-Pfalz	67813	49.6667	7.8667
Dannenfels	Rheinland-Pfalz	67814	49.6287	7.9436
Dreisen	Rheinland-Pfalz	67816	49.6033	8.0106
Imsbach	Rheinland-Pfalz	67817	49.5833	7.8833
Kriegsfeld	Rheinland-Pfalz	67819	49.7099	7.9169
Oberndorf	Rheinland-Pfalz	67821	49.7167	7.8167
Finkenbach-Gersweiler	Rheinland-Pfalz	67822	49.6833	7.75
Lettweiler	Rheinland-Pfalz	67823	49.7333	7.7333
Feilbingert	Rheinland-Pfalz	67824	49.7667	7.8
Hallgarten	Rheinland-Pfalz	67826	49.7593	7.7888
Becherbach	Rheinland-Pfalz	67827	49.65	7.6833
Callbach	Rheinland-Pfalz	67829	49.7	7.7
Mannheim	Baden-Württemberg	68159	49.4934	8.4653
Mannheim	Baden-Württemberg	68161	49.4873	8.4695
Mannheim	Baden-Württemberg	68163	49.4883	8.4647
Mannheim	Baden-Württemberg	68165	49.4772	8.4818
Mannheim	Baden-Württemberg	68167	49.4996	8.4939
Mannheim	Baden-Württemberg	68169	49.503	8.4693
Mannheim	Baden-Württemberg	68199	49.4598	8.4881
Mannheim	Baden-Württemberg	68219	49.4883	8.4647
Mannheim	Baden-Württemberg	68229	49.4883	8.4647
Mannheim	Baden-Württemberg	68239	49.4883	8.4647
Viernheim	Hessen	68519	49.5403	8.5782
Ladenburg	Baden-Württemberg	68526	49.4731	8.609
Edingen-Neckarhausen	Baden-Württemberg	68535	49.4572	8.6064
Heddesheim	Baden-Württemberg	68542	49.5056	8.6036
Ilvesheim	Baden-Württemberg	68549	49.474	8.5674
Lampertheim	Hessen	68623	49.5979	8.4725
Bürstadt	Hessen	68642	49.6427	8.4594
Biblis	Hessen	68647	49.6917	8.4586
Groß-Rohrheim	Hessen	68649	49.7211	8.4828
Oftersheim	Baden-Württemberg	68723	49.3653	8.5831
Waghäusel	Baden-Württemberg	68753	49.2499	8.5126
Hockenheim	Baden-Württemberg	68766	49.3233	8.5519
Ketsch	Baden-Württemberg	68775	49.3678	8.5311
Brühl	Baden-Württemberg	68782	49.3972	8.5336
Sankt Leon-Rot	Baden-Württemberg	68789	49.2659	8.618
Oberhausen-Rheinhausen	Baden-Württemberg	68794	49.2739	8.4717
Reilingen	Baden-Württemberg	68799	49.2983	8.5642
Altlußheim	Baden-Württemberg	68804	49.3017	8.4992
Neulußheim	Baden-Württemberg	68809	49.2981	8.5183
Heidelberg	Baden-Württemberg	69115	49.4062	8.6868
Heidelberg	Baden-Württemberg	69117	49.4095	8.6935
Heidelberg	Baden-Württemberg	69118	49.4194	8.7345
Heidelberg	Baden-Württemberg	69120	49.4169	8.6764
Heidelberg	Baden-Württemberg	69121	49.4322	8.6824
Heidelberg	Baden-Württemberg	69123	49.4167	8.7
Heidelberg	Baden-Württemberg	69124	49.3829	8.6656
Heidelberg	Baden-Württemberg	69126	49.3757	8.6911
Neckargemünd	Baden-Württemberg	69151	49.389	8.7959
Wiesloch	Baden-Württemberg	69168	49.295	8.6985
Leimen	Baden-Württemberg	69181	49.3474	8.6873
Walldorf	Baden-Württemberg	69190	49.3064	8.6424
Schriesheim	Baden-Württemberg	69198	49.4737	8.6636
Sandhausen	Baden-Württemberg	69207	49.3428	8.6592
Eppelheim	Baden-Württemberg	69214	49.4019	8.6364
Dossenheim	Baden-Württemberg	69221	49.4503	8.6747
Nußloch	Baden-Württemberg	69226	49.3239	8.6956
Rauenberg	Baden-Württemberg	69231	49.2694	8.7034
Dielheim	Baden-Württemberg	69234	49.2842	8.7381
Neckarsteinach	Hessen	69239	49.4074	8.8434
Mühlhausen	Baden-Württemberg	69242	49.2486	8.7267
Bammental	Baden-Württemberg	69245	49.3561	8.7794
Schönau	Baden-Württemberg	69250	49.4366	8.8088
Gaiberg	Baden-Württemberg	69251	49.3664	8.7497
Heiligkreuzsteinach	Baden-Württemberg	69253	49.4833	8.795
Malsch	Baden-Württemberg	69254	49.2472	8.6828
Mauer	Baden-Württemberg	69256	49.3408	8.8003
Wiesenbach	Baden-Württemberg	69257	49.3614	8.8036
Wilhelmsfeld	Baden-Württemberg	69259	49.4706	8.7536
Eberbach	Baden-Württemberg	69412	49.4668	8.9902
Mudau	Baden-Württemberg	69427	49.5344	9.2044
Waldbrunn	Baden-Württemberg	69429	49.4592	9.0919
Hirschhorn	Hessen	69434	49.4457	8.8959
Schönbrunn	Baden-Württemberg	69436	49.4111	8.9278
Neckargerach	Baden-Württemberg	69437	49.4	9.0667
Zwingenberg	Baden-Württemberg	69439	49.4192	9.0406
Weinheim	Baden-Württemberg	69469	49.5489	8.667
Wald-Michelbach	Hessen	69483	49.57	8.8317
Birkenau	Hessen	69488	49.5625	8.7069
Hirschberg an der Bergstraße	Baden-Württemberg	69493	49.5062	8.6657
Hemsbach	Baden-Württemberg	69502	49.5907	8.6478
Mörlenbach	Hessen	69509	49.5992	8.7347
Laudenbach	Baden-Württemberg	69514	49.6133	8.6539
Gorxheimertal	Hessen	69517	49.5325	8.7295
Abtsteinach	Hessen	69518	49.5367	8.7875
Stuttgart	Baden-Württemberg	70173	48.7667	9.1833
Stuttgart	Baden-Württemberg	70174	48.7667	9.1833
Stuttgart	Baden-Württemberg	70176	48.7667	9.1833
Stuttgart	Baden-Württemberg	70178	48.7667	9.1833
Stuttgart	Baden-Württemberg	70180	48.7667	9.1833
Stuttgart	Baden-Württemberg	70182	48.7667	9.1833
Stuttgart	Baden-Württemberg	70184	48.7667	9.1833
Stuttgart	Baden-Württemberg	70186	48.7667	9.1833
Stuttgart	Baden-Württemberg	70188	48.7667	9.1833
Stuttgart	Baden-Württemberg	70190	48.7667	9.1833
Stuttgart	Baden-Württemberg	70191	48.7667	9.1833
Stuttgart	Baden-Württemberg	70192	48.7667	9.1833
Stuttgart	Baden-Württemberg	70193	48.7667	9.1833
Stuttgart	Baden-Württemberg	70195	48.7667	9.1833
Stuttgart	Baden-Württemberg	70197	48.7667	9.1833
Stuttgart	Baden-Württemberg	70199	48.7667	9.1833
Stuttgart	Baden-Württemberg	70327	48.7667	9.1833
Stuttgart	Baden-Württemberg	70329	48.7667	9.1833
Stuttgart	Baden-Württemberg	70372	48.8026	9.2177
Stuttgart	Baden-Württemberg	70374	48.7667	9.1833
Stuttgart	Baden-Württemberg	70376	48.7667	9.1833
Stuttgart	Baden-Württemberg	70378	48.837	9.227
Stuttgart	Baden-Württemberg	70435	48.7667	9.1833
Stuttgart	Baden-Württemberg	70437	48.7667	9.1833
Stuttgart	Baden-Württemberg	70439	48.7667	9.1833
Stuttgart	Baden-Württemberg	70469	48.7667	9.1833
Stuttgart	Baden-Württemberg	70499	48.7667	9.1833
Stuttgart	Baden-Württemberg	70563	48.7667	9.1833
Stuttgart	Baden-Württemberg	70565	48.7667	9.1833
Stuttgart	Baden-Württemberg	70567	48.7667	9.1833
Stuttgart	Baden-Württemberg	70569	48.7667	9.1833
Stuttgart	Baden-Württemberg	70597	48.7667	9.1833
Stuttgart	Baden-Württemberg	70599	48.7158	9.2046
Stuttgart	Baden-Württemberg	70619	48.7667	9.1833
Stuttgart	Baden-Württemberg	70629	48.7667	9.1833
Fellbach	Baden-Württemberg	70734	48.8086	9.2792
Fellbach	Baden-Württemberg	70736	48.8239	9.272
Leinfelden-Echterdingen	Baden-Württemberg	70771	48.6941	9.1681
Filderstadt	Baden-Württemberg	70794	48.657	9.2205
Kornwestheim	Baden-Württemberg	70806	48.8616	9.1857
Gerlingen	Baden-Württemberg	70839	48.7995	9.0632
Böblingen	Baden-Württemberg	71032	48.6821	9.0117
Böblingen	Baden-Württemberg	71034	48.6902	8.9705
Sindelfingen	Baden-Württemberg	71063	48.7094	8.9988
Sindelfingen	Baden-Württemberg	71065	48.7023	9.0219
Sindelfingen	Baden-Württemberg	71067	48.7233	9.0077
Sindelfingen	Baden-Württemberg	71069	48.7172	8.9684
Herrenberg	Baden-Württemberg	71083	48.5952	8.8665
Holzgerlingen	Baden-Württemberg	71088	48.6397	9.0115
Weil im Schönbuch	Baden-Württemberg	71093	48.6227	9.0635
Schönaich	Baden-Württemberg	71101	48.6587	9.0601
Magstadt	Baden-Württemberg	71106	48.7447	8.9668
Waldenbuch	Baden-Württemberg	71111	48.6383	9.1326
Gärtringen	Baden-Württemberg	71116	48.6418	8.9007
Grafenau	Baden-Württemberg	71120	48.7083	8.9183
Gäufelden	Baden-Württemberg	71126	48.55	8.8167
Jettingen	Baden-Württemberg	71131	48.575	8.7865
Aidlingen	Baden-Württemberg	71134	48.6785	8.8952
Ehningen	Baden-Württemberg	71139	48.6588	8.9412
Steinenbronn	Baden-Württemberg	71144	48.6667	9.1167
Bondorf	Baden-Württemberg	71149	48.5206	8.837
Nufringen	Baden-Württemberg	71154	48.6225	8.8901
Altdorf	Baden-Württemberg	71155	48.6311	8.9963
Hildrizhausen	Baden-Württemberg	71157	48.6242	8.966
Mötzingen	Baden-Württemberg	71159	48.5332	8.7745
Leonberg	Baden-Württemberg	71229	48.8	9.0167
Ditzingen	Baden-Württemberg	71254	48.8267	9.067
Weil der Stadt	Baden-Württemberg	71263	48.7495	8.8718
Renningen	Baden-Württemberg	71272	48.7697	8.9387
Rutesheim	Baden-Württemberg	71277	48.8081	8.9454
Hemmingen	Baden-Württemberg	71282	48.8667	9.0333
Weissach	Baden-Württemberg	71287	48.8469	8.9283
Friolzheim	Baden-Württemberg	71292	48.8333	8.8333
Heimsheim	Baden-Württemberg	71296	48.8066	8.8674
Mönsheim	Baden-Württemberg	71297	48.8667	8.8667
Wimsheim	Baden-Württemberg	71299	48.85	8.8333
Waiblingen	Baden-Württemberg	71332	48.8285	9.3131
Waiblingen	Baden-Württemberg	71334	48.843	9.31
Waiblingen	Baden-Württemberg	71336	48.8333	9.3
Winnenden	Baden-Württemberg	71364	48.8756	9.3982
Weinstadt	Baden-Württemberg	71384	48.8092	9.3774
Kernen im Remstal	Baden-Württemberg	71394	48.8075	9.3224
Leutenbach	Baden-Württemberg	71397	48.8879	9.3927
Korb	Baden-Württemberg	71404	48.843	9.3626
Schwaikheim	Baden-Württemberg	71409	48.8773	9.3496
Backnang	Baden-Württemberg	71522	48.9474	9.4372
Murrhardt	Baden-Württemberg	71540	48.9819	9.5705
Beilstein	Baden-Württemberg	71543	49.0394	9.315
Aspach	Baden-Württemberg	71546	48.9667	9.4
Auenwald	Baden-Württemberg	71549	48.9333	9.5
Weissach im Tal	Baden-Württemberg	71554	48.9301	9.4769
Sulzbach an der Murr	Baden-Württemberg	71560	49.003	9.5003
Affalterbach	Baden-Württemberg	71563	48.9227	9.3236
Althütte	Baden-Württemberg	71566	48.9156	9.5698
Oppenweiler	Baden-Württemberg	71570	48.9827	9.4585
Allmersbach im Tal	Baden-Württemberg	71573	48.9066	9.4682
Burgstetten	Baden-Württemberg	71576	48.9281	9.3724
Großerlach	Baden-Württemberg	71577	49.0537	9.5136
Spiegelberg	Baden-Württemberg	71579	49.0408	9.4444
Ludwigsburg	Baden-Württemberg	71634	48.9076	9.1776
Ludwigsburg	Baden-Württemberg	71636	48.8901	9.1746
Ludwigsburg	Baden-Württemberg	71638	48.8909	9.1898
Ludwigsburg	Baden-Württemberg	71640	48.8924	9.218
Ludwigsburg	Baden-Württemberg	71642	48.907	9.2174
Vaihingen an der Enz	Baden-Württemberg	71665	48.9356	8.9604
Marbach am Neckar	Baden-Württemberg	71672	48.97	9.3286
Asperg	Baden-Württemberg	71679	48.9053	9.135
Remseck am Neckar	Baden-Württemberg	71686	48.8783	9.2673
Freiberg am Neckar	Baden-Württemberg	71691	48.932	9.2024
Möglingen	Baden-Württemberg	71696	48.8874	9.1269
Schwieberdingen	Baden-Württemberg	71701	48.8764	9.0744
Markgröningen	Baden-Württemberg	71706	48.9049	9.0806
Murr	Baden-Württemberg	71711	48.9621	9.2592
Beilstein	Baden-Württemberg	71717	49.0394	9.315
Billensbach	Baden-Württemberg	71718	49.0621	9.367
Oberstenfeld	Baden-Württemberg	71720	49.0261	9.3208
Großbottwar	Baden-Württemberg	71723	49.0015	9.2935
Benningen am Neckar	Baden-Württemberg	71726	48.9467	9.2421
Erdmannhausen	Baden-Württemberg	71729	48.9426	9.2962
Tamm	Baden-Württemberg	71732	48.9199	9.1156
Eberdingen	Baden-Württemberg	71735	48.8794	8.965
Kirchberg an der Murr	Baden-Württemberg	71737	48.943	9.3408
Oberriexingen	Baden-Württemberg	71739	48.9265	9.027
Tübingen	Baden-Württemberg	72070	48.5241	9.0177
Tübingen	Baden-Württemberg	72072	48.5166	9.0581
Tübingen	Baden-Württemberg	72074	48.5311	9.0705
Tübingen	Baden-Württemberg	72076	48.5369	9.0536
Rottenburg am Neckar	Baden-Württemberg	72108	48.4796	8.95
Mössingen	Baden-Württemberg	72116	48.4057	9.0542
Ammerbuch	Baden-Württemberg	72119	48.5534	8.9722
Pliezhausen	Baden-Württemberg	72124	48.5593	9.2075
Kusterdingen	Baden-Württemberg	72127	48.5229	9.1198
Ofterdingen	Baden-Württemberg	72131	48.4167	9.0333
Dettenhausen	Baden-Württemberg	72135	48.6076	9.1004
Kirchentellinsfurt	Baden-Württemberg	72138	48.5331	9.1473
Walddorfhäslach	Baden-Württemberg	72141	48.587	9.1814
Dußlingen	Baden-Württemberg	72144	48.4536	9.0555
Hirrlingen	Baden-Württemberg	72145	48.4125	8.8874
Nehren	Baden-Württemberg	72147	48.431	9.0699
Neustetten	Baden-Württemberg	72149	48.4833	8.8833
Horb am Neckar	Baden-Württemberg	72160	48.4889	8.6734
Sulz am Neckar	Baden-Württemberg	72172	48.3624	8.6331
Dornhan	Baden-Württemberg	72175	48.3501	8.509
Waldachtal	Baden-Württemberg	72178	48.5	8.5667
Starzach	Baden-Württemberg	72181	48.4333	8.8167
Eutingen im Gäu	Baden-Württemberg	72184	48.4833	8.75
Empfingen	Baden-Württemberg	72186	48.3926	8.7104
Vöhringen	Baden-Württemberg	72189	48.3345	8.6639
Nagold	Baden-Württemberg	72202	48.5498	8.7237
Altensteig	Baden-Württemberg	72213	48.5865	8.604
Wildberg	Baden-Württemberg	72218	48.6234	8.7452
Haiterbach	Baden-Württemberg	72221	48.5207	8.6443
Ebhausen	Baden-Württemberg	72224	48.5833	8.6833
Simmersfeld	Baden-Württemberg	72226	48.6167	8.5167
Egenhausen	Baden-Württemberg	72227	48.5667	8.6167
Rohrdorf	Baden-Württemberg	72229	48.5667	8.7
Freudenstadt	Baden-Württemberg	72250	48.467	8.4137
Baiersbronn	Baden-Württemberg	72270	48.5032	8.377
Alpirsbach	Baden-Württemberg	72275	48.3451	8.402
Dornstetten	Baden-Württemberg	72280	48.472	8.4982
Pfalzgrafenweiler	Baden-Württemberg	72285	48.5265	8.5658
Loßburg	Baden-Württemberg	72290	48.4	8.45
Glatten	Baden-Württemberg	72293	48.4425	8.5112
Grömbach	Baden-Württemberg	72294	48.5729	8.5454
Schopfloch	Baden-Württemberg	72296	48.4548	8.5513
Seewald	Baden-Württemberg	72297	48.5919	8.4178
Wörnersberg	Baden-Württemberg	72299	48.5667	8.5667
Balingen	Baden-Württemberg	72336	48.2753	8.8546
Rosenfeld	Baden-Württemberg	72348	48.2864	8.7236
Geislingen	Baden-Württemberg	72351	48.2877	8.8124
Schömberg	Baden-Württemberg	72355	48.21	8.7595
Dautmergen	Baden-Württemberg	72356	48.242	8.7414
Dormettingen	Baden-Württemberg	72358	48.2369	8.7733
Dotternhausen	Baden-Württemberg	72359	48.2285	8.7923
Hausen am Tann	Baden-Württemberg	72361	48.1983	8.8363
Nusplingen	Baden-Württemberg	72362	48.1326	8.8915
Obernheim	Baden-Württemberg	72364	48.163	8.8611
Ratshausen	Baden-Württemberg	72365	48.1937	8.7952
Weilen unter den Rinnen	Baden-Württemberg	72367	48.1898	8.7649
Zimmern unter der Burg	Baden-Württemberg	72369	48.2205	8.7193
Hechingen	Baden-Württemberg	72379	48.3515	8.9632
Burladingen	Baden-Württemberg	72393	48.2911	9.1129
Haigerloch	Baden-Württemberg	72401	48.3661	8.8036
Bisingen	Baden-Württemberg	72406	48.3101	8.9174
Bodelshausen	Baden-Württemberg	72411	48.3889	8.977
Rangendingen	Baden-Württemberg	72414	48.3817	8.8894
Grosselfingen	Baden-Württemberg	72415	48.3323	8.887
Jungingen	Baden-Württemberg	72417	48.3279	9.041
Neufra	Baden-Württemberg	72419	48.2477	9.1831
Albstadt	Baden-Württemberg	72458	48.2135	9.0263
Albstadt	Baden-Württemberg	72459	48.2167	9.0167
Albstadt	Baden-Württemberg	72461	48.251	9.0182
Meßstetten	Baden-Württemberg	72469	48.1832	8.9657
Winterlingen	Baden-Württemberg	72474	48.1833	9.1167
Bitz	Baden-Württemberg	72475	48.244	9.0914
Schwenningen	Baden-Württemberg	72477	48.1	9
Straßberg	Baden-Württemberg	72479	48.178	9.0906
Sigmaringen	Baden-Württemberg	72488	48.0883	9.2303
Gammertingen	Baden-Württemberg	72501	48.2524	9.2235
Krauchenwies	Baden-Württemberg	72505	48.0165	9.2476
Stetten am kalten Markt	Baden-Württemberg	72510	48.1167	9.0833
Bingen	Baden-Württemberg	72511	48.1113	9.2724
Hettingen	Baden-Württemberg	72513	48.216	9.2317
Inzigkofen	Baden-Württemberg	72514	48.0703	9.18
Scheer	Baden-Württemberg	72516	48.0729	9.2949
Sigmaringendorf	Baden-Württemberg	72517	48.0659	9.2621
Veringenstadt	Baden-Württemberg	72519	48.1851	9.2108
Münsingen	Baden-Württemberg	72525	48.4113	9.497
Hohenstein	Baden-Württemberg	72531	48.3323	9.3326
Gomadingen	Baden-Württemberg	72532	48.3998	9.3906
Hayingen	Baden-Württemberg	72534	48.2753	9.4776
Heroldstatt	Baden-Württemberg	72535	48.4469	9.6685
Mehrstetten	Baden-Württemberg	72537	48.3761	9.566
Pfronstetten	Baden-Württemberg	72539	48.2764	9.36
Metzingen	Baden-Württemberg	72555	48.537	9.2833
Bad Urach	Baden-Württemberg	72574	48.4911	9.4001
Dettingen an der Erms	Baden-Württemberg	72581	48.5308	9.3446
Grabenstetten	Baden-Württemberg	72582	48.524	9.4615
Hülben	Baden-Württemberg	72584	48.5198	9.4079
Riederich	Baden-Württemberg	72585	48.5603	9.2688
Römerstein	Baden-Württemberg	72587	48.4962	9.5148
Westerheim	Baden-Württemberg	72589	48.5151	9.6242
Nürtingen	Baden-Württemberg	72622	48.6256	9.342
Aichtal	Baden-Württemberg	72631	48.6333	9.2667
Frickenhausen	Baden-Württemberg	72636	48.5935	9.3601
Neuffen	Baden-Württemberg	72639	48.5546	9.3755
Oberboihingen	Baden-Württemberg	72644	48.65	9.3667
Wolfschlugen	Baden-Württemberg	72649	48.65	9.2833
Neckartenzlingen	Baden-Württemberg	72654	48.5898	9.2348
Altdorf	Baden-Württemberg	72655	48.5942	9.2716
Altenriet	Baden-Württemberg	72657	48.5914	9.2219
Bempflingen	Baden-Württemberg	72658	48.5718	9.2683
Beuren	Baden-Württemberg	72660	48.5693	9.4041
Grafenberg	Baden-Württemberg	72661	48.565	9.3019
Großbettlingen	Baden-Württemberg	72663	48.5905	9.3078
Kohlberg	Baden-Württemberg	72664	48.5584	9.3358
Neckartailfingen	Baden-Württemberg	72666	48.6117	9.2637
Schlaitdorf	Baden-Württemberg	72667	48.6043	9.2227
Unterensingen	Baden-Württemberg	72669	48.6545	9.358
Reutlingen	Baden-Württemberg	72760	48.5094	9.204
Reutlingen	Baden-Württemberg	72762	48.4845	9.1939
Reutlingen	Baden-Württemberg	72764	48.4931	9.2125
Reutlingen	Baden-Württemberg	72766	48.511	9.2232
Reutlingen	Baden-Württemberg	72768	48.4833	9.2167
Reutlingen	Baden-Württemberg	72770	48.4942	9.1666
Pfullingen	Baden-Württemberg	72793	48.4646	9.228
Eningen unter Achalm	Baden-Württemberg	72800	48.4869	9.2595
Lichtenstein	Baden-Württemberg	72805	48.4396	9.2528
Gomaringen	Baden-Württemberg	72810	48.4535	9.0958
Trochtelfingen	Baden-Württemberg	72818	48.3084	9.2449
Sonnenbühl	Baden-Württemberg	72820	48.3833	9.1833
Wannweil	Baden-Württemberg	72827	48.5167	9.15
Engstingen	Baden-Württemberg	72829	48.3934	9.3049
Göppingen	Baden-Württemberg	73033	48.7075	9.6514
Göppingen	Baden-Württemberg	73035	48.7	9.6667
Göppingen	Baden-Württemberg	73037	48.6959	9.6647
Eislingen/Fils	Baden-Württemberg	73054	48.6944	9.7009
Ebersbach an der Fils	Baden-Württemberg	73061	48.716	9.5236
Uhingen	Baden-Württemberg	73066	48.7048	9.5857
Donzdorf	Baden-Württemberg	73072	48.6854	9.8105
Süßen	Baden-Württemberg	73079	48.6793	9.7553
Salach	Baden-Württemberg	73084	48.692	9.7371
Boll	Baden-Württemberg	73087	48.6436	9.613
Heiningen	Baden-Württemberg	73092	48.6618	9.6498
Albershausen	Baden-Württemberg	73095	48.6914	9.5649
Rechberghausen	Baden-Württemberg	73098	48.7308	9.6442
Adelberg	Baden-Württemberg	73099	48.7623	9.5999
Aichelberg	Baden-Württemberg	73101	48.6356	9.5637
Birenbach	Baden-Württemberg	73102	48.7473	9.6611
Börtlingen	Baden-Württemberg	73104	48.7538	9.6318
Dürnau	Baden-Württemberg	73105	48.6408	9.6354
Eschenbach	Baden-Württemberg	73107	48.6526	9.6704
Gammelshausen	Baden-Württemberg	73108	48.6402	9.6507
Hattenhofen	Baden-Württemberg	73110	48.6665	9.5746
Lauterstein	Baden-Württemberg	73111	48.7101	9.8651
Ottenbach	Baden-Württemberg	73113	48.7365	9.7484
Schlat	Baden-Württemberg	73114	48.6532	9.7062
Wäschenbeuren	Baden-Württemberg	73116	48.7599	9.6873
Wangen	Baden-Württemberg	73117	48.7293	9.6117
Zell unter Aichelberg	Baden-Württemberg	73119	48.6488	9.5714
Plochingen	Baden-Württemberg	73207	48.7107	9.4195
Kirchheim unter Teck	Baden-Württemberg	73230	48.6468	9.4538
Weilheim an der Teck	Baden-Württemberg	73235	48.6157	9.5375
Wendlingen am Neckar	Baden-Württemberg	73240	48.6712	9.3763
Wernau	Baden-Württemberg	73249	48.6931	9.4153
Lenningen	Baden-Württemberg	73252	48.5581	9.4663
Köngen	Baden-Württemberg	73257	48.6833	9.3667
Reichenbach an der Fils	Baden-Württemberg	73262	48.7101	9.4643
Dettingen unter Teck	Baden-Württemberg	73265	48.6167	9.45
Bissingen an der Teck	Baden-Württemberg	73266	48.5991	9.4915
Erkenbrechtsweiler	Baden-Württemberg	73268	48.5566	9.4321
Hochdorf	Baden-Württemberg	73269	48.6928	9.4649
Holzmaden	Baden-Württemberg	73271	48.6333	9.5167
Neidlingen	Baden-Württemberg	73272	48.5787	9.5645
Notzingen	Baden-Württemberg	73274	48.6708	9.4572
Ohmden	Baden-Württemberg	73275	48.646	9.527
Owen	Baden-Württemberg	73277	48.5874	9.4498
Schlierbach	Baden-Württemberg	73278	48.6736	9.5181
Geislingen an der Steige	Baden-Württemberg	73312	48.6242	9.8274
Deggingen	Baden-Württemberg	73326	48.5971	9.7189
Kuchen	Baden-Württemberg	73329	48.6358	9.7999
Gingen an der Fils	Baden-Württemberg	73333	48.6598	9.7809
Bad Überkingen	Baden-Württemberg	73337	48.5999	9.7959
Amstetten	Baden-Württemberg	73340	48.5788	9.8739
Bad Ditzenbach	Baden-Württemberg	73342	48.5883	9.7039
Gruibingen	Baden-Württemberg	73344	48.5948	9.6439
Hohenstadt	Baden-Württemberg	73345	48.5444	9.6639
Mühlhausen im Täle	Baden-Württemberg	73347	48.5667	9.65
Wiesensteig	Baden-Württemberg	73349	48.5613	9.6254
Aalen	Baden-Württemberg	73430	48.8409	10.0931
Aalen	Baden-Württemberg	73431	48.822	10.0654
Aalen	Baden-Württemberg	73432	48.8333	10.1
Aalen	Baden-Württemberg	73433	48.8641	10.1044
Aalen	Baden-Württemberg	73434	48.8333	10.1
Bopfingen	Baden-Württemberg	73441	48.8585	10.3542
Oberkochen	Baden-Württemberg	73447	48.7838	10.1052
Neresheim	Baden-Württemberg	73450	48.7551	10.3304
Abtsgmünd	Baden-Württemberg	73453	48.895	10.0017
Essingen	Baden-Württemberg	73457	48.8086	10.0277
Hüttlingen	Baden-Württemberg	73460	48.8927	10.1006
Westhausen	Baden-Württemberg	73463	48.8833	10.1833
Lauchheim	Baden-Württemberg	73466	48.8713	10.2422
Kirchheim am Ries	Baden-Württemberg	73467	48.8792	10.4003
Riesbürg	Baden-Württemberg	73469	48.85	10.4333
Ellwangen (Jagst)	Baden-Württemberg	73479	48.9623	10.1545
Unterschneidheim	Baden-Württemberg	73485	48.9333	10.3667
Adelmannsfelden	Baden-Württemberg	73486	48.9548	10.0047
Ellenberg	Baden-Württemberg	73488	49.0167	10.2167
Jagstzell	Baden-Württemberg	73489	49.0306	10.0975
Neuler	Baden-Württemberg	73491	48.928	10.0689
Rainau	Baden-Württemberg	73492	48.9333	10.15
Rosenberg	Baden-Württemberg	73494	49.0189	10.0296
Stödtlen	Baden-Württemberg	73495	49	10.3
Tannhausen	Baden-Württemberg	73497	48.9787	10.3613
Wört	Baden-Württemberg	73499	49.0305	10.2724
Schwäbisch Gmünd	Baden-Württemberg	73525	48.7989	9.7989
Schwäbisch Gmünd	Baden-Württemberg	73527	48.8169	9.7793
Schwäbisch Gmünd	Baden-Württemberg	73529	48.7852	9.8176
Heubach	Baden-Württemberg	73540	48.7927	9.9337
Lorch	Baden-Württemberg	73547	48.7983	9.6914
Waldstetten	Baden-Württemberg	73550	48.7661	9.8213
Alfdorf	Baden-Württemberg	73553	48.8438	9.7186
Mutlangen	Baden-Württemberg	73557	48.8259	9.7971
Böbingen an der Rems	Baden-Württemberg	73560	48.8196	9.9213
Mögglingen	Baden-Württemberg	73563	48.8232	9.9625
Spraitbach	Baden-Württemberg	73565	48.8806	9.7622
Bartholomä	Baden-Württemberg	73566	48.7535	9.9875
Durlangen	Baden-Württemberg	73568	48.8563	9.7965
Eschach	Baden-Württemberg	73569	48.8883	9.87
Göggingen	Baden-Württemberg	73571	48.8612	9.884
Heuchlingen	Baden-Württemberg	73572	48.8522	9.9439
Iggingen	Baden-Württemberg	73574	48.8317	9.8789
Leinzell	Baden-Württemberg	73575	48.8494	9.8775
Ruppertshofen	Baden-Württemberg	73577	48.8828	9.8151
Schechingen	Baden-Württemberg	73579	48.8734	9.9174
Schorndorf	Baden-Württemberg	73614	48.8054	9.5272
Remshalden	Baden-Württemberg	73630	48.8151	9.4239
Rudersberg	Baden-Württemberg	73635	48.8852	9.5293
Welzheim	Baden-Württemberg	73642	48.8768	9.6343
Winterbach	Baden-Württemberg	73650	48.7992	9.4791
Plüderhausen	Baden-Württemberg	73655	48.7988	9.5959
Urbach	Baden-Württemberg	73660	48.8168	9.5769
Berglen	Baden-Württemberg	73663	48.8667	9.4667
Baltmannsweiler	Baden-Württemberg	73666	48.7422	9.4494
Kaisersbach	Baden-Württemberg	73667	48.9302	9.639
Lichtenwald	Baden-Württemberg	73669	48.75	9.4833
Esslingen am Neckar	Baden-Württemberg	73728	48.7394	9.3061
Esslingen am Neckar	Baden-Württemberg	73730	48.7323	9.3255
Esslingen am Neckar	Baden-Württemberg	73732	48.769	9.3122
Esslingen am Neckar	Baden-Württemberg	73733	48.75	9.3
Esslingen am Neckar	Baden-Württemberg	73734	48.7361	9.2977
Ostfildern	Baden-Württemberg	73760	48.727	9.2495
Neuhausen auf den Fildern	Baden-Württemberg	73765	48.6833	9.2833
Denkendorf	Baden-Württemberg	73770	48.6955	9.3167
Aichwald	Baden-Württemberg	73773	48.7503	9.387
Altbach	Baden-Württemberg	73776	48.7227	9.3808
Deizisau	Baden-Württemberg	73779	48.7122	9.3861
Heilbronn	Baden-Württemberg	74072	49.1423	9.2234
Heilbronn	Baden-Württemberg	74074	49.1286	9.2214
Heilbronn	Baden-Württemberg	74076	49.1618	9.2193
Heilbronn	Baden-Württemberg	74078	49.1566	9.1746
Heilbronn	Baden-Württemberg	74080	49.1386	9.1954
Heilbronn	Baden-Württemberg	74081	49.1236	9.197
Neckarsulm	Baden-Württemberg	74172	49.1891	9.2253
Bad Friedrichshall	Baden-Württemberg	74177	49.2344	9.2145
Obersulm	Baden-Württemberg	74182	49.1361	9.3774
Weinsberg	Baden-Württemberg	74189	49.1513	9.2876
Schwaigern	Baden-Württemberg	74193	49.1449	9.0553
Neuenstadt am Kocher	Baden-Württemberg	74196	49.235	9.3322
Untergruppenbach	Baden-Württemberg	74199	49.0894	9.2752
Bad Wimpfen	Baden-Württemberg	74206	49.2297	9.1565
Leingarten	Baden-Württemberg	74211	49.1464	9.1169
Schöntal	Baden-Württemberg	74214	49.3524	9.5088
Möckmühl	Baden-Württemberg	74219	49.3249	9.3584
Flein	Baden-Württemberg	74223	49.1031	9.2108
Nordheim	Baden-Württemberg	74226	49.1086	9.1278
Oedheim	Baden-Württemberg	74229	49.2403	9.2533
Abstatt	Baden-Württemberg	74232	49.0682	9.2907
Erlenbach	Baden-Württemberg	74235	49.1725	9.2683
Krautheim	Baden-Württemberg	74238	49.3879	9.6355
Hardthausen am Kocher	Baden-Württemberg	74239	49.2586	9.3894
Langenbrettach	Baden-Württemberg	74243	49.2169	9.4049
Löwenstein	Baden-Württemberg	74245	49.0956	9.38
Eberstadt	Baden-Württemberg	74246	49.1803	9.3211
Ellhofen	Baden-Württemberg	74248	49.1467	9.3219
Jagsthausen	Baden-Württemberg	74249	49.3106	9.4683
Lehrensteinsfeld	Baden-Württemberg	74251	49.1311	9.3272
Massenbachhausen	Baden-Württemberg	74252	49.1778	9.0433
Offenau	Baden-Württemberg	74254	49.2458	9.1606
Roigheim	Baden-Württemberg	74255	49.3647	9.34
Untereisesheim	Baden-Württemberg	74257	49.2111	9.2019
Widdern	Baden-Württemberg	74259	49.3183	9.4221
Bietigheim-Bissingen	Baden-Württemberg	74321	48.9441	9.1175
Brackenheim	Baden-Württemberg	74336	49.0779	9.066
Botenheim	Baden-Württemberg	74337	49.0651	9.064
Sachsenheim	Baden-Württemberg	74343	48.9584	9.0708
Lauffen am Neckar	Baden-Württemberg	74348	49.0734	9.1457
Besigheim	Baden-Württemberg	74354	48.998	9.1427
Bönnigheim	Baden-Württemberg	74357	49.0402	9.0939
Ilsfeld	Baden-Württemberg	74360	49.0555	9.246
Güglingen	Baden-Württemberg	74363	49.0664	9.0017
Kirchheim am Neckar	Baden-Württemberg	74366	49.045	9.1422
Löchgau	Baden-Württemberg	74369	49.0036	9.1064
Sersheim	Baden-Württemberg	74372	48.9667	9.0167
Zaberfeld	Baden-Württemberg	74374	49.0561	8.9269
Gemmrigheim	Baden-Württemberg	74376	49.0283	9.1556
Ingersheim	Baden-Württemberg	74379	48.9611	9.1761
Neckarwestheim	Baden-Württemberg	74382	49.0469	9.19
Pleidelsheim	Baden-Württemberg	74385	48.9592	9.2031
Talheim	Baden-Württemberg	74388	49.0833	9.1931
Cleebronn	Baden-Württemberg	74389	49.045	9.0369
Erligheim	Baden-Württemberg	74391	49.0225	9.0972
Freudental	Baden-Württemberg	74392	49.0097	9.0592
Hessigheim	Baden-Württemberg	74394	48.9941	9.1863
Mundelsheim	Baden-Württemberg	74395	49.0008	9.2078
Pfaffenhofen	Baden-Württemberg	74397	49.0644	8.9764
Walheim	Baden-Württemberg	74399	49.0142	9.1511
Gaildorf	Baden-Württemberg	74405	49.0003	9.7695
Gschwend	Baden-Württemberg	74417	48.9333	9.7444
Oberrot	Baden-Württemberg	74420	49.0144	9.6672
Obersontheim	Baden-Württemberg	74423	49.0567	9.8992
Bühlertann	Baden-Württemberg	74424	49.0417	9.9086
Bühlerzell	Baden-Württemberg	74426	49.0033	9.9206
Fichtenberg	Baden-Württemberg	74427	48.986	9.712
Sulzbach-Laufen	Baden-Württemberg	74429	48.9667	9.85
Schwäbisch Hall	Baden-Württemberg	74523	49.1113	9.7391
Ilshofen	Baden-Württemberg	74532	49.1702	9.9183
Mainhardt	Baden-Württemberg	74535	49.0761	9.5564
Vellberg	Baden-Württemberg	74541	49.0843	9.8791
Braunsbach	Baden-Württemberg	74542	49.1992	9.7906
Michelbach an der Bilz	Baden-Württemberg	74544	49.0703	9.7625
Michelfeld	Baden-Württemberg	74545	49.118	9.6433
Untermünkheim	Baden-Württemberg	74547	49.1525	9.7338
Wolpertshausen	Baden-Württemberg	74549	49.1675	9.8447
Crailsheim	Baden-Württemberg	74564	49.1344	10.0719
Blaufelden	Baden-Württemberg	74572	49.2978	9.9739
Schrozberg	Baden-Württemberg	74575	49.3453	9.9794
Fichtenau	Baden-Württemberg	74579	49.0667	10.2167
Gerabronn	Baden-Württemberg	74582	49.2517	9.9219
Rot am See	Baden-Württemberg	74585	49.25	10.0167
Frankenhardt	Baden-Württemberg	74586	49.0833	9.9833
Satteldorf	Baden-Württemberg	74589	49.1695	10.0796
Kirchberg an der Jagst	Baden-Württemberg	74592	49.2006	9.9823
Kreßberg	Baden-Württemberg	74594	49.1333	10.1833
Langenburg	Baden-Württemberg	74595	49.254	9.8567
Stimpfach	Baden-Württemberg	74597	49.0614	10.0927
Wallhausen	Baden-Württemberg	74599	49.2104	10.0622
Öhringen	Baden-Württemberg	74613	49.1988	9.5072
Bretzfeld	Baden-Württemberg	74626	49.1794	9.4383
Pfedelbach	Baden-Württemberg	74629	49.1781	9.505
Neuenstein	Baden-Württemberg	74632	49.2049	9.58
Kupferzell	Baden-Württemberg	74635	49.2278	9.69
Waldenburg	Baden-Württemberg	74638	49.1847	9.6399
Zweiflingen	Baden-Württemberg	74639	49.2564	9.5181
Ingelfingen	Baden-Württemberg	74653	49.3003	9.653
Forchtenberg	Baden-Württemberg	74670	49.2887	9.5603
Mulfingen	Baden-Württemberg	74673	49.3403	9.8008
Niedernhall	Baden-Württemberg	74676	49.2952	9.616
Dörzbach	Baden-Württemberg	74677	49.3835	9.7073
Weißbach	Baden-Württemberg	74679	49.2972	9.5953
Osterburken	Baden-Württemberg	74706	49.43	9.4225
Buchen (Odenwald)	Baden-Württemberg	74722	49.52	9.324
Walldürn	Baden-Württemberg	74731	49.5836	9.3664
Hardheim	Baden-Württemberg	74736	49.6119	9.4719
Adelsheim	Baden-Württemberg	74740	49.4015	9.3925
Seckach	Baden-Württemberg	74743	49.4422	9.3342
Ahorn	Baden-Württemberg	74744	49.5083	9.5269
Höpfingen	Baden-Württemberg	74746	49.6025	9.4286
Ravenstein	Baden-Württemberg	74747	49.3939	9.5325
Rosenberg	Baden-Württemberg	74749	49.4558	9.4731
Mosbach	Baden-Württemberg	74821	49.3536	9.1511
Gundelsheim	Baden-Württemberg	74831	49.2833	9.1604
Bachenau	Baden-Württemberg	74832	49.2784	9.1944
Elztal	Baden-Württemberg	74834	49.3897	9.2106
Limbach	Baden-Württemberg	74838	49.4619	9.2111
Billigheim	Baden-Württemberg	74842	49.3486	9.2539
Obrigheim	Baden-Württemberg	74847	49.3519	9.0908
Schefflenz	Baden-Württemberg	74850	49.3956	9.2728
Haßmersheim	Baden-Württemberg	74855	49.3	9.15
Aglasterhausen	Baden-Württemberg	74858	49.3569	8.9869
Neudenau	Baden-Württemberg	74861	49.2918	9.2698
Binau	Baden-Württemberg	74862	49.3683	9.0581
Fahrenbach	Baden-Württemberg	74864	49.4314	9.1506
Neckarzimmern	Baden-Württemberg	74865	49.3192	9.1328
Neunkirchen	Baden-Württemberg	74867	49.3869	9.0106
Schwarzach	Baden-Württemberg	74869	49.3711	8.9832
Sinsheim	Baden-Württemberg	74889	49.2529	8.8787
Bad Rappenau	Baden-Württemberg	74906	49.2385	9.1018
Meckesheim	Baden-Württemberg	74909	49.3217	8.8194
Kirchardt	Baden-Württemberg	74912	49.205	8.9917
Waibstadt	Baden-Württemberg	74915	49.2951	8.9177
Angelbachtal	Baden-Württemberg	74918	49.2331	8.7705
Helmstadt-Bargen	Baden-Württemberg	74921	49.31	9
Neckarbischofsheim	Baden-Württemberg	74924	49.2963	8.9638
Epfenbach	Baden-Württemberg	74925	49.3392	8.9078
Eschelbronn	Baden-Württemberg	74927	49.3194	8.8653
Hüffenhardt	Baden-Württemberg	74928	49.2919	9.0817
Ittlingen	Baden-Württemberg	74930	49.1908	8.9308
Lobbach	Baden-Württemberg	74931	49.3664	8.8917
Neidenstein	Baden-Württemberg	74933	49.3167	8.8847
Reichartshausen	Baden-Württemberg	74934	49.355	8.9453
Siegelsbach	Baden-Württemberg	74936	49.2697	9.0897
Spechbach	Baden-Württemberg	74937	49.3464	8.8833
Zuzenhausen	Baden-Württemberg	74939	49.2964	8.8225
Bretten	Baden-Württemberg	75015	49.0369	8.7075
Eppingen	Baden-Württemberg	75031	49.1364	8.9123
Oberderdingen	Baden-Württemberg	75038	49.0656	8.8031
Walzbachtal	Baden-Württemberg	75045	49.0257	8.5861
Gemmingen	Baden-Württemberg	75050	49.1564	8.9819
Gondelsheim	Baden-Württemberg	75053	49.0592	8.6583
Sulzfeld	Baden-Württemberg	75056	49.1047	8.8558
Kürnbach	Baden-Württemberg	75057	49.0775	8.8456
Zaisenhausen	Baden-Württemberg	75059	49.1067	8.8128
Pforzheim	Baden-Württemberg	75172	48.8919	8.6985
Pforzheim	Baden-Württemberg	75173	48.8833	8.7
Pforzheim	Baden-Württemberg	75175	48.8915	8.7156
Pforzheim	Baden-Württemberg	75177	48.8833	8.7
Pforzheim	Baden-Württemberg	75179	48.9006	8.6697
Pforzheim	Baden-Württemberg	75180	48.8696	8.6704
Pforzheim	Baden-Württemberg	75181	48.8851	8.7307
Remchingen	Baden-Württemberg	75196	48.9513	8.5732
Königsbach-Stein	Baden-Württemberg	75203	48.9659	8.6057
Keltern	Baden-Württemberg	75210	48.9	8.5833
Birkenfeld	Baden-Württemberg	75217	48.8667	8.6333
Niefern-Öschelbronn	Baden-Württemberg	75223	48.9167	8.7833
Ispringen	Baden-Württemberg	75228	48.9167	8.6667
Tiefenbronn	Baden-Württemberg	75233	48.824	8.8013
Kämpfelbach	Baden-Württemberg	75236	48.93	8.6448
Eisingen	Baden-Württemberg	75239	48.95	8.6667
Neuhausen	Baden-Württemberg	75242	48.7926	8.7765
Neulingen	Baden-Württemberg	75245	48.9667	8.7
Ölbronn-Dürrn	Baden-Württemberg	75248	48.9667	8.75
Kieselbronn	Baden-Württemberg	75249	48.9333	8.75
Neuenbürg	Baden-Württemberg	75305	48.8452	8.5957
Bad Wildbad im Schwarzwald	Baden-Württemberg	75323	48.75	8.55
Schömberg	Baden-Württemberg	75328	48.7871	8.645
Engelsbrand	Baden-Württemberg	75331	48.8333	8.65
Straubenhardt	Baden-Württemberg	75334	48.8466	8.5431
Dobel	Baden-Württemberg	75335	48.8	8.5
Enzklösterle	Baden-Württemberg	75337	48.6664	8.4708
Höfen an der Enz	Baden-Württemberg	75339	48.8	8.5833
Calw	Baden-Württemberg	75365	48.7142	8.7403
Bad Liebenzell	Baden-Württemberg	75378	48.7743	8.7297
Althengstett	Baden-Württemberg	75382	48.7232	8.7943
Bad Teinach-Zavelstein	Baden-Württemberg	75385	48.6905	8.6928
Neubulach	Baden-Württemberg	75387	48.6609	8.6961
Neuweiler	Baden-Württemberg	75389	48.6667	8.6
Gechingen	Baden-Württemberg	75391	48.6953	8.8291
Deckenpfronn	Baden-Württemberg	75392	48.6513	8.8242
Oberreichenbach	Baden-Württemberg	75394	48.7333	8.6667
Ostelsheim	Baden-Württemberg	75395	48.7263	8.8482
Simmozheim	Baden-Württemberg	75397	48.7513	8.8114
Unterreichenbach	Baden-Württemberg	75399	48.825	8.7088
Mühlacker	Baden-Württemberg	75417	48.9475	8.8367
Illingen	Baden-Württemberg	75428	48.9562	8.9246
Maulbronn	Baden-Württemberg	75433	48.9996	8.8034
Knittlingen	Baden-Württemberg	75438	49.0249	8.7561
Ötisheim	Baden-Württemberg	75443	48.9667	8.8
Wiernsheim	Baden-Württemberg	75446	48.8833	8.85
Sternenfels	Baden-Württemberg	75447	49.0514	8.8508
Wurmberg	Baden-Württemberg	75449	48.8667	8.8167
Karlsruhe	Baden-Württemberg	76006	49.008	8.42
Karlsruhe	Baden-Württemberg	76131	49.0078	8.4199
Karlsruhe	Baden-Württemberg	76133	49.0083	8.3979
Karlsruhe	Baden-Württemberg	76135	48.9907	8.3719
Karlsruhe	Baden-Württemberg	76137	49.0019	8.4287
Karlsruhe	Baden-Württemberg	76139	49.0047	8.3858
Karlsruhe	Baden-Württemberg	76149	49.0401	8.3936
Karlsruhe	Baden-Württemberg	76185	49.0111	8.3601
Karlsruhe	Baden-Württemberg	76187	49.0224	8.3742
Karlsruhe	Baden-Württemberg	76189	49.0148	8.3521
Karlsruhe	Baden-Württemberg	76199	48.9661	8.4043
Karlsruhe	Baden-Württemberg	76227	49.0003	8.4776
Karlsruhe	Baden-Württemberg	76228	49.0047	8.3858
Karlsruhe	Baden-Württemberg	76229	49.0047	8.3858
Ettlingen	Baden-Württemberg	76275	48.9409	8.4076
Rheinstetten	Baden-Württemberg	76287	48.9685	8.307
Stutensee	Baden-Württemberg	76297	49.0967	8.4896
Karlsbad	Baden-Württemberg	76307	48.9167	8.5
Malsch	Baden-Württemberg	76316	48.8833	8.3333
Pfinztal	Baden-Württemberg	76327	49.0044	8.5209
Bad Herrenalb	Baden-Württemberg	76332	48.7979	8.4362
Waldbronn	Baden-Württemberg	76337	48.9183	8.4923
Eggenstein-Leopoldshafen	Baden-Württemberg	76344	49.0901	8.3988
Linkenheim-Hochstetten	Baden-Württemberg	76351	49.132	8.4124
Weingarten	Baden-Württemberg	76356	49.0546	8.5268
Marxzell	Baden-Württemberg	76359	48.8667	8.45
Rastatt	Baden-Württemberg	76437	48.8585	8.2096
Durmersheim	Baden-Württemberg	76448	48.9333	8.2667
Kuppenheim	Baden-Württemberg	76456	48.8279	8.2542
Muggensturm	Baden-Württemberg	76461	48.8667	8.2833
Bietigheim	Baden-Württemberg	76467	48.9092	8.252
Ötigheim	Baden-Württemberg	76470	48.8909	8.2344
Iffezheim	Baden-Württemberg	76473	48.8217	8.1431
Au am Rhein	Baden-Württemberg	76474	48.95	8.2333
Bischweier	Baden-Württemberg	76476	48.8377	8.2841
Elchesheim-Illingen	Baden-Württemberg	76477	48.9333	8.2167
Steinmauern	Baden-Württemberg	76479	48.901	8.1969
Baden-Baden	Baden-Württemberg	76530	48.7663	8.2031
Baden-Baden	Baden-Württemberg	76532	48.8038	8.1308
Baden-Baden	Baden-Württemberg	76534	48.715	8.1442
Sinzheim	Baden-Württemberg	76547	48.7667	8.1667
Hügelsheim	Baden-Württemberg	76549	48.8	8.1167
Gaggenau	Baden-Württemberg	76571	48.8	8.3333
Gernsbach	Baden-Württemberg	76593	48.7703	8.3431
Forbach	Baden-Württemberg	76596	48.6833	8.35
Loffenau	Baden-Württemberg	76597	48.7721	8.3846
Weisenbach	Baden-Württemberg	76599	48.7276	8.3538
Bruchsal	Baden-Württemberg	76646	49.1243	8.598
Philippsburg	Baden-Württemberg	76661	49.2317	8.4607
Bad Schönborn	Baden-Württemberg	76669	49.2069	8.6436
Graben-Neudorf	Baden-Württemberg	76676	49.1669	8.4924
Östringen	Baden-Württemberg	76684	49.2191	8.7119
Karlsdorf-Neuthard	Baden-Württemberg	76689	49.1347	8.5303
Forst	Baden-Württemberg	76694	49.1586	8.5808
Ubstadt-Weiher	Baden-Württemberg	76698	49.163	8.6316
Kraichtal	Baden-Württemberg	76703	49.1396	8.7715
Dettenheim	Baden-Württemberg	76706	49.1717	8.4242
Hambrücken	Baden-Württemberg	76707	49.19	8.5406
Kronau	Baden-Württemberg	76709	49.2225	8.6311
Germersheim	Rheinland-Pfalz	76726	49.2231	8.3639
Vollmersweiler	Rheinland-Pfalz	76744	49.065	8.0772
Jockgrim	Rheinland-Pfalz	76751	49.0929	8.2747
Bellheim	Rheinland-Pfalz	76756	49.1983	8.2794
Rülzheim	Rheinland-Pfalz	76761	49.1531	8.2929
Rheinzabern	Rheinland-Pfalz	76764	49.1181	8.2781
Hagenbach	Rheinland-Pfalz	76767	49.0173	8.2502
Berg (Pfalz)	Rheinland-Pfalz	76768	48.9833	8.2
Hatzenbühl	Rheinland-Pfalz	76770	49.1111	8.2453
Hördt	Rheinland-Pfalz	76771	49.1658	8.3264
Kuhardt	Rheinland-Pfalz	76773	49.1458	8.3144
Leimersheim	Rheinland-Pfalz	76774	49.1242	8.3453
Neuburg am Rhein	Rheinland-Pfalz	76776	48.9833	8.25
Neupotz	Rheinland-Pfalz	76777	49.1178	8.3194
Scheibenhardt	Rheinland-Pfalz	76779	48.9812	8.1399
Landau in der Pfalz	Rheinland-Pfalz	76829	49.1984	8.1169
Eschbach	Rheinland-Pfalz	76831	49.1744	8.0192
Böchingen	Rheinland-Pfalz	76833	49.2369	8.0933
Burrweiler	Rheinland-Pfalz	76835	49.2478	8.0783
Hauenstein	Rheinland-Pfalz	76846	49.1921	7.8549
Lug	Rheinland-Pfalz	76848	49.1833	7.9
Annweiler am Trifels	Rheinland-Pfalz	76855	49.2061	7.9753
Dernbach	Rheinland-Pfalz	76857	49.2472	8.0053
Herxheimweyher	Rheinland-Pfalz	76863	49.1525	8.255
Rohrbach	Rheinland-Pfalz	76865	49.1367	8.1286
Kandel	Rheinland-Pfalz	76870	49.0828	8.1972
Erlenbach	Rheinland-Pfalz	76872	49.1107	8.1871
Offenbach an der Queich	Rheinland-Pfalz	76877	49.1955	8.1978
Bornheim	Rheinland-Pfalz	76879	49.2225	8.1633
Oberhausen	Rheinland-Pfalz	76887	49.0969	8.0583
Steinfeld	Rheinland-Pfalz	76889	49.0483	8.0369
Erlenbach	Rheinland-Pfalz	76891	49.1132	7.8622
Offenburg	Baden-Württemberg	77652	48.4765	7.9438
Offenburg	Baden-Württemberg	77654	48.4651	7.9559
Offenburg	Baden-Württemberg	77656	48.4639	7.9313
Kehl	Baden-Württemberg	77694	48.573	7.8152
Oberkirch	Baden-Württemberg	77704	48.5324	8.0786
Oberwolfach	Baden-Württemberg	77709	48.3167	8.2167
Hofstetten	Baden-Württemberg	77716	48.2585	8.066
Gengenbach	Baden-Württemberg	77723	48.4048	8.0143
Oppenau	Baden-Württemberg	77728	48.4733	8.1597
Willstätt	Baden-Württemberg	77731	48.5407	7.8931
Zell am Harmersbach	Baden-Württemberg	77736	48.3465	8.067
Bad Peterstal-Griesbach	Baden-Württemberg	77740	48.4333	8.2167
Neuried	Baden-Württemberg	77743	48.45	7.825
Schutterwald	Baden-Württemberg	77746	48.45	7.8833
Hohberg	Baden-Württemberg	77749	48.4167	7.9167
Hausach	Baden-Württemberg	77756	48.2843	8.176
Schiltach	Baden-Württemberg	77761	48.2893	8.3417
Appenweier	Baden-Württemberg	77767	48.5333	7.9833
Durbach	Baden-Württemberg	77770	48.4935	8.0174
Schenkenzell	Baden-Württemberg	77773	48.312	8.3721
Bad Rippoldsau-Schapbach	Baden-Württemberg	77776	48.4	8.3333
Biberach	Baden-Württemberg	77781	48.3333	8.0333
Oberharmersbach	Baden-Württemberg	77784	48.3736	8.1254
Nordrach	Baden-Württemberg	77787	48.4	8.0833
Steinach	Baden-Württemberg	77790	48.3	8.05
Berghaupten	Baden-Württemberg	77791	48.406	7.9867
Gutach (Schwarzwaldbahn)	Baden-Württemberg	77793	48.2484	8.2129
Lautenbach	Baden-Württemberg	77794	48.5207	8.1151
Mühlenbach	Baden-Württemberg	77796	48.25	8.1167
Ohlsbach	Baden-Württemberg	77797	48.4322	7.9938
Ortenberg	Baden-Württemberg	77799	48.4516	7.9718
Bühl	Baden-Württemberg	77815	48.6968	8.1352
Bühlertal	Baden-Württemberg	77830	48.6857	8.1888
Ottersweier	Baden-Württemberg	77833	48.6702	8.1132
Rheinmünster	Baden-Württemberg	77836	48.7583	8.05
Lichtenau	Baden-Württemberg	77839	48.7261	8.0049
Achern	Baden-Württemberg	77855	48.6312	8.0761
Rheinau	Baden-Württemberg	77866	48.666	7.9366
Renchen	Baden-Württemberg	77871	48.5885	8.0132
Kappelrodeck	Baden-Württemberg	77876	48.5918	8.1169
Sasbach	Baden-Württemberg	77880	48.6397	8.0937
Ottenhöfen im Schwarzwald	Baden-Württemberg	77883	48.5667	8.15
Lauf	Baden-Württemberg	77886	48.65	8.1333
Sasbachwalden	Baden-Württemberg	77887	48.6167	8.1333
Seebach	Baden-Württemberg	77889	48.5762	8.1705
Lahr/Schwarzwald	Baden-Württemberg	77933	48.3372	7.8704
Friesenheim	Baden-Württemberg	77944	48.367	7.883
Friesenheim	Baden-Württemberg	77948	48.3667	7.8833
Ettenheim	Baden-Württemberg	77955	48.257	7.8125
Seelbach	Baden-Württemberg	77960	48.3106	7.9407
Schwanau	Baden-Württemberg	77963	48.3667	7.7624
Kappel-Grafenhausen	Baden-Württemberg	77966	48.2838	7.766
Kippenheim	Baden-Württemberg	77971	48.2956	7.8251
Mahlberg	Baden-Württemberg	77972	48.2864	7.8141
Meißenheim	Baden-Württemberg	77974	48.4103	7.7727
Ringsheim	Baden-Württemberg	77975	48.2477	7.7782
Rust	Baden-Württemberg	77977	48.2667	7.7333
Schuttertal	Baden-Württemberg	77978	48.2667	7.95
Villingen-Schwenningen	Baden-Württemberg	78048	48.0667	8.45
Villingen-Schwenningen	Baden-Württemberg	78050	48.0667	8.45
Villingen-Schwenningen	Baden-Württemberg	78052	48.0667	8.45
Villingen-Schwenningen	Baden-Württemberg	78054	48.0667	8.45
Villingen-Schwenningen	Baden-Württemberg	78056	48.0667	8.45
Bad Dürrheim	Baden-Württemberg	78073	48.0209	8.5306
Niedereschach	Baden-Württemberg	78078	48.1333	8.5333
Dauchingen	Baden-Württemberg	78083	48.0899	8.5501
Brigachtal	Baden-Württemberg	78086	48.0167	8.4667
Mönchweiler	Baden-Württemberg	78087	48.1004	8.4222
Unterkirnach	Baden-Württemberg	78089	48.0795	8.3657
Triberg	Baden-Württemberg	78098	48.1363	8.2365
Sankt Georgen im Schwarzwald	Baden-Württemberg	78112	48.1272	8.3351
Furtwangen im Schwarzwald	Baden-Württemberg	78120	48.0516	8.2071
Königsfeld im Schwarzwald	Baden-Württemberg	78126	48.1381	8.4197
Hornberg	Baden-Württemberg	78132	48.2107	8.2327
Schonach im Schwarzwald	Baden-Württemberg	78136	48.1423	8.2029
Schönwald im Schwarzwald	Baden-Württemberg	78141	48.1055	8.2039
Tennenbronn	Baden-Württemberg	78144	48.1904	8.3518
Vöhrenbach	Baden-Württemberg	78147	48.05	8.3
Gütenbach	Baden-Württemberg	78148	48.05	8.15
Donaueschingen	Baden-Württemberg	78166	47.9551	8.4971
Blumberg	Baden-Württemberg	78176	47.8406	8.5333
Hüfingen	Baden-Württemberg	78183	47.9254	8.4883
Geisingen	Baden-Württemberg	78187	47.925	8.65
Immendingen	Baden-Württemberg	78194	47.9333	8.7333
Bräunlingen	Baden-Württemberg	78199	47.9296	8.4481
Singen	Baden-Württemberg	78224	47.7593	8.8403
Engen	Baden-Württemberg	78234	47.8553	8.7734
Rielasingen-Worblingen	Baden-Württemberg	78239	47.7346	8.8401
Gottmadingen	Baden-Württemberg	78244	47.7351	8.7769
Hilzingen	Baden-Württemberg	78247	47.7667	8.7833
Tengen	Baden-Württemberg	78250	47.8213	8.6612
Eigeltingen	Baden-Württemberg	78253	47.858	8.8978
Steißlingen	Baden-Württemberg	78256	47.8	8.9333
Mühlhausen-Ehingen	Baden-Württemberg	78259	47.811	8.8122
Gailingen am Hochrhein	Baden-Württemberg	78262	47.7	8.75
Büsingen am Hochrhein	Baden-Württemberg	78266	47.7	8.6833
Aach	Baden-Württemberg	78267	47.8424	8.8538
Volkertshausen	Baden-Württemberg	78269	47.8167	8.8667
Radolfzell am Bodensee	Baden-Württemberg	78315	47.7419	8.971
Stockach	Baden-Württemberg	78333	47.8511	9.0091
Öhningen	Baden-Württemberg	78337	47.6619	8.8867
Gaienhofen	Baden-Württemberg	78343	47.6833	8.9833
Moos	Baden-Württemberg	78345	47.7244	8.9348
Bodman-Ludwigshafen	Baden-Württemberg	78351	47.8182	9.0554
Sipplingen	Baden-Württemberg	78354	47.7968	9.0974
Hohenfels	Baden-Württemberg	78355	47.885	9.1082
Mühlingen	Baden-Württemberg	78357	47.9167	9.0167
Orsingen-Nenzingen	Baden-Württemberg	78359	47.8427	8.9591
Konstanz	Baden-Württemberg	78462	47.6613	9.1752
Konstanz	Baden-Württemberg	78464	47.6723	9.1834
Konstanz	Baden-Württemberg	78465	47.6667	9.1833
Konstanz	Baden-Württemberg	78467	47.6744	9.1649
Allensbach	Baden-Württemberg	78476	47.7154	9.0714
Reichenau	Baden-Württemberg	78479	47.6889	9.0635
Tuttlingen	Baden-Württemberg	78532	47.9846	8.8177
Spaichingen	Baden-Württemberg	78549	48.0748	8.7351
Aldingen	Baden-Württemberg	78554	48.1	8.7
Gosheim	Baden-Württemberg	78559	48.1343	8.7543
Reichenbach am Heuberg	Baden-Württemberg	78564	48.1333	8.85
Fridingen an der Donau	Baden-Württemberg	78567	48.0196	8.9232
Mühlheim an der Donau	Baden-Württemberg	78570	48.0312	8.8836
Wurmlingen	Baden-Württemberg	78573	48	8.7833
Emmingen-Liptingen	Baden-Württemberg	78576	47.9333	8.8833
Neuhausen ob Eck	Baden-Württemberg	78579	47.9726	8.9276
Bärenthal	Baden-Württemberg	78580	48.0667	8.9333
Balgheim	Baden-Württemberg	78582	48.0667	8.7667
Böttingen	Baden-Württemberg	78583	48.1	8.8
Bubsheim	Baden-Württemberg	78585	48.1167	8.8333
Deilingen	Baden-Württemberg	78586	48.1741	8.7853
Denkingen	Baden-Württemberg	78588	48.1111	8.7382
Dürbheim	Baden-Württemberg	78589	48.0562	8.7934
Durchhausen	Baden-Württemberg	78591	48.0397	8.6749
Egesheim	Baden-Württemberg	78592	48.1172	8.8564
Gunningen	Baden-Württemberg	78594	48.05	8.7
Hausen ob Verena	Baden-Württemberg	78595	48.0537	8.7247
Irndorf	Baden-Württemberg	78597	48.0667	8.9667
Königsheim	Baden-Württemberg	78598	48.1	8.8667
Kolbingen	Baden-Württemberg	78600	48.0523	8.8896
Mahlstetten	Baden-Württemberg	78601	48.0748	8.8351
Renquishausen	Baden-Württemberg	78603	48.0833	8.9
Rietheim-Weilheim	Baden-Württemberg	78604	48.0167	8.7667
Seitingen-Oberflacht	Baden-Württemberg	78606	48.0167	8.7167
Talheim	Baden-Württemberg	78607	48.0167	8.6667
Tuningen	Baden-Württemberg	78609	48.0333	8.6
Rottweil	Baden-Württemberg	78628	48.1678	8.6272
Trossingen	Baden-Württemberg	78647	48.0767	8.6441
Deißlingen	Baden-Württemberg	78652	48.1123	8.6074
Dunningen	Baden-Württemberg	78655	48.2124	8.5062
Zimmern ob Rottweil	Baden-Württemberg	78658	48.1666	8.5944
Dietingen	Baden-Württemberg	78661	48.2048	8.6486
Bösingen	Baden-Württemberg	78662	48.2333	8.55
Frittlingen	Baden-Württemberg	78665	48.1271	8.7077
Villingendorf	Baden-Württemberg	78667	48.2	8.5833
Wellendingen	Baden-Württemberg	78669	48.1474	8.7037
Schramberg	Baden-Württemberg	78713	48.224	8.3858
Oberndorf am Neckar	Baden-Württemberg	78727	48.3005	8.5738
Lauterbach	Baden-Württemberg	78730	48.2333	8.35
Aichhalden	Baden-Württemberg	78733	48.2672	8.4023
Epfendorf	Baden-Württemberg	78736	48.25	8.6
Fluorn-Winzeln	Baden-Württemberg	78737	48.2917	8.4917
Hardt	Baden-Württemberg	78739	48.1833	8.4167
Freiburg im Breisgau	Baden-Württemberg	79098	47.9942	7.847
Freiburg im Breisgau	Baden-Württemberg	79100	47.9809	7.8327
Freiburg im Breisgau	Baden-Württemberg	79102	48	7.85
Freiburg im Breisgau	Baden-Württemberg	79104	48.0098	7.8545
Freiburg im Breisgau	Baden-Württemberg	79106	48	7.85
Freiburg im Breisgau	Baden-Württemberg	79108	48.0339	7.8418
Freiburg im Breisgau	Baden-Württemberg	79110	48.0207	7.8167
Freiburg im Breisgau	Baden-Württemberg	79111	47.9809	7.7957
Freiburg im Breisgau	Baden-Württemberg	79112	48	7.85
Freiburg im Breisgau	Baden-Württemberg	79114	48.0018	7.818
Freiburg im Breisgau	Baden-Württemberg	79115	47.9793	7.822
Freiburg im Breisgau	Baden-Württemberg	79117	47.9874	7.8945
Waldkirch	Baden-Württemberg	79183	48.0959	7.9637
Bad Krozingen	Baden-Württemberg	79189	47.9167	7.7
Gundelfingen	Baden-Württemberg	79194	48.0425	7.8657
Kirchzarten	Baden-Württemberg	79199	47.9667	7.95
Breisach am Rhein	Baden-Württemberg	79206	48.0328	7.5829
Denzlingen	Baden-Württemberg	79211	48.0667	7.8833
Elzach	Baden-Württemberg	79215	48.1725	8.0699
Staufen im Breisgau	Baden-Württemberg	79219	47.8823	7.7282
Umkirch	Baden-Württemberg	79224	48.0333	7.7667
Schallstadt	Baden-Württemberg	79227	47.9585	7.7575
March	Baden-Württemberg	79232	48.0681	7.7788
Vogtsburg im Kaiserstuhl	Baden-Württemberg	79235	48.0833	7.6333
Ehrenkirchen	Baden-Württemberg	79238	47.9156	7.7519
Ihringen	Baden-Württemberg	79241	48.043	7.6476
Münstertal	Baden-Württemberg	79244	47.85	7.7833
Merzhausen	Baden-Württemberg	79249	47.9667	7.8333
Stegen	Baden-Württemberg	79252	47.9833	7.9667
Oberried	Baden-Württemberg	79254	47.9333	7.95
Buchenbach	Baden-Württemberg	79256	47.9614	8.0091
Hartheim	Baden-Württemberg	79258	47.9333	7.6333
Gutach im Breisgau	Baden-Württemberg	79261	48.1167	7.9833
Simonswald	Baden-Württemberg	79263	48.1004	8.0525
Bötzingen	Baden-Württemberg	79268	48.0764	7.7248
Sankt Peter	Baden-Württemberg	79271	48.0147	8.0329
Sankt Märgen	Baden-Württemberg	79274	48.008	8.0928
Reute	Baden-Württemberg	79276	48.0833	7.8167
Vörstetten	Baden-Württemberg	79279	48.0667	7.85
Au	Baden-Württemberg	79280	47.95	7.8333
Ballrechten-Dottingen	Baden-Württemberg	79282	47.8583	7.6917
Bollschweil	Baden-Württemberg	79283	47.9214	7.7899
Ebringen	Baden-Württemberg	79285	47.9578	7.7765
Glottertal	Baden-Württemberg	79286	48.0508	7.9634
Gottenheim	Baden-Württemberg	79288	48.05	7.7333
Horben	Baden-Württemberg	79289	47.9333	7.8667
Merdingen	Baden-Württemberg	79291	48.0167	7.6833
Pfaffenweiler	Baden-Württemberg	79292	47.9333	7.75
Sölden	Baden-Württemberg	79294	47.9333	7.8167
Sulzburg	Baden-Württemberg	79295	47.8412	7.7078
Winden im Elztal	Baden-Württemberg	79297	48.144	8.0469
Wittnau	Baden-Württemberg	79299	47.95	7.8167
Emmendingen	Baden-Württemberg	79312	48.121	7.8536
Teningen	Baden-Württemberg	79331	48.1295	7.8121
Herbolzheim	Baden-Württemberg	79336	48.2188	7.7775
Kenzingen	Baden-Württemberg	79341	48.1963	7.7697
Endingen am Kaiserstuhl	Baden-Württemberg	79346	48.1333	7.7
Freiamt	Baden-Württemberg	79348	48.1667	7.9167
Sexau	Baden-Württemberg	79350	48.1021	7.9076
Bahlingen am Kaiserstuhl	Baden-Württemberg	79353	48.1228	7.7389
Riegel am Kaiserstuhl	Baden-Württemberg	79359	48.15	7.75
Sasbach am Kaiserstuhl	Baden-Württemberg	79361	48.1333	7.6167
Forchheim	Baden-Württemberg	79362	48.1667	7.7
Malterdingen	Baden-Württemberg	79364	48.1572	7.7861
Rheinhausen	Baden-Württemberg	79365	48.2266	7.7109
Weisweil	Baden-Württemberg	79367	48.1994	7.6771
Wyhl am Kaiserstuhl	Baden-Württemberg	79369	48.1667	7.65
Müllheim	Baden-Württemberg	79379	47.8082	7.6303
Neuenburg am Rhein	Baden-Württemberg	79395	47.8143	7.5601
Kandern	Baden-Württemberg	79400	47.7139	7.6624
Badenweiler	Baden-Württemberg	79410	47.8022	7.6724
Bad Bellingen	Baden-Württemberg	79415	47.7315	7.5576
Schliengen	Baden-Württemberg	79418	47.757	7.5764
Heitersheim	Baden-Württemberg	79423	47.8747	7.6572
Auggen	Baden-Württemberg	79424	47.7833	7.6
Buggingen	Baden-Württemberg	79426	47.8475	7.638
Eschbach	Baden-Württemberg	79427	47.891	7.6554
Malsburg-Marzell	Baden-Württemberg	79429	47.7333	7.7083
Röttlerweiler	Baden-Württemberg	79513	47.6324	7.6594
Lörrach	Baden-Württemberg	79539	47.6181	7.6589
Lörrach	Baden-Württemberg	79540	47.6167	7.6667
Lörrach	Baden-Württemberg	79541	47.6335	7.6922
Weil am Rhein	Baden-Württemberg	79576	47.5933	7.6208
Steinen	Baden-Württemberg	79578	47.65	7.733
Steinen	Baden-Württemberg	79585	47.65	7.7333
Efringen-Kirchen	Baden-Württemberg	79588	47.65	7.5667
Binzen	Baden-Württemberg	79589	47.6333	7.6167
Eimeldingen	Baden-Württemberg	79591	47.6333	7.6
Fischingen	Baden-Württemberg	79592	47.65	7.6
Inzlingen	Baden-Württemberg	79594	47.5885	7.6909
Rümmingen	Baden-Württemberg	79595	47.6412	7.642
Schallbach	Baden-Württemberg	79597	47.65	7.6333
Wittlingen	Baden-Württemberg	79599	47.6553	7.6511
Rheinfelden	Baden-Württemberg	79618	47.5723	7.7842
Grenzach-Wyhlen	Baden-Württemberg	79639	47.55	7.6833
Schopfheim	Baden-Württemberg	79650	47.6511	7.8209
Wehr	Baden-Württemberg	79664	47.6298	7.9042
Zell im Wiesental	Baden-Württemberg	79669	47.7055	7.8525
Todtnau	Baden-Württemberg	79674	47.8294	7.9438
Aitern	Baden-Württemberg	79677	47.8	7.9
Todtmoos	Baden-Württemberg	79682	47.7401	8.0018
Bürchau	Baden-Württemberg	79683	47.7739	7.8272
Häg-Ehrsberg	Baden-Württemberg	79685	47.7417	7.9083
Hasel	Baden-Württemberg	79686	47.6534	7.8972
Hausen im Wiesental	Baden-Württemberg	79688	47.6833	7.85
Maulburg	Baden-Württemberg	79689	47.6463	7.7821
Neuenweg	Baden-Württemberg	79691	47.7956	7.8274
Elbenschwand	Baden-Württemberg	79692	47.7507	7.8297
Utzenfeld	Baden-Württemberg	79694	47.8	7.9167
Wieden	Baden-Württemberg	79695	47.8414	7.882
Wies	Baden-Württemberg	79697	47.7479	7.7675
Wieslet	Baden-Württemberg	79699	47.688	7.798
Bad Säckingen	Baden-Württemberg	79713	47.5537	7.9461
Laufenburg	Baden-Württemberg	79725	47.5651	8.0604
Murg	Baden-Württemberg	79730	47.5549	8.0218
Görwihl	Baden-Württemberg	79733	47.6427	8.0748
Rickenbach	Baden-Württemberg	79736	47.619	7.9787
Herrischried	Baden-Württemberg	79737	47.6667	8
Schwörstadt	Baden-Württemberg	79739	47.5931	7.8784
Waldshut-Tiengen	Baden-Württemberg	79761	47.6232	8.2172
Klettgau	Baden-Württemberg	79771	47.65	8.4
Albbruck	Baden-Württemberg	79774	47.5908	8.1295
Ühlingen-Birkendorf	Baden-Württemberg	79777	47.7167	8.3167
Stühlingen	Baden-Württemberg	79780	47.7458	8.4481
Lauchringen	Baden-Württemberg	79787	47.627	8.3144
Küssaberg	Baden-Württemberg	79790	47.6	8.32
Wutöschingen	Baden-Württemberg	79793	47.6602	8.3675
Jestetten	Baden-Württemberg	79798	47.65	8.5667
Hohentengen am Hochrhein	Baden-Württemberg	79801	47.57	8.4325
Dettighofen	Baden-Württemberg	79802	47.6233	8.4851
Dogern	Baden-Württemberg	79804	47.6095	8.1671
Eggingen	Baden-Württemberg	79805	47.7	8.4
Lottstetten	Baden-Württemberg	79807	47.6333	8.5667
Weilheim	Baden-Württemberg	79809	47.6667	8.2333
Titisee-Neustadt	Baden-Württemberg	79822	47.921	8.1906
Häusern	Baden-Württemberg	79837	47.75	8.1667
Löffingen	Baden-Württemberg	79843	47.8841	8.3438
Bonndorf im Schwarzwald	Baden-Württemberg	79848	47.8186	8.3414
Lenzkirch	Baden-Württemberg	79853	47.8683	8.2021
Hinterzarten	Baden-Württemberg	79856	47.9028	8.107
Schluchsee	Baden-Württemberg	79859	47.8167	8.1833
Höchenschwand	Baden-Württemberg	79862	47.7333	8.1667
Grafenhausen	Baden-Württemberg	79865	47.775	8.2573
Feldberg	Baden-Württemberg	79868	47.865	8.0704
Eisenbach (Hochschwarzwald)	Baden-Württemberg	79871	47.9667	8.2667
Bernau	Baden-Württemberg	79872	47.8002	8.0383
Breitnau	Baden-Württemberg	79874	47.9333	8.0833
Dachsberg	Baden-Württemberg	79875	47.7295	8.1
Friedenweiler	Baden-Württemberg	79877	47.9178	8.2563
Wutach	Baden-Württemberg	79879	47.8333	8.4333
München	Bayern	80331	48.1345	11.571
München	Bayern	80333	48.1452	11.5668
München	Bayern	80335	48.1427	11.5552
München	Bayern	80336	48.1345	11.559
München	Bayern	80337	48.1224	11.5449
München	Bayern	80339	48.1388	11.5341
München	Bayern	80469	48.1299	11.5732
München	Bayern	80538	48.1401	11.5885
München	Bayern	80539	48.15	11.5833
München	Bayern	80634	48.1492	11.5328
München	Bayern	80636	48.1558	11.5409
München	Bayern	80637	48.1725	11.5284
München	Bayern	80638	48.1595	11.4932
München	Bayern	80639	48.1526	11.5154
München	Bayern	80686	48.138	11.507
München	Bayern	80687	48.1414	11.502
München	Bayern	80689	48.1291	11.4895
München	Bayern	80796	48.15	11.5833
München	Bayern	80797	48.1611	11.5586
München	Bayern	80798	48.15	11.5833
München	Bayern	80799	48.15	11.5833
München	Bayern	80801	48.15	11.5833
München	Bayern	80802	48.1665	11.5903
München	Bayern	80803	48.15	11.5833
München	Bayern	80804	48.1738	11.5858
München	Bayern	80805	48.1725	11.5964
München	Bayern	80807	48.1827	11.5759
München	Bayern	80809	48.1787	11.5617
München	Bayern	80933	48.2225	11.548
München	Bayern	80935	48.2043	11.5585
München	Bayern	80937	48.1974	11.5721
München	Bayern	80939	48.2054	11.6238
München	Bayern	80992	48.1776	11.5169
München	Bayern	80993	48.1823	11.5331
München	Bayern	80995	48.1976	11.5181
München	Bayern	80997	48.1834	11.4784
München	Bayern	80999	48.1853	11.4643
München	Bayern	81241	48.1475	11.4635
München	Bayern	81243	48.1465	11.4506
München	Bayern	81245	48.1616	11.4141
München	Bayern	81247	48.1662	11.4673
München	Bayern	81248	48.1616	11.4141
München	Bayern	81249	48.15	11.5833
München	Bayern	81369	48.1125	11.5306
München	Bayern	81371	48.1167	11.5478
München	Bayern	81373	48.1171	11.5393
München	Bayern	81375	48.1188	11.4917
München	Bayern	81377	48.1204	11.5001
München	Bayern	81379	48.0988	11.5204
München	Bayern	81475	48.15	11.5833
München	Bayern	81476	48.0844	11.4923
München	Bayern	81477	48.0834	11.5036
München	Bayern	81479	48.0915	11.5392
München	Bayern	81539	48.1102	11.5899
München	Bayern	81541	48.1159	11.5795
München	Bayern	81543	48.1203	11.5733
München	Bayern	81545	48.0827	11.5619
München	Bayern	81547	48.0982	11.5821
München	Bayern	81549	48.1089	11.6074
München	Bayern	81667	48.1285	11.5975
München	Bayern	81669	48.1226	11.6035
München	Bayern	81671	48.1223	11.6205
München	Bayern	81673	48.1265	11.6317
München	Bayern	81675	48.1352	11.6039
München	Bayern	81677	48.1381	11.6147
München	Bayern	81679	48.1512	11.6103
München	Bayern	81735	48.1134	11.6466
München	Bayern	81737	48.1098	11.6183
München	Bayern	81739	48.15	11.5833
München	Bayern	81825	48.118	11.6612
München	Bayern	81827	48.1147	11.6972
München	Bayern	81829	48.1404	11.6802
München	Bayern	81925	48.1642	11.6218
München	Bayern	81927	48.1611	11.6394
München	Bayern	81929	48.1408	11.6366
Unterhaching	Bayern	82008	48.066	11.6156
Taufkirchen	Bayern	82024	48.0486	11.617
Grünwald	Bayern	82031	48.0395	11.5232
Oberhaching	Bayern	82041	48.0245	11.5974
Pullach im Isartal	Bayern	82049	48.0612	11.5215
Sauerlach	Bayern	82054	47.9586	11.5674
Icking	Bayern	82057	47.95	11.4333
Neuried	Bayern	82061	48.0932	11.4656
Straßlach-Dingharting	Bayern	82064	48.0049	11.5141
Baierbrunn	Bayern	82065	48.0203	11.4869
Kloster Schäftlarn	Bayern	82067	47.9889	11.4434
Schäftlarn	Bayern	82069	47.9903	11.4559
Germering	Bayern	82110	48.1339	11.3765
Gauting	Bayern	82131	48.0692	11.377
Olching	Bayern	82140	48.2	11.3333
Krailling	Bayern	82152	48.1	11.4
Gräfelfing	Bayern	82166	48.1188	11.4294
Puchheim	Bayern	82178	48.15	11.35
Gröbenzell	Bayern	82194	48.2	11.3667
Gilching	Bayern	82205	48.1075	11.2936
Herrsching am Ammersee	Bayern	82211	47.9989	11.1768
Maisach	Bayern	82216	48.2167	11.2667
Eichenau	Bayern	82223	48.1667	11.3167
Seefeld	Bayern	82229	48.0351	11.214
Weßling	Bayern	82234	48.0745	11.2482
Wörthsee	Bayern	82237	48.0725	11.2017
Alling	Bayern	82239	48.1403	11.3014
Fürstenfeldbruck	Bayern	82256	48.179	11.2547
Inning am Ammersee	Bayern	82266	48.0764	11.1523
Geltendorf	Bayern	82269	48.1174	11.0322
Moorenweis	Bayern	82272	48.1556	11.0785
Emmering	Bayern	82275	48.1833	11.2833
Adelshofen	Bayern	82276	48.1833	11.1167
Althegnenberg	Bayern	82278	48.2333	11.0667
Egenhofen	Bayern	82281	48.2833	11.1667
Grafrath	Bayern	82284	48.1167	11.1667
Hattenhofen	Bayern	82285	48.2223	11.1155
Jesenwang	Bayern	82287	48.1667	11.1333
Kottgeisering	Bayern	82288	48.1167	11.1333
Landsberied	Bayern	82290	48.1667	11.1667
Mammendorf	Bayern	82291	48.2084	11.1633
Mittelstetten	Bayern	82293	48.25	11.1
Oberschweinbach	Bayern	82294	48.2382	11.1557
Schöngeising	Bayern	82296	48.1413	11.204
Steindorf	Bayern	82297	48.2167	11
Türkenfeld	Bayern	82299	48.1053	11.083
Starnberg	Bayern	82319	48.0019	11.3442
Tutzing	Bayern	82327	47.9094	11.2803
Berg	Bayern	82335	47.9674	11.3545
Feldafing	Bayern	82340	47.946	11.2933
Pöcking	Bayern	82343	47.9667	11.3
Andechs	Bayern	82346	47.9746	11.1828
Bernried	Bayern	82347	47.866	11.2939
Weilheim in Oberbayern	Bayern	82362	47.8376	11.1489
Penzberg	Bayern	82377	47.7529	11.377
Peißenberg	Bayern	82380	47.8047	11.0699
Hohenpeißenberg	Bayern	82383	47.8	11
Oberhausen	Bayern	82386	47.7833	11.1333
Antdorf	Bayern	82387	47.7513	11.3085
Böbing	Bayern	82389	47.7556	10.9888
Eberfing	Bayern	82390	47.7917	11.2
Habach	Bayern	82392	47.7333	11.2833
Iffeldorf	Bayern	82393	47.7667	11.3167
Obersöchering	Bayern	82395	47.7333	11.2167
Pähl	Bayern	82396	47.9	11.1833
Polling	Bayern	82398	47.811	11.1324
Raisting	Bayern	82399	47.9167	11.1
Rottenbuch	Bayern	82401	47.7333	10.9667
Seeshaupt	Bayern	82402	47.8247	11.3022
Sindelsdorf	Bayern	82404	47.7246	11.3329
Wessobrunn	Bayern	82405	47.8741	11.0246
Wielenbach	Bayern	82407	47.874	11.1592
Wildsteig	Bayern	82409	47.7015	10.9375
Murnau am Staffelsee	Bayern	82418	47.6808	11.2012
Kochel am See	Bayern	82431	47.6586	11.3682
Bad Kohlgrub	Bayern	82433	47.6667	11.05
Bad Bayersoien	Bayern	82435	47.6833	11
Eglfing	Bayern	82436	47.7333	11.1833
Eschenlohe	Bayern	82438	47.6	11.1833
Großweil	Bayern	82439	47.676	11.3011
Ohlstadt	Bayern	82441	47.6333	11.2333
Saulgrub	Bayern	82442	47.6664	11.0247
Schlehdorf	Bayern	82444	47.658	11.3149
Schwaigen	Bayern	82445	47.6167	11.15
Spatzenhausen	Bayern	82447	47.7167	11.2
Uffing am Staffelsee	Bayern	82449	47.7167	11.15
Garmisch-Partenkirchen	Bayern	82467	47.4921	11.0958
Schneefernerhaus	Bavaria	82475	47.4166	10.9795
Mittenwald	Bayern	82481	47.4422	11.2619
Oberammergau	Bayern	82487	47.5981	11.0669
Ettal	Bayern	82488	47.5667	11.1
Farchant	Bayern	82490	47.5304	11.1115
Grainau	Bayern	82491	47.4761	11.0241
Krün	Bayern	82494	47.5052	11.2792
Oberau	Bayern	82496	47.5598	11.1392
Unterammergau	Bayern	82497	47.6166	11.0272
Wallgau	Bayern	82499	47.5167	11.2833
Wolfratshausen	Bayern	82515	47.9129	11.4217
Geretsried	Bayern	82538	47.8577	11.4805
Münsing	Bayern	82541	47.9	11.3667
Egling	Bayern	82544	47.9232	11.5052
Eurasburg	Bayern	82547	47.8539	11.4059
Königsdorf	Bayern	82549	47.8155	11.4806
Rosenheim	Bayern	83022	47.855	12.1232
Rosenheim	Bayern	83024	47.8748	12.111
Rosenheim	Bayern	83026	47.8391	12.1026
Bad Aibling	Bayern	83043	47.8638	12.0105
Bruckmühl	Bayern	83052	47.8786	11.911
Kolbermoor	Bayern	83059	47.8496	12.067
Raubling	Bayern	83064	47.7905	12.1109
Stephanskirchen	Bayern	83071	47.8539	12.1856
Bad Feilnbach	Bayern	83075	47.7733	12.0097
Oberaudorf	Bayern	83080	47.6482	12.1724
Riedering	Bayern	83083	47.8387	12.2078
Kiefersfelden	Bayern	83088	47.6141	12.191
Bad Endorf	Bayern	83093	47.909	12.2979
Brannenburg	Bayern	83098	47.74	12.0917
Rohrdorf	Bayern	83101	47.7971	12.1701
Tuntenhausen	Bayern	83104	47.9351	12.0152
Großkarolinenfeld	Bayern	83109	47.891	12.081
Frasdorf	Bayern	83112	47.8038	12.2851
Neubeuern	Bayern	83115	47.7737	12.14
Obing	Bayern	83119	48.0005	12.4053
Samerberg	Bayern	83122	47.7765	12.1914
Amerang	Bayern	83123	47.9914	12.3079
Eggstätt	Bayern	83125	47.927	12.3792
Flintsbach	Bayern	83126	47.7258	12.1242
Halfing	Bayern	83128	47.952	12.2752
Höslwang	Bayern	83129	47.9538	12.3291
Nußdorf am Inn	Bayern	83131	47.7423	12.1561
Pittenhart	Bayern	83132	47.9772	12.39
Prutting	Bayern	83134	47.8932	12.2024
Schechen	Bayern	83135	47.9291	12.1239
Schonstett	Bayern	83137	47.9833	12.25
Söchtenau	Bayern	83139	47.9312	12.2296
Prien am Chiemsee	Bayern	83209	47.856	12.3462
Grassau	Bayern	83224	47.781	12.4536
Aschau im Chiemgau	Bayern	83229	47.7769	12.323
Bernau am Chiemsee	Bayern	83233	47.8117	12.3757
Übersee	Bayern	83236	47.8167	12.4833
Reit im Winkl	Bayern	83242	47.6587	12.5281
Unterwössen	Bayern	83246	47.7333	12.4667
Marquartstein	Bayern	83250	47.7586	12.4622
Rimsting	Bayern	83253	47.8808	12.3371
Breitbrunn am Chiemsee	Bayern	83254	47.8895	12.4004
Chiemsee	Bayern	83256	47.8667	12.4167
Gstadt am Chiemsee	Bayern	83257	47.8845	12.4181
Schleching	Bayern	83259	47.721	12.3948
Traunstein	Bayern	83278	47.8682	12.6433
Traunreut	Bayern	83301	47.9627	12.5923
Trostberg	Bayern	83308	48.0175	12.5346
Siegsdorf	Bayern	83313	47.8228	12.6428
Teisendorf	Bayern	83317	47.8492	12.8192
Ruhpolding	Bayern	83324	47.7667	12.65
Waging am See	Bayern	83329	47.9341	12.7339
Inzell	Bayern	83334	47.763	12.7515
Chieming	Bayern	83339	47.8926	12.5401
Tacherting	Bayern	83342	48.0783	12.5701
Bergen	Bayern	83344	47.804	12.583
Bergen	Bayern	83346	47.8036	12.5828
Palling	Bayern	83349	48.002	12.637
Altenmarkt an der Alz	Bayern	83352	48.0026	12.5367
Grabenstätt	Bayern	83355	47.8453	12.5433
Seeon-Seebruck	Bayern	83358	47.9667	12.4667
Kienberg	Bayern	83361	48.0348	12.4633
Surberg	Bayern	83362	47.8667	12.7
Nußdorf	Bayern	83365	47.9056	12.5961
Petting	Bayern	83367	47.9123	12.8151
Seeon-Seebruck	Bayern	83370	47.9667	12.4667
Taching am See	Bayern	83373	47.9594	12.7293
Niedling	Bayern	83374	47.9427	12.6306
Castrum	Bayern	83376	47.9425	12.5049
Vachendorf	Bayern	83377	47.8426	12.6061
Wonneberg	Bayern	83379	47.9167	12.7167
Freilassing	Bayern	83395	47.8409	12.9811
Ainring	Bayern	83404	47.8131	12.9405
Laufen	Bayern	83410	47.9357	12.9286
Fridolfing	Bayern	83413	47.9977	12.8263
Saaldorf-Surheim	Bayern	83416	47.875	12.9417
Kirchanschöring	Bayern	83417	47.953	12.8343
Bad Reichenhall	Bayern	83435	47.7295	12.8782
Piding	Bayern	83451	47.7667	12.9167
Anger	Bayern	83454	47.8019	12.8581
Bayerisch Gmain	Bayern	83457	47.7167	12.9
Schneizlreuth	Bayern	83458	47.6833	12.8
Berchtesgaden	Bayern	83471	47.6324	13.0019
Bischofswiesen	Bayern	83483	47.6312	12.983
Ramsau	Bayern	83486	47.6167	12.9
Marktschellenberg	Bayern	83487	47.6966	13.0434
Strub	Bayern	83489	47.6254	12.9741
Wasserburg am Inn	Bayern	83512	48.0525	12.2234
Kirchdorf	Bayern	83527	48.1754	12.1965
Schnaitsee	Bayern	83530	48.0667	12.3667
Edling	Bayern	83533	48.0561	12.1647
Albaching	Bayern	83539	48.1167	12.1167
Rott am Inn	Bayern	83543	47.9819	12.1281
Albaching	Bayern	83544	48.107	12.1119
Babensham	Bayern	83547	48.0833	12.2667
Eiselfing	Bayern	83549	48.0411	12.2427
Emmering	Bayern	83550	47.9976	12.0564
Durrhausen	Bayern	83552	48.0284	12.3103
Frauenneuharting	Bayern	83553	48.0316	12.056
Griesstätt	Bayern	83556	47.994	12.1773
Maitenbeth	Bayern	83558	48.1505	12.0934
Ramerberg	Bayern	83561	48.0181	12.1451
Rechtmehring	Bayern	83562	48.1167	12.1667
Soyen	Bayern	83564	48.1081	12.2101
Unterreit	Bayern	83567	48.1167	12.3333
Vogtareuth	Bayern	83569	47.9469	12.1813
Holzkirchen	Bayern	83607	47.8766	11.7018
Feldkirchen-Westerham	Bayern	83620	47.9075	11.8427
Dietramszell	Bayern	83623	47.8487	11.5953
Otterfing	Bayern	83624	47.909	11.6755
Valley	Bayern	83626	47.8931	11.7791
Warngau	Bayern	83627	47.8322	11.7217
Weyarn	Bayern	83629	47.8584	11.7992
Bad Tölz	Bayern	83646	47.7611	11.5589
Lenggries	Bayern	83661	47.6833	11.5667
Waakirchen	Bayern	83666	47.7725	11.6731
Bad Heilbrunn	Bayern	83670	47.7467	11.4593
Benediktbeuern	Bayern	83671	47.7062	11.4152
Bichl	Bayern	83673	47.7201	11.4123
Gaißach	Bayern	83674	47.75	11.5833
Jachenau	Bayern	83676	47.6057	11.4338
Greiling	Bayern	83677	47.7667	11.6167
Sachsenkam	Bayern	83679	47.8054	11.644
Tegernsee	Bayern	83684	47.7123	11.7582
Rottach-Egern	Bayern	83700	47.6897	11.7706
Gmund am Tegernsee	Bayern	83703	47.7512	11.7381
Bad Wiessee	Bayern	83707	47.7167	11.7167
Kreuth	Bayern	83708	47.6408	11.7449
Miesbach	Bayern	83714	47.789	11.8338
Schliersee	Bayern	83727	47.7362	11.8594
Fischbachau	Bayern	83730	47.7195	11.9508
Hausham	Bayern	83734	47.7466	11.8407
Bayrischzell	Bayern	83735	47.6744	12.0145
Irschenberg	Bayern	83737	47.8333	11.9167
Landshut	Bayern	84028	48.5359	12.1523
Landshut	Bayern	84030	48.5602	12.1366
Altdorf	Bayern	84032	48.5559	12.11
Landshut	Bayern	84034	48.5359	12.1325
Landshut	Bayern	84036	48.5265	12.1575
Mainburg	Bayern	84048	48.6418	11.7809
Essenbach	Bayern	84051	48.6133	12.2183
Rottenburg an der Laaber	Bayern	84056	48.7023	12.0272
Ergoldsbach	Bayern	84061	48.6926	12.2044
Mallersdorf-Pfaffenberg	Bayern	84066	48.7664	12.231
Schierling	Bayern	84069	48.8342	12.1395
Au in der Hallertau	Bayern	84072	48.5584	11.7414
Pfeffenhausen	Bayern	84076	48.6647	11.9659
Bruckberg	Bayern	84079	48.5224	11.9945
Laberweinting	Bayern	84082	48.8	12.3167
Langquaid	Bayern	84085	48.8232	12.0513
Neufahrn in Niederbayern	Bayern	84088	48.7352	12.1929
Aiglsbach	Bayern	84089	48.6921	11.7083
Attenhofen	Bayern	84091	48.6507	11.8485
Bayerbach	Bayern	84092	48.7045	12.2975
Elsendorf	Bayern	84094	48.7076	11.8098
Furth	Bayern	84095	48.591	12.0206
Herrngiersdorf	Bayern	84097	48.7886	12.072
Hohenthann	Bayern	84098	48.6576	12.0307
Niederaichbach	Bayern	84100	48.6	12.3167
Obersüßbach	Bayern	84101	48.6167	11.95
Postau	Bayern	84103	48.65	12.3333
Rudelzhausen	Bayern	84104	48.6	11.7667
Volkenschwand	Bayern	84106	48.6	11.8833
Weihmichl	Bayern	84107	48.6	12.05
Wörth an der Isar	Bayern	84109	48.623	12.3394
Dingolfing	Bayern	84130	48.6424	12.4928
Vilsbiburg	Bayern	84137	48.453	12.356
Gangkofen	Bayern	84140	48.437	12.5642
Geisenhausen	Bayern	84144	48.4761	12.2582
Velden	Bayern	84149	48.3663	12.256
Mengkofen	Bayern	84152	48.7189	12.4405
Bodenkirchen	Bayern	84155	48.3833	12.3833
Frontenhausen	Bayern	84160	48.5463	12.5312
Marklkofen	Bayern	84163	48.55	12.5667
Moosthenning	Bayern	84164	48.6766	12.4974
Adlkofen	Bayern	84166	48.55	12.2667
Aham	Bayern	84168	48.5265	12.4606
Altfraunhofen	Bayern	84169	48.45	12.1667
Baierbach	Bayern	84171	48.4167	12.2
Buch am Erlbach	Bayern	84172	48.4478	12.0357
Eching	Bayern	84174	48.5	12.0667
Schalkham	Bayern	84175	48.4833	12.4167
Gottfrieding	Bayern	84177	48.6374	12.5356
Kröning	Bayern	84178	48.5333	12.3667
Loiching	Bayern	84180	48.6167	12.4333
Neufraunhofen	Bayern	84181	48.4	12.2167
Niederviehbach	Bayern	84183	48.6167	12.3833
Tiefenbach	Bayern	84184	48.5	12.1
Vilsheim	Bayern	84186	48.4488	12.1069
Weng	Bayern	84187	48.6587	12.3693
Wurmsham	Bayern	84189	48.35	12.3333
Eggenfelden	Bayern	84307	48.4051	12.7575
Massing	Bayern	84323	48.3912	12.6095
Falkenberg	Bayern	84326	48.4615	12.7305
Wurmannsquick	Bayern	84329	48.3533	12.786
Hebertsfelden	Bayern	84332	48.406	12.8226
Malgersdorf	Bayern	84333	48.5333	12.75
Mitterskirchen	Bayern	84335	48.35	12.7333
Schönau	Bayern	84337	48.4833	12.85
Unterdietfurt	Bayern	84339	48.3833	12.6667
Pfarrkirchen	Bayern	84347	48.432	12.9381
Simbach am Inn	Bayern	84359	48.2655	13.0231
Bad Birnbach	Bayern	84364	48.4449	13.091
Tann	Bayern	84367	48.3146	12.893
Triftern	Bayern	84371	48.3947	13.0063
Kirchdorf am Inn	Bayern	84375	48.2475	12.9845
Dietersburg	Bayern	84378	48.4925	12.925
Johanniskirchen	Bayern	84381	48.5333	12.95
Wittibreut	Bayern	84384	48.3292	12.987
Egglham	Bayern	84385	48.529	13.054
Julbach	Bayern	84387	48.2543	12.9579
Postmünster	Bayern	84389	48.4167	12.9
Dorfen	Bayern	84405	48.2704	12.1606
Inning am Holz	Bayern	84416	48.3469	12.0751
Obertaufkirchen	Bayern	84419	48.2605	12.279
Isen	Bayern	84424	48.212	12.0567
Sankt Wolfgang	Bayern	84427	48.2167	12.1333
Buchbach	Bayern	84428	48.3123	12.2734
Rattenkirchen	Bayern	84431	48.2421	12.3151
Hohenpolding	Bayern	84432	48.3833	12.1333
Kirchberg	Bayern	84434	48.4	12.05
Lengdorf	Bayern	84435	48.2574	12.0497
Reichertsheim	Bayern	84437	48.2	12.2833
Steinkirchen	Bayern	84439	48.3833	12.0833
Mühldorf am Inn	Bayern	84453	48.2503	12.5215
Waldkraiburg	Bayern	84478	48.2085	12.3989
Burghausen	Bayern	84489	48.1693	12.8314
Lohkirchen	Bayern	84494	48.3167	12.45
Altötting	Bayern	84503	48.2253	12.6766
Burgkirchen an der Alz	Bayern	84508	48.1675	12.7325
Erharting	Bayern	84513	48.2833	12.5833
Garching an der Alz	Bayern	84518	48.1345	12.5815
Neuötting	Bayern	84524	48.241	12.69
Tittmoning	Bayern	84529	48.0616	12.7676
Stammham	Bayern	84533	48.25	12.8833
Ampfing	Bayern	84539	48.254	12.4152
Winhöring	Bayern	84543	48.2667	12.65
Aschau am Inn	Bayern	84544	48.1985	12.35
Egglkofen	Bayern	84546	48.4	12.45
Emmerting	Bayern	84547	48.2	12.7667
Engelsberg	Bayern	84549	48.1163	12.5427
Geratskirchen	Bayern	84552	48.3386	12.6623
Jettenbach	Bayern	84555	48.1667	12.3833
Kastl	Bayern	84556	48.2	12.7
Halsbach	Bayern	84558	48.1333	12.6833
Kraiburg am Inn	Bayern	84559	48.1819	12.4307
Mehring	Bayern	84561	48.1833	12.7833
Mettenheim	Bayern	84562	48.2667	12.4667
Oberbergkirchen	Bayern	84564	48.3	12.3833
Oberneukirchen	Bayern	84565	48.1833	12.5167
Erlbach	Bayern	84567	48.3	12.7833
Pleiskirchen	Bayern	84568	48.3071	12.5983
Polling	Bayern	84570	48.2167	12.5667
Reischach	Bayern	84571	48.2907	12.7262
Schönberg	Bayern	84573	48.3333	12.4333
Taufkirchen	Bayern	84574	48.15	12.45
Teising	Bayern	84576	48.2272	12.6114
Tüßling	Bayern	84577	48.2122	12.5995
Unterneukirchen	Bayern	84579	48.1667	12.6167
Ingolstadt	Bayern	85049	48.7667	11.4147
Ingolstadt	Bayern	85051	48.7212	11.4096
Ingolstadt	Bayern	85053	48.7515	11.4588
Ingolstadt	Bayern	85055	48.776	11.4459
Ingolstadt	Bayern	85057	48.775	11.3914
Eichstätt	Bayern	85072	48.8885	11.1968
Manching	Bayern	85077	48.7166	11.4939
Gaimersheim	Bayern	85080	48.8071	11.368
Reichertshofen	Bayern	85084	48.6577	11.4661
Vohburg an der Donau	Bayern	85088	48.7698	11.6185
Kösching	Bayern	85092	48.814	11.5049
Denkendorf	Bayern	85095	48.9284	11.457
Großmehring	Bayern	85098	48.7667	11.5333
Lenting	Bayern	85101	48.8103	11.4587
Pförring	Bayern	85104	48.8082	11.6901
Baar-Ebenhausen	Bayern	85107	48.6707	11.4698
Kipfenberg	Bayern	85110	48.9526	11.3975
Adelschlag	Bayern	85111	48.8403	11.2191
Böhmfeld	Bayern	85113	48.8608	11.3679
Buxheim	Bayern	85114	48.8069	11.2921
Egweil	Bayern	85116	48.7833	11.2333
Eitensheim	Bayern	85117	48.8167	11.3167
Ernsgaden	Bayern	85119	48.7333	11.5833
Hepberg	Bayern	85120	48.8225	11.4617
Hitzhofen	Bayern	85122	48.85	11.3167
Karlskron	Bayern	85123	48.6833	11.4167
Kinding	Bayern	85125	49.0016	11.3831
Münchsmünster	Bayern	85126	48.7667	11.6833
Nassenfels	Bayern	85128	48.7995	11.2259
Oberdolling	Bayern	85129	48.8294	11.5933
Pollenfeld	Bayern	85131	48.95	11.2
Schernfeld	Bayern	85132	48.9	11.1
Stammham	Bayern	85134	48.8558	11.4554
Titting	Bayern	85135	48.9968	11.2115
Walting	Bayern	85137	48.9167	11.3
Wettstetten	Bayern	85139	48.8225	11.4143
Dachau	Bayern	85221	48.26	11.434
Markt Indersdorf	Bayern	85229	48.3606	11.3779
Bergkirchen	Bayern	85232	48.2567	11.3649
Odelzhausen	Bayern	85235	48.3089	11.1989
Petershausen	Bayern	85238	48.4097	11.4706
Hebertshausen	Bayern	85241	48.2896	11.4653
Röhrmoos	Bayern	85244	48.3297	11.4467
Schwabhausen	Bayern	85247	48.3032	11.3557
Altomünster	Bayern	85250	48.3877	11.2569
Erdweg	Bayern	85253	48.3318	11.3034
Sulzemoos	Bayern	85254	48.2911	11.2636
Vierkirchen	Bayern	85256	48.3667	11.4667
Weichs	Bayern	85258	48.3833	11.4167
Wiedenzhausen	Bayern	85259	48.2998	11.2391
Hettenshausen	Bayern	85276	48.5	11.5
Wolnzach	Bayern	85283	48.6038	11.6257
Geisenfeld	Bayern	85290	48.6843	11.6123
Reichertshausen	Bayern	85293	48.4667	11.5167
Rohrbach	Bayern	85296	48.6167	11.5667
Scheyern	Bayern	85298	48.5	11.4667
Schweitenkirchen	Bayern	85301	48.5033	11.6045
Gerolsbach	Bayern	85302	48.4928	11.3615
Ilmmünster	Bayern	85304	48.4833	11.5
Jetzendorf	Bayern	85305	48.4333	11.4167
Paunzhausen	Bayern	85307	48.4749	11.5646
Pörnbach	Bayern	85309	48.6167	11.4667
Freising	Bayern	85354	48.3938	11.7331
Freising	Bayern	85356	48.3924	11.7569
Moosburg	Bayern	85368	48.4709	11.9381
Neufahrn bei Freising	Bayern	85375	48.3159	11.6632
Eching	Bayern	85386	48.3	11.6167
Allershausen	Bayern	85391	48.4333	11.6
Attenkirchen	Bayern	85395	48.5053	11.7601
Hallbergmoos	Bayern	85399	48.3275	11.7514
Kranzberg	Bayern	85402	48.4061	11.6125
Nandlstadt	Bayern	85405	48.5364	11.8073
Zolling	Bayern	85406	48.45	11.7667
Gammelsdorf	Bayern	85408	48.55	11.95
Haag an der Amper	Bayern	85410	48.4584	11.828
Hohenkammer	Bayern	85411	48.4241	11.5252
Hörgertshausen	Bayern	85413	48.55	11.8667
Kirchdorf an der Amper	Bayern	85414	48.4667	11.65
Langenbach	Bayern	85416	48.4333	11.85
Marzling	Bayern	85417	48.409	11.7938
Mauern	Bayern	85419	48.5167	11.9
Erding	Bayern	85435	48.306	11.9069
Oberding	Bayern	85445	48.3167	11.85
Fraunberg	Bayern	85447	48.3667	12
Moosinning	Bayern	85452	48.2771	11.8445
Wartenberg	Bayern	85456	48.406	11.9886
Wörth	Bayern	85457	48.2453	11.9021
Berglern	Bayern	85459	48.3841	11.9301
Bockhorn	Bayern	85461	48.3147	11.9869
Eitting	Bayern	85462	48.3596	11.8911
Finsing	Bayern	85464	48.2162	11.8241
Langenpreising	Bayern	85465	48.4257	11.9722
Neuching	Bayern	85467	48.2333	11.85
Walpertskirchen	Bayern	85469	48.2584	11.9753
Ottobrunn	Bayern	85521	48.0649	11.6633
Haar	Bayern	85540	48.1088	11.7265
Kirchheim bei München	Bayern	85551	48.1766	11.7556
Ebersberg	Bayern	85560	48.0771	11.9706
Bruck	Bayern	85567	48.0212	11.9078
Markt Schwaben	Bayern	85570	48.1895	11.8691
Neubiberg	Bayern	85579	48.0771	11.6581
Poing	Bayern	85586	48.17	11.8186
Vaterstetten	Bayern	85591	48.1054	11.7682
Baldham	Bayern	85598	48.1148	11.7959
Parsdorf	Bayern	85599	48.1422	11.788
Zorneding	Bayern	85604	48.0843	11.8245
Aschheim	Bayern	85609	48.1711	11.7167
Kirchseeon	Bayern	85614	48.0714	11.8888
Aßling	Bayern	85617	47.993	12.0064
Feldkirchen	Bayern	85622	48.1481	11.731
Glonn	Bayern	85625	47.9875	11.8672
Grasbrunn	Bayern	85630	48.0791	11.7436
Höhenkirchen-Siegertsbrunn	Bayern	85635	48.0193	11.7191
Putzbrunn	Bayern	85640	48.0758	11.7157
Steinhöring	Bayern	85643	48.0868	12.0314
Anzing	Bayern	85646	48.1517	11.8533
Brunnthal	Bayern	85649	48.0065	11.684
Pliening	Bayern	85652	48.1956	11.8007
Aying	Bayern	85653	47.9701	11.7775
Buch am Buchrain	Bayern	85656	48.2151	11.9951
Egmating	Bayern	85658	48.0041	11.7953
Forstern	Bayern	85659	48.1834	11.9772
Forstinning	Bayern	85661	48.1687	11.9124
Hohenbrunn	Bayern	85662	48.0478	11.7022
Hohenlinden	Bayern	85664	48.1561	11.9946
Moosach	Bayern	85665	48.0321	11.8751
Oberpframmern	Bayern	85667	48.022	11.8133
Pastetten	Bayern	85669	48.1991	11.9437
Unterschleißheim	Bayern	85716	48.2804	11.5768
Ismaning	Bayern	85737	48.2333	11.6833
Garching bei München	Bayern	85748	48.249	11.651
Karlsfeld	Bayern	85757	48.2167	11.4667
Oberschleißheim	Bayern	85764	48.25	11.5667
Unterföhring	Bayern	85774	48.1925	11.6429
Fahrenzhausen	Bayern	85777	48.3532	11.5552
Haimhausen	Bayern	85778	48.3155	11.5545
Augsburg	Bayern	86150	48.3673	10.8921
Augsburg	Bayern	86152	48.3718	10.8925
Augsburg	Bayern	86153	48.3664	10.9034
Augsburg	Bayern	86154	48.3932	10.8814
Augsburg	Bayern	86156	48.3815	10.8548
Augsburg	Bayern	86157	48.3643	10.8761
Augsburg	Bayern	86159	48.3509	10.895
Augsburg	Bayern	86161	48.3505	10.9133
Augsburg	Bayern	86163	48.3553	10.9431
Augsburg	Bayern	86165	48.3822	10.9337
Augsburg	Bayern	86167	48.3877	10.9161
Augsburg	Bayern	86169	48.405	10.9061
Augsburg	Bayern	86179	48.3109	10.9001
Augsburg	Bayern	86199	48.3291	10.8578
Friedberg	Bayern	86316	48.3569	10.9846
Königsbrunn	Bayern	86343	48.2751	10.8918
Neusäß	Bayern	86356	48.3925	10.8333
Gersthofen	Bayern	86368	48.4243	10.8727
Krumbach	Bayern	86381	48.2418	10.3632
Stadtbergen	Bayern	86391	48.3664	10.8464
Bobingen	Bayern	86399	48.2709	10.8339
Meitingen	Bayern	86405	48.5459	10.8518
Mering	Bayern	86415	48.2656	10.9846
Diedorf	Bayern	86420	48.3532	10.7821
Dinkelscherben	Bayern	86424	48.3483	10.5889
Kissing	Bayern	86438	48.3038	10.9709
Zusmarshausen	Bayern	86441	48.4001	10.5992
Affing	Bayern	86444	48.4667	10.9833
Aindling	Bayern	86447	48.5136	10.9531
Altenmünster	Bayern	86450	48.465	10.5906
Dasing	Bayern	86453	48.3848	11.0467
Gablingen	Bayern	86456	48.45	10.8167
Gessertshausen	Bayern	86459	48.329	10.7328
Langweid am Lech	Bayern	86462	48.4833	10.85
Heretsried	Bayern	86465	48.4597	10.736
Thannhausen	Bayern	86470	48.2833	10.4692
Ziemetshausen	Bayern	86473	48.2924	10.535
Neuburg an der Kammel	Bayern	86476	48.3028	10.3613
Adelsried	Bayern	86477	48.4246	10.7183
Aichen	Bayern	86479	48.229	10.5395
Aletshausen	Bayern	86480	48.1986	10.3888
Aystetten	Bayern	86482	48.4056	10.7774
Balzhausen	Bayern	86483	48.2423	10.4937
Biberbach	Bayern	86485	48.5178	10.8114
Bonstetten	Bayern	86486	48.44	10.7053
Breitenthal	Bayern	86488	48.2378	10.2995
Deisenhausen	Bayern	86489	48.2555	10.327
Ebershausen	Bayern	86491	48.2055	10.3156
Emersacker	Bayern	86494	48.4897	10.6738
Eurasburg	Bayern	86495	48.3333	11.0833
Horgau	Bayern	86497	48.3951	10.6828
Kettershausen	Bayern	86498	48.1833	10.2667
Kutzenhausen	Bayern	86500	48.342	10.6946
Laugna	Bayern	86502	48.5333	10.7
Merching	Bayern	86504	48.2459	10.9853
Münsterhausen	Bayern	86505	48.3097	10.455
Kleinaitingen	Bayern	86507	48.2185	10.8692
Rehling	Bayern	86508	48.4833	10.9333
Ried	Bayern	86510	48.2901	11.0438
Schmiechen	Bayern	86511	48.2167	10.9667
Ursberg	Bayern	86513	48.2643	10.4459
Ustersbach	Bayern	86514	48.3167	10.65
Wehringen	Bayern	86517	48.25	10.8
Schrobenhausen	Bayern	86529	48.5607	11.2607
Aichach	Bayern	86551	48.4576	11.1341
Pöttmes	Bayern	86554	48.5838	11.0876
Kühbach	Bayern	86556	48.491	11.1869
Hohenwart	Bayern	86558	48.5935	11.3827
Adelzhausen	Bayern	86559	48.3567	11.1385
Aresing	Bayern	86561	48.5333	11.3
Berg im Gau	Bayern	86562	48.6333	11.25
Brunnen	Bayern	86564	48.629	11.3092
Gachenbach	Bayern	86565	48.5	11.2333
Hilgertshausen-Tandern	Bayern	86567	48.4296	11.3543
Hollenbach	Bayern	86568	48.4833	11.0667
Inchenhofen	Bayern	86570	48.5129	11.1146
Langenmosen	Bayern	86571	48.6066	11.2138
Obergriesbach	Bayern	86573	48.423	11.0685
Petersdorf	Bayern	86574	48.5167	11.0333
Schiltberg	Bayern	86576	48.4629	11.2488
Sielenbach	Bayern	86577	48.4	11.1667
Waidhofen	Bayern	86579	48.5768	11.3354
Donauwörth	Bayern	86609	48.718	10.7793
Neuburg an der Donau	Bayern	86633	48.7322	11.1871
Wertingen	Bayern	86637	48.5631	10.6815
Rain	Bayern	86641	48.6903	10.9161
Rennertshofen	Bayern	86643	48.7594	11.0454
Buttenwiesen	Bayern	86647	48.6	10.7167
Wemding	Bayern	86650	48.8746	10.7245
Daiting	Bayern	86653	48.7918	10.9046
Harburg	Bayern	86655	48.7867	10.6893
Bissingen	Bayern	86657	48.7169	10.6177
Tapfheim	Bayern	86660	48.6732	10.6838
Asbach-Bäumenheim	Bayern	86663	48.6833	10.8167
Burgheim	Bayern	86666	48.7004	11.016
Karlshuld	Bayern	86668	48.6819	11.285
Königsmoos	Bayern	86669	48.6667	11.2167
Thierhaupten	Bayern	86672	48.5653	10.9086
Bergheim	Bayern	86673	48.7606	11.2574
Buchdorf	Bayern	86675	48.7833	10.8333
Ehekirchen	Bayern	86676	48.6333	11.1
Ehingen	Bayern	86678	48.6	10.8
Ellgau	Bayern	86679	48.6	10.8667
Fünfstetten	Bayern	86681	48.8321	10.7654
Genderkingen	Bayern	86682	48.7	10.8833
Holzheim	Bayern	86684	48.6112	10.9484
Huisheim	Bayern	86685	48.8251	10.7033
Kaisheim	Bayern	86687	48.7675	10.7964
Marxheim	Bayern	86688	48.7415	10.945
Mertingen	Bayern	86690	48.657	10.8056
Münster	Bayern	86692	48.6225	10.9017
Niederschönenfeld	Bayern	86694	48.7167	10.9333
Allmannshofen	Bayern	86695	48.6126	10.8093
Oberhausen	Bayern	86697	48.722	11.1115
Otting	Bayern	86700	48.8725	10.8002
Rohrenfels	Bayern	86701	48.6865	11.1562
Rögling	Bayern	86703	48.85	10.95
Tagmersheim	Bayern	86704	48.8167	10.9667
Weichering	Bayern	86706	48.7171	11.3214
Westendorf	Bayern	86707	48.5721	10.8405
Wolferstadt	Bayern	86709	48.9035	10.7813
Nördlingen	Bayern	86720	48.8512	10.4887
Oettingen in Bayern	Bayern	86732	48.9527	10.6046
Alerheim	Bayern	86733	48.85	10.6167
Amerdingen	Bayern	86735	48.7257	10.4856
Auhausen	Bayern	86736	49.0079	10.6224
Deiningen	Bayern	86738	48.8667	10.5667
Ederheim	Bayern	86739	48.8083	10.4661
Ehingen am Ries	Bayern	86741	48.9642	10.5543
Fremdingen	Bayern	86742	48.9724	10.4575
Hainsfarth	Bayern	86744	48.9584	10.6249
Hohenaltheim	Bayern	86745	48.784	10.5349
Maihingen	Bayern	86747	48.9275	10.4987
Marktoffingen	Bayern	86748	48.9257	10.4708
Megesheim	Bayern	86750	48.9333	10.65
Mönchsdeggingen	Bayern	86751	48.776	10.5804
Möttingen	Bayern	86753	48.8092	10.5902
Munningen	Bayern	86754	48.9167	10.6
Reimlingen	Bayern	86756	48.8167	10.5167
Wallerstein	Bayern	86757	48.8874	10.4759
Wechingen	Bayern	86759	48.8923	10.6133
Buchloe	Bayern	86807	48.0372	10.7255
Bad Wörishofen	Bayern	86825	48.0067	10.5967
Schwabmünchen	Bayern	86830	48.1793	10.7568
Ettringen	Bayern	86833	48.1	10.65
Graben	Bayern	86836	48.1873	10.8222
Türkheim	Bayern	86842	48.064	10.6416
Großaitingen	Bayern	86845	48.2275	10.7795
Fischach	Bayern	86850	48.2905	10.6559
Langerringen	Bayern	86853	48.1459	10.7589
Amberg	Bayern	86854	48.0667	10.6833
Hiltenfingen	Bayern	86856	48.1609	10.7175
Hurlach	Bayern	86857	48.1184	10.8111
Igling	Bayern	86859	48.0667	10.8
Jengen	Bayern	86860	47.9993	10.7257
Lamerdingen	Bayern	86862	48.092	10.7398
Langenneufnach	Bayern	86863	48.2667	10.6
Markt Wald	Bayern	86865	48.1368	10.582
Mickhausen	Bayern	86866	48.2417	10.6403
Mittelneufnach	Bayern	86868	48.1764	10.5975
Oberostendorf	Bayern	86869	47.9436	10.7427
Rammingen	Bayern	86871	48.0667	10.5833
Scherstetten	Bayern	86872	48.1803	10.6401
Tussenhausen	Bayern	86874	48.1022	10.5607
Waal	Bayern	86875	47.9968	10.7779
Walkertshofen	Bayern	86877	48.2261	10.5884
Wiedergeltingen	Bayern	86879	48.0395	10.6741
Landsberg am Lech	Bayern	86899	48.0482	10.8828
Dießen am Ammersee	Bayern	86911	47.9508	11.1031
Kaufering	Bayern	86916	48.0912	10.8791
Utting am Ammersee	Bayern	86919	48.0261	11.0861
Denklingen	Bayern	86920	47.9167	10.85
Eresing	Bayern	86922	48.087	11.0239
Finning	Bayern	86923	48.0222	11.011
Fuchstal	Bayern	86925	47.9333	10.8167
Greifenberg	Bayern	86926	48.0706	11.0835
Hofstetten	Bayern	86928	48.0085	10.9711
Penzing	Bayern	86929	48.0748	10.9274
Prittriching	Bayern	86931	48.2007	10.928
Pürgen	Bayern	86932	48.0247	10.9221
Reichling	Bayern	86934	47.9228	10.9285
Rott	Bayern	86935	47.9047	10.9729
Scheuring	Bayern	86937	48.1677	10.8957
Schondorf am Ammersee	Bayern	86938	48.053	11.0914
Schwifting	Bayern	86940	48.0456	10.9276
Sankt Ottilien	Bayern	86941	48.0957	11.0452
Thaining	Bayern	86943	47.973	10.9577
Unterdießen	Bayern	86944	47.9833	10.8333
Vilgertshofen	Bayern	86946	47.95	10.9167
Weil	Bayern	86947	48.1172	10.9216
Windach	Bayern	86949	48.0667	11.0333
Schongau	Bayern	86956	47.8124	10.8966
Peiting	Bayern	86971	47.7955	10.9295
Altenstadt	Bayern	86972	47.8236	10.8747
Apfeldorf	Bayern	86974	47.9	10.9333
Bernbeuren	Bayern	86975	47.737	10.7771
Burggen	Bayern	86977	47.7769	10.8172
Hohenfurch	Bayern	86978	47.85	10.9
Ingenried	Bayern	86980	47.8167	10.7833
Kinsau	Bayern	86981	47.8833	10.9167
Lechbruck	Bayern	86983	47.7016	10.7949
Prem	Bayern	86984	47.6833	10.8
Schwabbruck	Bayern	86986	47.825	10.8362
Schwabsoien	Bayern	86987	47.8333	10.8333
Steingaden	Bayern	86989	47.7	10.8667
Kempten	Bayern	87435	47.7184	10.3132
Kempten	Bayern	87437	47.7229	10.3288
Kempten	Bayern	87439	47.7177	10.2989
Waltenhofen	Bayern	87448	47.6732	10.307
Altusried	Bayern	87452	47.8041	10.2143
Pfronten	Bayern	87459	47.5822	10.5496
Dietmannsried	Bayern	87463	47.8079	10.2895
Oy-Mittelberg	Bayern	87466	47.6333	10.4333
Durach	Bayern	87471	47.6944	10.3445
Buchenberg	Bayern	87474	47.6959	10.2393
Sulzberg	Bayern	87477	47.6603	10.3499
Weitnau	Bayern	87480	47.6417	10.1273
Nesselwang	Bayern	87484	47.6234	10.5024
Wiggensbach	Bayern	87487	47.7478	10.2299
Betzigau	Bayern	87488	47.7333	10.3833
Haldenwang	Bayern	87490	47.8	10.35
Lauben	Bayern	87493	47.7833	10.3
Rückholz	Bayern	87494	47.6667	10.55
Untrasried	Bayern	87496	47.8333	10.3833
Wertach	Bayern	87497	47.603	10.4097
Wildpoldsried	Bayern	87499	47.7667	10.4
Immenstadt im Allgäu	Bayern	87509	47.56	10.2139
Ofterschwang	Bayern	87527	47.5	10.2333
Oberstaufen	Bayern	87534	47.5557	10.0224
Balderschwang	Bayern	87538	47.4667	10.1
Bad Hindelang	Bayern	87541	47.5062	10.3723
Blaichach	Bayern	87544	47.5421	10.2585
Burgberg im Allgäu	Bayern	87545	47.5355	10.2849
Missen-Wilhams	Bayern	87547	47.6	10.1167
Rettenberg	Bayern	87549	47.5743	10.2917
Oberstdorf	Bayern	87561	47.4072	10.2794
Kaufbeuren	Bayern	87600	47.8824	10.6219
Wald	Bayern	87616	47.7228	10.5582
Füssen	Bayern	87629	47.5714	10.7017
Günzach	Bayern	87634	47.8249	10.4355
Eisenberg	Bayern	87637	47.6137	10.6072
Biessenhofen	Bayern	87640	47.8306	10.6402
Halblech	Bayern	87642	47.6316	10.8202
Schwangau	Bayern	87645	47.5604	10.7721
Kraftisried	Bayern	87647	47.7793	10.4709
Aitrang	Bayern	87648	47.8167	10.5333
Baisweil	Bayern	87650	47.9444	10.5401
Bidingen	Bayern	87651	47.8297	10.7262
Eggenthal	Bayern	87653	47.9167	10.5167
Friesenried	Bayern	87654	47.8748	10.5346
Germaringen	Bayern	87656	47.9232	10.6721
Görisried	Bayern	87657	47.7067	10.5101
Hopferau	Bayern	87659	47.6167	10.6333
Irsee	Bayern	87660	47.9082	10.5718
Osterzell	Bayern	87662	47.8833	10.75
Lengenwang	Bayern	87663	47.7	10.6
Mauerstetten	Bayern	87665	47.8936	10.6713
Pforzen	Bayern	87666	47.93	10.6136
Rieden	Bayern	87668	47.95	10.65
Rieden am Forggensee	Bayern	87669	47.6167	10.7167
Ronsberg	Bayern	87671	47.8958	10.4157
Roßhaupten	Bayern	87672	47.65	10.7167
Ruderatshofen	Bayern	87674	47.8167	10.5833
Rettenbach am Auerberg	Bayern	87675	47.7739	10.75
Stöttwang	Bayern	87677	47.8833	10.7167
Westendorf	Bayern	87679	47.9333	10.7167
Memmingen	Bayern	87700	47.9837	10.1853
Mindelheim	Bayern	87719	48.0458	10.4922
Ottobeuren	Bayern	87724	47.9413	10.2997
Babenhausen	Bayern	87727	48.145	10.2533
Bad Grönenbach	Bayern	87730	47.8771	10.2221
Markt Rettenbach	Bayern	87733	47.9473	10.3961
Benningen	Bayern	87734	47.9667	10.2167
Böhen	Bayern	87736	47.8833	10.3
Boos	Bayern	87737	48.0752	10.1952
Breitenbrunn	Bayern	87739	48.1333	10.4
Buxheim	Bayern	87740	48	10.1333
Apfeltrach	Bayern	87742	48.0167	10.5
Egg an der Günz	Bayern	87743	48.0871	10.2849
Eppishausen	Bayern	87745	48.1667	10.5167
Erkheim	Bayern	87746	48.0373	10.3357
Fellheim	Bayern	87748	48.0728	10.1522
Hawangen	Bayern	87749	47.9667	10.2667
Heimertingen	Bayern	87751	48.0333	10.15
Holzgünz	Bayern	87752	48.025	10.259
Kammlach	Bayern	87754	48.05	10.4167
Kirchhaslach	Bayern	87755	48.1504	10.3102
Kronburg	Bayern	87758	47.9043	10.1572
Lachen	Bayern	87760	47.9459	10.2394
Lauben	Bayern	87761	48.0593	10.2901
Legau	Bayern	87764	47.8563	10.1298
Memmingerberg	Bayern	87766	47.988	10.2229
Niederrieden	Bayern	87767	48.0576	10.1832
Oberrieden	Bayern	87769	48.0889	10.4261
Oberschönegg	Bayern	87770	48.1085	10.2985
Pfaffenhausen	Bayern	87772	48.1188	10.455
Pleß	Bayern	87773	48.1	10.15
Salgen	Bayern	87775	48.1307	10.4789
Sontheim	Bayern	87776	48.007	10.3546
Stetten	Bayern	87778	48.0238	10.4447
Trunkelsberg	Bayern	87779	48	10.2167
Ungerhausen	Bayern	87781	48.0057	10.2667
Unteregg	Bayern	87782	47.9667	10.4667
Westerheim	Bayern	87784	48.0167	10.3
Winterrieden	Bayern	87785	48.1212	10.2258
Wolfertschwenden	Bayern	87787	47.8935	10.2672
Woringen	Bayern	87789	47.9167	10.2
Friedrichshafen	Baden-Württemberg	88045	47.6544	9.4726
Friedrichshafen	Baden-Württemberg	88046	47.6578	9.4852
Friedrichshafen	Baden-Württemberg	88048	47.6727	9.4299
Tettnang	Baden-Württemberg	88069	47.6686	9.5913
Meckenbeuren	Baden-Württemberg	88074	47.7	9.5667
Kressbronn am Bodensee	Baden-Württemberg	88079	47.5976	9.5971
Langenargen	Baden-Württemberg	88085	47.5986	9.5416
Immenstaad am Bodensee	Baden-Württemberg	88086	47.665	9.359
Immenstaad am Bodensee	Baden-Württemberg	88090	47.6653	9.359
Oberteuringen	Baden-Württemberg	88094	47.7241	9.4698
Eriskirch	Baden-Württemberg	88097	47.6248	9.542
Neukirch	Baden-Württemberg	88099	47.6574	9.7033
Bodolz	Bayern	88131	47.5667	9.6667
Hergensweiler	Bayern	88138	47.6167	9.7833
Hergatz	Bayern	88145	47.65	9.8333
Achberg	Baden-Württemberg	88147	47.6333	9.7167
Nonnenhorn	Bayern	88149	47.5739	9.6104
Lindenberg im Allgäu	Bayern	88161	47.6028	9.8855
Gestratz	Bayern	88167	47.65	9.9833
Weiler-Simmerberg	Bayern	88171	47.5826	9.9135
Scheidegg	Bayern	88175	47.5814	9.8483
Heimenkirch	Bayern	88178	47.6296	9.903
Oberreute	Bayern	88179	47.563	9.9445
Ravensburg	Baden-Württemberg	88212	47.7815	9.6183
Ravensburg	Baden-Württemberg	88213	47.7715	9.5575
Ravensburg	Baden-Württemberg	88214	47.7814	9.6118
Wangen im Allgäu	Baden-Württemberg	88239	47.6895	9.8325
Weingarten	Baden-Württemberg	88250	47.8101	9.6386
Baienfurt	Baden-Württemberg	88255	47.8286	9.6516
Argenbühl	Baden-Württemberg	88260	47.6667	9.9333
Horgenzell	Baden-Württemberg	88263	47.8	9.5
Vogt	Baden-Württemberg	88267	47.7667	9.7667
Wilhelmsdorf	Baden-Württemberg	88271	47.8661	9.4262
Fronreute	Baden-Württemberg	88273	47.8667	9.5833
Berg	Baden-Württemberg	88276	47.8167	9.6
Amtzell	Baden-Württemberg	88279	47.7	9.75
Schlier	Baden-Württemberg	88281	47.77	9.6735
Wolpertswende	Baden-Württemberg	88284	47.8947	9.612
Bodnegg	Baden-Württemberg	88285	47.7101	9.6884
Grünkraut	Baden-Württemberg	88287	47.7442	9.6559
Waldburg	Baden-Württemberg	88289	47.7571	9.7134
Leutkirch im Allgäu	Baden-Württemberg	88299	47.8267	10.0205
Isny im Allgäu	Baden-Württemberg	88316	47.6926	10.0386
Aichstetten	Baden-Württemberg	88317	47.893	10.0784
Aitrach	Baden-Württemberg	88319	47.9333	10.0833
Aulendorf	Baden-Württemberg	88326	47.9508	9.6374
Bad Waldsee	Baden-Württemberg	88339	47.9203	9.7549
Allmannsweiler	Baden-Württemberg	88348	48.0285	9.5936
Kißlegg	Baden-Württemberg	88353	47.7889	9.8838
Ostrach	Baden-Württemberg	88356	47.95	9.3833
Altshausen	Baden-Württemberg	88361	47.9333	9.5333
Wolfegg	Baden-Württemberg	88364	47.8203	9.7949
Hohentengen	Baden-Württemberg	88367	48.0295	9.3774
Bergatreute	Baden-Württemberg	88368	47.85	9.75
Ebenweiler	Baden-Württemberg	88370	47.9	9.5167
Ebersbach-Musbach	Baden-Württemberg	88371	47.9667	9.5833
Fleischwangen	Baden-Württemberg	88373	47.8833	9.4833
Hoßkirch	Baden-Württemberg	88374	47.95	9.45
Königseggwald	Baden-Württemberg	88376	47.9333	9.4167
Riedhausen	Baden-Württemberg	88377	47.9093	9.4285
Guggenhausen	Baden-Württemberg	88379	47.9	9.45
Biberach an der Riß	Baden-Württemberg	88400	48.0934	9.7905
Bad Wurzach	Baden-Württemberg	88410	47.908	9.8969
Erlenmoos	Baden-Württemberg	88416	48.0653	9.9757
Tiefenbach	Baden-Württemberg	88422	48.0833	9.65
Bad Schussenried	Baden-Württemberg	88427	48.0047	9.6574
Rot an der Rot	Baden-Württemberg	88430	48.013	10.0303
Schemmerhofen	Baden-Württemberg	88433	48.1702	9.7943
Eberhardzell	Baden-Württemberg	88436	48	9.8167
Maselheim	Baden-Württemberg	88437	48.1333	9.8833
Mittelbiberach	Baden-Württemberg	88441	48.0833	9.75
Ummendorf	Baden-Württemberg	88444	48.0667	9.8333
Warthausen	Baden-Württemberg	88447	48.1286	9.7975
Attenweiler	Baden-Württemberg	88448	48.1333	9.7
Berkheim	Baden-Württemberg	88450	48.0426	10.0823
Dettingen an der Iller	Baden-Württemberg	88451	48.1	10.1167
Erolzheim	Baden-Württemberg	88453	48.09	10.073
Hochdorf	Baden-Württemberg	88454	48.0256	9.7878
Ingoldingen	Baden-Württemberg	88456	48.0255	9.742
Kirchdorf an der Iller	Baden-Württemberg	88457	48.0833	10.1333
Tannheim	Baden-Württemberg	88459	48	10.0833
Laupheim	Baden-Württemberg	88471	48.2279	9.8787
Schwendi	Baden-Württemberg	88477	48.1742	9.9754
Achstetten	Baden-Württemberg	88480	48.2589	9.8975
Balzheim	Baden-Württemberg	88481	48.1833	10.0833
Burgrieden	Baden-Württemberg	88483	48.2333	9.9333
Gutenzell-Hürbel	Baden-Württemberg	88484	48.1167	9.9833
Kirchberg an der Iller	Baden-Württemberg	88486	48.1333	10.0833
Mietingen	Baden-Württemberg	88487	48.1833	9.9
Wain	Baden-Württemberg	88489	48.189	10.0209
Altheim	Baden-Württemberg	88499	48.1453	9.4474
Mengen	Baden-Württemberg	88512	48.0495	9.3301
Langenenslingen	Baden-Württemberg	88515	48.1485	9.3776
Herbertingen	Baden-Württemberg	88518	48.0667	9.4333
Ertingen	Baden-Württemberg	88521	48.1	9.4667
Uttenweiler	Baden-Württemberg	88524	48.15	9.6167
Dürmentingen	Baden-Württemberg	88525	48.1167	9.5333
Unlingen	Baden-Württemberg	88527	48.1673	9.5222
Zwiefalten	Baden-Württemberg	88529	48.234	9.4623
Meßkirch	Baden-Württemberg	88605	47.9946	9.1148
Pfullendorf	Baden-Württemberg	88630	47.9261	9.2578
Beuron	Baden-Württemberg	88631	48.05	8.9667
Heiligenberg	Baden-Württemberg	88633	47.8209	9.3128
Herdwangen-Schönach	Baden-Württemberg	88634	47.85	9.2
Illmensee	Baden-Württemberg	88636	47.8623	9.3724
Buchheim	Baden-Württemberg	88637	48.0104	8.986
Wald	Baden-Württemberg	88639	47.9333	9.1667
Überlingen	Baden-Württemberg	88662	47.7698	9.1714
Markdorf	Baden-Württemberg	88677	47.7192	9.3903
Salem	Baden-Württemberg	88682	47.7626	9.2903
Uhldingen-Mühlhofen	Baden-Württemberg	88690	47.7333	9.25
Deggenhausertal	Baden-Württemberg	88693	47.8	9.4
Owingen	Baden-Württemberg	88696	47.8097	9.1717
Bermatingen	Baden-Württemberg	88697	47.7333	9.35
Frickingen	Baden-Württemberg	88699	47.8144	9.2735
Meersburg	Baden-Württemberg	88709	47.6942	9.2711
Daisendorf	Baden-Württemberg	88718	47.7126	9.2678
Stetten	Baden-Württemberg	88719	47.6901	9.2986
Ulm	Baden-Württemberg	89040	48.417	9.964
Ulm	Baden-Württemberg	89073	48.4015	9.9927
Ulm	Baden-Württemberg	89075	48.4171	9.9635
Ulm	Baden-Württemberg	89077	48.3981	9.97
Ulm	Baden-Württemberg	89079	48.3568	9.9601
Ulm	Baden-Württemberg	89081	48.4391	9.9823
Langenau	Baden-Württemberg	89129	48.4962	10.1185
Blaustein	Baden-Württemberg	89134	48.4181	9.9106
Blaubeuren	Baden-Württemberg	89143	48.4122	9.7843
Laichingen	Baden-Württemberg	89150	48.4894	9.6861
Erbach	Baden-Württemberg	89155	48.3284	9.8875
Dornstadt	Baden-Württemberg	89160	48.467	9.9443
Dietenheim	Baden-Württemberg	89165	48.2107	10.0716
Niederstotzingen	Baden-Württemberg	89168	48.5413	10.2351
Illerkirchberg	Baden-Württemberg	89171	48.3167	10.0167
Lonsee	Baden-Württemberg	89173	48.5434	9.92
Altheim (Alb)	Baden-Württemberg	89174	48.5833	10.0333
Asselfingen	Baden-Württemberg	89176	48.5296	10.1917
Ballendorf	Baden-Württemberg	89177	48.5542	10.077
Beimerstetten	Baden-Württemberg	89179	48.4833	9.9833
Berghülen	Baden-Württemberg	89180	48.464	9.7611
Bernstadt	Baden-Württemberg	89182	48.4996	10.0258
Breitingen	Baden-Württemberg	89183	48.5173	9.9923
Hüttisheim	Baden-Württemberg	89185	48.2797	9.9425
Illerrieden	Baden-Württemberg	89186	48.2702	10.0515
Merklingen	Baden-Württemberg	89188	48.5113	9.755
Neenstetten	Baden-Württemberg	89189	48.5468	10.0197
Nellingen	Baden-Württemberg	89191	48.542	9.7905
Rammingen	Baden-Württemberg	89192	48.5181	10.172
Schnürpflingen	Baden-Württemberg	89194	48.2728	9.9929
Staig	Baden-Württemberg	89195	48.3	9.9914
Weidenstetten	Baden-Württemberg	89197	48.5525	9.9961
Westerstetten	Baden-Württemberg	89198	48.5192	9.9549
Neu-Ulm	Bayern	89231	48.4	10.0167
Neu-Ulm	Bayern	89233	48.4	10.0167
Senden	Bayern	89250	48.3244	10.0444
Illertissen	Bayern	89257	48.2234	10.1035
Weißenhorn	Bayern	89264	48.305	10.1605
Vöhringen	Bayern	89269	48.2784	10.0824
Elchingen	Bayern	89275	48.45	10.1
Nersingen	Bayern	89278	48.4283	10.1236
Altenstadt	Bayern	89281	48.1603	10.1144
Pfaffenhofen an der Roth	Bayern	89284	48.3545	10.1618
Bellenberg	Bayern	89287	48.2573	10.0909
Buch	Bayern	89290	48.2248	10.1805
Holzheim	Bayern	89291	48.3833	10.1
Kellmünz	Bayern	89293	48.1216	10.1281
Oberroth	Bayern	89294	48.1758	10.1891
Osterberg	Bayern	89296	48.15	10.1667
Roggenburg	Bayern	89297	48.2759	10.2314
Unterroth	Bayern	89299	48.1956	10.1711
Günzburg	Bayern	89312	48.456	10.277
Burgau	Bayern	89331	48.4316	10.4099
Ichenhausen	Bayern	89335	48.3712	10.3071
Leipheim	Bayern	89340	48.45	10.2228
Jettingen-Scheppach	Bayern	89343	48.3896	10.4381
Aislingen	Bayern	89344	48.5065	10.4578
Bibertal	Bayern	89346	48.4	10.2
Bubesheim	Bayern	89347	48.4333	10.25
Burtenbach	Bayern	89349	48.3405	10.4528
Dürrlauingen	Bayern	89350	48.4667	10.4286
Ellzee	Bayern	89352	48.3397	10.3189
Glött	Bayern	89353	48.5	10.4833
Gundremmingen	Bayern	89355	48.5	10.4
Haldenwang	Bayern	89356	48.4376	10.4482
Kammeltal	Bayern	89358	48.3833	10.3667
Kötz	Bayern	89359	48.4167	10.2833
Landensberg	Bayern	89361	48.4344	10.5242
Offingen	Bayern	89362	48.4826	10.3625
Rettenbach	Bayern	89364	48.4588	10.3524
Röfingen	Bayern	89365	48.4244	10.4427
Waldstetten	Bayern	89367	48.3481	10.2938
Winterbach	Bayern	89368	48.4667	10.4833
Dillingen an der Donau	Bayern	89407	48.5815	10.4953
Lauingen (Donau)	Bayern	89415	48.5654	10.4297
Höchstädt an der Donau	Bayern	89420	48.6112	10.5682
Mödingen	Bayern	89426	48.6433	10.4317
Syrgenstein	Bayern	89428	48.6612	10.31
Bachhagel	Bayern	89429	48.6322	10.3205
Bächingen an der Brenz	Bayern	89431	48.5463	10.3128
Binswangen	Bayern	89432	48.558	10.6425
Blindheim	Bayern	89434	48.6314	10.6199
Finningen	Bayern	89435	48.6545	10.4986
Haunsheim	Bayern	89437	48.5998	10.374
Holzheim	Bayern	89438	48.5142	10.5306
Lutzingen	Bayern	89440	48.65	10.55
Medlingen	Bayern	89441	48.5703	10.3161
Schwenningen	Bayern	89443	48.65	10.65
Villenbach	Bayern	89444	48.5089	10.6147
Ziertheim	Bayern	89446	48.6524	10.3988
Zöschingen	Bayern	89447	48.6736	10.3252
Zusamaltheim	Bayern	89449	48.531	10.6356
Heidenheim an der Brenz	Baden-Württemberg	89518	48.6785	10.1413
Heidenheim an der Brenz	Baden-Württemberg	89520	48.6873	10.1601
Heidenheim an der Brenz	Baden-Württemberg	89522	48.6833	10.15
Giengen an der Brenz	Baden-Württemberg	89537	48.5887	10.2058
Herbrechtingen	Baden-Württemberg	89542	48.6217	10.176
Gerstetten	Baden-Württemberg	89547	48.6225	10.0198
Königsbronn	Baden-Württemberg	89551	48.7432	10.1119
Steinheim am Albuch	Baden-Württemberg	89555	48.6909	10.0638
Böhmenkirch	Baden-Württemberg	89558	48.6833	9.9333
Dischingen	Baden-Württemberg	89561	48.7	10.3667
Nattheim	Baden-Württemberg	89564	48.6996	10.2421
Sontheim an der Brenz	Baden-Württemberg	89567	48.5524	10.291
Hermaringen	Baden-Württemberg	89568	48.5954	10.2607
Lauterach	Baden-Württemberg	89584	48.2562	9.5803
Hausen am Bussen	Baden-Württemberg	89597	48.2119	9.6251
Schelklingen	Baden-Württemberg	89601	48.3758	9.7327
Allmendingen	Baden-Württemberg	89604	48.3305	9.7242
Altheim	Baden-Württemberg	89605	48.328	9.7704
Emerkingen	Baden-Württemberg	89607	48.2119	9.6565
Griesingen	Baden-Württemberg	89608	48.2667	9.7833
Oberdischingen	Baden-Württemberg	89610	48.3	9.8333
Obermarchtal	Baden-Württemberg	89611	48.2328	9.5724
Grundsheim	Baden-Württemberg	89613	48.1667	9.6667
Öpfingen	Baden-Württemberg	89614	48.2864	9.8026
Rottenacker	Baden-Württemberg	89616	48.2348	9.6896
Untermarchtal	Baden-Württemberg	89617	48.2392	9.6098
Unterstadion	Baden-Württemberg	89619	48.2031	9.6884
Nürnberg	Bayern	90402	49.4504	11.0778
Nürnberg	Bayern	90403	49.4541	11.0768
Nürnberg	Bayern	90408	49.4678	11.0693
Nürnberg	Bayern	90409	49.4478	11.0683
Nürnberg	Bayern	90411	49.4897	11.1064
Nürnberg	Bayern	90419	49.4639	11.0671
Nürnberg	Bayern	90425	49.4732	11.0567
Nürnberg	Bayern	90427	49.5178	11.0058
Nürnberg	Bayern	90429	49.4599	11.0275
Nürnberg	Bayern	90431	49.4453	11.0222
Nürnberg	Bayern	90439	49.4358	11.0384
Nürnberg	Bayern	90441	49.4324	11.0497
Nürnberg	Bayern	90443	49.446	11.0782
Nürnberg	Bayern	90449	49.4177	11.0297
Nürnberg	Bayern	90451	49.4072	11.0352
Nürnberg	Bayern	90453	49.3834	11.0416
Nürnberg	Bayern	90455	49.4478	11.0683
Moorenbrunn	Bayern	90457	49.3984	11.174
Nürnberg	Bayern	90459	49.4403	11.0809
Nürnberg	Bayern	90461	49.4361	11.0925
Nürnberg	Bayern	90469	49.4092	11.092
Nürnberg	Bayern	90471	49.417	11.1251
Nürnberg	Bayern	90473	49.4044	11.1341
Nürnberg	Bayern	90475	49.4075	11.1649
Nürnberg	Bayern	90478	49.443	11.0948
Nürnberg	Bayern	90480	49.4371	11.1194
Nürnberg	Bayern	90482	49.464	11.1491
Nürnberg	Bayern	90489	49.4586	11.0974
Nürnberg	Bayern	90491	49.4741	11.1296
Zirndorf	Bayern	90513	49.4424	10.9541
Altdorf	Bayern	90518	49.3856	11.3573
Oberasbach	Bayern	90522	49.4228	10.9577
Wendelstein	Bayern	90530	49.3523	11.1507
Feucht	Bayern	90537	49.376	11.2143
Eckental	Bayern	90542	49.5833	11.25
Stein bei Nürnberg	Bayern	90547	49.406	10.9991
Röthenbach an der Pegnitz	Bayern	90552	49.483	11.2412
Cadolzburg	Bayern	90556	49.4573	10.8533
Burgthann	Bayern	90559	49.352	11.3115
Heroldsberg	Bayern	90562	49.5325	11.1555
Schwaig	Bayern	90571	49.4695	11.2006
Roßtal	Bayern	90574	49.3957	10.8885
Langenzenn	Bayern	90579	49.4946	10.7923
Allersberg	Bayern	90584	49.2513	11.2366
Obermichelbach	Bayern	90587	49.5312	10.9089
Schwarzenbruck	Bayern	90592	49.3578	11.2433
Schwanstetten	Bayern	90596	49.3249	11.1227
Dietenhofen	Bayern	90599	49.4	10.6898
Pyrbaum	Bayern	90602	49.2962	11.2866
Rückersdorf	Bayern	90607	49.4976	11.2475
Winkelhaid	Bayern	90610	49.3896	11.2989
Großhabersdorf	Bayern	90613	49.4	10.7833
Ammerndorf	Bayern	90614	49.4233	10.8501
Neuhof an der Zenn	Bayern	90616	49.4569	10.6455
Puschendorf	Bayern	90617	49.524	10.8319
Trautskirchen	Bayern	90619	49.4581	10.5936
Fürth	Bayern	90762	49.4706	10.9971
Fürth	Bayern	90763	49.5069	10.9565
Fürth	Bayern	90765	49.483	11.004
Fürth	Bayern	90766	49.4865	10.9608
Fürth	Bayern	90768	49.4954	10.9444
Erlangen	Bayern	91052	49.5888	11.0098
Erlangen	Bayern	91054	49.5988	11.0087
Erlangen	Bayern	91056	49.5986	10.9675
Erlangen	Bayern	91058	49.55	11.0036
Herzogenaurach	Bayern	91074	49.568	10.8856
Dormitz	Bayern	91077	49.5979	11.1176
Marloffstein	Bayern	91080	49.6179	11.0632
Baiersdorf	Bayern	91083	49.6581	11.0359
Weisendorf	Bayern	91085	49.6228	10.8253
Aurachtal	Bayern	91086	49.5833	10.8333
Bubenreuth	Bayern	91088	49.6274	11.0172
Effeltrich	Bayern	91090	49.6593	11.0932
Großenseebach	Bayern	91091	49.6325	10.8748
Heßdorf	Bayern	91093	49.6273	10.91
Langensendelbach	Bayern	91094	49.6405	11.071
Möhrendorf	Bayern	91096	49.6333	11
Oberreichenbach	Bayern	91097	49.5895	10.7689
Poxdorf	Bayern	91099	49.6634	11.0708
Kammerstein	Bayern	91126	49.2932	10.9728
Roth	Bayern	91154	49.2597	11.1457
Hilpoltstein	Bayern	91161	49.1905	11.1906
Georgensgmünd	Bayern	91166	49.1897	11.0167
Greding	Bayern	91171	49.047	11.357
Spalt	Bayern	91174	49.1755	10.9245
Thalmässing	Bayern	91177	49.0883	11.2215
Heideck	Bayern	91180	49.1337	11.1273
Abenberg	Bayern	91183	49.2428	10.964
Büchenbach	Bayern	91186	49.2678	11.0589
Röttenbach	Bayern	91187	49.15	11.0333
Rohr	Bayern	91189	49.3411	10.8898
Lauf an der Pegnitz	Bayern	91207	49.5139	11.2825
Hersbruck	Bayern	91217	49.5108	11.4315
Schnaittach	Bayern	91220	49.5596	11.3433
Pommelsbrunn	Bayern	91224	49.5044	11.511
Leinburg	Bayern	91227	49.4517	11.31
Happurg	Bayern	91230	49.4937	11.4712
Neunkirchen am Sand	Bayern	91233	49.5246	11.3196
Hartenstein	Bayern	91235	49.6	11.5167
Alfeld	Bayern	91236	49.4333	11.55
Engelthal	Bayern	91238	49.4718	11.3994
Henfenfeld	Bayern	91239	49.4985	11.3906
Kirchensittenbach	Bayern	91241	49.556	11.4223
Ottensoos	Bayern	91242	49.5095	11.3416
Reichenschwand	Bayern	91244	49.5138	11.3727
Simmelsdorf	Bayern	91245	49.5977	11.339
Vorra	Bayern	91247	49.5572	11.4942
Weigendorf	Bayern	91249	49.4977	11.5687
Pegnitz	Bayern	91257	49.7522	11.5419
Auerbach in der Oberpfalz	Bayern	91275	49.6938	11.621
Pottenstein	Bayern	91278	49.7713	11.4078
Kirchenthumbach	Bayern	91281	49.7487	11.7254
Betzenstein	Bayern	91282	49.6817	11.4177
Neuhaus an der Pegnitz	Bayern	91284	49.628	11.5507
Obertrubach	Bayern	91286	49.7	11.35
Plech	Bayern	91287	49.6524	11.4693
Schnabelwaid	Bayern	91289	49.8122	11.5827
Forchheim	Bayern	91301	49.7175	11.0588
Höchstadt an der Aisch	Bayern	91315	49.7062	10.8133
Ebermannstadt	Bayern	91320	49.7815	11.1817
Gräfenberg	Bayern	91322	49.6443	11.2497
Adelsdorf	Bayern	91325	49.7122	10.895
Gößweinstein	Bayern	91327	49.769	11.3384
Eggolsheim	Bayern	91330	49.7696	11.057
Heiligenstadt	Bayern	91332	49.863	11.1719
Hemhofen	Bayern	91334	49.6833	10.9333
Heroldsbach	Bayern	91336	49.6934	10.9988
Igensdorf	Bayern	91338	49.6232	11.2314
Röttenbach	Bayern	91341	49.6643	10.9261
Waischenfeld	Bayern	91344	49.8465	11.3481
Wiesenttal	Bayern	91346	49.8	11.2667
Aufseß	Bayern	91347	49.8837	11.2269
Egloffstein	Bayern	91349	49.7018	11.2575
Gremsdorf	Bayern	91350	49.6951	10.8322
Hallerndorf	Bayern	91352	49.7591	10.9795
Hausen	Bayern	91353	49.6895	11.0322
Hiltpoltstein	Bayern	91355	49.6607	11.3227
Kirchehrenbach	Bayern	91356	49.7333	11.15
Kunreuth	Bayern	91358	49.6824	11.1433
Leutenbach	Bayern	91359	49.7095	11.1722
Pinzberg	Bayern	91361	49.6897	11.1021
Pretzfeld	Bayern	91362	49.7545	11.1743
Unterleinleiter	Bayern	91364	49.823	11.1891
Weilersbach	Bayern	91365	49.75	11.1167
Weißenohe	Bayern	91367	49.6309	11.2537
Wiesenthau	Bayern	91369	49.7133	11.1356
Neustadt an der Aisch	Bayern	91413	49.5795	10.6113
Bad Windsheim	Bayern	91438	49.5027	10.4154
Scheinfeld	Bayern	91443	49.6693	10.4655
Emskirchen	Bayern	91448	49.5528	10.7128
Wilhermsdorf	Bayern	91452	49.4831	10.7156
Diespeck	Bayern	91456	49.6	10.6333
Markt Erlbach	Bayern	91459	49.4937	10.6527
Baudenbach	Bayern	91460	49.6251	10.536
Dachsbach	Bayern	91462	49.6405	10.7065
Dietersheim	Bayern	91463	49.5563	10.5407
Ergersheim	Bayern	91465	49.5167	10.3333
Gerhardshofen	Bayern	91466	49.6312	10.6913
Gutenstetten	Bayern	91468	49.6167	10.6333
Hagenbüchach	Bayern	91469	49.5333	10.7667
Illesheim	Bayern	91471	49.4802	10.3817
Ipsheim	Bayern	91472	49.5275	10.4818
Langenfeld	Bayern	91474	49.6167	10.5167
Lonnerstadt	Bayern	91475	49.6988	10.7671
Markt Bibart	Bayern	91477	49.6479	10.4249
Markt Nordheim	Bayern	91478	49.5909	10.3556
Markt Taschendorf	Bayern	91480	49.7011	10.5556
Münchsteinach	Bayern	91481	49.6394	10.595
Oberscheinfeld	Bayern	91483	49.7083	10.4342
Sugenheim	Bayern	91484	49.6028	10.4356
Uehlfeld	Bayern	91486	49.6708	10.7202
Vestenbergsgreuth	Bayern	91487	49.6876	10.6516
Wilhelmsdorf	Bayern	91489	49.5642	10.7372
Ansbach	Bayern	91522	49.3048	10.5931
Rothenburg ob der Tauber	Bayern	91541	49.3789	10.1871
Dinkelsbühl	Bayern	91550	49.0694	10.3199
Feuchtwangen	Bayern	91555	49.1629	10.3385
Heilsbronn	Bayern	91560	49.3357	10.7874
Neuendettelsau	Bayern	91564	49.2833	10.7833
Herrieden	Bayern	91567	49.2378	10.5035
Bechhofen	Bayern	91572	49.1631	10.5557
Windsbach	Bayern	91575	49.2479	10.8265
Leutershausen	Bayern	91578	49.2987	10.4119
Petersaurach	Bayern	91580	49.3	10.75
Diebach	Bayern	91583	49.3091	10.1919
Lichtenau	Bayern	91586	49.2775	10.6867
Adelshofen	Bayern	91587	49.4333	10.1667
Aurach	Bayern	91589	49.25	10.4167
Bruckberg	Bayern	91590	49.3599	10.6992
Buch am Wald	Bayern	91592	49.3302	10.3348
Burgbernheim	Bayern	91593	49.451	10.3239
Burgoberbach	Bayern	91595	49.2333	10.5833
Burk	Bayern	91596	49.1332	10.4789
Colmberg	Bayern	91598	49.3548	10.4116
Dentlein am Forst	Bayern	91599	49.1477	10.4231
Dombühl	Bayern	91601	49.2535	10.2854
Dürrwangen	Bayern	91602	49.1078	10.385
Gallmersgarten	Bayern	91605	49.45	10.2667
Gebsattel	Bayern	91607	49.35	10.2
Geslau	Bayern	91608	49.3664	10.3153
Insingen	Bayern	91610	49.3	10.1667
Lehrberg	Bayern	91611	49.3457	10.511
Marktbergel	Bayern	91613	49.4416	10.3636
Mönchsroth	Bayern	91614	49.0185	10.3586
Neusitz	Bayern	91616	49.3719	10.2256
Oberdachstetten	Bayern	91617	49.4167	10.4333
Obernzenn	Bayern	91619	49.4519	10.4667
Ohrenbach	Bayern	91620	49.4706	10.2101
Rügland	Bayern	91622	49.4	10.5833
Sachsen	Bayern	91623	49.29	10.6597
Schnelldorf	Bayern	91625	49.1705	10.2321
Schopfloch	Bayern	91626	49.1192	10.3077
Steinsfeld	Bayern	91628	49.4167	10.2167
Weihenzell	Bayern	91629	49.35	10.6167
Wettringen	Bayern	91631	49.2579	10.1569
Wieseth	Bayern	91632	49.1667	10.4833
Wilburgstetten	Bayern	91634	49.0243	10.395
Windelsbach	Bayern	91635	49.4	10.3
Wörnitz	Bayern	91637	49.2581	10.2418
Wolframs-Eschenbach	Bayern	91639	49.2267	10.7277
Gunzenhausen	Bayern	91710	49.1166	10.7597
Wassertrüdingen	Bayern	91717	49.0433	10.5991
Heidenheim	Bayern	91719	49.0172	10.7435
Absberg	Bayern	91720	49.1444	10.881
Arberg	Bayern	91722	49.1443	10.6172
Dittenheim	Bayern	91723	49.0554	10.792
Ehingen	Bayern	91725	49.0868	10.5407
Gerolfingen	Bayern	91726	49.0534	10.5115
Gnotzheim	Bayern	91728	49.0598	10.7127
Haundorf	Bayern	91729	49.176	10.7712
Langfurth	Bayern	91731	49.1011	10.4536
Merkendorf	Bayern	91732	49.2036	10.7042
Mitteleschenbach	Bayern	91734	49.2119	10.7978
Muhr am See	Bayern	91735	49.1545	10.7184
Ornbau	Bayern	91737	49.1762	10.658
Pfofeld	Bayern	91738	49.1059	10.8366
Röckingen	Bayern	91740	49.0554	10.5595
Theilenhofen	Bayern	91741	49.0822	10.8528
Unterschwaningen	Bayern	91743	49.0798	10.6218
Weiltingen	Bayern	91744	49.0388	10.4505
Weidenbach	Bayern	91746	49.1982	10.6449
Westheim	Bayern	91747	49	10.6667
Wittelshofen	Bayern	91749	49.0612	10.4812
Treuchtlingen	Bayern	91757	48.9547	10.9083
Weißenburg in Bayern	Bayern	91781	49.0309	10.9722
Pleinfeld	Bayern	91785	49.1047	10.9819
Pappenheim	Bayern	91788	48.9338	10.9743
Bergen	Bayern	91790	49.0735	11.114
Ellingen	Bayern	91792	49.0608	10.9678
Alesheim	Bayern	91793	49.0465	10.865
Dollnstein	Bayern	91795	48.8683	11.0734
Ettenstatt	Bayern	91796	49.0775	11.0554
Höttingen	Bayern	91798	49.0626	11.0053
Langenaltheim	Bayern	91799	48.8932	10.9311
Markt Berolzheim	Bayern	91801	49.0096	10.8447
Meinheim	Bayern	91802	49.0333	10.8167
Mörnsheim	Bayern	91804	48.8701	11.0076
Polsingen	Bayern	91805	48.9207	10.7115
Solnhofen	Bayern	91807	48.8958	10.9956
Wellheim	Bayern	91809	48.8197	11.0888
Amberg	Bayern	92224	49.4429	11.8627
Sulzbach-Rosenberg	Bayern	92237	49.5013	11.746
Hirschau	Bayern	92242	49.544	11.9462
Kümmersbruck	Bayern	92245	49.4192	11.8883
Vilseck	Bayern	92249	49.6148	11.8026
Schnaittenbach	Bayern	92253	49.5469	12.0018
Hahnbach	Bayern	92256	49.5339	11.803
Neukirchen bei Sulzbach-Rosenberg	Bayern	92259	49.5297	11.6259
Ammerthal	Bayern	92260	49.4412	11.7618
Birgland	Bayern	92262	49.4167	11.6333
Ebermannsdorf	Bayern	92263	49.3938	11.9358
Edelsfeld	Bayern	92265	49.5764	11.6959
Ensdorf	Bayern	92266	49.3406	11.9359
Etzelwang	Bayern	92268	49.5276	11.586
Fensterbach	Bayern	92269	49.4	12.05
Freihung	Bayern	92271	49.6213	11.9082
Freudenberg	Bayern	92272	49.4833	11.9833
Gebenbach	Bayern	92274	49.5376	11.872
Hirschbach	Bayern	92275	49.55	11.5333
Hohenburg	Bayern	92277	49.2951	11.7991
Illschwang	Bayern	92278	49.45	11.6833
Kastl	Bayern	92280	49.3696	11.6826
Königstein	Bayern	92281	49.6085	11.6314
Lauterhofen	Bayern	92283	49.3684	11.6029
Poppenricht	Bayern	92284	49.4756	11.7978
Rieden	Bayern	92286	49.3236	11.9421
Schmidmühlen	Bayern	92287	49.269	11.9243
Ursensollen	Bayern	92289	49.402	11.755
Neumarkt in der Oberpfalz	Bayern	92318	49.2803	11.4628
Lupburg	Bayern	92331	49.1551	11.7564
Berching	Bayern	92334	49.1069	11.4414
Beilngries	Bayern	92339	49.0341	11.4739
Freystadt	Bayern	92342	49.2001	11.3303
Berg bei Neumarkt in der Oberpfalz	Bayern	92348	49.3317	11.4403
Postbauer-Heng	Bayern	92353	49.3053	11.3572
Velburg	Bayern	92355	49.2515	11.6345
Mühlhausen	Bayern	92360	49.1695	11.4466
Berngau	Bayern	92361	49.25	11.4
Breitenbrunn	Bayern	92363	49.0837	11.6198
Deining	Bayern	92364	49.2256	11.5397
Hohenfels	Bayern	92366	49.204	11.8484
Pilsach	Bayern	92367	49.3214	11.5031
Sengenthal	Bayern	92369	49.2333	11.4667
Schwandorf	Bayern	92421	49.3236	12.0993
Neunburg vorm Wald	Bayern	92431	49.3478	12.3862
Bruck in der Oberpfalz	Bayern	92436	49.2493	12.3071
Bodenwöhr	Bayern	92439	49.2708	12.3015
Wackersdorf	Bayern	92442	49.3167	12.1833
Rötz	Bayern	92444	49.3432	12.5296
Neukirchen-Balbini	Bayern	92445	49.291	12.4364
Schwarzhofen	Bayern	92447	49.3775	12.3449
Steinberg	Bayern	92449	49.2833	12.1833
Nabburg	Bayern	92507	49.4535	12.18
Schwarzenfeld	Bayern	92521	49.3877	12.1348
Oberviechtach	Bayern	92526	49.4581	12.4167
Wernberg-Köblitz	Bayern	92533	49.5393	12.1613
Pfreimd	Bayern	92536	49.4911	12.1807
Schönsee	Bayern	92539	49.5103	12.5476
Altendorf	Bayern	92540	49.4055	12.2815
Dieterskirchen	Bayern	92542	49.4167	12.4167
Guteneck	Bayern	92543	49.45	12.2833
Niedermurach	Bayern	92545	49.45	12.3761
Schmidgaden	Bayern	92546	49.4234	12.0925
Schwarzach bei Nabburg	Bayern	92548	49.4105	12.2274
Stadlern	Bayern	92549	49.5066	12.6124
Stulln	Bayern	92551	49.4167	12.1333
Teunz	Bayern	92552	49.4833	12.3833
Thanstein	Bayern	92554	49.3833	12.4667
Trausnitz	Bayern	92555	49.5211	12.2625
Weiding	Bayern	92557	49.4833	12.5667
Winklarn	Bayern	92559	49.4269	12.4799
Weiden	Bayern	92637	49.6768	12.1561
Vohenstrauß	Bayern	92648	49.6238	12.3381
Grafenwöhr	Bayern	92655	49.6989	11.8675
Neustadt an der Waldnaab	Bayern	92660	49.7329	12.1777
Altenstadt an der Waldnaab	Bayern	92665	49.7159	12.1598
Windischeschenbach	Bayern	92670	49.8011	12.1571
Eschenbach in der Oberpfalz	Bayern	92676	49.7554	11.8331
Erbendorf	Bayern	92681	49.8398	12.0459
Floß	Bayern	92685	49.724	12.2759
Pressath	Bayern	92690	49.7686	11.9397
Eslarn	Bayern	92693	49.5835	12.5216
Etzenricht	Bayern	92694	49.6333	12.1
Flossenbürg	Bayern	92696	49.7333	12.35
Georgenberg	Bayern	92697	49.703	12.4208
Bechtsrieth	Bayern	92699	49.6449	12.21
Kohlberg	Bayern	92702	49.5912	12.0195
Krummennaab	Bayern	92703	49.8333	12.1
Leuchtenberg	Bayern	92705	49.5974	12.2584
Luhe-Wildenau	Bayern	92706	49.5837	12.1492
Mantel	Bayern	92708	49.6541	12.0407
Moosbach	Bayern	92709	49.5891	12.4104
Parkstein	Bayern	92711	49.7292	12.0675
Pirk	Bayern	92712	49.6333	12.1667
Pleystein	Bayern	92714	49.6491	12.4063
Püchersreuth	Bayern	92715	49.75	12.2333
Reuth bei Erbendorf	Bayern	92717	49.8438	12.1214
Schirmitz	Bayern	92718	49.65	12.1667
Schwarzenbach	Bayern	92720	49.7246	11.9976
Störnstein	Bayern	92721	49.7323	12.2055
Gleiritsch	Bayern	92723	49.4973	12.3152
Trabitz	Bayern	92724	49.8	11.9
Waidhaus	Bayern	92726	49.6422	12.4952
Waldthurn	Bayern	92727	49.6722	12.3292
Weiherhammer	Bayern	92729	49.6333	12.0667
Regensburg	Bayern	93047	49.0168	12.0954
Regensburg	Bayern	93049	49.0153	12.0577
Regensburg	Bayern	93051	49.0007	12.0734
Regensburg	Bayern	93053	48.9965	12.1202
Regensburg	Bayern	93055	49.0143	12.1427
Regensburg	Bayern	93057	49.0499	12.1006
Regensburg	Bayern	93059	49.0312	12.1022
Neutraubling	Bayern	93073	48.9874	12.201
Bad Abbach	Bayern	93077	48.9375	12.0449
Pentling	Bayern	93080	48.9834	12.0587
Obertraubling	Bayern	93083	48.9667	12.1667
Wörth an der Donau	Bayern	93086	49.0009	12.4054
Alteglofsheim	Bayern	93087	48.9167	12.2
Aufhausen	Bayern	93089	48.872	12.2821
Bach an der Donau	Bayern	93090	49.0217	12.3037
Barbing	Bayern	93092	49	12.2
Donaustauf	Bayern	93093	49.0326	12.2046
Hagelstadt	Bayern	93095	48.9	12.2167
Köfering	Bayern	93096	48.9333	12.2
Mintraching	Bayern	93098	48.9536	12.2421
Mötzing	Bayern	93099	48.8935	12.3736
Pfakofen	Bayern	93101	48.8582	12.2274
Pfatter	Bayern	93102	48.9631	12.3825
Riekofen	Bayern	93104	48.9167	12.35
Tegernheim	Bayern	93105	49.0239	12.173
Thalmassing	Bayern	93107	48.9117	12.155
Wiesent	Bayern	93109	49.0167	12.3833
Regenstauf	Bayern	93128	49.1201	12.1303
Burglengenfeld	Bayern	93133	49.2038	12.0445
Lappersdorf	Bayern	93138	49.0469	12.0913
Maxhütte-Haidhof	Bayern	93142	49.1996	12.0923
Nittenau	Bayern	93149	49.1942	12.2674
Nittendorf	Bayern	93152	49.0246	11.9613
Hemau	Bayern	93155	49.0383	11.8522
Teublitz	Bayern	93158	49.2229	12.0873
Sinzing	Bayern	93161	49	12.0333
Brunn	Bayern	93164	49.1	11.9
Falkenstein	Bayern	93167	49.0975	12.488
Bernhardswald	Bayern	93170	49.0912	12.2474
Wenzenbach	Bayern	93173	49.0756	12.1995
Beratzhausen	Bayern	93176	49.0952	11.8097
Altenthann	Bayern	93177	49.1	12.3
Brennberg	Bayern	93179	49.0667	12.4
Deuerling	Bayern	93180	49.0372	11.9104
Duggendorf	Bayern	93182	49.1167	11.9167
Holzheim am Forst	Bayern	93183	49.1485	11.9977
Michelsneukirchen	Bayern	93185	49.1229	12.5528
Pettendorf	Bayern	93186	49.0607	12.0078
Pielenhofen	Bayern	93188	49.0723	11.957
Reichenbach	Bayern	93189	49.1833	12.35
Rettenbach	Bayern	93191	49.0667	12.45
Wald	Bayern	93192	49.15	12.35
Walderbach	Bayern	93194	49.1833	12.3833
Wolfsegg	Bayern	93195	49.1073	11.9781
Zeitlarn	Bayern	93197	49.0785	12.1117
Zell	Bayern	93199	49.1444	12.4141
Kelheim	Bayern	93309	48.9173	11.8862
Abensberg	Bayern	93326	48.8168	11.8498
Neustadt an der Donau	Bayern	93333	48.8071	11.7695
Altmannstein	Bayern	93336	48.8992	11.652
Riedenburg	Bayern	93339	48.9638	11.6888
Essing	Bayern	93343	48.9347	11.7897
Hausen	Bayern	93345	48.8595	12.0063
Ihrlerstein	Bayern	93346	48.9333	11.8667
Kirchdorf	Bayern	93348	48.771	11.9037
Mindelstetten	Bayern	93349	48.85	11.65
Painten	Bayern	93351	48.9973	11.8195
Biburg	Bayern	93354	48.7907	11.8573
Teugn	Bayern	93356	48.893	12.0117
Train	Bayern	93358	48.7333	11.8333
Wildenberg	Bayern	93359	48.7298	11.8985
Cham	Bayern	93413	49.2257	12.655
Roding	Bayern	93426	49.1943	12.5196
Furth im Wald	Bayern	93437	49.3095	12.8416
Kötzting	Bayern	93444	49.1765	12.8552
Waldmünchen	Bayern	93449	49.378	12.7091
Neukirchen beim Heiligen Blut	Bayern	93453	49.2587	12.9687
Traitsching	Bayern	93455	49.15	12.65
Eschlkam	Bayern	93458	49.2988	12.9157
Lam	Bayern	93462	49.1967	13.0505
Tiefenbach	Bayern	93464	49.4333	12.5833
Chamerau	Bayern	93466	49.2	12.75
Miltach	Bayern	93468	49.162	12.7684
Lohberg	Bayern	93470	49.176	13.1055
Arnbruck	Bayern	93471	49.1301	12.9982
Arnschwang	Bayern	93473	49.2766	12.8159
Arrach	Bayern	93474	49.1915	12.9939
Blaibach	Bayern	93476	49.1667	12.8167
Gleißenberg	Bayern	93477	49.3167	12.7333
Grafenwiesen	Bayern	93479	49.2	12.8833
Hohenwarth	Bayern	93480	49.2	12.9333
Pemfling	Bayern	93482	49.2667	12.6167
Pösing	Bayern	93483	49.2333	12.55
Rimbach	Bayern	93485	49.2333	12.8833
Runding	Bayern	93486	49.2151	12.7621
Schönthal	Bayern	93488	49.35	12.6
Schorndorf	Bayern	93489	49.1604	12.5932
Stamsried	Bayern	93491	49.2676	12.5305
Treffelstein	Bayern	93492	49.4225	12.6157
Waffenbrunn	Bayern	93494	49.2667	12.6667
Weiding	Bayern	93495	49.2628	12.7631
Willmering	Bayern	93497	49.25	12.6667
Zandt	Bayern	93499	49.15	12.7333
Passau	Bayern	94032	48.5732	13.4506
Passau	Bayern	94034	48.589	13.3971
Passau	Bayern	94036	48.5693	13.4122
Hauzenberg	Bayern	94051	48.6496	13.6265
Pocking	Bayern	94060	48.4015	13.3132
Waldkirchen	Bayern	94065	48.7327	13.6008
Bad Füssing	Bayern	94072	48.351	13.312
Freyung	Bayern	94078	48.8095	13.5477
Fürstenzell	Bayern	94081	48.5216	13.3175
Bad Griesbach im Rottal	Bayern	94086	48.4557	13.1939
Neureichenau	Bayern	94089	48.7486	13.747
Rotthalmünster	Bayern	94094	48.3582	13.2016
Tittling	Bayern	94104	48.7262	13.3822
Untergriesbach	Bayern	94107	48.5743	13.6672
Wegscheid	Bayern	94110	48.6014	13.7873
Tiefenbach	Bayern	94113	48.6242	13.4003
Hutthurm	Bayern	94116	48.6728	13.4715
Jandelsbrunn	Bayern	94118	48.7333	13.7
Salzweg	Bayern	94121	48.6167	13.4833
Büchlberg	Bayern	94124	48.6711	13.521
Neuburg am Inn	Bayern	94127	48.5	13.45
Obernzell	Bayern	94130	48.5549	13.6373
Röhrnbach	Bayern	94133	48.7386	13.5227
Thyrnau	Bayern	94136	48.6167	13.5333
Bayerbach	Bayern	94137	48.4102	13.1441
Breitenberg	Bayern	94139	48.7044	13.7933
Ering	Bayern	94140	48.2992	13.1503
Fürsteneck	Bayern	94142	48.7167	13.4667
Grainet	Bayern	94143	48.8	13.65
Haidmühle	Bayern	94145	48.8257	13.7765
Hinterschmiding	Bayern	94146	48.8234	13.6037
Kirchham	Bayern	94148	48.3464	13.2672
Kößlarn	Bayern	94149	48.3667	13.1167
Mauth	Bayern	94151	48.8897	13.5846
Neuhaus am Inn	Bayern	94152	48.4609	13.4208
Neukirchen vorm Wald	Bayern	94154	48.6833	13.3833
Perlesreut	Bayern	94157	48.7818	13.4384
Philippsreut	Bayern	94158	48.8667	13.6833
Ringelai	Bayern	94160	48.8134	13.4713
Ruderting	Bayern	94161	48.65	13.4167
Saldenburg	Bayern	94163	48.7731	13.3559
Sonnen	Bayern	94164	48.6833	13.7167
Stubenberg	Bayern	94166	48.3167	13.0833
Tettenweis	Bayern	94167	48.4428	13.2696
Thurmansbang	Bayern	94169	48.7663	13.3155
Regen	Bayern	94209	48.9719	13.1282
Lindberg	Bayern	94227	49.0368	13.2542
Viechtach	Bayern	94234	49.08	12.8857
Gotteszell	Bayern	94239	48.9667	12.9667
Geiersthal	Bayern	94244	49.0457	12.9817
Bodenmais	Bayern	94249	49.0667	13.1
Achslach	Bayern	94250	48.9717	12.9351
Bayerisch Eisenstein	Bayern	94252	49.1167	13.2
Bischofsmais	Bayern	94253	48.918	13.0818
Böbrach	Bayern	94255	49.0562	13.0347
Drachselsried	Bayern	94256	49.1076	13.0118
Frauenau	Bayern	94258	48.9889	13.3007
Kirchberg im Wald	Bayern	94259	48.9	13.1833
Kirchdorf im Wald	Bayern	94261	48.9105	13.2661
Kollnburg	Bayern	94262	49.0466	12.8612
Langdorf	Bayern	94264	49.015	13.1465
Patersdorf	Bayern	94265	49.0167	12.9833
Prackenbach	Bayern	94267	49.0954	12.8261
Rinchnach	Bayern	94269	48.9496	13.201
Straubing	Bayern	94315	48.8813	12.5739
Bogen	Bayern	94327	48.9112	12.6896
Salching	Bayern	94330	48.8105	12.5704
Geiselhöring	Bayern	94333	48.825	12.3965
Hunderdorf	Bayern	94336	48.95	12.7333
Leiblfing	Bayern	94339	48.7757	12.5179
Irlbach	Bayern	94342	48.8413	12.7514
Wiesenfelden	Bayern	94344	49.0407	12.5401
Aholfing	Bayern	94345	48.9428	12.4686
Ascha	Bayern	94347	49	12.6333
Atting	Bayern	94348	48.8941	12.4878
Falkenfels	Bayern	94350	49.0042	12.5948
Feldkirchen	Bayern	94351	48.8383	12.5278
Haibach	Bayern	94353	49.0241	12.7155
Haselbach	Bayern	94354	49.0035	12.6918
Kirchroth	Bayern	94356	48.95	12.55
Konzell	Bayern	94357	49.0724	12.7111
Loitzendorf	Bayern	94359	49.0846	12.6559
Mitterfels	Bayern	94360	48.9763	12.6785
Neukirchen	Bayern	94362	48.9751	12.7555
Oberschneiding	Bayern	94363	48.7957	12.642
Parkstetten	Bayern	94365	48.9167	12.6
Perasdorf	Bayern	94366	48.95	12.8
Perkam	Bayern	94368	48.8553	12.4398
Rain	Bayern	94369	48.905	12.4687
Rattenberg	Bayern	94371	49.0861	12.7491
Rattiszell	Bayern	94372	49.0257	12.6592
Schwarzach	Bayern	94374	48.9157	12.8114
Stallwang	Bayern	94375	49.051	12.655
Steinach	Bayern	94377	48.9542	12.6071
Sankt Englmar	Bayern	94379	49.003	12.8266
Landau an der Isar	Bayern	94405	48.6725	12.6932
Reisbach	Bayern	94419	48.5701	12.628
Arnstorf	Bayern	94424	48.5584	12.8167
Eichendorf	Bayern	94428	48.6327	12.8559
Pilsting	Bayern	94431	48.7012	12.651
Simbach	Bayern	94436	48.5661	12.7389
Mamming	Bayern	94437	48.6517	12.6078
Roßbach	Bayern	94439	48.6	12.9333
Plattling	Bayern	94447	48.7787	12.8751
Deggendorf	Bayern	94469	48.8409	12.9607
Vilshofen	Bayern	94474	48.6269	13.1922
Grafenau	Bayern	94481	48.8577	13.3974
Osterhofen	Bayern	94486	48.7	13.0222
Hengersberg	Bayern	94491	48.7725	13.0549
Ortenburg	Bayern	94496	48.546	13.2225
Aidenbach	Bayern	94501	48.5703	13.09
Bernried	Bayern	94505	48.9167	12.8833
Schöllnach	Bayern	94508	48.7541	13.1778
Schönberg	Bayern	94513	48.8397	13.3371
Spiegelau	Bayern	94518	48.9152	13.3623
Wallersdorf	Bayern	94522	48.7377	12.7474
Metten	Bayern	94526	48.8551	12.9155
Aholming	Bayern	94527	48.7354	12.91
Aicha vorm Wald	Bayern	94529	48.676	13.2954
Auerbach	Bayern	94530	48.8035	13.0995
Außernzell	Bayern	94532	48.7241	13.2029
Buchhofen	Bayern	94533	48.697	12.9246
Eging am See	Bayern	94535	48.7139	13.2713
Eppenschlag	Bayern	94536	48.8894	13.2999
Fürstenstein	Bayern	94538	48.7167	13.3333
Grafling	Bayern	94539	48.8949	12.9751
Grattersdorf	Bayern	94541	48.8036	13.1537
Haarbach	Bayern	94542	48.5	13.15
Hofkirchen	Bayern	94544	48.6781	13.1192
Hohenau	Bayern	94545	48.8498	13.4882
Iggensbach	Bayern	94547	48.7301	13.1423
Innernzell	Bayern	94548	48.8515	13.2754
Künzing	Bayern	94550	48.6667	13.0833
Hunding	Bayern	94551	48.8423	13.1768
Mariaposching	Bayern	94553	48.8333	12.8
Moos	Bayern	94554	48.7515	12.9611
Neuschönau	Bayern	94556	48.8842	13.4758
Niederalteich	Bayern	94557	48.7656	13.0241
Niederwinkling	Bayern	94559	48.8833	12.8
Offenberg	Bayern	94560	48.8619	12.8629
Oberpöring	Bayern	94562	48.7018	12.8248
Otzing	Bayern	94563	48.7613	12.8088
Sankt Oswald-Riedlhütte	Bayern	94566	48.9	13.4167
Sankt Oswald-Riedlhütte	Bayern	94568	48.9	13.4167
Stephansposching	Bayern	94569	48.8167	12.8
Schaufling	Bayern	94571	48.85	13.0667
Schöfweg	Bayern	94572	48.8388	13.2286
Wallerfing	Bayern	94574	48.6842	12.8804
Windorf	Bayern	94575	48.6244	13.2219
Winzer	Bayern	94577	48.7228	13.0775
Zenting	Bayern	94579	48.7913	13.2597
Hof	Bayern	95028	50.3209	11.9172
Hof	Bayern	95030	50.3173	11.8961
Hof	Bayern	95032	50.2953	11.9103
Selb	Bayern	95100	50.1706	12.1305
Rehau	Bayern	95111	50.2492	12.0342
Naila	Bayern	95119	50.3303	11.7046
Schwarzenbach an der Saale	Bayern	95126	50.2228	11.935
Schwarzenbach am Wald	Bayern	95131	50.2846	11.6249
Bad Steben	Bayern	95138	50.3665	11.6444
Oberkotzau	Bayern	95145	50.2624	11.9348
Selbitz	Bayern	95152	50.317	11.7502
Kirchenlamitz	Bayern	95158	50.1519	11.9483
Weißenstadt	Bayern	95163	50.1022	11.8885
Marktleuthen	Bayern	95168	50.1301	12.0023
Schönwald	Bayern	95173	50.1997	12.085
Konradsreuth	Bayern	95176	50.2667	11.85
Geroldsgrün	Bayern	95179	50.3333	11.6
Berg	Bayern	95180	50.3747	11.7785
Döhlau	Bayern	95182	50.2833	11.95
Feilitzsch	Bayern	95183	50.3667	11.9333
Gattendorf	Bayern	95185	50.3221	11.9978
Höchstädt im Fichtelgebirge	Bayern	95186	50.1	12.0833
Issigau	Bayern	95188	50.3752	11.7207
Köditz	Bayern	95189	50.3333	11.85
Leupoldsgrün	Bayern	95191	50.3	11.8
Lichtenberg	Bayern	95192	50.3833	11.6762
Regnitzlosau	Bayern	95194	50.3	12.05
Röslau	Bayern	95195	50.0833	11.9833
Schauenstein	Bayern	95197	50.2783	11.7417
Thierstein	Bayern	95199	50.1064	12.102
Münchberg	Bayern	95213	50.1895	11.7882
Helmbrechts	Bayern	95233	50.2356	11.7159
Sparneck	Bayern	95234	50.1621	11.8435
Stammbach	Bayern	95236	50.1455	11.6913
Weißdorf	Bayern	95237	50.1833	11.85
Zell	Bayern	95239	50.1333	11.8
Kulmbach	Bayern	95326	50.1007	11.4503
Mainleus	Bayern	95336	50.0999	11.3766
Neuenmarkt	Bayern	95339	50.0919	11.5803
Stadtsteinach	Bayern	95346	50.1643	11.5035
Thurnau	Bayern	95349	50.0254	11.3935
Marktleugast	Bayern	95352	50.1731	11.6339
Presseck	Bayern	95355	50.228	11.5551
Grafengehaig	Bayern	95356	50.2031	11.5936
Guttenberg	Bayern	95358	50.1552	11.5648
Kasendorf	Bayern	95359	50.0367	11.352
Ködnitz	Bayern	95361	50.1	11.5333
Kupferberg	Bayern	95362	50.1396	11.5776
Ludwigschorgast	Bayern	95364	50.1264	11.5597
Rugendorf	Bayern	95365	50.2	11.4667
Trebgast	Bayern	95367	50.0667	11.55
Untersteinach	Bayern	95369	50.1333	11.5167
Bayreuth	Bayern	95444	49.9461	11.5762
Bayreuth	Bayern	95445	49.9431	11.5592
Bayreuth	Bayern	95447	49.9481	11.5783
Bayreuth	Bayern	95448	49.9474	11.5993
Bad Berneck im Fichtelgebirge	Bayern	95460	50.0456	11.6724
Bindlach	Bayern	95463	49.9817	11.6139
Kirchenpingarten	Bayern	95466	49.9333	11.7833
Speichersdorf	Bayern	95469	49.8713	11.7812
Creußen	Bayern	95473	49.845	11.6268
Kemnath	Bayern	95478	49.8701	11.8908
Gefrees	Bayern	95482	50.0954	11.7377
Warmensteinach	Bayern	95485	49.9935	11.7787
Eckersdorf	Bayern	95488	49.9348	11.4962
Mistelgau	Bayern	95490	49.9126	11.4659
Ahorntal	Bayern	95491	49.85	11.4333
Bischofsgrün	Bayern	95493	50.0512	11.8
Gesees	Bayern	95494	49.9	11.5333
Glashütten	Bayern	95496	49.8874	11.4487
Goldkronach	Bayern	95497	50.0109	11.6875
Harsdorf	Bayern	95499	50.0333	11.5667
Heinersreuth	Bayern	95500	49.9667	11.5333
Himmelkron	Bayern	95502	50.0667	11.6
Immenreuth	Bayern	95505	49.9	11.8667
Kastl	Bayern	95506	49.8333	11.9
Kulmain	Bayern	95508	49.9	11.9
Marktschorgast	Bayern	95509	50.0947	11.6547
Mistelbach	Bayern	95511	49.9126	11.5126
Neudrossenfeld	Bayern	95512	50.0167	11.5
Neustadt am Kulm	Bayern	95514	49.8167	11.8333
Plankenfels	Bayern	95515	49.8833	11.3333
Emtmannsberg	Bayern	95517	49.8923	11.6447
Schlammersdorf	Bayern	95519	49.8	11.7333
Marktredwitz	Bayern	95615	50.0044	12.0859
Wunsiedel	Bayern	95632	50.0392	12.0034
Tirschenreuth	Bayern	95643	49.8826	12.3311
Waldsassen	Bayern	95652	50.0017	12.3043
Arzberg	Bayern	95659	50.0577	12.1868
Leonberg	Bayern	95666	49.9471	12.2852
Bärnau	Bayern	95671	49.8108	12.4332
Wiesau	Bayern	95676	49.9082	12.1889
Waldershof	Bayern	95679	49.9814	12.0629
Bad Alexandersbad	Bayern	95680	50.0167	12.0167
Brand	Bayern	95682	49.9597	11.9107
Ebnath	Bayern	95683	49.95	11.9333
Falkenberg	Bayern	95685	49.8584	12.2268
Fichtelberg	Bayern	95686	50.0029	11.8542
Friedenfels	Bayern	95688	49.8826	12.1012
Fuchsmühl	Bayern	95689	49.9226	12.1458
Hohenberg an der Eger	Bayern	95691	50.095	12.2201
Konnersreuth	Bayern	95692	50.0109	12.2271
Mehlmeisel	Bayern	95694	49.9742	11.862
Mähring	Bayern	95695	49.9109	12.5245
Nagel	Bayern	95697	49.9833	11.9167
Neualbenreuth	Bayern	95698	49.9804	12.4437
Neusorg	Bayern	95700	49.9333	11.9667
Pechbrunn	Bayern	95701	49.9667	12.1667
Plößberg	Bayern	95703	49.784	12.31
Pullenreuth	Bayern	95704	49.9333	12
Schirnding	Bayern	95706	50.0821	12.2274
Thiersheim	Bayern	95707	50.0761	12.1265
Tröstau	Bayern	95709	50.0167	11.95
Bamberg	Bayern	96047	49.8934	10.8911
Bamberg	Bayern	96049	49.88	10.8834
Bamberg	Bayern	96050	49.8883	10.9185
Bamberg	Bayern	96052	49.9083	10.8951
Hallstadt	Bayern	96103	49.929	10.8754
Ebern	Bayern	96106	50.0955	10.7983
Scheßlitz	Bayern	96110	49.9757	11.033
Hirschaid	Bayern	96114	49.8179	10.9892
Memmelsdorf	Bayern	96117	49.9301	10.9592
Bischberg	Bayern	96120	49.9109	10.8321
Litzendorf	Bayern	96123	49.9144	11.0103
Ermershausen	Bayern	96126	50.2085	10.6258
Strullendorf	Bayern	96129	49.8443	10.9721
Schlüsselfeld	Bayern	96132	49.7562	10.6187
Stegaurach	Bayern	96135	49.8654	10.8438
Burgebrach	Bayern	96138	49.8283	10.7434
Hollfeld	Bayern	96142	49.9379	11.2915
Seßlach	Bayern	96145	50.1897	10.842
Altendorf	Bayern	96146	49.8	11.0167
Baunach	Bayern	96148	49.9859	10.8518
Breitengüßbach	Bayern	96149	49.9721	10.8859
Breitbrunn	Bayern	96151	50.0167	10.7
Burghaslach	Bayern	96152	49.7331	10.6007
Burgwindheim	Bayern	96154	49.8273	10.5963
Buttenheim	Bayern	96155	49.8036	11.03
Ebrach	Bayern	96157	49.8481	10.4967
Frensdorf	Bayern	96158	49.8167	10.8667
Geiselwind	Bayern	96160	49.7736	10.4706
Gerach	Bayern	96161	50.0333	10.8
Gundelsheim	Bayern	96163	49.9371	10.9199
Kemmern	Bayern	96164	49.9549	10.8778
Kirchlauter	Bayern	96166	50.0443	10.7178
Königsfeld	Bayern	96167	49.946	11.1652
Lauter	Bayern	96169	49.9732	10.7884
Lisberg	Bayern	96170	49.882	10.73
Mühlhausen	Bayern	96172	49.7544	10.7756
Oberhaid	Bayern	96173	49.9325	10.8147
Pettstadt	Bayern	96175	49.83	10.9284
Pfarrweisach	Bayern	96176	50.15	10.7333
Pommersfelden	Bayern	96178	49.7667	10.8167
Rattelsdorf	Bayern	96179	50.015	10.8886
Rauhenebrach	Bayern	96181	49.8833	10.6167
Reckendorf	Bayern	96182	50.0167	10.8333
Rentweinsdorf	Bayern	96184	50.0634	10.7992
Schönbrunn	Bayern	96185	49.857	10.6902
Stadelhofen	Bayern	96187	50.0032	11.1976
Stettfeld	Bayern	96188	49.9719	10.7239
Untermerzbach	Bayern	96190	50.1275	10.8563
Viereth-Trunstadt	Bayern	96191	49.9222	10.7772
Wachenroth	Bayern	96193	49.7519	10.7134
Walsdorf	Bayern	96194	49.8667	10.7833
Wattendorf	Bayern	96196	50.0326	11.1262
Wonsees	Bayern	96197	49.9761	11.3005
Zapfendorf	Bayern	96199	50.0178	10.9324
Lichtenfels	Bayern	96215	50.1457	11.0593
Burgkunstadt	Bayern	96224	50.1409	11.252
Bad Staffelstein	Bayern	96231	50.102	11.0013
Ebersdorf	Bayern	96237	50.329	11.1527
Sonnefeld	Bayern	96242	50.2167	11.1333
Ebensfeld	Bayern	96250	50.0664	10.9583
Untersiemau	Bayern	96253	50.1942	10.9745
Marktgraitz	Bayern	96257	50.1836	11.1944
Weismain	Bayern	96260	50.0851	11.2402
Altenkunstadt	Bayern	96264	50.125	11.2503
Mitwitz	Bayern	96268	50.2511	11.2082
Großheirath	Bayern	96269	50.176	10.9505
Grub am Forst	Bayern	96271	50.2299	11.0198
Hochstadt am Main	Bayern	96272	50.1501	11.1712
Itzgrund	Bayern	96274	50.15	10.9
Marktzeuln	Bayern	96275	50.1667	11.1669
Schneckenlohe	Bayern	96277	50.2118	11.194
Weidhausen bei Coburg	Bayern	96279	50.2035	11.1401
Kronach	Bayern	96317	50.2396	11.3331
Küps	Bayern	96328	50.1912	11.2668
Pressig	Bayern	96332	50.3524	11.3097
Ludwigsstadt	Bayern	96337	50.486	11.3873
Stockheim	Bayern	96342	50.3064	11.2817
Wallenfels	Bayern	96346	50.2685	11.4706
Steinwiesen	Bayern	96349	50.2944	11.4629
Wilhelmsthal	Bayern	96352	50.3111	11.3728
Tettau	Bayern	96355	50.4698	11.2589
Reichenbach	Bayern	96358	50.4243	11.413
Steinbach am Wald	Bayern	96361	50.439	11.3692
Marktrodach	Bayern	96364	50.25	11.3833
Nordhalben	Bayern	96365	50.3741	11.5099
Tschirn	Bayern	96367	50.4	11.45
Weißenbrunn	Bayern	96369	50.2	11.35
Coburg	Bayern	96450	50.2594	10.9638
Neustadt bei Coburg	Bayern	96465	50.3298	11.1206
Rödental	Bayern	96472	50.2952	11.0412
Bad Rodach	Bayern	96476	50.3333	10.7833
Weitramsdorf	Bayern	96479	50.256	10.8799
Ahorn	Bayern	96482	50.2376	10.9542
Meeder	Bayern	96484	50.3212	10.907
Lautertal	Bayern	96486	50.3333	10.9667
Dörfles-Esbach	Bayern	96487	50.2833	11
Niederfüllbach	Bayern	96489	50.22	10.9909
Sonneberg	Thüringen	96515	50.3592	11.1746
Steinach	Thüringen	96523	50.4313	11.1591
Föritz	Thüringen	96524	50.3417	11.2318
Bachfeld	Thüringen	96528	50.4167	10.9833
Würzburg	Bayern	97070	49.7971	9.9337
Würzburg	Bayern	97072	49.7829	9.9366
Würzburg	Bayern	97074	49.7802	9.9416
Würzburg	Bayern	97076	49.8044	9.977
Würzburg	Bayern	97078	49.8118	9.9635
Würzburg	Bayern	97080	49.8017	9.9058
Würzburg	Bayern	97082	49.7899	9.9206
Würzburg	Bayern	97084	49.7685	9.9382
Ochsenfurt	Bayern	97199	49.6643	10.0623
Höchberg	Bayern	97204	49.7845	9.8822
Veitshöchheim	Bayern	97209	49.8328	9.8817
Simmershofen	Bayern	97215	49.5333	10.1333
Gerbrunn	Bayern	97218	49.7753	9.9936
Rimpar	Bayern	97222	49.8569	9.9571
Zellingen	Bayern	97225	49.8974	9.8175
Rottendorf	Bayern	97228	49.7923	10.0259
Estenfeld	Bayern	97230	49.829	10.0059
Giebelstadt	Bayern	97232	49.6531	9.9444
Reichenberg	Bayern	97234	49.7319	9.9148
Randersacker	Bayern	97236	49.7602	9.9828
Altertheim	Bayern	97237	49.7167	9.75
Aub	Bayern	97239	49.5527	10.0653
Bergtheim	Bayern	97241	49.9	10.0667
Bieberehren	Bayern	97243	49.5173	10.0091
Bütthard	Bayern	97244	49.5991	9.8799
Eibelstadt	Bayern	97246	49.7239	9.9996
Eisenheim	Bayern	97247	49.8833	10.1667
Eisingen	Bayern	97249	49.7597	9.8311
Erlabrunn	Bayern	97250	49.8597	9.8442
Gaukönigshofen	Bayern	97253	49.6333	10
Gelchsheim	Bayern	97255	49.5724	10.0202
Geroldshausen	Bayern	97256	49.6836	9.9022
Hemmersheim	Bayern	97258	49.5629	10.0964
Greußenheim	Bayern	97259	49.8167	9.7667
Güntersleben	Bayern	97261	49.8697	9.905
Helmstadt	Bayern	97264	49.7618	9.708
Hettstadt	Bayern	97265	49.7994	9.815
Himmelstadt	Bayern	97267	49.9239	9.8017
Kirchheim	Bayern	97268	49.6561	9.8578
Kist	Bayern	97270	49.7428	9.8439
Kleinrinderfeld	Bayern	97271	49.7003	9.8447
Kürnach	Bayern	97273	49.85	10.0333
Leinach	Bayern	97274	49.8619	9.8049
Margetshöchheim	Bayern	97276	49.8375	9.8639
Neubrunn	Bayern	97277	49.7309	9.6716
Prosselsheim	Bayern	97279	49.8631	10.1267
Remlingen	Bayern	97280	49.8048	9.6948
Retzstadt	Bayern	97282	49.9125	9.8819
Riedenheim	Bayern	97283	49.5572	9.9781
Röttingen	Bayern	97285	49.5097	9.9708
Sommerhausen	Bayern	97286	49.7036	10.0261
Theilheim	Bayern	97288	49.754	10.0306
Thüngen	Bayern	97289	49.9414	9.8586
Thüngersheim	Bayern	97291	49.8783	9.8492
Holzkirchen	Bayern	97292	49.7814	9.6803
Unterpleichfeld	Bayern	97294	49.8689	10.044
Waldbrunn	Bayern	97295	49.7586	9.8036
Waldbüttelbrunn	Bayern	97297	49.7883	9.8467
Zell am Main	Bayern	97299	49.8121	9.8696
Biebelried	Bayern	97318	49.7667	10.0833
Albertshofen	Bayern	97320	49.7667	10.1667
Volkach	Bayern	97332	49.8635	10.2281
Sommerach	Bayern	97334	49.8292	10.2079
Dettelbach	Bayern	97337	49.8029	10.1652
Marktbreit	Bayern	97340	49.6654	10.1481
Marktsteft	Bayern	97342	49.6961	10.1363
Iphofen	Bayern	97346	49.7024	10.2604
Markt Einersheim	Bayern	97348	49.6866	10.2916
Mainbernheim	Bayern	97350	49.7079	10.219
Wiesentheid	Bayern	97353	49.7945	10.3451
Abtswind	Bayern	97355	49.7701	10.3732
Prichsenstadt	Bayern	97357	49.8193	10.3477
Schwarzach am Main	Bayern	97359	49.7996	10.2298
Schweinfurt	Bayern	97412	50.05	10.2333
Schweinfurt	Bayern	97421	50.0442	10.2267
Schweinfurt	Bayern	97422	50.0545	10.2441
Schweinfurt	Bayern	97424	50.0348	10.2064
Haßfurt	Bayern	97437	50.0352	10.5156
Werneck	Bayern	97440	49.982	10.0988
Frankenwinheim	Bayern	97447	49.8873	10.3143
Arnstein	Bayern	97450	49.9777	9.9698
Schonungen	Bayern	97453	50.0501	10.3081
Dittelbrunn	Bayern	97456	50.0721	10.2197
Hofheim in Unterfranken	Bayern	97461	50.1368	10.5232
Niederwerrn	Bayern	97464	50.0615	10.1827
Gochsheim	Bayern	97469	50.0167	10.2833
Zeil am Main	Bayern	97475	50.0024	10.6098
Knetzgau	Bayern	97478	49.9833	10.55
Eltmann	Bayern	97483	49.9715	10.6671
Königsberg in Bayern	Bayern	97486	50.0808	10.5676
Stadtlauringen	Bayern	97488	50.1871	10.3616
Poppenhausen	Bayern	97490	50.1	10.1424
Aidhausen	Bayern	97491	50.15	10.4333
Bergrheinfeld	Bayern	97493	50.0103	10.1809
Bundorf	Bayern	97494	50.2167	10.5167
Burgpreppach	Bayern	97496	50.1415	10.6498
Dingolshausen	Bayern	97497	49.9071	10.3903
Donnersdorf	Bayern	97499	49.9667	10.4167
Ebelsbach	Bayern	97500	49.9857	10.6744
Euerbach	Bayern	97502	50.062	10.1369
Gädheim	Bayern	97503	50.0333	10.35
Geldersheim	Bayern	97505	50.0429	10.1561
Grafenrheinfeld	Bayern	97506	50	10.2
Grettstadt	Bayern	97508	49.9833	10.3167
Kolitzheim	Bayern	97509	49.9167	10.2333
Lülsfeld	Bayern	97511	49.8681	10.3213
Oberaurach	Bayern	97514	49.9271	10.6333
Oberschwarzach	Bayern	97516	49.8605	10.41
Rannungen	Bayern	97517	50.1654	10.2048
Riedbach	Bayern	97519	50.1	10.4667
Röthlein	Bayern	97520	49.9833	10.2167
Schwanfeld	Bayern	97523	49.9217	10.1387
Schwebheim	Bayern	97525	49.9904	10.2478
Sennfeld	Bayern	97526	50.039	10.2599
Sulzdorf an der Lederhecke	Bayern	97528	50.2408	10.5628
Sulzheim	Bayern	97529	49.95	10.3333
Theres	Bayern	97531	50.0111	10.4278
Üchtelhausen	Bayern	97532	50.0918	10.2686
Waigolshausen	Bayern	97534	49.9643	10.12
Wasserlosen	Bayern	97535	50.0948	10.0302
Wipfeld	Bayern	97537	49.9167	10.1667
Wonfurt	Bayern	97539	50.0167	10.4667
Salz	Bayern	97616	50.3084	10.212
Heustreu	Bayern	97618	50.3549	10.2607
Bad Königshofen im Grabfeld	Bayern	97631	50.3008	10.4689
Sulzfeld	Bayern	97633	50.2597	10.4053
Mellrichstadt	Bayern	97638	50.4285	10.3033
Stockheim	Bayern	97640	50.4596	10.273
Ostheim vor der Rhön	Bayern	97645	50.46	10.2306
Hausen	Bayern	97647	50.5064	10.1266
Fladungen	Bayern	97650	50.5205	10.1458
Bischofsheim an der Rhön	Bayern	97653	50.4024	10.0075
Bastheim	Bayern	97654	50.4008	10.2037
Oberelsbach	Bayern	97656	50.4412	10.1169
Sandberg	Bayern	97657	50.3482	10.0081
Schönau an der Brend	Bayern	97659	50.381	10.1044
Bad Kissingen	Bayern	97688	50.2023	10.0778
Münnerstadt	Bayern	97702	50.2464	10.2019
Burkardroth	Bayern	97705	50.2713	9.9916
Bad Bocklet	Bayern	97708	50.2665	10.079
Maßbach	Bayern	97711	50.1832	10.2752
Oerlenbach	Bayern	97714	50.15	10.1333
Aura an der Saale	Bayern	97717	50.164	10.007
Nüdlingen	Bayern	97720	50.2206	10.123
Oberthulba	Bayern	97723	50.199	9.9588
Burglauer	Bayern	97724	50.2764	10.1794
Elfershausen	Bayern	97725	50.1474	9.9615
Fuchsstadt	Bayern	97727	50.1082	9.9337
Ramsthal	Bayern	97729	50.1404	10.0678
Gemünden am Main	Bayern	97737	50.0495	9.7059
Karlstadt	Bayern	97753	49.9603	9.7724
Hammelburg	Bayern	97762	50.1163	9.8914
Bad Brückenau	Bayern	97769	50.3085	9.7898
Wildflecken	Bayern	97772	50.3776	9.9109
Aura im Sinngrund	Bayern	97773	50.1782	9.5755
Burgsinn	Bayern	97775	50.1497	9.6512
Eußenheim	Bayern	97776	49.9859	9.809
Fellen	Bayern	97778	50.15	9.5833
Geroda	Bayern	97779	50.2806	9.8955
Gössenheim	Bayern	97780	50.0167	9.7833
Gräfendorf	Bayern	97782	50.1227	9.7405
Karsbach	Bayern	97783	50.0409	9.7853
Mittelsinn	Bayern	97785	50.1922	9.617
Motten	Bayern	97786	50.3956	9.7725
Neuendorf	Bayern	97788	50.0333	9.65
Oberleichtersbach	Bayern	97789	50.2833	9.8
Obersinn	Bayern	97791	50.2088	9.6155
Riedenberg	Bayern	97792	50.3199	9.861
Rieneck	Bayern	97794	50.0935	9.648
Schondra	Bayern	97795	50.2681	9.8628
Wartmannsroth	Bayern	97797	50.1667	9.7833
Zeitlofs	Bayern	97799	50.2619	9.6724
Lohr am Main	Bayern	97816	49.9892	9.5722
Marktheidenfeld	Bayern	97828	49.8454	9.6036
Frammersbach	Bayern	97833	50.0647	9.4689
Birkenfeld	Bayern	97834	49.8586	9.6956
Bischbrunn	Bayern	97836	49.8703	9.4892
Erlenbach bei Marktheidenfeld	Bayern	97837	49.8193	9.6273
Esselbach	Bayern	97839	49.8553	9.5258
Hafenlohr	Bayern	97840	49.8694	9.6022
Karbach	Bayern	97842	49.867	9.6381
Neuhütten	Bayern	97843	50	9.4167
Neustadt am Main	Bayern	97845	49.9302	9.5681
Partenstein	Bayern	97846	50.0418	9.5199
Rechtenbach	Bayern	97848	49.9831	9.5083
Roden	Bayern	97849	49.8956	9.6264
Rothenfels	Bayern	97851	49.8914	9.5926
Schollbrunn	Bayern	97852	49.835	9.4639
Steinfeld	Bayern	97854	49.9528	9.6694
Triefenstein	Bayern	97855	49.8006	9.6067
Urspringen	Bayern	97857	49.9017	9.6712
Wiesthal	Bayern	97859	50.0333	9.4333
Wertheim	Baden-Württemberg	97877	49.759	9.5085
Kreuzwertheim	Bayern	97892	49.7682	9.5182
Freudenberg	Baden-Württemberg	97896	49.7535	9.3275
Külsheim	Baden-Württemberg	97900	49.6694	9.5236
Altenbuch	Bayern	97901	49.8286	9.4014
Collenberg	Bayern	97903	49.7435	9.3203
Dorfprozelten	Bayern	97904	49.7806	9.3803
Faulbach	Bayern	97906	49.7853	9.4442
Hasloch	Bayern	97907	49.7919	9.4936
Stadtprozelten	Bayern	97909	49.7847	9.4118
Lauda-Königshofen	Baden-Württemberg	97922	49.5653	9.7082
Tauberbischofsheim	Baden-Württemberg	97941	49.6247	9.6628
Boxberg	Baden-Württemberg	97944	49.4796	9.6401
Grünsfeld	Baden-Württemberg	97947	49.6095	9.7472
Großrinderfeld	Baden-Württemberg	97950	49.6654	9.7336
Königheim	Baden-Württemberg	97953	49.6203	9.5958
Werbach	Baden-Württemberg	97956	49.6708	9.6394
Wittighausen	Baden-Württemberg	97957	49.6192	9.8422
Assamstadt	Baden-Württemberg	97959	49.4281	9.6861
Bad Mergentheim	Baden-Württemberg	97980	49.4925	9.7736
Weikersheim	Baden-Württemberg	97990	49.4787	9.8998
Creglingen	Baden-Württemberg	97993	49.4694	10.0312
Niederstetten	Baden-Württemberg	97996	49.4	9.9194
Igersheim	Baden-Württemberg	97999	49.4944	9.8169
Suhl	Thüringen	98527	50.608	10.6957
Suhl	Thüringen	98528	50.6	10.7
Suhl	Thüringen	98529	50.6	10.7
Rohr	Thüringen	98530	50.5764	10.4972
Zella-Mehlis	Thüringen	98544	50.6564	10.6605
Christes	Thüringen	98547	50.6667	10.4833
Eichenberg	Thüringen	98553	50.55	10.6667
Benshausen	Thüringen	98554	50.65	10.6
Gehlberg	Thüringen	98559	50.6781	10.7909
Schmalkalden	Thüringen	98574	50.7214	10.4439
Altersbach	Thüringen	98587	50.7	10.5333
Roßdorf	Thüringen	98590	50.7	10.2167
Floh-Seligenthal	Thüringen	98593	50.76	10.4867
Trusetal	Thüringen	98596	50.7833	10.4167
Breitungen	Thüringen	98597	50.7636	10.3272
Brotterode	Thüringen	98599	50.8241	10.4445
Einhausen	Thüringen	98617	50.5283	10.4619
Mendhausen	Thüringen	98630	50.3822	10.4727
Bibra	Thüringen	98631	50.4697	10.4388
Aschenhausen	Thüringen	98634	50.6	10.2
Walldorf	Thüringen	98639	50.6167	10.3833
Dingsleben	Thüringen	98646	50.4333	10.6
Ehrenberg	Thüringen	98660	50.4833	10.65
Westhausen	Thüringen	98663	50.3157	10.6624
Masserberg	Thüringen	98666	50.5198	10.9709
Schleusegrund	Thüringen	98667	50.5233	10.8667
Schlechtsart	Thüringen	98669	50.3285	10.6225
Brünn	Thüringen	98673	50.4485	10.8563
Sachsenbrunn	Thüringen	98678	50.4472	10.9495
Martinroda	Thüringen	98693	50.7233	10.889
Friedersdorf	Thüringen	98701	50.6049	11.0358
Langewiesen	Thüringen	98704	50.6725	10.971
Gehren	Thüringen	98708	50.6485	11.0047
Frauenwald	Thüringen	98711	50.5843	10.8584
Stützerbach	Thüringen	98714	50.6333	10.8667
Elgersburg	Thüringen	98716	50.706	10.8531
Lauscha	Thüringen	98724	50.4769	11.1596
Lichte	Thüringen	98739	50.5167	11.1833
Gräfenthal	Thüringen	98743	50.5246	11.3068
Cursdorf	Thüringen	98744	50.5667	11.1333
Goldisthal	Thüringen	98746	50.5167	11
Scheibe-Alsbach	Thüringen	98749	50.4878	11.0621
Erfurt	Thüringen	99084	50.9746	11.0297
Erfurt	Thüringen	99085	50.9945	11.0528
Erfurt	Thüringen	99086	50.994	11.0276
Erfurt	Thüringen	99087	51.021	11.0353
Erfurt	Thüringen	99089	50.9968	11.0079
Erfurt	Thüringen	99091	51.0143	10.9929
Erfurt	Thüringen	99092	50.973	10.9787
Erfurt	Thüringen	99094	50.9833	11.0333
Erfurt	Thüringen	99096	50.9643	11.041
Erfurt	Thüringen	99097	50.9833	11.0333
Erfurt	Thüringen	99098	50.9833	11.0333
Erfurt	Thüringen	99099	50.9751	11.0637
Bienstädt	Thüringen	99100	51.0167	10.85
Klettbach	Thüringen	99102	50.9167	11.15
Marlishausen	Thüringen	99130	50.8222	11.0172
Elxleben	Thüringen	99189	51.05	10.95
Apfelstädt	Thüringen	99192	50.9016	10.8898
Riethnordhausen	Thüringen	99195	51.0833	11
Großmölsen	Thüringen	99198	51.0333	11.1333
Alkersleben	Thüringen	99310	50.85	11.0333
Stadtilm	Thüringen	99326	50.776	11.0826
Frankenhain	Thüringen	99330	50.7566	10.7877
Kirchheim	Thüringen	99334	50.8833	11.0167
Angelroda	Thüringen	99338	50.75	10.8667
Weimar	Thüringen	99423	50.9804	11.3263
Weimar	Thüringen	99425	50.9833	11.3167
Weimar	Thüringen	99427	50.9867	11.3156
Nohra	Thüringen	99428	50.9614	11.2597
Bad Berka	Thüringen	99438	50.8998	11.2825
Rohrbach	Thüringen	99439	51.0667	11.4
Döbritschen	Thüringen	99441	50.9192	11.476
Blankenhain	Thüringen	99444	50.8599	11.3439
Nauendorf	Thüringen	99448	50.8945	11.1811
Apolda	Thüringen	99510	51.0262	11.5164
Auerstedt	Thüringen	99518	51.0996	11.5892
Großbrembach	Thüringen	99610	51.1167	11.3167
Beichlingen	Thüringen	99625	51.2326	11.2578
Buttstädt	Thüringen	99628	51.1223	11.4172
Günstedt	Thüringen	99631	51.2219	11.0804
Schwerstedt	Thüringen	99634	51.1558	10.9207
Ostramondra	Thüringen	99636	51.2	11.3333
Büchel	Thüringen	99638	51.25	11.15
Sondershausen	Thüringen	99706	51.3697	10.8701
Badra	Thüringen	99707	51.4069	10.9743
Abtsbessingen	Thüringen	99713	51.2614	10.7628
Clingen	Thüringen	99718	51.2321	10.9328
Nordhausen	Thüringen	99734	51.5018	10.7957
Friedrichsthal	Thüringen	99735	51.4833	10.5833
Kehmstedt	Thüringen	99752	51.4667	10.6
Ellrich	Thüringen	99755	51.5866	10.6633
Niedergebra	Thüringen	99759	51.4228	10.6001
Buchholz	Thüringen	99762	51.5333	10.8667
Urbach	Thüringen	99765	51.4801	10.9012
Ilfeld	Thüringen	99768	51.5757	10.7847
Eisenach	Thüringen	99817	50.9807	10.3152
Marksuhl	Thüringen	99819	50.9167	10.2
Behringen	Thüringen	99820	51.0217	10.5101
Lauterbach	Thüringen	99826	51.0667	10.35
Treffurt	Thüringen	99830	51.1369	10.2336
Creuzburg	Thüringen	99831	51.0529	10.2475
Gerstungen	Thüringen	99834	50.9667	10.0667
Großensee	Thüringen	99837	50.9333	9.9667
Ruhla	Thüringen	99842	50.893	10.3657
Seebach	Thüringen	99846	50.9167	10.4167
Wutha-Farnroda	Thüringen	99848	50.9533	10.3917
Gotha	Thüringen	99867	50.9482	10.7019
Weingarten	Thüringen	99869	50.9743	10.5391
Aspach	Thüringen	99880	50.953	10.5977
Luisenthal	Thüringen	99885	50.7833	10.7333
Georgenthal	Thüringen	99887	50.8321	10.6627
Ernstroda	Thüringen	99894	50.8648	10.6206
Tambach-Dietharz	Thüringen	99897	50.7925	10.6157
Bad Langensalza	Thüringen	99947	51.1077	10.646
Blankenburg	Thüringen	99955	51.2	10.75
Großvargula	Thüringen	99958	51.1167	10.7833
Mühlhausen	Thüringen	99974	51.209	10.4528
Anrode	Thüringen	99976	51.2667	10.3333
Kammerforst	Thüringen	99986	51.1216	10.4233
Heyerode	Thüringen	99988	51.1644	10.3201
Altengottern	Thüringen	99991	51.1639	10.5809
Marolterode	Thüringen	99994	51.2333	10.6833
Menteroda	Thüringen	99996	51.3076	10.5632
Körner	Thüringen	99998	51.2333	10.6
