Bourg-en-Bresse	Auvergne-Rhône-Alpes	01000	46.2057	5.2258
Francheleins	Auvergne-Rhône-Alpes	01090	46.0744	4.8092
Oyonnax	Auvergne-Rhône-Alpes	01100	46.2592	5.6573
Aranc	Auvergne-Rhône-Alpes	01110	46.0033	5.5088
Montluel	Auvergne-Rhône-Alpes	01120	45.8519	5.0578
Nantua	Auvergne-Rhône-Alpes	01130	46.1534	5.606
Garnerans	Auvergne-Rhône-Alpes	01140	46.2081	4.842
Lagnieu	Auvergne-Rhône-Alpes	01150	45.9024	5.344
Saint-Martin-du-Mont	Auvergne-Rhône-Alpes	01160	46.1026	5.328
Gex	Auvergne-Rhône-Alpes	01170	46.3332	6.0577
Boissey	Auvergne-Rhône-Alpes	01190	46.3828	4.9969
Bellegarde-sur-Valserine	Auvergne-Rhône-Alpes	01200	46.1079	5.8242
Ferney-Voltaire	Auvergne-Rhône-Alpes	01210	46.2586	6.1106
Divonne-les-Bains	Auvergne-Rhône-Alpes	01220	46.3571	6.1349
Arandas	Auvergne-Rhône-Alpes	01230	45.8958	5.4866
Lent	Auvergne-Rhône-Alpes	01240	46.1203	5.1935
Saint-Just	Auvergne-Rhône-Alpes	01250	46.1914	5.2788
Belmont-Luthézieu	Auvergne-Rhône-Alpes	01260	45.8802	5.661
Beaupont	Auvergne-Rhône-Alpes	01270	46.41	5.2617
Prévessin-Moëns	Auvergne-Rhône-Alpes	01280	46.2539	6.0817
Bey	Auvergne-Rhône-Alpes	01290	46.2204	4.8437
Saint-Benoît	Auvergne-Rhône-Alpes	01300	45.6949	5.5889
Saint-Rémy	Auvergne-Rhône-Alpes	01310	46.1895	5.1655
Châtenay	Auvergne-Rhône-Alpes	01320	46.0345	5.2014
Lapeyrouse	Auvergne-Rhône-Alpes	01330	45.9828	4.9757
Saint-Sulpice	Auvergne-Rhône-Alpes	01340	46.3181	5.0446
Béon	Auvergne-Rhône-Alpes	01350	45.8539	5.7561
La Valbonne	Auvergne-Rhône-Alpes	01360	45.8502	5.1234
La Valbonne	Auvergne-Rhône-Alpes	01365	45.8502	5.1234
La Valbonne	Auvergne-Rhône-Alpes	01366	45.8502	5.1234
La Valbonne	Auvergne-Rhône-Alpes	01369	45.8502	5.1234
Saint-Étienne-du-Bois	Auvergne-Rhône-Alpes	01370	46.2899	5.2947
Dommartin	Auvergne-Rhône-Alpes	01380	46.3374	4.9904
Saint-Marcel	Auvergne-Rhône-Alpes	01390	45.9495	4.9849
Romans	Auvergne-Rhône-Alpes	01400	46.1198	5.0249
Chézery	Auvergne-Rhône-Alpes	01410	46.2227	5.8688
Seyssel	Auvergne-Rhône-Alpes	01420	45.959	5.8313
Condamine	Auvergne-Rhône-Alpes	01430	46.1077	5.5517
Viriat	Auvergne-Rhône-Alpes	01440	46.2548	5.2157
Saint-Alban	Auvergne-Rhône-Alpes	01450	46.0996	5.4614
Brion	Auvergne-Rhône-Alpes	01460	46.173	5.5513
Montagnieu	Auvergne-Rhône-Alpes	01470	45.7929	5.4694
Villeneuve	Auvergne-Rhône-Alpes	01480	46.021	4.8359
Ambérieu-en-Bugey	Auvergne-Rhône-Alpes	01500	45.9593	5.3516
Armix	Auvergne-Rhône-Alpes	01510	45.8495	5.5862
Perrex	Auvergne-Rhône-Alpes	01540	46.2454	4.977
Pougny	Auvergne-Rhône-Alpes	01550	46.14	5.9494
Cormoz	Auvergne-Rhône-Alpes	01560	46.4489	5.2308
Asnières-sur-Saône	Auvergne-Rhône-Alpes	01570	46.3842	4.8837
Izernore	Auvergne-Rhône-Alpes	01580	46.2135	5.552
Chancia	Bourgogne-Franche-Comté	01590	46.3459	5.6457
Trévoux	Auvergne-Rhône-Alpes	01600	45.9428	4.7714
Replonges	Auvergne-Rhône-Alpes	01620	46.301	4.8832
Saint-Genis-Pouilly	Auvergne-Rhône-Alpes	01630	46.2436	6.0212
Saint-Jean-le-Vieux	Auvergne-Rhône-Alpes	01640	46.03	5.388
Chaveyriat	Auvergne-Rhône-Alpes	01660	46.1978	5.0606
Groslée-Saint-Benoit	Auvergne-Rhône-Alpes	01680	45.6944	5.5886
Miribel	Auvergne-Rhône-Alpes	01700	45.8258	4.9544
Thoiry	Auvergne-Rhône-Alpes	01710	46.2376	5.9811
Crottet	Auvergne-Rhône-Alpes	01750	46.276	4.8939
Saint-Éloi	Auvergne-Rhône-Alpes	01800	45.9308	5.1529
Marboz	Auvergne-Rhône-Alpes	01851	46.3429	5.2572
Servas	Auvergne-Rhône-Alpes	01960	46.1332	5.1651
Baneins	Auvergne-Rhône-Alpes	01990	46.1106	4.9035
Laon	Hauts-de-France	02000	49.5631	3.6271
Saint-Quentin	Hauts-de-France	02100	49.8489	3.2876
Becquigny	Hauts-de-France	02110	50.0171	3.4733
Hauteville	Hauts-de-France	02120	49.8792	3.5212
Courmont	Hauts-de-France	02130	49.1487	3.5769
Franqueville	Hauts-de-France	02140	49.81	3.8098
La Selve	Hauts-de-France	02150	49.5705	3.9963
Moulins	Hauts-de-France	02160	49.4208	3.6858
Fontenelle	Hauts-de-France	02170	50.0299	3.8658
Menneville	Hauts-de-France	02190	49.4197	4.006
Soissons	Hauts-de-France	02200	49.3817	3.3236
Brécy	Hauts-de-France	02210	49.1471	3.4291
Saint-Mard	Hauts-de-France	02220	49.3865	3.583
Fresnoy-le-Grand	Hauts-de-France	02230	49.9476	3.4184
Villers-le-Sec	Hauts-de-France	02240	49.7773	3.5001
Saint-Pierremont	Hauts-de-France	02250	49.723	3.8807
Rocquigny	Hauts-de-France	02260	50.0233	3.9819
Mortiers	Hauts-de-France	02270	49.6876	3.6678
Bagneux	Hauts-de-France	02290	49.4571	3.2779
Saint-Aubin	Hauts-de-France	02300	49.5092	3.1893
Bézu-le-Guéry	Hauts-de-France	02310	49.0079	3.2262
Allemant	Hauts-de-France	02320	49.4616	3.454
Saint-Agnan	Hauts-de-France	02330	49.0201	3.5938
Sainte-Geneviève	Hauts-de-France	02340	49.7203	4.0735
Boncourt	Hauts-de-France	02350	49.616	3.9448
Saint-Clément	Hauts-de-France	02360	49.7758	4.0722
Aizy-Jouy	Hauts-de-France	02370	49.4333	3.5167
Fresnes	Hauts-de-France	02380	49.55	3.3667
Neuvillette	Hauts-de-France	02390	49.8526	3.4827
Château-Thierry	Hauts-de-France	02400	49.0464	3.403
Saint-Gobain	Hauts-de-France	02410	49.5957	3.3775
Estrées	Hauts-de-France	02420	49.9679	3.2885
Gauchy	Hauts-de-France	02430	49.8276	3.2737
Remigny	Hauts-de-France	02440	49.72	3.288
Oisy	Hauts-de-France	02450	50.0208	3.6653
La Ferté-Milon	Hauts-de-France	02460	49.1745	3.1288
Dammard	Hauts-de-France	02470	49.1452	3.1976
Dury	Hauts-de-France	02480	49.7508	3.1302
Attilly	Hauts-de-France	02490	49.8566	3.1671
Martigny	Hauts-de-France	02500	49.8588	4.1369
Hannapes	Hauts-de-France	02510	49.9729	3.6241
Flavy-le-Martel	Hauts-de-France	02520	49.713	3.1915
Montfaucon	Hauts-de-France	02540	48.9576	3.4251
Origny-en-Thiérache	Hauts-de-France	02550	49.8933	4.0164
Chézy-sur-Marne	Hauts-de-France	02570	48.9888	3.3679
Autreppes	Hauts-de-France	02580	49.9042	3.8557
Douchy	Hauts-de-France	02590	49.7956	3.135
Faverolles	Hauts-de-France	02600	49.224	3.1755
Moÿ-de-l'Aisne	Hauts-de-France	02610	49.75	3.3667
Buironfosse	Hauts-de-France	02620	49.9666	3.8359
Mennevret	Hauts-de-France	02630	49.9861	3.5552
Saint-Simon	Hauts-de-France	02640	49.7459	3.1777
Crézancy	Hauts-de-France	02650	49.0483	3.5105
Champs	Hauts-de-France	02670	49.5408	3.2543
Castres	Hauts-de-France	02680	49.8036	3.2391
Essigny-le-Grand	Hauts-de-France	02690	49.7786	3.2777
Liez	Hauts-de-France	02700	49.6906	3.2927
Marcy	Hauts-de-France	02720	49.8504	3.4055
Francilly-Selency	Hauts-de-France	02760	49.8528	3.2249
Seraucourt-le-Grand	Hauts-de-France	02790	49.7833	3.2167
Charmes	Hauts-de-France	02800	49.6534	3.3786
Courchamps	Hauts-de-France	02810	49.1133	3.2644
Montaigu	Hauts-de-France	02820	49.5351	3.8312
Saint-Michel	Hauts-de-France	02830	49.9195	4.1328
Athies-sous-Laon	Hauts-de-France	02840	49.5737	3.6842
Barzy-sur-Marne	Hauts-de-France	02850	49.0859	3.5536
Bièvres	Hauts-de-France	02860	49.4936	3.7123
Brie	Hauts-de-France	02870	49.6	3.4833
Clamecy	Hauts-de-France	02880	49.4285	3.3625
Moulins	Auvergne-Rhône-Alpes	03000	46.5646	3.3324
Montluçon	Auvergne-Rhône-Alpes	03100	46.3401	2.6025
Broût-Vernet	Auvergne-Rhône-Alpes	03110	46.1876	3.2732
Périgny	Auvergne-Rhône-Alpes	03120	46.2509	3.5552
Le Pin	Auvergne-Rhône-Alpes	03130	46.4125	3.8941
Monestier	Auvergne-Rhône-Alpes	03140	46.2557	3.1135
Saint-Loup	Auvergne-Rhône-Alpes	03150	46.3512	3.3779
Bourbon-l'Archambault	Auvergne-Rhône-Alpes	03160	46.5832	3.0565
Saint-Angel	Auvergne-Rhône-Alpes	03170	46.3575	2.6976
Saint-Caprais	Auvergne-Rhône-Alpes	03190	46.5507	2.7363
Vichy	Auvergne-Rhône-Alpes	03200	46.1271	3.4258
Châtillon	Auvergne-Rhône-Alpes	03210	46.4732	3.1329
Saint-Léon	Auvergne-Rhône-Alpes	03220	46.4026	3.6867
Beaulon	Auvergne-Rhône-Alpes	03230	46.6016	3.6731
Le Theil	Auvergne-Rhône-Alpes	03240	46.3549	3.1342
Saint-Clément	Auvergne-Rhône-Alpes	03250	46.0619	3.7046
Saint-Félix	Auvergne-Rhône-Alpes	03260	46.2275	3.481
Hauterive	Auvergne-Rhône-Alpes	03270	46.0883	3.4463
Diou	Auvergne-Rhône-Alpes	03290	46.5343	3.7445
Cusset	Auvergne-Rhône-Alpes	03300	46.1345	3.4564
Saint-Genest	Auvergne-Rhône-Alpes	03310	46.264	2.5934
Château-sur-Allier	Auvergne-Rhône-Alpes	03320	46.7658	3.029
Naves	Auvergne-Rhône-Alpes	03330	46.1751	3.1093
Mercy	Auvergne-Rhône-Alpes	03340	46.4614	3.5165
Cérilly	Auvergne-Rhône-Alpes	03350	46.6179	2.8208
Ainay-le-Château	Auvergne-Rhône-Alpes	03360	46.7113	2.6924
Saint-Palais	Auvergne-Rhône-Alpes	03370	46.4394	2.3001
Archignat	Auvergne-Rhône-Alpes	03380	46.3722	2.4243
Chappes	Auvergne-Rhône-Alpes	03390	46.3877	2.9265
Yzeure	Auvergne-Rhône-Alpes	03400	46.566	3.3545
Lignerolles	Auvergne-Rhône-Alpes	03410	46.2801	2.5666
Arpheuilles-Saint-Priest	Auvergne-Rhône-Alpes	03420	46.2248	2.6778
Cosne-d'Allier	Auvergne-Rhône-Alpes	03430	46.4751	2.8314
Saint-Hilaire	Auvergne-Rhône-Alpes	03440	46.4945	3.0201
Vicq	Auvergne-Rhône-Alpes	03450	46.147	3.0921
Bagneux	Auvergne-Rhône-Alpes	03460	46.6578	3.2055
Coulanges	Auvergne-Rhône-Alpes	03470	46.4856	3.859
Bayet	Auvergne-Rhône-Alpes	03500	46.2485	3.2689
Chassenard	Auvergne-Rhône-Alpes	03510	46.4386	3.9799
Colombier	Auvergne-Rhône-Alpes	03600	46.2731	2.7939
Désertines	Auvergne-Rhône-Alpes	03630	46.3546	2.6192
Bellerive-sur-Allier	Auvergne-Rhône-Alpes	03700	46.1165	3.4041
Charmes	Auvergne-Rhône-Alpes	03800	46.0752	3.2521
Digne-les-Bains	Provence-Alpes-Côte d'Azur	04000	44.0925	6.232
Manosque	Provence-Alpes-Côte d'Azur	04100	43.8288	5.7869
Aubenas-les-Alpes	Provence-Alpes-Côte d'Azur	04110	43.9307	5.6808
La Garde	Provence-Alpes-Côte d'Azur	04120	43.8304	6.5571
Volx	Provence-Alpes-Côte d'Azur	04130	43.8779	5.8415
Le Vernet	Provence-Alpes-Côte d'Azur	04140	44.276	6.391
Saumane	Provence-Alpes-Côte d'Azur	04150	44.0904	5.6908
Château-Arnoux-Saint-Auban	Provence-Alpes-Côte d'Azur	04160	44.0931	6.0081
Allons	Provence-Alpes-Côte d'Azur	04170	43.9775	6.5951
Villeneuve	Provence-Alpes-Côte d'Azur	04180	43.8942	5.8627
Les Mées	Provence-Alpes-Côte d'Azur	04190	44.0296	5.9764
Sisteron	Provence-Alpes-Côte d'Azur	04200	44.19	5.9464
Brunet	Provence-Alpes-Côte d'Azur	04210	43.8941	6.0299
Corbières-en-Provence	Provence-Alpes-Côte d'Azur	04220	43.761	5.7513
Cruis	Provence-Alpes-Côte d'Azur	04230	44.0623	5.8357
Saint-Benoît	Provence-Alpes-Côte d'Azur	04240	43.9673	6.7254
Châteaufort	Provence-Alpes-Côte d'Azur	04250	44.2743	6.017
Allos	Provence-Alpes-Côte d'Azur	04260	44.2411	6.6286
Beynes	Provence-Alpes-Côte d'Azur	04270	43.9908	6.2233
Céreste	Provence-Alpes-Côte d'Azur	04280	43.8558	5.5868
Salignac	Provence-Alpes-Côte d'Azur	04290	44.1579	5.9828
Forcalquier	Provence-Alpes-Côte d'Azur	04300	43.9593	5.7794
Ganagobie	Provence-Alpes-Côte d'Azur	04310	44.0089	5.9162
Castellet-lès-Sausses	Provence-Alpes-Côte d'Azur	04320	43.9945	6.763
Chaudon	Provence-Alpes-Côte d'Azur	04330	43.9957	6.3321
La Bréole	Provence-Alpes-Côte d'Azur	04340	44.4566	6.2942
Malijai	Provence-Alpes-Côte d'Azur	04350	44.046	6.0304
Moustiers-Sainte-Marie	Provence-Alpes-Côte d'Azur	04360	43.8462	6.2217
Beauvezer	Provence-Alpes-Côte d'Azur	04370	44.1431	6.5908
Barras	Provence-Alpes-Côte d'Azur	04380	44.1037	6.1135
Saint-Pons	Provence-Alpes-Côte d'Azur	04400	44.3922	6.6281
Puimoisson	Provence-Alpes-Côte d'Azur	04410	43.8627	6.1275
Beaujeu	Provence-Alpes-Côte d'Azur	04420	44.203	6.3713
Allemagne-en-Provence	Provence-Alpes-Côte d'Azur	04500	43.7819	6.007
Malijai	Provence-Alpes-Côte d'Azur	04510	44.0458	6.0303
Larche	Provence-Alpes-Côte d'Azur	04530	44.4507	6.8465
Montfort	Provence-Alpes-Côte d'Azur	04600	44.0636	5.9726
Champtercier	Provence-Alpes-Côte d'Azur	04660	44.0953	6.1614
Le Castellet	Provence-Alpes-Côte d'Azur	04700	43.9385	5.9798
Esparron-de-Verdon	Provence-Alpes-Côte d'Azur	04800	43.7391	5.9719
Jausiers	Provence-Alpes-Côte d'Azur	04850	44.417	6.7295
Pierrevert	Provence-Alpes-Côte d'Azur	04860	43.8114	5.7496
Saint-Michel-l'Observatoire	Provence-Alpes-Côte d'Azur	04870	43.9098	5.7158
Gap	Provence-Alpes-Côte d'Azur	05000	44.5586	6.0787
Briançon	Provence-Alpes-Côte d'Azur	05100	44.8998	6.642
Vitrolles	Provence-Alpes-Côte d'Azur	05110	44.435	5.949
L'Argentière-la-Bessée	Provence-Alpes-Côte d'Azur	05120	44.7945	6.5586
Sigoyer	Provence-Alpes-Côte d'Azur	05130	44.478	5.9757
Aspremont	Provence-Alpes-Côte d'Azur	05140	44.4926	5.7279
Sainte-Marie	Provence-Alpes-Côte d'Azur	05150	44.4653	5.4762
Saint-Apollinaire	Provence-Alpes-Côte d'Azur	05160	44.5558	6.3601
Orcières	Provence-Alpes-Côte d'Azur	05170	44.6851	6.3246
Rousset	Provence-Alpes-Côte d'Azur	05190	44.4779	6.2472
Saint-Sauveur	Provence-Alpes-Côte d'Azur	05200	44.5409	6.5204
Le Monêtier-les-Bains	Provence-Alpes-Côte d'Azur	05220	44.976	6.509
Prunières	Provence-Alpes-Côte d'Azur	05230	44.542	6.3337
La Salle-les-Alpes	Provence-Alpes-Côte d'Azur	05240	44.9451	6.5713
Agnières-en-Dévoluy	Provence-Alpes-Côte d'Azur	05250	44.6942	5.8818
Saint-Michel	Provence-Alpes-Côte d'Azur	05260	44.6711	6.1718
Puy-Saint-Vincent	Provence-Alpes-Côte d'Azur	05290	44.8301	6.4871
Antonaves	Provence-Alpes-Côte d'Azur	05300	44.2663	5.8043
Champcella	Provence-Alpes-Côte d'Azur	05310	44.7232	6.5716
La Grave	Provence-Alpes-Côte d'Azur	05320	45.046	6.3063
Saint-Chaffrey	Provence-Alpes-Côte d'Azur	05330	44.9256	6.6077
Pelvoux	Provence-Alpes-Côte d'Azur	05340	44.8804	6.4888
Arvieux	Provence-Alpes-Côte d'Azur	05350	44.7672	6.7385
Châteauroux-les-Alpes	Provence-Alpes-Côte d'Azur	05380	44.6147	6.5213
Montmaur	Provence-Alpes-Côte d'Azur	05400	44.5709	5.8721
Abriès	Provence-Alpes-Côte d'Azur	05460	44.7943	6.927
Aiguilles	Provence-Alpes-Côte d'Azur	05470	44.7816	6.8682
Villar-d'Arêne	Provence-Alpes-Côte d'Azur	05480	45.0436	6.3374
Poligny	Provence-Alpes-Côte d'Azur	05500	44.6921	6.048
Sainte-Marie	Provence-Alpes-Côte d'Azur	05560	44.5939	6.6896
Saint-Crépin	Provence-Alpes-Côte d'Azur	05600	44.7065	6.6069
Sainte-Colombe	Provence-Alpes-Côte d'Azur	05700	44.2842	5.6694
Saint-Firmin	Provence-Alpes-Côte d'Azur	05800	44.7814	6.0273
Nice	Provence-Alpes-Côte d'Azur	06000	43.7031	7.2661
Nice	Provence-Alpes-Côte d'Azur	06100	43.7031	7.2661
Le Cannet	Provence-Alpes-Côte d'Azur	06110	43.5766	7.0191
Grasse	Provence-Alpes-Côte d'Azur	06130	43.6578	6.9254
Vence	Provence-Alpes-Côte d'Azur	06140	43.7225	7.1118
Cannes	Provence-Alpes-Côte d'Azur	06150	43.5513	7.0128
Antibes	Provence-Alpes-Côte d'Azur	06160	43.5813	7.1249
Roquebrune-Cap-Martin	Provence-Alpes-Côte d'Azur	06190	43.7641	7.4821
Nice	Provence-Alpes-Côte d'Azur	06200	43.7031	7.2661
Mandelieu-la-Napoule	Provence-Alpes-Côte d'Azur	06210	43.5458	6.9373
Vallauris	Provence-Alpes-Côte d'Azur	06220	43.578	7.0545
Villefranche-sur-Mer	Provence-Alpes-Côte d'Azur	06230	43.7039	7.3109
Beausoleil	Provence-Alpes-Côte d'Azur	06240	43.7431	7.4225
Mougins	Provence-Alpes-Côte d'Azur	06250	43.6007	6.9952
Saint-Léger	Provence-Alpes-Côte d'Azur	06260	44.0002	6.828
Villeneuve-Loubet	Provence-Alpes-Côte d'Azur	06270	43.6579	7.1223
Nice	Provence-Alpes-Côte d'Azur	06300	43.7031	7.2661
Beaulieu-sur-Mer	Provence-Alpes-Côte d'Azur	06310	43.7069	7.3313
Cap-d'Ail	Provence-Alpes-Côte d'Azur	06320	43.7213	7.4056
Roquefort-les-Pins	Provence-Alpes-Côte d'Azur	06330	43.6727	7.0565
La Trinité	Provence-Alpes-Côte d'Azur	06340	43.7405	7.314
Èze	Provence-Alpes-Côte d'Azur	06360	43.728	7.3619
Mouans-Sartoux	Provence-Alpes-Côte d'Azur	06370	43.621	6.9714
Moulinet	Provence-Alpes-Côte d'Azur	06380	43.9417	7.4135
Contes	Provence-Alpes-Côte d'Azur	06390	43.8128	7.3144
Cannes	Provence-Alpes-Côte d'Azur	06400	43.5513	7.0128
Biot	Provence-Alpes-Côte d'Azur	06410	43.6285	7.0953
Clans	Provence-Alpes-Côte d'Azur	06420	43.9957	7.1481
La Brigue	Provence-Alpes-Côte d'Azur	06430	44.0625	7.616
Blausasc	Provence-Alpes-Côte d'Azur	06440	43.8057	7.3648
Belvédère	Provence-Alpes-Côte d'Azur	06450	44.015	7.3208
Caussols	Provence-Alpes-Côte d'Azur	06460	43.7418	6.9002
Beuil	Provence-Alpes-Côte d'Azur	06470	44.095	6.987
La Colle-sur-Loup	Provence-Alpes-Côte d'Azur	06480	43.6865	7.1038
Menton	Provence-Alpes-Côte d'Azur	06500	43.7765	7.5043
Carros	Provence-Alpes-Côte d'Azur	06510	43.7925	7.1875
Grasse	Provence-Alpes-Côte d'Azur	06520	43.6578	6.9254
Peymeinade	Provence-Alpes-Côte d'Azur	06530	43.6424	6.8758
Breil-sur-Roya	Provence-Alpes-Côte d'Azur	06540	43.9376	7.5147
La Roquette-sur-Siagne	Provence-Alpes-Côte d'Azur	06550	43.5987	6.9567
Valbonne	Provence-Alpes-Côte d'Azur	06560	43.6329	6.9991
Saint-Paul-de-Vence	Provence-Alpes-Côte d'Azur	06570	43.7	7.1167
Pégomas	Provence-Alpes-Côte d'Azur	06580	43.5966	6.9321
Théoule-sur-Mer	Provence-Alpes-Côte d'Azur	06590	43.5078	6.9408
Antibes	Provence-Alpes-Côte d'Azur	06600	43.5813	7.1249
La Gaude	Provence-Alpes-Côte d'Azur	06610	43.7221	7.153
Gourdon	Provence-Alpes-Côte d'Azur	06620	43.7211	6.9792
Saint-Jeannet	Provence-Alpes-Côte d'Azur	06640	43.7472	7.143
Le Rouret	Provence-Alpes-Côte d'Azur	06650	43.6787	7.0152
Saint-Dalmas-le-Selvage	Provence-Alpes-Côte d'Azur	06660	44.2844	6.8657
Saint-Blaise	Provence-Alpes-Côte d'Azur	06670	43.8216	7.2377
Tourrette-Levens	Provence-Alpes-Côte d'Azur	06690	43.7864	7.276
Saint-Laurent-du-Var	Provence-Alpes-Côte d'Azur	06700	43.6732	7.19
Malaussène	Provence-Alpes-Côte d'Azur	06710	43.9287	7.1289
Saint-André-de-la-Roche	Provence-Alpes-Côte d'Azur	06730	43.7333	7.2833
Châteauneuf-Grasse	Provence-Alpes-Côte d'Azur	06740	43.6667	6.9833
Andon	Provence-Alpes-Côte d'Azur	06750	43.7742	6.7872
Aspremont	Provence-Alpes-Côte d'Azur	06790	43.7834	7.2441
Cagnes-sur-Mer	Provence-Alpes-Côte d'Azur	06800	43.6635	7.1479
Auribeau-sur-Siagne	Provence-Alpes-Côte d'Azur	06810	43.6006	6.9099
Bonson	Provence-Alpes-Côte d'Azur	06830	43.8627	7.1895
Saint-Auban	Provence-Alpes-Côte d'Azur	06850	43.8482	6.7264
Collongues	Provence-Alpes-Côte d'Azur	06910	43.8885	6.8634
Falicon	Provence-Alpes-Côte d'Azur	06950	43.7486	7.2786
Saint-Priest	Auvergne-Rhône-Alpes	07000	44.7165	4.5463
Annonay	Auvergne-Rhône-Alpes	07100	45.2399	4.6707
Beaumont	Auvergne-Rhône-Alpes	07110	44.5379	4.167
Balazuc	Auvergne-Rhône-Alpes	07120	44.5086	4.3726
Saint-Péray	Auvergne-Rhône-Alpes	07130	44.9487	4.8451
Les Salelles	Auvergne-Rhône-Alpes	07140	44.4203	4.1043
Lagorce	Auvergne-Rhône-Alpes	07150	44.4478	4.4173
Saint-Christol	Auvergne-Rhône-Alpes	07160	44.8677	4.4409
Saint-Germain	Auvergne-Rhône-Alpes	07170	44.5546	4.4504
Saint-Genest-Lachamp	Auvergne-Rhône-Alpes	07190	44.847	4.4236
Aubenas	Auvergne-Rhône-Alpes	07200	44.6197	4.3903
Saint-Bauzile	Auvergne-Rhône-Alpes	07210	44.6762	4.6738
Viviers	Auvergne-Rhône-Alpes	07220	44.4828	4.689
Faugères	Auvergne-Rhône-Alpes	07230	44.4749	4.1357
Chalencon	Auvergne-Rhône-Alpes	07240	44.8777	4.5744
Rompon	Auvergne-Rhône-Alpes	07250	44.7749	4.7326
Vernon	Auvergne-Rhône-Alpes	07260	44.5076	4.2253
Saint-Prix	Auvergne-Rhône-Alpes	07270	44.9431	4.5019
Préaux	Auvergne-Rhône-Alpes	07290	45.1428	4.6635
Tournon-sur-Rhône	Auvergne-Rhône-Alpes	07300	45.0667	4.8333
Saint-Clément	Auvergne-Rhône-Alpes	07310	44.9528	4.265
Mars	Auvergne-Rhône-Alpes	07320	45.0217	4.3211
Mayres	Auvergne-Rhône-Alpes	07330	44.6656	4.1143
Champagne	Auvergne-Rhône-Alpes	07340	45.2729	4.8005
Cruas	Auvergne-Rhône-Alpes	07350	44.6571	4.7629
Dunière-sur-Eyrieux	Auvergne-Rhône-Alpes	07360	44.8231	4.6599
Ozon	Auvergne-Rhône-Alpes	07370	45.1659	4.8029
Prades	Auvergne-Rhône-Alpes	07380	44.638	4.314
Le Teil	Auvergne-Rhône-Alpes	07400	44.5453	4.6822
Saint-Victor	Auvergne-Rhône-Alpes	07410	45.1008	4.6724
Saint-Cyr	Auvergne-Rhône-Alpes	07430	45.2518	4.7304
Saint-Sylvestre	Auvergne-Rhône-Alpes	07440	44.9897	4.7485
Burzet	Auvergne-Rhône-Alpes	07450	44.7398	4.2445
Beaulieu	Auvergne-Rhône-Alpes	07460	44.3609	4.2337
Coucouron	Auvergne-Rhône-Alpes	07470	44.8035	3.9712
Guilherand-Granges	Auvergne-Rhône-Alpes	07500	44.9328	4.8737
Sainte-Eulalie	Auvergne-Rhône-Alpes	07510	44.8104	4.1897
Lafarre	Auvergne-Rhône-Alpes	07520	45.0833	4.35
Aizac	Auvergne-Rhône-Alpes	07530	44.7197	4.3363
Le Roux	Auvergne-Rhône-Alpes	07560	44.7235	4.1467
Désaignes	Auvergne-Rhône-Alpes	07570	44.9947	4.5169
Saint-Pons	Auvergne-Rhône-Alpes	07580	44.5937	4.5766
Borne	Auvergne-Rhône-Alpes	07590	44.6148	4.0157
Asperjoc	Auvergne-Rhône-Alpes	07600	44.6972	4.3601
Lemps	Auvergne-Rhône-Alpes	07610	45.1091	4.7648
Cros-de-Géorand	Auvergne-Rhône-Alpes	07630	44.7931	4.126
Issanlas	Auvergne-Rhône-Alpes	07660	44.7651	4.0114
Monestier	Auvergne-Rhône-Alpes	07690	45.1986	4.5312
Bidon	Auvergne-Rhône-Alpes	07700	44.3659	4.5352
Saint-Alban-d'Ay	Auvergne-Rhône-Alpes	07790	45.1877	4.6381
Rompon	Auvergne-Rhône-Alpes	07800	44.7749	4.7326
Charleville-Mézières	Grand Est	08000	49.7685	4.7249
Saint-Laurent	Grand Est	08090	49.7645	4.7719
Sailly	Grand Est	08110	49.6119	5.1758
Bogny-sur-Meuse	Grand Est	08120	49.8538	4.7329
Givry	Grand Est	08130	49.4893	4.5369
Bazeilles	Grand Est	08140	49.6765	4.9775
Aubigny-les-Pothées	Grand Est	08150	49.7766	4.4364
Saint-Marceau	Grand Est	08160	49.7095	4.721
Hargnies	Grand Est	08170	50.0195	4.7909
Aire	Grand Est	08190	49.4809	4.1622
Sedan	Grand Est	08200	49.7019	4.9403
Mouzon	Grand Est	08210	49.6071	5.0757
Chappes	Grand Est	08220	49.6101	4.2713
Bourg-Fidèle	Grand Est	08230	49.8921	4.5405
Saint-Pierremont	Grand Est	08240	49.4854	4.9371
Apremont	Grand Est	08250	49.2689	4.9876
Chilly	Grand Est	08260	49.8375	4.4751
Grandchamp	Grand Est	08270	49.6456	4.4014
Rumigny	Grand Est	08290	49.8079	4.2666
Perthes	Grand Est	08300	49.4495	4.3506
Machault	Grand Est	08310	49.3548	4.5001
Aubrives	Grand Est	08320	50.1025	4.7631
Vrigne-aux-Bois	Grand Est	08330	49.7372	4.8557
Saint-Aignan	Grand Est	08350	49.652	4.8474
Château-Porcien	Grand Est	08360	49.5274	4.2453
Bièvres	Grand Est	08370	49.5575	5.2656
Auge	Grand Est	08380	49.8593	4.2726
Verrières	Grand Est	08390	49.4929	4.8742
Sainte-Marie	Grand Est	08400	49.3717	4.6678
Boulzicourt	Grand Est	08410	49.6956	4.6962
Chagny	Grand Est	08430	49.5752	4.7032
Gernelle	Grand Est	08440	49.7671	4.8166
Chémery-Chéhéry	Grand Est	08450	49.6008	4.8698
Saint-Marcel	Grand Est	08460	49.7632	4.573
Anchamps	Grand Est	08500	49.929	4.6764
Charnois	Grand Est	08600	50.1081	4.8287
Gespunsart	Grand Est	08700	49.8214	4.8293
Deville	Grand Est	08800	49.8789	4.7061
Foix	Occitanie	09000	42.9653	1.6071
Saint-Michel	Occitanie	09100	43.1351	1.5027
Prades	Occitanie	09110	42.7869	1.8783
Artix	Occitanie	09120	43.0685	1.5638
Sainte-Suzanne	Occitanie	09130	43.2105	1.3861
Aulus-les-Bains	Occitanie	09140	42.7909	1.3374
Caumont	Occitanie	09160	43.0304	1.0853
Gajan	Occitanie	09190	43.0205	1.1261
Saint-Girons	Occitanie	09200	42.9849	1.1459
Lézat-sur-Lèze	Occitanie	09210	43.2762	1.3466
Auzat	Occitanie	09220	42.7663	1.481
Lasserre	Occitanie	09230	43.07	1.1708
Montels	Occitanie	09240	43.0049	1.4725
Appy	Occitanie	09250	42.7904	1.7331
Mazères	Occitanie	09270	43.2517	1.6782
Camarade	Occitanie	09290	43.0858	1.2862
Bélesta	Occitanie	09300	42.904	1.9341
Verdun	Occitanie	09310	42.7943	1.6887
Aleu	Occitanie	09320	42.893	1.2662
Montgaillard	Occitanie	09330	42.9354	1.6335
Verniolle	Occitanie	09340	43.0818	1.648
Castex	Occitanie	09350	43.1666	1.3126
L'Hospitalet-près-l'Andorre	Occitanie	09390	42.5882	1.7983
Bompas	Occitanie	09400	42.8658	1.6147
Clermont	Occitanie	09420	43.0389	1.3009
Artigues	Occitanie	09460	42.7179	2.0695
Lagarde	Occitanie	09500	43.0499	1.9342
Aigues-Vives	Occitanie	09600	42.9966	1.8756
Montaut	Occitanie	09700	43.1876	1.6437
Villeneuve	Occitanie	09800	42.9392	0.9825
Troyes	Grand Est	10000	48.3007	4.0852
Romilly-sur-Seine	Grand Est	10100	48.5109	3.7263
Poligny	Grand Est	10110	48.1749	4.343
Saint-Germain	Grand Est	10120	48.2574	4.0326
Lignières	Grand Est	10130	47.9515	3.9695
Amance	Grand Est	10140	48.2948	4.5158
Pont-Sainte-Marie	Grand Est	10150	48.3185	4.0945
Aix-Villemaur-Pâlis	Grand Est	10160	48.2233	3.7344
Bessy	Grand Est	10170	48.5469	4.0238
Saint-Benoît-sur-Seine	Grand Est	10180	48.3694	4.0298
Aix-Villemaur-Pâlis	Grand Est	10190	48.2233	3.7344
Fontaine	Grand Est	10200	48.212	4.7138
Vallières	Grand Est	10210	47.996	4.0607
Assencières	Grand Est	10220	48.3579	4.1991
Mailly-le-Camp	Grand Est	10230	48.6653	4.213
Dampierre	Grand Est	10240	48.5497	4.3684
Courteron	Grand Est	10250	48.0198	4.4444
Chappes	Grand Est	10260	48.1672	4.248
Bouranton	Grand Est	10270	48.3122	4.1803
Saint-Mesmin	Grand Est	10280	48.4432	3.9243
Charmoy	Grand Est	10290	48.4027	3.5872
Macey	Grand Est	10300	48.2931	3.9154
Bayel	Grand Est	10310	48.198	4.7777
Bouilly	Grand Est	10320	48.1967	4.0001
Villeret	Grand Est	10330	48.4766	4.5899
Arrelles	Grand Est	10340	48.049	4.2757
Marigny-le-Châtel	Grand Est	10350	48.4029	3.7359
Saint-Usage	Grand Est	10360	48.1001	4.6093
Villenauxe-la-Grande	Grand Est	10370	48.5833	3.55
Boulages	Grand Est	10380	48.5802	3.9145
Verrières	Grand Est	10390	48.2333	4.1489
Saint-Aubin	Grand Est	10400	48.4758	3.5573
Ruvigny	Grand Est	10410	48.2728	4.1835
Les Noës-près-Troyes	Grand Est	10420	48.3036	4.0455
Rosières-près-Troyes	Grand Est	10430	48.2618	4.074
La Rivière-de-Corps	Grand Est	10440	48.2884	4.0195
Bréviandes	Grand Est	10450	48.2569	4.0953
Braux	Grand Est	10500	48.4832	4.4722
Châtres	Grand Est	10510	48.501	3.8482
La Chapelle-Saint-Luc	Grand Est	10600	48.3173	4.0399
Ormes	Grand Est	10700	48.5515	4.1168
Moussey	Grand Est	10800	48.2153	4.096
Carcassonne	Occitanie	11000	43.2165	2.3486
Narbonne	Occitanie	11100	43.184	3.0014
Armissan	Occitanie	11110	43.1878	3.0966
Argeliers	Occitanie	11120	43.3118	2.9102
Sigean	Occitanie	11130	43.0279	2.9783
Artigues	Occitanie	11140	42.8037	2.2125
Villepinte	Occitanie	11150	43.2822	2.087
Cabrespine	Occitanie	11160	43.3631	2.4606
Sainte-Eulalie	Occitanie	11170	43.2457	2.2133
Arques	Occitanie	11190	42.9526	2.3753
Lézignan-Corbières	Occitanie	11200	43.2009	2.7574
Port-La Nouvelle	Occitanie	11210	43.0183	3.05
Jonquières	Occitanie	11220	43.0401	2.7291
Saint-Benoît	Occitanie	11230	43.0174	2.0625
Escueillens-et-Saint-Just-de-Bélengard	Occitanie	11240	43.1083	2.0205
Saint-Hilaire	Occitanie	11250	43.0936	2.3088
Campagne-sur-Aude	Occitanie	11260	42.916	2.2067
Saint-Amans	Occitanie	11270	43.2277	1.8864
Montréal	Occitanie	11290	43.1998	2.1412
Limoux	Occitanie	11300	43.0549	2.2217
Saint-Denis	Occitanie	11310	43.3599	2.2201
Montmaur	Occitanie	11320	43.3935	1.8438
Montgaillard	Occitanie	11330	42.9105	2.6246
Belcaire	Occitanie	11340	42.8158	1.957
Cucugnan	Occitanie	11350	42.8508	2.6023
Albas	Occitanie	11360	43.0065	2.7341
Leucate	Occitanie	11370	42.9106	3.0294
La Tourette-Cabardès	Occitanie	11380	43.3806	2.334
Laprade	Occitanie	11390	43.4428	2.2585
Castelnaudary	Occitanie	11400	43.3181	1.9534
Montauriol	Occitanie	11410	43.2774	1.8359
Cahuzac	Occitanie	11420	43.1924	1.8506
Gruissan	Occitanie	11430	43.1076	3.0865
Peyriac-de-Mer	Occitanie	11440	43.0872	2.9572
La Palme	Occitanie	11480	42.9752	2.9924
Portel-des-Corbières	Occitanie	11490	43.05	2.9167
Belvianes-et-Cavirac	Occitanie	11500	42.8531	2.2004
Caves	Occitanie	11510	42.9317	2.9747
Roquefort-des-Corbières	Occitanie	11540	42.9917	2.9521
Fleury	Occitanie	11560	43.2309	3.1375
Cazilhac	Occitanie	11570	43.1836	2.3624
Alet-les-Bains	Occitanie	11580	42.9945	2.2562
Cuxac-d'Aude	Occitanie	11590	43.2463	2.9989
Aragon	Occitanie	11600	43.2963	2.3144
Pennautier	Occitanie	11610	43.2458	2.3188
Villemoustaussou	Occitanie	11620	43.2525	2.364
Fontcouverte	Occitanie	11700	43.1689	2.6889
Aigues-Vives	Occitanie	11800	43.2307	2.5343
Rodez	Occitanie	12000	44.3526	2.5734
Millau	Occitanie	12100	44.0997	3.0785
Aubin	Occitanie	12110	44.5281	2.2444
Arvieu	Occitanie	12120	44.1909	2.6615
Pierrefiche	Occitanie	12130	44.4438	2.9477
Saint-Hippolyte	Occitanie	12140	44.711	2.592
Buzeins	Occitanie	12150	44.3738	2.9701
Boussac	Occitanie	12160	44.2795	2.3679
La Selve	Occitanie	12170	44.1121	2.5348
Estaing	Occitanie	12190	44.5553	2.6716
Saint-Rémy	Occitanie	12200	44.3987	2.0386
Montpeyroux	Occitanie	12210	44.6417	2.8242
Lugan	Occitanie	12220	44.4832	2.2582
L'Hospitalet-du-Larzac	Occitanie	12230	43.9741	3.192
Castanet	Occitanie	12240	44.2783	2.2902
Tournemire	Occitanie	12250	43.9688	3.0199
Sainte-Croix	Occitanie	12260	44.4265	1.9669
Bor-et-Bar	Occitanie	12270	44.1977	2.0813
Arques	Occitanie	12290	44.3168	2.8001
Bouillac	Occitanie	12300	44.5754	2.1631
Palmas d'Aveyron	Occitanie	12310	44.3944	2.8428
Noailhac	Occitanie	12320	44.5661	2.3763
Clairvaux-d'Aveyron	Occitanie	12330	44.4277	2.411
Gabriac	Occitanie	12340	44.4525	2.7933
Brandonnet	Occitanie	12350	44.3876	2.135
Fayet	Occitanie	12360	43.8036	2.9474
Belmont-sur-Rance	Occitanie	12370	43.8181	2.7543
Balaguier-sur-Rance	Occitanie	12380	43.8968	2.5782
Anglars	Occitanie	12390	44.4233	2.2184
Saint-Victor	Occitanie	12400	44.0514	2.832
Curan	Occitanie	12410	44.2001	2.8543
Argences en Aubrac	Occitanie	12420	44.8019	2.7586
Alrance	Occitanie	12430	44.1314	2.6832
Tayrac	Occitanie	12440	44.2025	2.2334
Calmont	Occitanie	12450	44.2488	2.512
Campouriez	Occitanie	12460	44.6898	2.607
Condom-d'Aubrac	Occitanie	12470	44.6034	2.8649
Broquiès	Occitanie	12480	44.0051	2.696
La Bastide-Pradines	Occitanie	12490	44.0014	3.0459
Bessuéjouls	Occitanie	12500	44.5213	2.7254
Druelle	Occitanie	12510	44.3601	2.5051
Verrières	Occitanie	12520	44.2019	3.0584
Cornus	Occitanie	12540	43.9018	3.1781
Plaisance	Occitanie	12550	43.9272	2.5474
Campagnac	Occitanie	12560	44.4175	3.0867
Campuac	Occitanie	12580	44.5695	2.5901
Taussac	Occitanie	12600	44.829	2.6419
Castelnau-Pégayrols	Occitanie	12620	44.1297	2.9317
Agen-d'Aveyron	Occitanie	12630	44.3571	2.6798
La Cresse	Occitanie	12640	44.1777	3.1307
Naussac	Occitanie	12700	44.5203	2.0944
Mostuéjouls	Occitanie	12720	44.2031	3.1838
La Loubière	Occitanie	12740	44.3712	2.6674
Saint-Léons	Occitanie	12780	44.2158	2.9865
Crespin	Occitanie	12800	44.1605	2.2831
Sainte-Radegonde	Occitanie	12850	44.3379	2.6269
Marseille	Provence-Alpes-Côte d'Azur	13000	43.2969	5.3811
Marseille	Provence-Alpes-Côte d'Azur	13001	43.2969	5.3811
Marseille 02	Provence-Alpes-Côte d'Azur	13002	43.2966	5.3703
Marseille 03	Provence-Alpes-Côte d'Azur	13003	43.3026	5.3758
Marseille 04	Provence-Alpes-Côte d'Azur	13004	43.3021	5.4014
Marseille 05	Provence-Alpes-Côte d'Azur	13005	43.2955	5.4006
Marseille 06	Provence-Alpes-Côte d'Azur	13006	43.2876	5.3792
Marseille 07	Provence-Alpes-Côte d'Azur	13007	43.2829	5.3602
Marseille 08	Provence-Alpes-Côte d'Azur	13008	43.2708	5.3821
Marseille 09	Provence-Alpes-Côte d'Azur	13009	43.2543	5.4057
Marseille 10	Provence-Alpes-Côte d'Azur	13010	43.2789	5.4152
Marseille 11	Provence-Alpes-Côte d'Azur	13011	43.2907	5.4384
Marseille 12	Provence-Alpes-Côte d'Azur	13012	43.2961	5.4362
Marseille 13	Provence-Alpes-Côte d'Azur	13013	43.3186	5.4084
Marseille 14	Provence-Alpes-Côte d'Azur	13014	43.3445	5.38
Marseille 15	Provence-Alpes-Côte d'Azur	13015	43.3722	5.3539
Marseille 16	Provence-Alpes-Côte d'Azur	13016	43.3598	5.3342
Aix-en-Provence	Provence-Alpes-Côte d'Azur	13080	43.5283	5.4497
Aix-en-Provence	Provence-Alpes-Côte d'Azur	13090	43.5283	5.4497
Aix-en-Provence	Provence-Alpes-Côte d'Azur	13100	43.5283	5.4497
Mas-Blanc-des-Alpilles	Provence-Alpes-Côte d'Azur	13103	43.7897	4.76
Arles	Provence-Alpes-Côte d'Azur	13104	43.6768	4.6303
Mimet	Provence-Alpes-Côte d'Azur	13105	43.4143	5.5058
Simiane-Collongue	Provence-Alpes-Côte d'Azur	13109	43.4307	5.4345
Port-de-Bouc	Provence-Alpes-Côte d'Azur	13110	43.4066	4.9809
Coudoux	Provence-Alpes-Côte d'Azur	13111	43.558	5.2489
La Destrousse	Provence-Alpes-Côte d'Azur	13112	43.375	5.6056
Lamanon	Provence-Alpes-Côte d'Azur	13113	43.6998	5.0887
Puyloubier	Provence-Alpes-Côte d'Azur	13114	43.5252	5.6765
Saint-Paul-lès-Durance	Provence-Alpes-Côte d'Azur	13115	43.685	5.7077
Vernègues	Provence-Alpes-Côte d'Azur	13116	43.6857	5.1716
Martigues	Provence-Alpes-Côte d'Azur	13117	43.4074	5.0553
Istres	Provence-Alpes-Côte d'Azur	13118	43.5134	4.9875
Saint-Savournin	Provence-Alpes-Côte d'Azur	13119	43.4085	5.5269
Gardanne	Provence-Alpes-Côte d'Azur	13120	43.4549	5.4691
Aurons	Provence-Alpes-Côte d'Azur	13121	43.6651	5.1575
Ventabren	Provence-Alpes-Côte d'Azur	13122	43.5385	5.2954
Arles	Provence-Alpes-Côte d'Azur	13123	43.6768	4.6303
Peypin	Provence-Alpes-Côte d'Azur	13124	43.385	5.5779
Vauvenargues	Provence-Alpes-Côte d'Azur	13126	43.5552	5.5989
Vitrolles	Provence-Alpes-Côte d'Azur	13127	43.46	5.2486
Arles	Provence-Alpes-Côte d'Azur	13129	43.6768	4.6303
Berre-l'Étang	Provence-Alpes-Côte d'Azur	13130	43.4781	5.1704
Miramas	Provence-Alpes-Côte d'Azur	13140	43.5851	5.0027
Tarascon	Provence-Alpes-Côte d'Azur	13150	43.8058	4.6603
Châteaurenard	Provence-Alpes-Côte d'Azur	13160	43.8817	4.8549
Les Pennes-Mirabeau	Provence-Alpes-Côte d'Azur	13170	43.4101	5.3084
Gignac-la-Nerthe	Provence-Alpes-Côte d'Azur	13180	43.3929	5.2359
Allauch	Provence-Alpes-Côte d'Azur	13190	43.3357	5.482
Arles	Provence-Alpes-Côte d'Azur	13200	43.6768	4.6303
Saint-Rémy-de-Provence	Provence-Alpes-Côte d'Azur	13210	43.7885	4.8317
Châteauneuf-les-Martigues	Provence-Alpes-Côte d'Azur	13220	43.3838	5.164
Port-Saint-Louis-du-Rhône	Provence-Alpes-Côte d'Azur	13230	43.3873	4.8261
Septèmes-les-Vallons	Provence-Alpes-Côte d'Azur	13240	43.3983	5.366
Cornillon-Confoux	Provence-Alpes-Côte d'Azur	13250	43.5627	5.0716
Cassis	Provence-Alpes-Côte d'Azur	13260	43.2157	5.5385
Fos-sur-Mer	Provence-Alpes-Côte d'Azur	13270	43.4377	4.9446
Arles	Provence-Alpes-Côte d'Azur	13280	43.6768	4.6303
Aix-en-Provence	Provence-Alpes-Côte d'Azur	13290	43.5283	5.4497
Salon-de-Provence	Provence-Alpes-Côte d'Azur	13300	43.6423	5.0948
Saint-Martin-de-Crau	Provence-Alpes-Côte d'Azur	13310	43.6396	4.8127
Bouc-Bel-Air	Provence-Alpes-Côte d'Azur	13320	43.4522	5.413
La Barben	Provence-Alpes-Côte d'Azur	13330	43.6301	5.1765
Rognac	Provence-Alpes-Côte d'Azur	13340	43.4876	5.2339
Charleval	Provence-Alpes-Côte d'Azur	13350	43.7186	5.2455
Roquevaire	Provence-Alpes-Côte d'Azur	13360	43.3502	5.6041
Mallemort	Provence-Alpes-Côte d'Azur	13370	43.7317	5.1795
Plan-de-Cuques	Provence-Alpes-Côte d'Azur	13380	43.3475	5.464
Auriol	Provence-Alpes-Côte d'Azur	13390	43.3716	5.6341
Aubagne	Provence-Alpes-Côte d'Azur	13400	43.2928	5.5707
Lambesc	Provence-Alpes-Côte d'Azur	13410	43.6538	5.2621
Gémenos	Provence-Alpes-Côte d'Azur	13420	43.2975	5.6284
Eyguières	Provence-Alpes-Côte d'Azur	13430	43.6948	5.0313
Cabannes	Provence-Alpes-Côte d'Azur	13440	43.8602	4.9519
Grans	Provence-Alpes-Côte d'Azur	13450	43.6086	5.0629
Saintes-Maries-de-la-Mer	Provence-Alpes-Côte d'Azur	13460	43.4521	4.4291
Carnoux-en-Provence	Provence-Alpes-Côte d'Azur	13470	43.2564	5.5644
Cabriès	Provence-Alpes-Côte d'Azur	13480	43.4413	5.3788
Jouques	Provence-Alpes-Côte d'Azur	13490	43.6371	5.6367
Martigues	Provence-Alpes-Côte d'Azur	13500	43.4074	5.0553
Éguilles	Provence-Alpes-Côte d'Azur	13510	43.5687	5.3557
Les Baux-de-Provence	Provence-Alpes-Côte d'Azur	13520	43.7443	4.7961
Trets	Provence-Alpes-Côte d'Azur	13530	43.4482	5.6833
Aix-en-Provence	Provence-Alpes-Côte d'Azur	13540	43.5283	5.4497
Noves	Provence-Alpes-Côte d'Azur	13550	43.8774	4.9025
Sénas	Provence-Alpes-Côte d'Azur	13560	43.7438	5.078
Barbentane	Provence-Alpes-Côte d'Azur	13570	43.8994	4.7476
La Fare-les-Oliviers	Provence-Alpes-Côte d'Azur	13580	43.551	5.1943
Meyreuil	Provence-Alpes-Côte d'Azur	13590	43.4878	5.4957
La Ciotat	Provence-Alpes-Côte d'Azur	13600	43.1748	5.6045
Le Puy-Sainte-Réparade	Provence-Alpes-Côte d'Azur	13610	43.6639	5.4349
Carry-le-Rouet	Provence-Alpes-Côte d'Azur	13620	43.3314	5.1524
Eyragues	Provence-Alpes-Côte d'Azur	13630	43.841	4.8423
La Roque-d'Anthéron	Provence-Alpes-Côte d'Azur	13640	43.7154	5.3097
Meyrargues	Provence-Alpes-Côte d'Azur	13650	43.6368	5.5268
Orgon	Provence-Alpes-Côte d'Azur	13660	43.7911	5.0387
Saint-Andiol	Provence-Alpes-Côte d'Azur	13670	43.8348	4.9445
Lançon-Provence	Provence-Alpes-Côte d'Azur	13680	43.5927	5.1279
Graveson	Provence-Alpes-Côte d'Azur	13690	43.8505	4.7736
Marignane	Provence-Alpes-Côte d'Azur	13700	43.4173	5.2146
Fuveau	Provence-Alpes-Côte d'Azur	13710	43.4558	5.5615
Belcodène	Provence-Alpes-Côte d'Azur	13720	43.4261	5.5888
Saint-Victoret	Provence-Alpes-Côte d'Azur	13730	43.4196	5.234
Le Rove	Provence-Alpes-Côte d'Azur	13740	43.3699	5.2511
Plan-d'Orgon	Provence-Alpes-Côte d'Azur	13750	43.8073	4.9954
Saint-Cannat	Provence-Alpes-Côte d'Azur	13760	43.6213	5.2981
Venelles	Provence-Alpes-Côte d'Azur	13770	43.5986	5.4798
Cuges-les-Pins	Provence-Alpes-Côte d'Azur	13780	43.2761	5.6996
Rousset	Provence-Alpes-Côte d'Azur	13790	43.4831	5.6196
Istres	Provence-Alpes-Côte d'Azur	13800	43.5134	4.9875
Eygalières	Provence-Alpes-Côte d'Azur	13810	43.761	4.9497
Ensuès-la-Redonne	Provence-Alpes-Côte d'Azur	13820	43.3546	5.2036
La Penne-sur-Huveaune	Provence-Alpes-Côte d'Azur	13821	43.2821	5.5164
Roquefort-la-Bédoule	Provence-Alpes-Côte d'Azur	13830	43.2488	5.5902
Rognes	Provence-Alpes-Côte d'Azur	13840	43.6638	5.3473
Gréasque	Provence-Alpes-Côte d'Azur	13850	43.4331	5.5445
Peyrolles-en-Provence	Provence-Alpes-Côte d'Azur	13860	43.6455	5.5849
Rognonas	Provence-Alpes-Côte d'Azur	13870	43.8999	4.8037
Velaux	Provence-Alpes-Côte d'Azur	13880	43.5284	5.2566
Mouriès	Provence-Alpes-Côte d'Azur	13890	43.69	4.8709
Maillane	Provence-Alpes-Côte d'Azur	13910	43.8329	4.7821
Saint-Mitre-les-Remparts	Provence-Alpes-Côte d'Azur	13920	43.455	5.0143
Aureille	Provence-Alpes-Côte d'Azur	13930	43.7082	4.9473
Mollégès	Provence-Alpes-Côte d'Azur	13940	43.807	4.9493
Cadolive	Provence-Alpes-Côte d'Azur	13950	43.3969	5.5453
Sausset-les-Pins	Provence-Alpes-Côte d'Azur	13960	43.3314	5.1043
Alleins	Provence-Alpes-Côte d'Azur	13980	43.7039	5.162
Fontvieille	Provence-Alpes-Côte d'Azur	13990	43.7281	4.7095
Caen	Normandie	14000	49.1859	-0.3591
Lisieux	Normandie	14100	49.1466	0.2293
Condé-en-Normandie	Normandie	14110	48.85	-0.55
Louvigny	Normandie	14111	49.1572	-0.3938
Biéville-Beuville	Normandie	14112	49.2429	-0.3276
Cricquebœuf	Normandie	14113	49.4022	0.1456
Ver-sur-Mer	Normandie	14114	49.3299	-0.5312
Arromanches-les-Bains	Normandie	14117	49.3382	-0.6248
Mondeville	Normandie	14120	49.175	-0.3224
Sallenelles	Normandie	14121	49.2635	-0.2298
Cormelles-le-Royal	Normandie	14123	49.154	-0.3306
Surville	Normandie	14130	49.2999	0.2123
Le Mesnil-Simon	Normandie	14140	49.0935	0.1053
Ouistreham	Normandie	14150	49.2757	-0.2591
Dives-sur-Mer	Normandie	14160	49.2818	-0.1012
Boissey	Normandie	14170	49.0195	0.0477
Maizières	Normandie	14190	49.0168	-0.159
Hérouville-Saint-Clair	Normandie	14200	49.2109	-0.3065
Montigny	Normandie	14210	49.0454	-0.5311
Saint-Omer	Normandie	14220	48.9255	-0.4536
Longueville	Normandie	14230	49.341	-0.9668
Les Loges	Normandie	14240	49.0428	-0.8067
Audrieu	Normandie	14250	49.2085	-0.5943
Seulline	Normandie	14260	49.0369	-0.6811
Biéville-Quétiéville	Normandie	14270	49.1039	-0.0406
Authie	Normandie	14280	49.2062	-0.4319
Cernay	Normandie	14290	49.0203	0.3238
Seulline	Normandie	14310	49.0369	-0.6811
Clinchamps-sur-Orne	Normandie	14320	49.0786	-0.4016
Saint-Marcouf	Normandie	14330	49.2517	-0.9911
La Boissière	Normandie	14340	49.1371	0.1316
Beaulieu	Normandie	14350	48.9096	-0.819
Trouville-sur-Mer	Normandie	14360	49.3659	0.08
Billy	Normandie	14370	49.0916	-0.193
Beaumesnil	Normandie	14380	48.8932	-0.9829
Petiville	Normandie	14390	49.2428	-0.1759
Bayeux	Normandie	14400	49.2773	-0.7039
Pierres	Normandie	14410	48.8706	-0.7352
Bons-Tassilly	Normandie	14420	48.9667	-0.2333
Angerville	Normandie	14430	49.2438	-0.0283
Bény-sur-Mer	Normandie	14440	49.29	-0.4342
Saint-Pierre-du-Mont	Normandie	14450	49.3877	-0.9771
Colombelles	Normandie	14460	49.2049	-0.2957
Courseulles-sur-Mer	Normandie	14470	49.3303	-0.4561
Villiers-le-Sec	Normandie	14480	49.2908	-0.5655
Castillon	Normandie	14490	49.2015	-0.7973
Vire	Normandie	14500	48.8385	-0.8893
Gonneville-sur-Mer	Normandie	14510	49.28	-0.0407
Commes	Normandie	14520	49.3375	-0.7369
Luc-sur-Mer	Normandie	14530	49.3145	-0.355
Conteville	Normandie	14540	49.0889	-0.2368
Blainville-sur-Orne	Normandie	14550	49.2291	-0.3006
Saint-Rémy	Normandie	14570	48.9401	-0.5034
Le Pin	Normandie	14590	49.2112	0.3346
Honfleur	Normandie	14600	49.4199	0.2329
Anguerny	Normandie	14610	49.2666	-0.4014
Barou-en-Auge	Normandie	14620	48.9305	-0.0427
Cagny	Normandie	14630	49.1458	-0.2563
Auberville	Normandie	14640	49.3062	-0.0269
Carpiquet	Normandie	14650	49.1852	-0.4462
Janville	Normandie	14670	49.1679	-0.167
Bretteville-sur-Laize	Normandie	14680	49.0447	-0.3264
Pierrepont	Normandie	14690	48.8948	-0.3262
Aubigny	Normandie	14700	48.9182	-0.2119
Louvières	Normandie	14710	49.3638	-0.9181
Giberville	Normandie	14730	49.1816	-0.2839
Lasson	Normandie	14740	49.2341	-0.4634
Saint-Aubin-sur-Mer	Normandie	14750	49.3279	-0.387
Bretteville-sur-Odon	Normandie	14760	49.1663	-0.4166
Périgny	Normandie	14770	48.9218	-0.6046
Lion-sur-Mer	Normandie	14780	49.3002	-0.3216
Verson	Normandie	14790	49.1543	-0.4563
Deauville	Normandie	14800	49.357	0.07
Gonneville-en-Auge	Normandie	14810	49.2598	-0.1909
Langrune-sur-Mer	Normandie	14830	49.3235	-0.3735
Cuverville	Normandie	14840	49.19	-0.2647
Escoville	Normandie	14850	49.2103	-0.2394
Amfreville	Normandie	14860	49.25	-0.2333
Colleville-Montgomery	Normandie	14880	49.2753	-0.3005
Benerville-sur-Mer	Normandie	14910	49.35	0.0333
Mathieu	Normandie	14920	49.2545	-0.3719
Vieux	Normandie	14930	49.1072	-0.4338
Troarn	Normandie	14940	49.1817	-0.1844
Beaumont-en-Auge	Normandie	14950	49.2782	0.1105
Asnelles	Normandie	14960	49.3397	-0.583
Bénouville	Normandie	14970	49.2415	-0.2825
Rots	Normandie	14980	49.2123	-0.4732
Bernières-sur-Mer	Normandie	14990	49.3306	-0.423
Aurillac	Auvergne-Rhône-Alpes	15000	44.9254	2.4398
Saint-Flour	Auvergne-Rhône-Alpes	15100	45.0337	3.093
Saint-Martial	Auvergne-Rhône-Alpes	15110	44.8729	3.0453
Junhac	Auvergne-Rhône-Alpes	15120	44.7135	2.4522
Saint-Simon	Auvergne-Rhône-Alpes	15130	44.9632	2.4899
Sainte-Eulalie	Auvergne-Rhône-Alpes	15140	45.1177	2.3737
Saint-Victor	Auvergne-Rhône-Alpes	15150	45.0101	2.2879
Allanche	Auvergne-Rhône-Alpes	15160	45.2291	2.9345
Celles	Auvergne-Rhône-Alpes	15170	45.1207	2.9601
Saint-Saturnin	Auvergne-Rhône-Alpes	15190	45.2552	2.795
Arches	Auvergne-Rhône-Alpes	15200	45.3059	2.3276
Madic	Auvergne-Rhône-Alpes	15210	45.379	2.4576
Saint-Antoine	Auvergne-Rhône-Alpes	15220	44.7504	2.3375
Sainte-Marie	Auvergne-Rhône-Alpes	15230	44.8776	2.8854
Antignac	Auvergne-Rhône-Alpes	15240	45.3422	2.5454
Naucelles	Auvergne-Rhône-Alpes	15250	44.959	2.4188
Oradour	Auvergne-Rhône-Alpes	15260	44.919	2.9342
Beaulieu	Auvergne-Rhône-Alpes	15270	45.457	2.5152
Roumégoux	Auvergne-Rhône-Alpes	15290	44.8567	2.1985
Ussel	Auvergne-Rhône-Alpes	15300	45.0811	2.9356
Saint-Cernin	Auvergne-Rhône-Alpes	15310	45.0585	2.4208
Saint-Just	Auvergne-Rhône-Alpes	15320	44.8909	3.2085
Calvinet	Auvergne-Rhône-Alpes	15340	44.7191	2.357
Saint-Pierre	Auvergne-Rhône-Alpes	15350	45.3885	2.3882
Anglards-de-Salers	Auvergne-Rhône-Alpes	15380	45.2046	2.44
Saint-Hippolyte	Auvergne-Rhône-Alpes	15400	45.2244	2.7069
Paulhac	Auvergne-Rhône-Alpes	15430	45.0063	2.9042
Chazelles	Auvergne-Rhône-Alpes	15500	45.1037	3.3363
Lascelle	Auvergne-Rhône-Alpes	15590	45.0228	2.5754
Saint-Julien	Auvergne-Rhône-Alpes	15600	44.7691	2.2175
Ally	Auvergne-Rhône-Alpes	15700	45.1742	2.3154
Saint-Clément	Auvergne-Rhône-Alpes	15800	44.9745	2.6608
Angoulême	Nouvelle-Aquitaine	16000	45.65	0.1534
Cognac	Nouvelle-Aquitaine	16100	45.6958	-0.3287
La Rochette	Nouvelle-Aquitaine	16110	45.8011	0.3135
Saint-Simon	Nouvelle-Aquitaine	16120	45.65	-0.0762
Verrières	Nouvelle-Aquitaine	16130	45.5717	-0.2672
Mons	Nouvelle-Aquitaine	16140	45.8679	-0.0156
Chirac	Nouvelle-Aquitaine	16150	45.914	0.6547
Gond-Pontouvre	Nouvelle-Aquitaine	16160	45.6833	0.1667
Bonneville	Nouvelle-Aquitaine	16170	45.8376	-0.0401
Saint-Martial	Nouvelle-Aquitaine	16190	45.3719	0.0567
Mérignac	Nouvelle-Aquitaine	16200	45.6994	-0.0801
Saint-Avit	Nouvelle-Aquitaine	16210	45.2466	0.0547
Saint-Sornin	Nouvelle-Aquitaine	16220	45.6937	0.436
Sainte-Colombe	Nouvelle-Aquitaine	16230	45.8334	0.3178
Souvigné	Nouvelle-Aquitaine	16240	45.9716	0.0581
Saint-Léger	Nouvelle-Aquitaine	16250	45.46	0.0443
Cellefrouin	Nouvelle-Aquitaine	16260	45.891	0.3905
Genouillac	Nouvelle-Aquitaine	16270	45.8529	0.5713
Saint-Saturnin	Nouvelle-Aquitaine	16290	45.6606	0.0441
Saint-Médard	Nouvelle-Aquitaine	16300	45.511	-0.1362
Mazerolles	Nouvelle-Aquitaine	16310	45.7476	0.5333
Blanzaguet-Saint-Cybard	Nouvelle-Aquitaine	16320	45.4667	0.3167
Coulonges	Nouvelle-Aquitaine	16330	45.8334	0.0913
L'Isle-d'Espagnac	Nouvelle-Aquitaine	16340	45.6617	0.1994
Le Bouchage	Nouvelle-Aquitaine	16350	46.0453	0.3947
Reignac	Nouvelle-Aquitaine	16360	45.4225	-0.1839
Bréville	Nouvelle-Aquitaine	16370	45.7966	-0.2623
Chazelles	Nouvelle-Aquitaine	16380	45.6475	0.3672
Bonnes	Nouvelle-Aquitaine	16390	45.2402	0.15
La Couronne	Nouvelle-Aquitaine	16400	45.6113	0.0995
Sers	Nouvelle-Aquitaine	16410	45.5977	0.3226
Saint-Christophe	Nouvelle-Aquitaine	16420	46.0029	0.8501
Champniers	Nouvelle-Aquitaine	16430	45.7145	0.2044
Claix	Nouvelle-Aquitaine	16440	45.5553	0.0426
Lussac	Nouvelle-Aquitaine	16450	45.8611	0.4631
Valence	Nouvelle-Aquitaine	16460	45.8899	0.3074
Saint-Michel	Nouvelle-Aquitaine	16470	45.6421	0.1059
Saint-Vallier	Nouvelle-Aquitaine	16480	45.2939	-0.0628
Alloue	Nouvelle-Aquitaine	16490	46.0276	0.5149
Abzac	Nouvelle-Aquitaine	16500	46.1027	0.7034
Verteuil-sur-Charente	Nouvelle-Aquitaine	16510	45.9817	0.2305
Anais	Nouvelle-Aquitaine	16560	45.7739	0.2087
Marsac	Nouvelle-Aquitaine	16570	45.7412	0.0779
Brie	Nouvelle-Aquitaine	16590	45.7381	0.2408
Magnac-sur-Touvre	Nouvelle-Aquitaine	16600	45.6656	0.2374
Montboyer	Nouvelle-Aquitaine	16620	45.3254	0.0749
Saint-Georges	Nouvelle-Aquitaine	16700	45.9727	0.2708
Saint-Yrieix-sur-Charente	Nouvelle-Aquitaine	16710	45.6752	0.1271
Saint-Même-les-Carrières	Nouvelle-Aquitaine	16720	45.6445	-0.1421
Fléac	Nouvelle-Aquitaine	16730	45.6651	0.0935
Soyaux	Nouvelle-Aquitaine	16800	45.6405	0.1975
La Rochelle	Nouvelle-Aquitaine	17000	46.1631	-1.1522
Saintes	Nouvelle-Aquitaine	17100	45.7474	-0.6349
Saint-Georges-de-Didonne	Nouvelle-Aquitaine	17110	45.6054	-0.9997
Loix	Nouvelle-Aquitaine	17111	46.2234	-1.4409
Mornac-sur-Seudre	Nouvelle-Aquitaine	17113	45.7097	-1.0291
Floirac	Nouvelle-Aquitaine	17120	45.4774	-0.7486
Île-d'Aix	Nouvelle-Aquitaine	17123	46.0123	-1.1748
Coux	Nouvelle-Aquitaine	17130	45.3125	-0.4038
Meschers-sur-Gironde	Nouvelle-Aquitaine	17132	45.5593	-0.9567
Marsilly	Nouvelle-Aquitaine	17137	46.2307	-1.1382
Puilboreau	Nouvelle-Aquitaine	17138	46.1856	-1.118
Dompierre-sur-Mer	Nouvelle-Aquitaine	17139	46.1883	-1.0635
Lagord	Nouvelle-Aquitaine	17140	46.1892	-1.1539
Mirambeau	Nouvelle-Aquitaine	17150	45.3733	-0.5708
Mons	Nouvelle-Aquitaine	17160	45.8211	-0.3465
Ferrières	Nouvelle-Aquitaine	17170	46.2273	-0.8608
Périgny	Nouvelle-Aquitaine	17180	46.1545	-1.0969
Saint-Georges-d'Oléron	Nouvelle-Aquitaine	17190	45.9785	-1.3329
Royan	Nouvelle-Aquitaine	17200	45.6281	-1.0315
Mérignac	Nouvelle-Aquitaine	17210	45.3225	-0.2984
Le Pin	Nouvelle-Aquitaine	17220	45.3167	-0.2961
Andilly	Nouvelle-Aquitaine	17230	46.2533	-1.0274
Clion	Nouvelle-Aquitaine	17240	45.4796	-0.5009
Sainte-Gemme	Nouvelle-Aquitaine	17250	45.771	-0.8897
Cravans	Nouvelle-Aquitaine	17260	45.5966	-0.7112
Boresse	Nouvelle-Aquitaine	17270	45.2837	-0.1111
Chambon	Nouvelle-Aquitaine	17290	46.1268	-0.8495
Rochefort	Nouvelle-Aquitaine	17300	45.943	-0.9677
La Biroire	Nouvelle-Aquitaine	17310	45.9346	-1.3529
Marennes	Nouvelle-Aquitaine	17320	45.8227	-1.1051
Saint-Félix	Nouvelle-Aquitaine	17330	46.089	-0.5998
Châtelaillon-Plage	Nouvelle-Aquitaine	17340	46.0729	-1.0885
Fenioux	Nouvelle-Aquitaine	17350	45.8893	-0.5957
Boscamnant	Nouvelle-Aquitaine	17360	45.1975	-0.0693
Le Grand-Village-Plage	Nouvelle-Aquitaine	17370	45.8611	-1.2373
Saint-Loup	Nouvelle-Aquitaine	17380	45.999	-0.6247
La Tremblade	Nouvelle-Aquitaine	17390	45.7699	-1.1423
Saint-Jean-d'Angély	Nouvelle-Aquitaine	17400	45.9441	-0.5213
Saint-Martin-de-Ré	Nouvelle-Aquitaine	17410	46.2031	-1.3675
Saint-Palais-sur-Mer	Nouvelle-Aquitaine	17420	45.6426	-1.0881
Saint-Hippolyte	Nouvelle-Aquitaine	17430	45.9186	-0.8929
Aytré	Nouvelle-Aquitaine	17440	46.1342	-1.1183
Fouras	Nouvelle-Aquitaine	17450	45.9884	-1.0934
Colombiers	Nouvelle-Aquitaine	17460	45.6432	-0.5519
Aulnay	Nouvelle-Aquitaine	17470	46.0209	-0.3468
Le Château-d'Oléron	Nouvelle-Aquitaine	17480	45.8873	-1.1963
Massac	Nouvelle-Aquitaine	17490	45.8669	-0.2217
Saint-Médard	Nouvelle-Aquitaine	17500	45.3984	-0.3549
Chives	Nouvelle-Aquitaine	17510	45.9579	-0.1276
Celles	Nouvelle-Aquitaine	17520	45.6048	-0.3715
Arvert	Nouvelle-Aquitaine	17530	45.7406	-1.1279
Anais	Nouvelle-Aquitaine	17540	46.1872	-0.9081
Dolus-d'Oléron	Nouvelle-Aquitaine	17550	45.9167	-1.2667
Bourcefranc-le-Chapus	Nouvelle-Aquitaine	17560	45.85	-1.15
Saint-Augustin	Nouvelle-Aquitaine	17570	45.6837	-1.1099
Le Bois-Plage-en-Ré	Nouvelle-Aquitaine	17580	46.1862	-1.3924
Ars-en-Ré	Nouvelle-Aquitaine	17590	46.208	-1.5159
Saint-Sornin	Nouvelle-Aquitaine	17600	45.7682	-0.9785
Saint-Sauvant	Nouvelle-Aquitaine	17610	45.7387	-0.5047
Champagne	Nouvelle-Aquitaine	17620	45.8321	-0.9098
La Flotte	Nouvelle-Aquitaine	17630	46.1865	-1.3267
Vaux-sur-Mer	Nouvelle-Aquitaine	17640	45.6446	-1.0604
Saint-Denis-d'Oléron	Nouvelle-Aquitaine	17650	46.0342	-1.3783
La Couarde-sur-Mer	Nouvelle-Aquitaine	17670	46.1942	-1.4262
Angoulins	Nouvelle-Aquitaine	17690	46.1053	-1.1071
Saint-Mard	Nouvelle-Aquitaine	17700	46.0861	-0.7109
Port-des-Barques	Nouvelle-Aquitaine	17730	45.9476	-1.0779
Sainte-Marie-de-Ré	Nouvelle-Aquitaine	17740	46.1502	-1.3108
Étaules	Nouvelle-Aquitaine	17750	45.7321	-1.0988
Aujac	Nouvelle-Aquitaine	17770	45.8446	-0.3961
Moëze	Nouvelle-Aquitaine	17780	45.9046	-1.035
Saint-Léger	Nouvelle-Aquitaine	17800	45.6214	-0.584
Nieul-lès-Saintes	Nouvelle-Aquitaine	17810	45.7604	-0.7322
La Brée-les-Bains	Nouvelle-Aquitaine	17840	46.0145	-1.3493
Breuil-Magné	Nouvelle-Aquitaine	17870	45.9839	-0.9589
Les Portes-en-Ré	Nouvelle-Aquitaine	17880	46.25	-1.5
Chaillevette	Nouvelle-Aquitaine	17890	45.7309	-1.0584
Breuillet	Nouvelle-Aquitaine	17920	45.6916	-1.0548
Rivedoux-Plage	Nouvelle-Aquitaine	17940	46.1585	-1.2709
Bourges	Centre-Val de Loire	18000	47.0833	2.4
Vierzon	Centre-Val de Loire	18100	47.2219	2.0684
Saint-Palais	Centre-Val de Loire	18110	47.2327	2.4195
Brinay	Centre-Val de Loire	18120	47.1771	2.1265
Bussy	Centre-Val de Loire	18130	46.9036	2.6215
Saint-Martin-des-Champs	Centre-Val de Loire	18140	47.1566	2.9178
Apremont-sur-Allier	Centre-Val de Loire	18150	46.9	3.05
Lignières	Centre-Val de Loire	18160	46.7515	2.1738
Ardenais	Centre-Val de Loire	18170	46.6518	2.37
Saint-Symphorien	Centre-Val de Loire	18190	46.8119	2.3118
Saint-Amand-Montrond	Centre-Val de Loire	18200	46.7228	2.5049
Verneuil	Centre-Val de Loire	18210	46.8162	2.6063
Brécy	Centre-Val de Loire	18220	47.124	2.62
Saint-Doulchard	Centre-Val de Loire	18230	47.1037	2.352
Belleville-sur-Loire	Centre-Val de Loire	18240	47.5	2.85
Montigny	Centre-Val de Loire	18250	47.2397	2.683
Le Noyer	Centre-Val de Loire	18260	47.3841	2.6806
Saint-Maur	Centre-Val de Loire	18270	46.5805	2.299
Civray	Centre-Val de Loire	18290	46.9665	2.1739
Bannay	Centre-Val de Loire	18300	47.3879	2.8838
Genouilly	Centre-Val de Loire	18310	47.1911	1.8864
Saint-Hilaire-de-Gondilly	Centre-Val de Loire	18320	47.049	2.8868
Saint-Laurent	Centre-Val de Loire	18330	47.2254	2.202
Saint-Just	Centre-Val de Loire	18340	46.9938	2.5082
Chaumont	Centre-Val de Loire	18350	46.8453	2.7534
Faverdines	Centre-Val de Loire	18360	46.6433	2.4705
Saint-Saturnin	Centre-Val de Loire	18370	46.5078	2.2372
Ennordres	Centre-Val de Loire	18380	47.43	2.383
Osmoy	Centre-Val de Loire	18390	47.0728	2.5227
Saint-Caprais	Centre-Val de Loire	18400	46.9684	2.2933
Argent-sur-Sauldre	Centre-Val de Loire	18410	47.5585	2.4441
Marmagne	Centre-Val de Loire	18500	47.1	2.2833
Menetou-Salon	Centre-Val de Loire	18510	47.2317	2.4872
Avord	Centre-Val de Loire	18520	47.0351	2.653
La Chapelle-Saint-Ursin	Centre-Val de Loire	18570	47.0625	2.3245
Augy-sur-Aubois	Centre-Val de Loire	18600	46.7845	2.8446
Aubigny-sur-Nère	Centre-Val de Loire	18700	47.4882	2.4389
Baugy	Centre-Val de Loire	18800	47.0818	2.7285
Tulle	Nouvelle-Aquitaine	19000	45.2658	1.7723
Brive-la-Gaillarde	Nouvelle-Aquitaine	19100	45.1589	1.5333
Bort-les-Orgues	Nouvelle-Aquitaine	19110	45.3998	2.4958
Altillac	Nouvelle-Aquitaine	19120	44.9777	1.8483
Saint-Cyprien	Nouvelle-Aquitaine	19130	45.2508	1.3521
Condat-sur-Ganaveix	Nouvelle-Aquitaine	19140	45.4674	1.594
Saint-Paul	Nouvelle-Aquitaine	19150	45.2191	1.8953
Neuvic	Nouvelle-Aquitaine	19160	45.3813	2.2712
Murat	Nouvelle-Aquitaine	19170	45.5407	1.8948
Albignac	Nouvelle-Aquitaine	19190	45.1391	1.6779
Ussel	Nouvelle-Aquitaine	19200	45.548	2.3092
Lubersac	Nouvelle-Aquitaine	19210	45.4447	1.4046
Auriac	Nouvelle-Aquitaine	19220	45.2039	2.148
Arnac-Pompadour	Nouvelle-Aquitaine	19230	45.4097	1.3699
Allassac	Nouvelle-Aquitaine	19240	45.2584	1.4755
Ambrugeat	Nouvelle-Aquitaine	19250	45.5266	2.1178
Affieux	Nouvelle-Aquitaine	19260	45.5176	1.7671
Donzenac	Nouvelle-Aquitaine	19270	45.2273	1.524
Saint-Rémy	Nouvelle-Aquitaine	19290	45.6559	2.2716
Saint-Hippolyte	Nouvelle-Aquitaine	19300	45.3546	2.0106
Segonzac	Nouvelle-Aquitaine	19310	45.2759	1.2767
Champagnac-la-Noaille	Nouvelle-Aquitaine	19320	45.3081	2.0175
Chameyrat	Nouvelle-Aquitaine	19330	45.2341	1.6981
Couffy-sur-Sarsonne	Nouvelle-Aquitaine	19340	45.6614	2.3288
Juillac	Nouvelle-Aquitaine	19350	45.3181	1.3226
Malemort-sur-Corrèze	Nouvelle-Aquitaine	19360	45.1707	1.5639
Chamberet	Nouvelle-Aquitaine	19370	45.5835	1.7198
Saint-Sylvain	Nouvelle-Aquitaine	19380	45.1752	1.8757
Beaumont	Nouvelle-Aquitaine	19390	45.4221	1.8035
Argentat	Nouvelle-Aquitaine	19400	45.0932	1.9378
Estivaux	Nouvelle-Aquitaine	19410	45.3151	1.4846
Mercœur	Nouvelle-Aquitaine	19430	45.0167	1.95
Pierrefitte	Nouvelle-Aquitaine	19450	45.423	1.6484
Naves	Nouvelle-Aquitaine	19460	45.314	1.7671
Le Lonzac	Nouvelle-Aquitaine	19470	45.4639	1.7287
Sainte-Fortunade	Nouvelle-Aquitaine	19490	45.2069	1.7712
Noailhac	Nouvelle-Aquitaine	19500	45.0729	1.6182
Benayes	Nouvelle-Aquitaine	19510	45.5198	1.471
Cublac	Nouvelle-Aquitaine	19520	45.1449	1.3061
Lapleau	Nouvelle-Aquitaine	19550	45.2936	2.166
Saint-Hilaire-Peyroux	Nouvelle-Aquitaine	19560	45.2139	1.6486
Noailles	Nouvelle-Aquitaine	19600	45.1029	1.5228
Saint-Clément	Nouvelle-Aquitaine	19700	45.3415	1.6851
Bar	Nouvelle-Aquitaine	19800	45.3451	1.8144
Ajaccio	Corse	20000	41.9189	8.7381
Ajaccio	Corse	20090	41.9189	8.7381
Bilia	Corse	20100	41.625	8.907
Arbellara	Corse	20110	41.6816	8.9901
Calcatoggio	Corse	20111	42.0284	8.7678
Altagène	Corse	20112	41.7061	9.0709
Olmeto	Corse	20113	41.7172	8.9178
Figari	Corse	20114	41.4882	9.1295
Piana	Corse	20115	42.2383	8.6356
Aullène	Corse	20116	41.772	9.0815
Cauro	Corse	20117	41.9176	8.9148
Coggia Maio	Corse	20118	42.1213	8.759
Bastelica	Corse	20119	42.0034	9.0542
Azzana	Corse	20121	42.1169	8.9233
Quenza	Corse	20122	41.7657	9.1377
Cognocoli-Monticchi	Corse	20123	41.8285	8.9053
Zonza	Corse	20124	41.7493	9.1708
Poggiolo	Corse	20125	42.1765	8.9088
Cristinacce	Corse	20126	42.2391	8.8402
Serra-di-Scopamène	Corse	20127	41.7531	9.0995
Albitreccia	Corse	20128	41.863	8.9426
Bastelicaccia	Corse	20129	41.922	8.8289
Cargèse	Corse	20130	42.1363	8.5959
Pianottoli-Caldarello	Corse	20131	41.4944	9.0563
Zicavo	Corse	20132	41.908	9.1294
Carbuccia	Corse	20133	42.0405	8.953
Ciamannacce	Corse	20134	41.9518	9.147
Conca	Corse	20135	41.7345	9.3323
Bocognano	Corse	20136	42.0808	9.057
Porto-Vecchio	Corse	20137	41.591	9.2795
Coti-Chiavari	Corse	20138	41.7725	8.771
Lopigna	Corse	20139	42.0986	8.845
Argiusta-Moriccio	Corse	20140	41.8157	9.0253
Marignana	Corse	20141	42.2334	8.8011
Campo	Corse	20142	41.8916	9.0039
Fozzano	Corse	20143	41.6975	9.0016
Zonza	Corse	20144	41.7493	9.1708
Sari-Solenzara	Corse	20145	41.8352	9.3747
Sotta	Corse	20146	41.5448	9.1963
Osani	Corse	20147	42.3241	8.6329
Cozzano	Corse	20148	41.935	9.1547
Ota	Corse	20150	42.2581	8.7463
Ambiegna	Corse	20151	42.0838	8.7922
Sorbollano	Corse	20152	41.7519	9.1095
Guitera-les-Bains	Corse	20153	41.9167	9.0833
Frasseto	Corse	20157	41.8961	9.0221
Coggia Maio	Corse	20160	42.1213	8.759
Tavera	Corse	20163	42.0688	9.0131
Cargiaca	Corse	20164	41.7312	9.048
Loreto-di-Tallano	Corse	20165	41.7194	9.0373
Albitreccia	Corse	20166	41.863	8.9426
Ajaccio	Corse	20167	41.9189	8.7381
Corrano	Corse	20168	41.8906	9.0653
Bonifacio	Corse	20169	41.3872	9.1567
Carbini	Corse	20170	41.6788	9.1468
Monacia-d'Aullène	Corse	20171	41.5136	9.0122
Vero	Corse	20172	42.0631	8.9325
Zévaco	Corse	20173	41.8924	9.0493
Azilone-Ampaza	Corse	20190	41.8633	9.0155
Bastia	Corse	20200	42.7022	9.4512
Alando	Corse	20212	42.3064	9.2905
Castellare-di-Casinca	Corse	20213	42.4676	9.4742
Calenzana	Corse	20214	42.5085	8.8554
Casalta	Corse	20215	42.442	9.4093
Saint-Florent	Corse	20217	42.6815	9.304
Castifao	Corse	20218	42.5037	9.1125
Muracciole	Corse	20219	42.1698	9.184
Corbara	Corse	20220	42.6144	8.9066
Cervione	Corse	20221	42.3284	9.4934
Brando	Corse	20222	42.7667	9.45
Albertacce	Corse	20224	42.327	8.9842
Avapessa	Corse	20225	42.5611	8.8953
Belgodère	Corse	20226	42.5855	9.0179
Ghisoni	Corse	20227	42.1032	9.2115
Barrettali	Corse	20228	42.8769	9.3554
Campana	Corse	20229	42.3887	9.3534
Canale-di-Verde	Corse	20230	42.2771	9.4748
Venaco	Corse	20231	42.2323	9.1725
Oletta	Corse	20232	42.6299	9.3543
Pietracorbara	Corse	20233	42.8463	9.4301
Felce	Corse	20234	42.3488	9.4182
Bisinchi	Corse	20235	42.4775	9.3242
Castirla	Corse	20236	42.3725	9.1441
Casabianca	Corse	20237	42.4463	9.3634
Centuri	Corse	20238	42.9659	9.3518
Murato	Corse	20239	42.578	9.3271
Chisa	Corse	20240	41.9248	9.2634
Noceta	Corse	20242	42.1982	9.2098
Isolaccio-di-Fiumorbo	Corse	20243	42.0025	9.282
Aiti	Corse	20244	42.3991	9.2442
Galéria	Corse	20245	42.4108	8.6491
Santo-Pietro-di-Tenda	Corse	20246	42.607	9.2568
Rogliano	Corse	20247	42.9561	9.4184
Rogliano	Corse	20248	42.9561	9.4184
Casanova	Corse	20250	42.2541	9.1748
Pancheraccia	Corse	20251	42.2182	9.3715
Bigorno	Corse	20252	42.5273	9.299
Barbaggio	Corse	20253	42.6897	9.3779
Corbara	Corse	20256	42.6144	8.9066
Mausoléo	Corse	20259	42.5201	9.0083
Calenzana	Corse	20260	42.5081	8.8553
Pancheraccia	Corse	20270	42.2182	9.3715
Ampriani	Corse	20272	42.2542	9.3575
Ersa	Corse	20275	42.975	9.3806
Asco	Corse	20276	42.454	9.0338
Ville-di-Paraso	Corse	20279	42.5656	8.9859
Meria	Corse	20287	42.9268	9.4526
Borgo	Corse	20290	42.5549	9.4264
Bastia	Corse	20600	42.7022	9.4512
Biguglia	Corse	20620	42.6269	9.4202
Dijon	Bourgogne-Franche-Comté	21000	47.3167	5.0167
Longchamp	Bourgogne-Franche-Comté	21110	47.2597	5.2869
Lux	Bourgogne-Franche-Comté	21120	47.489	5.2099
Étaules	Bourgogne-Franche-Comté	21121	47.4072	4.9446
Athée	Bourgogne-Franche-Comté	21130	47.23	5.3726
Genay	Bourgogne-Franche-Comté	21140	47.5257	4.2986
Hauteroche	Bourgogne-Franche-Comté	21150	47.5001	4.581
Corcelles-les-Monts	Bourgogne-Franche-Comté	21160	47.2951	4.9403
Montot	Bourgogne-Franche-Comté	21170	47.1404	5.2442
Saint-Aubin	Bourgogne-Franche-Comté	21190	46.9514	4.7156
Beaune	Bourgogne-Franche-Comté	21200	47.0241	4.8389
Saint-Didier	Bourgogne-Franche-Comté	21210	47.33	4.1826
Chevannes	Bourgogne-Franche-Comté	21220	47.1576	4.8482
Champignolles	Bourgogne-Franche-Comté	21230	47.0543	4.5663
Talant	Bourgogne-Franche-Comté	21240	47.3369	5.0089
Labruyère	Bourgogne-Franche-Comté	21250	47.0442	5.1518
Orville	Bourgogne-Franche-Comté	21260	47.5639	5.2128
Saint-Sauveur	Bourgogne-Franche-Comté	21270	47.3581	5.4135
Lucey	Bourgogne-Franche-Comté	21290	47.8529	4.8619
Chenôve	Bourgogne-Franche-Comté	21300	47.2932	5.0046
Charmes	Bourgogne-Franche-Comté	21310	47.3767	5.3461
Châteauneuf	Bourgogne-Franche-Comté	21320	47.2186	4.641
Cérilly	Bourgogne-Franche-Comté	21330	47.8661	4.4957
Baubigny	Bourgogne-Franche-Comté	21340	46.9698	4.6838
Charny	Bourgogne-Franche-Comté	21350	47.3367	4.4277
Colombier	Bourgogne-Franche-Comté	21360	47.1675	4.6719
Lantenay	Bourgogne-Franche-Comté	21370	47.3421	4.8659
Épagny	Bourgogne-Franche-Comté	21380	47.4487	5.0603
Braux	Bourgogne-Franche-Comté	21390	47.4081	4.4261
Châtillon-sur-Seine	Bourgogne-Franche-Comté	21400	47.8585	4.5737
Arcey	Bourgogne-Franche-Comté	21410	47.276	4.827
Aloxe-Corton	Bourgogne-Franche-Comté	21420	47.0666	4.8596
Blanot	Bourgogne-Franche-Comté	21430	47.1713	4.234
Francheville	Bourgogne-Franche-Comté	21440	47.4538	4.8819
Oigny	Bourgogne-Franche-Comté	21450	47.5698	4.7068
Bard-lès-Époisses	Bourgogne-Franche-Comté	21460	47.5315	4.2154
Brazey-en-Plaine	Bourgogne-Franche-Comté	21470	47.1378	5.2154
Saint-Julien	Bourgogne-Franche-Comté	21490	47.4003	5.1416
Fresnes	Bourgogne-Franche-Comté	21500	47.6076	4.4395
Beaulieu	Bourgogne-Franche-Comté	21510	47.7269	4.7285
Lignerolles	Bourgogne-Franche-Comté	21520	47.9015	4.8885
Rouvray	Bourgogne-Franche-Comté	21530	47.4245	4.1046
Saint-Mesmin	Bourgogne-Franche-Comté	21540	47.3423	4.6525
Ladoix-Serrigny	Bourgogne-Franche-Comté	21550	47.0667	4.8833
Arc-sur-Tille	Bourgogne-Franche-Comté	21560	47.3435	5.1867
Autricourt	Bourgogne-Franche-Comté	21570	47.9977	4.62
Bussières	Bourgogne-Franche-Comté	21580	47.6628	4.9654
Santenay	Bourgogne-Franche-Comté	21590	46.9129	4.6967
Longvic	Bourgogne-Franche-Comté	21600	47.2875	5.0634
Fontenelle	Bourgogne-Franche-Comté	21610	47.501	5.3742
Pommard	Bourgogne-Franche-Comté	21630	47.0096	4.7945
Flagey-Echézeaux	Bourgogne-Franche-Comté	21640	47.1667	4.9833
Boux-sous-Salmaise	Bourgogne-Franche-Comté	21690	47.4731	4.6379
Nuits-Saint-Georges	Bourgogne-Franche-Comté	21700	47.1368	4.949
Lamarche-sur-Saône	Bourgogne-Franche-Comté	21760	47.2695	5.3859
Quetigny	Bourgogne-Franche-Comté	21800	47.3167	5.1167
Chivres	Bourgogne-Franche-Comté	21820	46.9758	5.0949
Saint-Apollinaire	Bourgogne-Franche-Comté	21850	47.3333	5.0833
Barges	Bourgogne-Franche-Comté	21910	47.2123	5.0609
Saint-Brieuc	Bretagne	22000	48.5151	-2.7684
Dinan	Bretagne	22100	48.4555	-2.0505
Glomel	Bretagne	22110	48.2229	-3.3953
Hillion	Bretagne	22120	48.5141	-2.6682
Bourseul	Bretagne	22130	48.4869	-2.2593
Saint-Laurent	Bretagne	22140	48.6197	-3.2338
Gausson	Bretagne	22150	48.2995	-2.7539
La Chapelle-Neuve	Bretagne	22160	48.4619	-3.4205
Boqueho	Bretagne	22170	48.4831	-2.9606
Plérin	Bretagne	22190	48.5345	-2.7698
Guingamp	Bretagne	22200	48.5626	-3.1529
La Ferrière	Bretagne	22210	48.142	-2.6076
Minihy-Tréguier	Bretagne	22220	48.7754	-3.2288
Gomené	Bretagne	22230	48.1741	-2.4868
Fréhel	Bretagne	22240	48.6333	-2.3667
Rouillac	Bretagne	22250	48.3088	-2.3669
Plouëc-du-Trieux	Bretagne	22260	48.6833	-3.2
Dolo	Bretagne	22270	48.3839	-2.3292
Le Faouët	Bretagne	22290	48.6841	-3.0738
Lannion	Bretagne	22300	48.7326	-3.4566
Plestin-les-Grèves	Bretagne	22310	48.6578	-3.6307
Corlay	Bretagne	22320	48.3165	-3.0574
Collinée	Bretagne	22330	48.3007	-2.5202
Le Moustoir	Bretagne	22340	48.2664	-3.5056
La Chapelle-Blanche	Bretagne	22350	48.2656	-2.1441
Langueux	Bretagne	22360	48.4953	-2.7182
Pléneuf-Val-André	Bretagne	22370	48.5911	-2.5485
Saint-Cast-le-Guildo	Bretagne	22380	48.6304	-2.2589
Bourbriac	Bretagne	22390	48.4751	-3.1875
Lamballe	Bretagne	22400	48.4681	-2.5178
Lantic	Bretagne	22410	48.6059	-2.8825
Lanvellec	Bretagne	22420	48.6198	-3.5378
Erquy	Bretagne	22430	48.6313	-2.4651
La Méaugon	Bretagne	22440	48.4983	-2.8415
Camlez	Bretagne	22450	48.7781	-3.3043
Allineuc	Bretagne	22460	48.3116	-2.8728
Plouézec	Bretagne	22470	48.7489	-2.9847
Canihuel	Bretagne	22480	48.339	-3.1064
Langrolay-sur-Rance	Bretagne	22490	48.55	-2
Paimpol	Bretagne	22500	48.7783	-3.0466
Moncontour	Bretagne	22510	48.3595	-2.634
Binic-Étables-sur-Mer	Bretagne	22520	48.6261	-2.8342
Caurel	Bretagne	22530	48.2161	-3.0388
Louargat	Bretagne	22540	48.5661	-3.3386
Hénanbihen	Bretagne	22550	48.561	-2.377
Pleumeur-Bodou	Bretagne	22560	48.7731	-3.5174
Gouarec	Bretagne	22570	48.2272	-3.1799
Lanloup	Bretagne	22580	48.7128	-2.9658
Pordic	Bretagne	22590	48.5709	-2.8171
Loudéac	Bretagne	22600	48.1776	-2.7558
Kerbors	Bretagne	22610	48.8286	-3.1832
Ploubazlanec	Bretagne	22620	48.8004	-3.0319
Saint-André-des-Eaux	Bretagne	22630	48.3718	-2.0104
La Malhoure	Bretagne	22640	48.3971	-2.4956
Plessix-Balisson	Bretagne	22650	48.5374	-2.1423
Trélévern	Bretagne	22660	48.8085	-3.3718
Binic-Étables-sur-Mer	Bretagne	22680	48.6261	-2.8342
La Vicomté-sur-Rance	Bretagne	22690	48.4887	-1.9826
Louannec	Bretagne	22700	48.7942	-3.4112
Penvénan	Bretagne	22710	48.8118	-3.2955
Saint-Fiacre	Bretagne	22720	48.4616	-3.0604
Trégastel	Bretagne	22730	48.8167	-3.5
Lézardrieux	Bretagne	22740	48.7853	-3.1084
Saint-Jacut-de-la-Mer	Bretagne	22750	48.5969	-2.1906
Lancieux	Bretagne	22770	48.6075	-2.1503
Loguivy-Plougras	Bretagne	22780	48.5223	-3.4881
Cohiniac	Bretagne	22800	48.4615	-2.9496
Belle-Isle-en-Terre	Bretagne	22810	48.5448	-3.3958
Plougrescant	Bretagne	22820	48.8403	-3.2289
Plouasne	Bretagne	22830	48.3019	-2.0084
Plourivo	Bretagne	22860	48.7456	-3.0711
Île-de-Bréhat	Bretagne	22870	48.8459	-3.0005
Yvias	Bretagne	22930	48.7147	-3.0521
Saint-Julien	Bretagne	22940	48.4522	-2.8146
Trégueux	Bretagne	22950	48.4903	-2.7383
Plédran	Bretagne	22960	48.4456	-2.7461
Coadout	Bretagne	22970	48.5177	-3.1877
La Landec	Bretagne	22980	48.4357	-2.1794
Guéret	Nouvelle-Aquitaine	23000	46.1718	1.8717
Féniers	Nouvelle-Aquitaine	23100	45.7506	2.1266
Saint-Priest	Nouvelle-Aquitaine	23110	46.0883	2.343
Banize	Nouvelle-Aquitaine	23120	45.9313	1.9975
Saint-Dizier	Nouvelle-Aquitaine	23130	46.1335	2.1622
Cressat	Nouvelle-Aquitaine	23140	46.14	2.1083
Ahun	Nouvelle-Aquitaine	23150	46.0858	2.0449
Saint-Sébastien	Nouvelle-Aquitaine	23160	46.3913	1.5314
Auge	Nouvelle-Aquitaine	23170	46.2421	2.3234
Champagnat	Nouvelle-Aquitaine	23190	46.0181	2.2831
Saint-Amand	Nouvelle-Aquitaine	23200	45.9819	2.208
Marsac	Nouvelle-Aquitaine	23210	46.0981	1.5869
Bonnat	Nouvelle-Aquitaine	23220	46.3278	1.9042
Bord-Saint-Georges	Nouvelle-Aquitaine	23230	46.2601	2.2985
Chamborand	Nouvelle-Aquitaine	23240	46.1563	1.5718
Chavanat	Nouvelle-Aquitaine	23250	45.9535	1.9642
La Villeneuve	Nouvelle-Aquitaine	23260	45.899	2.4094
Roches	Nouvelle-Aquitaine	23270	46.2831	1.9994
Saint-Pierre-de-Fursac	Nouvelle-Aquitaine	23290	46.1473	1.5128
Vareilles	Nouvelle-Aquitaine	23300	46.301	1.4764
Montaigut-le-Blanc	Nouvelle-Aquitaine	23320	46.121	1.7347
La Villedieu	Nouvelle-Aquitaine	23340	45.7335	1.8865
Genouillac	Nouvelle-Aquitaine	23350	46.3519	1.9923
La Forêt-du-Temple	Nouvelle-Aquitaine	23360	46.4204	1.9025
Ajain	Nouvelle-Aquitaine	23380	46.2071	1.9971
Auriat	Nouvelle-Aquitaine	23400	45.8736	1.6444
Mérinchal	Nouvelle-Aquitaine	23420	45.9168	2.4884
Châtelus-le-Marcheix	Nouvelle-Aquitaine	23430	45.9994	1.607
Fresselines	Nouvelle-Aquitaine	23450	46.3829	1.6828
Le Monteil-au-Vicomte	Nouvelle-Aquitaine	23460	45.9302	1.937
Ars	Nouvelle-Aquitaine	23480	46.0044	2.0782
Clairavaux	Nouvelle-Aquitaine	23500	45.7833	2.1672
Boussac	Nouvelle-Aquitaine	23600	46.3484	2.2203
Brousse	Nouvelle-Aquitaine	23700	45.972	2.455
Villard	Nouvelle-Aquitaine	23800	46.3321	1.701
Périgueux	Nouvelle-Aquitaine	24000	45.1869	0.7144
Bergerac	Nouvelle-Aquitaine	24100	44.8516	0.4817
Grignols	Nouvelle-Aquitaine	24110	45.0831	0.5396
Grèzes	Nouvelle-Aquitaine	24120	45.1034	1.3671
La Force	Nouvelle-Aquitaine	24130	44.8687	0.3753
Maurens	Nouvelle-Aquitaine	24140	44.9351	0.4836
Varennes	Nouvelle-Aquitaine	24150	44.8317	0.6784
Saint-Raphaël	Nouvelle-Aquitaine	24160	45.3041	1.0745
Belvès	Nouvelle-Aquitaine	24170	44.7764	1.0072
Neuvic	Nouvelle-Aquitaine	24190	45.1007	0.4688
Sarlat-la-Canéda	Nouvelle-Aquitaine	24200	44.889	1.2166
Bars	Nouvelle-Aquitaine	24210	45.0998	1.0628
Saint-Cyprien	Nouvelle-Aquitaine	24220	44.8692	1.0416
Saint-Vivien	Nouvelle-Aquitaine	24230	44.8928	0.1039
Monestier	Nouvelle-Aquitaine	24240	44.774	0.3269
Cénac	Nouvelle-Aquitaine	24250	44.7998	1.2043
Campagne	Nouvelle-Aquitaine	24260	44.9073	0.9672
Saint-Mesmin	Nouvelle-Aquitaine	24270	45.3525	1.2052
Montignac	Nouvelle-Aquitaine	24290	45.066	1.1608
Abjat-sur-Bandiat	Nouvelle-Aquitaine	24300	45.5848	0.7583
Biras	Nouvelle-Aquitaine	24310	45.2874	0.6389
Saint-Just	Nouvelle-Aquitaine	24320	45.336	0.5077
Boulazac Isle Manoire	Nouvelle-Aquitaine	24330	45.171	0.773
Mareuil	Nouvelle-Aquitaine	24340	45.4507	0.4521
Saint-Victor	Nouvelle-Aquitaine	24350	45.2635	0.438
Saint-Estèphe	Nouvelle-Aquitaine	24360	45.5919	0.6631
Calviac-en-Périgord	Nouvelle-Aquitaine	24370	44.85	1.3333
Salon	Nouvelle-Aquitaine	24380	45.02	0.7728
Badefols-d'Ans	Nouvelle-Aquitaine	24390	45.2296	1.1967
Saint-Géry	Nouvelle-Aquitaine	24400	44.9848	0.3239
Chenaud	Nouvelle-Aquitaine	24410	45.2183	0.1032
Sorges et Ligueux en Périgord	Nouvelle-Aquitaine	24420	45.3078	0.8733
Annesse-et-Beaulieu	Nouvelle-Aquitaine	24430	45.1642	0.5719
Sainte-Croix	Nouvelle-Aquitaine	24440	44.7396	0.8306
Mialet	Nouvelle-Aquitaine	24450	45.5499	0.9043
Ligueux	Nouvelle-Aquitaine	24460	45.3091	0.8194
Champs-Romain	Nouvelle-Aquitaine	24470	45.5319	0.7745
Bouillac	Nouvelle-Aquitaine	24480	44.76	0.9183
La Roche-Chalais	Nouvelle-Aquitaine	24490	45.1516	0.008
Eymet	Nouvelle-Aquitaine	24500	44.6673	0.399
Limeuil	Nouvelle-Aquitaine	24510	44.8876	0.8902
Saint-Sauveur	Nouvelle-Aquitaine	24520	44.8684	0.586
Villars	Nouvelle-Aquitaine	24530	45.4202	0.7535
Biron	Nouvelle-Aquitaine	24540	44.6315	0.8718
Lavaur	Nouvelle-Aquitaine	24550	44.6132	1.0229
Colombier	Nouvelle-Aquitaine	24560	44.7747	0.5268
Condat-sur-Vézère	Nouvelle-Aquitaine	24570	45.1176	1.2305
Fleurac	Nouvelle-Aquitaine	24580	45.0082	1.0022
Archignac	Nouvelle-Aquitaine	24590	45.011	1.3123
Celles	Nouvelle-Aquitaine	24600	45.2969	0.4126
Montpeyroux	Nouvelle-Aquitaine	24610	44.9198	0.0566
Marquay	Nouvelle-Aquitaine	24620	44.9434	1.1345
Jumilhac-le-Grand	Nouvelle-Aquitaine	24630	45.4945	1.064
Chourgnac	Nouvelle-Aquitaine	24640	45.2365	1.0598
Chancelade	Nouvelle-Aquitaine	24650	45.2055	0.6655
Coulounieix	Nouvelle-Aquitaine	24660	45.1577	0.688
Gardonne	Nouvelle-Aquitaine	24680	44.8363	0.3326
Saint-Rémy	Nouvelle-Aquitaine	24700	44.9454	0.1842
Trélissac	Nouvelle-Aquitaine	24750	45.1962	0.7826
Chalais	Nouvelle-Aquitaine	24800	45.5081	0.9277
Besançon	Bourgogne-Franche-Comté	25000	47.2488	6.0182
Baume-les-Dames	Bourgogne-Franche-Comté	25110	47.353	6.3612
Montgesoye	Bourgogne-Franche-Comté	25111	47.0825	6.1917
Sainte-Marie	Bourgogne-Franche-Comté	25113	47.5082	6.6965
Pouilley-les-Vignes	Bourgogne-Franche-Comté	25115	47.2577	5.9358
Cernay-l'Église	Bourgogne-Franche-Comté	25120	47.2578	6.8315
Villers-le-Lac	Bourgogne-Franche-Comté	25130	47.0632	6.667
Charquemont	Bourgogne-Franche-Comté	25140	47.2142	6.8198
Autechaux-Roide	Bourgogne-Franche-Comté	25150	47.392	6.8142
La Planée	Bourgogne-Franche-Comté	25160	46.8381	6.2789
Champagney	Bourgogne-Franche-Comté	25170	47.2561	5.9064
Saint-Hippolyte	Bourgogne-Franche-Comté	25190	47.3188	6.8162
Montbéliard	Bourgogne-Franche-Comté	25200	47.5096	6.7982
La Bosse	Bourgogne-Franche-Comté	25210	47.1379	6.6507
Amagney	Bourgogne-Franche-Comté	25220	47.3052	6.1508
Bondeval	Bourgogne-Franche-Comté	25230	47.4437	6.8475
Brey-et-Maison-du-Bois	Bourgogne-Franche-Comté	25240	46.7384	6.229
Accolans	Bourgogne-Franche-Comté	25250	47.4946	6.5322
Colombier-Fontaine	Bourgogne-Franche-Comté	25260	47.4522	6.6901
Sainte-Anne	Bourgogne-Franche-Comté	25270	46.9546	5.987
Ornans	Bourgogne-Franche-Comté	25290	47.1075	6.1431
Sainte-Colombe	Bourgogne-Franche-Comté	25300	46.8788	6.2668
Dannemarie	Bourgogne-Franche-Comté	25310	47.3906	6.8954
Grandfontaine	Bourgogne-Franche-Comté	25320	47.1976	5.9008
Flagey	Bourgogne-Franche-Comté	25330	47.0377	6.1206
Branne	Bourgogne-Franche-Comté	25340	47.3761	6.4723
Mandeure	Bourgogne-Franche-Comté	25350	47.4492	6.8076
Vauchamps	Bourgogne-Franche-Comté	25360	47.2706	6.2404
Saint-Antoine	Bourgogne-Franche-Comté	25370	46.7764	6.3341
Charmoille	Bourgogne-Franche-Comté	25380	47.2448	6.6686
Consolation-Maisonnettes	Bourgogne-Franche-Comté	25390	47.1582	6.606
Audincourt	Bourgogne-Franche-Comté	25400	47.4833	6.8534
Osselle-Routelle	Bourgogne-Franche-Comté	25410	47.1431	5.8564
Bart	Bourgogne-Franche-Comté	25420	47.4886	6.7709
Rahon	Bourgogne-Franche-Comté	25430	47.324	6.5905
Courcelles	Bourgogne-Franche-Comté	25440	47.0943	5.9556
Damprichard	Bourgogne-Franche-Comté	25450	47.2441	6.8812
Étupes	Bourgogne-Franche-Comté	25460	47.5053	6.8707
Courtefontaine	Bourgogne-Franche-Comté	25470	47.3206	6.9081
Miserey-Salines	Bourgogne-Franche-Comté	25480	47.2864	5.9739
Allenjoie	Bourgogne-Franche-Comté	25490	47.5349	6.8974
Morteau	Bourgogne-Franche-Comté	25500	47.0578	6.6072
Domprel	Bourgogne-Franche-Comté	25510	47.2004	6.4691
Arc-sous-Cicon	Bourgogne-Franche-Comté	25520	47.051	6.3798
Belmont	Bourgogne-Franche-Comté	25530	47.2201	6.3661
Allondans	Bourgogne-Franche-Comté	25550	47.5193	6.748
Bonnevaux	Bourgogne-Franche-Comté	25560	46.8074	6.184
Grand'Combe-Châteleu	Bourgogne-Franche-Comté	25570	47.0167	6.5833
Saules	Bourgogne-Franche-Comté	25580	47.1232	6.2002
Sochaux	Bourgogne-Franche-Comté	25600	47.5081	6.8275
Arc-et-Senans	Bourgogne-Franche-Comté	25610	47.0313	5.7703
Foucherans	Bourgogne-Franche-Comté	25620	47.1582	6.1363
Sainte-Suzanne	Bourgogne-Franche-Comté	25630	47.5002	6.7678
Saint-Hilaire	Bourgogne-Franche-Comté	25640	47.3342	6.2392
La Chaux	Bourgogne-Franche-Comté	25650	47.0228	6.4332
Montfaucon	Bourgogne-Franche-Comté	25660	47.2356	6.0816
Romain	Bourgogne-Franche-Comté	25680	47.4418	6.373
Avoudrey	Bourgogne-Franche-Comté	25690	47.1373	6.4337
Valentigney	Bourgogne-Franche-Comté	25700	47.4639	6.8317
Arguel	Bourgogne-Franche-Comté	25720	47.1975	6.0015
Arcey	Bourgogne-Franche-Comté	25750	47.5226	6.6622
Franois	Bourgogne-Franche-Comté	25770	47.2306	5.9287
Les Gras	Bourgogne-Franche-Comté	25790	46.9951	6.5445
Valdahon	Bourgogne-Franche-Comté	25800	47.15	6.35
Laissey	Bourgogne-Franche-Comté	25820	47.2973	6.2282
Châteauvieux-les-Fossés	Bourgogne-Franche-Comté	25840	47.0637	6.2027
Bonnay	Bourgogne-Franche-Comté	25870	47.3333	6.05
Mouthier-Haute-Pierre	Bourgogne-Franche-Comté	25920	47.0397	6.2751
Lods	Bourgogne-Franche-Comté	25930	47.045	6.2481
Deluz	Bourgogne-Franche-Comté	25960	47.2939	6.2015
Valence	Auvergne-Rhône-Alpes	26000	44.9256	4.9096
Romans-sur-Isère	Auvergne-Rhône-Alpes	26100	45.0496	5.066
Nyons	Auvergne-Rhône-Alpes	26110	44.3608	5.1405
Châteaudouble	Auvergne-Rhône-Alpes	26120	44.8993	5.0934
Clansayes	Auvergne-Rhône-Alpes	26130	44.3694	4.8078
Albon	Auvergne-Rhône-Alpes	26140	45.2461	4.8493
Sainte-Croix	Auvergne-Rhône-Alpes	26150	44.7683	5.2835
Manas	Auvergne-Rhône-Alpes	26160	44.6036	4.9839
Beauvoisin	Auvergne-Rhône-Alpes	26170	44.3008	5.2103
Saint-Jean-en-Royans	Auvergne-Rhône-Alpes	26190	45.0197	5.2922
Montélimar	Auvergne-Rhône-Alpes	26200	44.5547	4.7547
Lapeyrouse-Mornay	Auvergne-Rhône-Alpes	26210	45.3236	4.9952
Comps	Auvergne-Rhône-Alpes	26220	44.5333	5.1167
Chamaret	Auvergne-Rhône-Alpes	26230	44.3973	4.8814
Saint-Vallier	Auvergne-Rhône-Alpes	26240	45.1715	4.8176
Livron-sur-Drôme	Auvergne-Rhône-Alpes	26250	44.7769	4.8418
Chavannes	Auvergne-Rhône-Alpes	26260	45.0833	4.85
Cliousclat	Auvergne-Rhône-Alpes	26270	44.717	4.8323
Donzère	Auvergne-Rhône-Alpes	26290	44.4425	4.7113
Bourg-de-Péage	Auvergne-Rhône-Alpes	26300	45.0315	5.0499
Barnave	Auvergne-Rhône-Alpes	26310	44.6598	5.3691
Saint-Marcel-lès-Valence	Auvergne-Rhône-Alpes	26320	44.9713	4.9532
Saint-Avit	Auvergne-Rhône-Alpes	26330	45.1956	4.9704
Aurel	Auvergne-Rhône-Alpes	26340	44.6948	5.2989
Miribel	Auvergne-Rhône-Alpes	26350	45.1997	5.1111
Peyrins	Auvergne-Rhône-Alpes	26380	45.0933	5.0451
Hauterives	Auvergne-Rhône-Alpes	26390	45.2557	5.019
Crest	Auvergne-Rhône-Alpes	26400	44.7264	5.0152
Boulc	Auvergne-Rhône-Alpes	26410	44.6474	5.567
La Chapelle-en-Vercors	Auvergne-Rhône-Alpes	26420	44.9669	5.4175
Charols	Auvergne-Rhône-Alpes	26450	44.5905	4.9521
Bourdeaux	Auvergne-Rhône-Alpes	26460	44.5858	5.1361
Chalancon	Auvergne-Rhône-Alpes	26470	44.5093	5.3468
Bourg-lès-Valence	Auvergne-Rhône-Alpes	26500	44.947	4.8946
Lemps	Auvergne-Rhône-Alpes	26510	44.351	5.4192
Le Grand-Serre	Auvergne-Rhône-Alpes	26530	45.2694	5.1043
Mours-Saint-Eusèbe	Auvergne-Rhône-Alpes	26540	45.0651	5.0578
Ballons	Auvergne-Rhône-Alpes	26560	44.2558	5.6443
Aulan	Auvergne-Rhône-Alpes	26570	44.2224	5.4282
Tain-l'Hermitage	Auvergne-Rhône-Alpes	26600	45.0667	4.8559
Lus-la-Croix-Haute	Auvergne-Rhône-Alpes	26620	44.667	5.7073
Pierrelatte	Auvergne-Rhône-Alpes	26700	44.3755	4.7031
Eymeux	Auvergne-Rhône-Alpes	26730	45.0767	5.1787
Sauzet	Auvergne-Rhône-Alpes	26740	44.604	4.8209
Châtillon-Saint-Jean	Auvergne-Rhône-Alpes	26750	45.0874	5.1296
Beaumont-lès-Valence	Auvergne-Rhône-Alpes	26760	44.862	4.9431
Aleyrac	Auvergne-Rhône-Alpes	26770	44.4995	4.9395
Allan	Auvergne-Rhône-Alpes	26780	44.4971	4.7907
Rochegude	Auvergne-Rhône-Alpes	26790	44.2441	4.8272
Portes-lès-Valence	Auvergne-Rhône-Alpes	26800	44.8759	4.8741
Évreux	Normandie	27000	49.0241	1.1508
Val-de-Reuil	Normandie	27100	49.2739	1.2102
Venon	Normandie	27110	49.1724	1.0502
Boncourt	Normandie	27120	49.0267	1.3084
Verneuil-sur-Avre	Normandie	27130	48.7395	0.9273
Amécourt	Normandie	27140	49.3801	1.7318
Coudray	Normandie	27150	49.3374	1.5049
Francheville	Normandie	27160	48.7865	0.8496
Goupillières	Normandie	27170	49.1272	0.7616
Arnières-sur-Iton	Normandie	27180	48.9968	1.1038
Ormes	Normandie	27190	49.0526	0.9628
Vernon	Normandie	27200	49.0929	1.4633
Conteville	Normandie	27210	49.4178	0.3965
La Boissière	Normandie	27220	48.9456	1.3674
Barville	Normandie	27230	49.1572	0.4774
Chanteloup	Normandie	27240	48.8835	1.0205
Chambord	Normandie	27250	48.8893	0.6088
Cormeilles	Normandie	27260	49.248	0.3765
Mesnil-en-Ouche	Normandie	27270	49.0122	0.7061
Appeville-Annebault	Normandie	27290	49.3103	0.6486
Bernay	Normandie	27300	49.0889	0.5986
Caumont	Normandie	27310	49.3664	0.8959
Courdemanche	Normandie	27320	48.8167	1.2833
Mesnil-en-Ouche	Normandie	27330	49.0122	0.7061
Criquebeuf-sur-Seine	Normandie	27340	49.3056	1.0996
Brestot	Normandie	27350	49.3523	0.6852
Pont-Saint-Pierre	Normandie	27360	49.3356	1.276
Amfreville-Saint-Amand	Normandie	27370	49.2136	0.9292
Amfreville-les-Champs	Normandie	27380	49.3102	1.3193
La Goulafrière	Normandie	27390	48.9497	0.437
Louviers	Normandie	27400	49.2167	1.1667
Mesnil-en-Ouche	Normandie	27410	49.0122	0.7061
Vexin-sur-Epte	Normandie	27420	49.1589	1.6053
Herqueville	Normandie	27430	49.2453	1.2636
Bacqueville	Normandie	27440	49.3128	1.3712
Saint-Pierre-des-Ifs	Normandie	27450	49.2693	0.6208
Le Manoir	Normandie	27460	49.3136	1.2046
Fontaine-l'Abbé	Normandie	27470	49.0908	0.6945
Le Tronquay	Normandie	27480	49.4263	1.4789
Autheuil-Authouillet	Normandie	27490	49.1	1.2833
Pont-Audemer	Normandie	27500	49.35	0.5167
Fontenay	Normandie	27510	49.2086	1.5699
Berville-en-Roumois	Normandie	27520	49.296	0.8234
Croth	Normandie	27530	48.8456	1.3786
Ivry-la-Bataille	Normandie	27540	48.8833	1.4595
Fontaine-la-Soret	Normandie	27550	49.1477	0.7149
Saint-Siméon	Normandie	27560	49.2847	0.5171
Acon	Normandie	27570	48.7659	1.102
Bourth	Normandie	27580	48.7685	0.8091
Pîtres	Normandie	27590	49.3167	1.2333
Gaillon	Normandie	27600	49.161	1.3402
Romilly-sur-Andelle	Normandie	27610	49.3319	1.2613
Bois-Jérôme-Saint-Ouen	Normandie	27620	49.1038	1.5348
Vexin-sur-Epte	Normandie	27630	49.1589	1.6053
Breuilpont	Normandie	27640	48.964	1.4292
Louye	Normandie	27650	48.7992	1.3209
Bernouville	Normandie	27660	49.2864	1.691
Bosnormand	Normandie	27670	49.2812	0.9053
Saint-Thurien	Normandie	27680	49.407	0.5586
Léry	Normandie	27690	49.2858	1.2077
Les Andelys	Normandie	27700	49.2456	1.4117
Saint-Georges-Motel	Normandie	27710	48.7934	1.3659
Noyers	Normandie	27720	49.2456	1.6791
Neuilly	Normandie	27730	48.9321	1.4206
Poses	Normandie	27740	49.3054	1.2435
La Couture-Boussey	Normandie	27750	48.8958	1.4049
La Ferrière-sur-Risle	Normandie	27760	48.9793	0.7874
Illiers-l'Évêque	Normandie	27770	48.8211	1.2671
Garennes-sur-Eure	Normandie	27780	48.9112	1.4384
Rosay-sur-Lieure	Normandie	27790	49.3733	1.4303
Franqueville	Normandie	27800	49.1737	0.6891
Marcilly-sur-Eure	Normandie	27810	48.8257	1.3474
Armentières-sur-Avre	Normandie	27820	48.684	0.816
Neaufles-Saint-Martin	Normandie	27830	49.2765	1.7279
Ménesqueville	Normandie	27850	49.3632	1.4111
Heudicourt	Normandie	27860	49.337	1.6592
Vesly	Normandie	27870	49.2429	1.6526
La Neuville-du-Bosc	Normandie	27890	49.1928	0.8128
Renneville	Normandie	27910	49.4024	1.3234
Saint-Pierre-de-Bailleul	Normandie	27920	49.1233	1.3921
La Trinité	Normandie	27930	48.9879	1.2356
Le Val d'Hazey	Normandie	27940	49.1742	1.3355
Saint-Just	Normandie	27950	49.1085	1.441
Chartres	Centre-Val de Loire	28000	48.4469	1.4892
Dreux	Centre-Val de Loire	28100	48.7365	1.3657
Lucé	Centre-Val de Loire	28110	48.4369	1.4636
Cernay	Centre-Val de Loire	28120	48.3836	1.2376
Pierres	Centre-Val de Loire	28130	48.5921	1.5644
Baigneaux	Centre-Val de Loire	28140	48.1841	1.6087
Allonnes	Centre-Val de Loire	28150	48.3306	1.6561
Brou	Centre-Val de Loire	28160	48.2172	1.1654
Favières	Centre-Val de Loire	28170	48.531	1.2269
Le Favril	Centre-Val de Loire	28190	48.4692	1.153
Saint-Christophe	Centre-Val de Loire	28200	48.127	1.3662
Faverolles	Centre-Val de Loire	28210	48.6875	1.579
Autheuil	Centre-Val de Loire	28220	48.0076	1.2913
Épernon	Centre-Val de Loire	28230	48.6103	1.6722
Belhomert-Guéhouville	Centre-Val de Loire	28240	48.5053	1.0586
Digny	Centre-Val de Loire	28250	48.5363	1.1536
Boncourt	Centre-Val de Loire	28260	48.8461	1.4628
Beauche	Centre-Val de Loire	28270	48.6846	0.9658
Saint-Pellerin	Centre-Val de Loire	28290	48.0701	1.141
Mainvilliers	Centre-Val de Loire	28300	48.45	1.4561
Gommerville	Centre-Val de Loire	28310	48.3458	1.9449
Bailleau-Armenonville	Centre-Val de Loire	28320	48.5333	1.65
Charbonnières	Centre-Val de Loire	28330	48.1904	0.9524
Morvilliers	Centre-Val de Loire	28340	48.6446	0.9384
Dampierre-sur-Avre	Centre-Val de Loire	28350	48.7625	1.1493
Theuville	Centre-Val de Loire	28360	48.3356	1.5998
Saint-Rémy-sur-Avre	Centre-Val de Loire	28380	48.7614	1.2453
Nogent-le-Rotrou	Centre-Val de Loire	28400	48.3216	0.8218
Goussainville	Centre-Val de Loire	28410	48.7767	1.5554
Thiron Gardais	Centre-Val de Loire	28480	48.3167	0.9833
Montreuil	Centre-Val de Loire	28500	48.7774	1.3697
Luisant	Centre-Val de Loire	28600	48.4295	1.4738
Gellainville	Centre-Val de Loire	28630	48.4087	1.5297
Auneau	Centre-Val de Loire	28700	48.4636	1.7726
Bonneval	Centre-Val de Loire	28800	48.1831	1.3852
Quimper	Bretagne	29000	47.996	-4.098
Douarnenez	Bretagne	29100	48.0954	-4.329
Pont-l'Abbé	Bretagne	29120	47.8669	-4.2242
Melgven	Bretagne	29140	47.9065	-3.835
Cast	Bretagne	29150	48.1582	-4.1392
Crozon	Bretagne	29160	48.2464	-4.4899
Fouesnant	Bretagne	29170	47.8934	-4.0124
Guengat	Bretagne	29180	48.0421	-4.2055
Brasparts	Bretagne	29190	48.3013	-3.9555
Brest	Bretagne	29200	48.3903	-4.4863
Le Conquet	Bretagne	29217	48.3605	-4.7709
Cléder	Bretagne	29233	48.6633	-4.1024
Locquirec	Bretagne	29241	48.6924	-3.6455
Ouessant	Bretagne	29242	48.4597	-5.0862
Poullaouen	Bretagne	29246	48.3401	-3.6424
Plougoulm	Bretagne	29250	48.664	-4.0454
Plouezoc'h	Bretagne	29252	48.6394	-3.8231
Île de Batz	Bretagne	29253	48.7477	-4.0142
Île-Molène	Bretagne	29259	48.3966	-4.9558
Kernilis	Bretagne	29260	48.5713	-4.4195
Carhaix-Plouguer	Bretagne	29270	48.2759	-3.5733
Locmaria-Plouzané	Bretagne	29280	48.3747	-4.6441
Guipronvel	Bretagne	29290	48.4905	-4.5743
Quimperlé	Bretagne	29300	47.8721	-3.5499
Locunolé	Bretagne	29310	47.9366	-3.4785
Riec-sur-Belon	Bretagne	29340	47.8333	-3.7
Moëlan-sur-Mer	Bretagne	29350	47.814	-3.6288
Clohars-Carnoët	Bretagne	29360	47.7963	-3.5856
Coray	Bretagne	29370	48.0609	-3.8304
Saint-Thurien	Bretagne	29380	47.9591	-3.6245
Leuhan	Bretagne	29390	48.0992	-3.7847
Saint-Sauveur	Bretagne	29400	48.447	-4.0057
Guiclan	Bretagne	29410	48.5506	-3.9618
Mespaul	Bretagne	29420	48.6185	-4.0252
Lanhouarneau	Bretagne	29430	48.5799	-4.2107
Plougar	Bretagne	29440	48.5622	-4.1414
Commana	Bretagne	29450	48.4136	-3.957
Daoulas	Bretagne	29460	48.3609	-4.2598
Loperhet	Bretagne	29470	48.3754	-4.3064
Le Relecq-Kerhuon	Bretagne	29480	48.4082	-4.3968
Guipavas	Bretagne	29490	48.4341	-4.402
Ergué-Gabéric	Bretagne	29500	47.9966	-4.0244
Briec	Bretagne	29510	48.1018	-3.9992
Châteauneuf-du-Faou	Bretagne	29520	48.1868	-3.8147
Collorec	Bretagne	29530	48.2854	-3.7746
Spézet	Bretagne	29540	48.1923	-3.7159
Plomodiern	Bretagne	29550	48.1812	-4.2324
Argol	Bretagne	29560	48.2456	-4.3162
Camaret-sur-Mer	Bretagne	29570	48.275	-4.5961
Le Faou	Bretagne	29590	48.2946	-4.1793
Morlaix	Bretagne	29600	48.5778	-3.8279
Garlan	Bretagne	29610	48.6016	-3.7573
Guimaëc	Bretagne	29620	48.6673	-3.7087
Plougasnou	Bretagne	29630	48.696	-3.7918
Bolazec	Bretagne	29640	48.4442	-3.5846
Botsorhel	Bretagne	29650	48.5267	-3.6411
Carantec	Bretagne	29660	48.6677	-3.9142
Henvic	Bretagne	29670	48.6324	-3.9273
Roscoff	Bretagne	29680	48.7238	-3.9871
Berrien	Bretagne	29690	48.4034	-3.7518
Plomelin	Bretagne	29700	47.9357	-4.1534
Gourlizon	Bretagne	29710	48.0197	-4.2667
Plonéour-Lanvern	Bretagne	29720	47.9032	-4.2835
Guilvinec	Bretagne	29730	47.7973	-4.2846
Plobannalec-Lesconil	Bretagne	29740	47.8167	-4.2167
Loctudy	Bretagne	29750	47.8322	-4.1684
Penmarch	Bretagne	29760	47.8118	-4.3383
Audierne	Bretagne	29770	48.0164	-4.5384
Plouhinec	Bretagne	29780	48.0144	-4.4869
Beuzec-Cap-Sizun	Bretagne	29790	48.0756	-4.5119
Landerneau	Bretagne	29800	48.4515	-4.2518
Brélès	Bretagne	29810	48.4781	-4.714
Bohars	Bretagne	29820	48.4292	-4.5142
Lampaul-Ploudalmézeau	Bretagne	29830	48.5608	-4.6556
Landunvez	Bretagne	29840	48.5328	-4.7271
Gouesnou	Bretagne	29850	48.453	-4.465
Bourg-Blanc	Bretagne	29860	48.4987	-4.5062
Coat-Méal	Bretagne	29870	48.5086	-4.5426
Guissény	Bretagne	29880	48.6342	-4.4091
Brignogan-Plages	Bretagne	29890	48.6643	-4.3266
Concarneau	Bretagne	29900	47.8754	-3.919
Trégunc	Bretagne	29910	47.8556	-3.8527
Névez	Bretagne	29920	47.8197	-3.7923
Pont-Aven	Bretagne	29930	47.8554	-3.748
La Forêt-Fouesnant	Bretagne	29940	47.9088	-3.9791
Bénodet	Bretagne	29950	47.8753	-4.1058
Trégourez	Bretagne	29970	48.1068	-3.8627
Île-Tudy	Bretagne	29980	47.8455	-4.1684
Île-de-Sein	Bretagne	29990	48.0333	-4.85
Nîmes	Occitanie	30000	43.8366	4.3579
Alès	Occitanie	30100	44.1249	4.0808
Branoux-les-Taillades	Occitanie	30110	44.2206	3.9902
Congénies	Occitanie	30111	43.778	4.1596
Boissières	Occitanie	30114	43.7749	4.2342
Pommiers	Occitanie	30120	43.9515	3.6084
Mus	Occitanie	30121	43.7398	4.2005
Les Plantiers	Occitanie	30122	44.1166	3.7229
Peyrolles	Occitanie	30124	44.1167	3.8333
Saumane	Occitanie	30125	44.1198	3.7619
Lirac	Occitanie	30126	44.0363	4.6895
Bellegarde	Occitanie	30127	43.754	4.5137
Garons	Occitanie	30128	43.7682	4.4285
Manduel	Occitanie	30129	43.8186	4.4725
Pont-Saint-Esprit	Occitanie	30130	44.2564	4.6483
Pujaut	Occitanie	30131	44.0048	4.7747
Caissargues	Occitanie	30132	43.7957	4.3784
Les Angles	Occitanie	30133	43.9545	4.7665
Boisset	Occitanie	30140	44.0476	4.0091
Sauveterre	Occitanie	30150	44.0228	4.7935
Bessèges	Occitanie	30160	44.2917	4.1004
Cros	Occitanie	30170	43.9926	3.8287
Sauzet	Occitanie	30190	43.9614	4.2105
Saint-Nazaire	Occitanie	30200	44.1983	4.6241
Cabrières	Occitanie	30210	43.9044	4.4719
Aigues-Mortes	Occitanie	30220	43.5668	4.1907
Bouillargues	Occitanie	30230	43.8001	4.4275
Le Grau-du-Roi	Occitanie	30240	43.5388	4.1356
Sommières	Occitanie	30250	43.7846	4.09
Saint-Clément	Occitanie	30260	43.8291	4.0264
Saint-Jean-du-Gard	Occitanie	30270	44.105	3.8858
Laudun-l'Ardoise	Occitanie	30290	44.1048	4.6573
Beaucaire	Occitanie	30300	43.8081	4.6442
Vergèze	Occitanie	30310	43.7436	4.2202
Bezouce	Occitanie	30320	43.8819	4.4903
Le Pin	Occitanie	30330	44.0902	4.5406
Mons	Occitanie	30340	44.1156	4.1719
Aigremont	Occitanie	30350	43.9658	4.1228
Monteils	Occitanie	30360	44.0892	4.1813
Saint-Christol-les-Alès	Occitanie	30380	44.0841	4.0769
Aramon	Occitanie	30390	43.8911	4.6806
Villeneuve-lès-Avignon	Occitanie	30400	43.9677	4.7926
Meyrannes	Occitanie	30410	44.2707	4.1681
Calvisson	Occitanie	30420	43.787	4.1963
Barjac	Occitanie	30430	44.3084	4.3477
Saint-Martial	Occitanie	30440	44.0342	3.736
Chambon	Occitanie	30450	44.3021	4.0179
Vabres	Occitanie	30460	44.032	3.8878
Aimargues	Occitanie	30470	43.6854	4.2077
Cendras	Occitanie	30480	44.15	4.0667
Montfrin	Occitanie	30490	43.8762	4.5927
Saint-Denis	Occitanie	30500	44.2332	4.2514
Générac	Occitanie	30510	43.7283	4.3485
Saint-Martin-de-Valgalgues	Occitanie	30520	44.1631	4.082
Portes	Occitanie	30530	44.2703	4.0211
Milhaud	Occitanie	30540	43.7899	4.3074
Saint-Hilaire-de-Brethmas	Occitanie	30560	44.0811	4.1247
Notre-Dame-de-la-Rouvière	Occitanie	30570	44.0488	3.7008
Saint-Just	Occitanie	30580	44.1109	4.2233
Vauvert	Occitanie	30600	43.6939	4.2759
Logrian-Florian	Occitanie	30610	43.95	4.0167
Aubord	Occitanie	30620	43.757	4.313
Montclus	Occitanie	30630	44.261	4.4202
Beauvoisin	Occitanie	30640	43.7187	4.323
Rochefort-du-Gard	Occitanie	30650	43.9745	4.6898
Gallargues-le-Montueux	Occitanie	30660	43.7167	4.1667
Aigues-Vives	Occitanie	30670	43.7397	4.1798
Saint-Maximin	Occitanie	30700	43.9944	4.4507
Ribaute-les-Tavernes	Occitanie	30720	44.0372	4.0805
Fons	Occitanie	30730	43.9078	4.1945
Le Cailar	Occitanie	30740	43.6759	4.2362
Lanuéjols	Occitanie	30750	44.1308	3.3838
Aiguèze	Occitanie	30760	44.3029	4.556
Alzon	Occitanie	30770	43.9669	3.4392
Saint-Gilles	Occitanie	30800	43.6766	4.4302
Caveirac	Occitanie	30820	43.8244	4.2666
Meynes	Occitanie	30840	43.8827	4.5613
Clarensac	Occitanie	30870	43.8254	4.2205
Nîmes	Occitanie	30900	43.8366	4.3579
Codognan	Occitanie	30920	43.7321	4.2195
Saint-André-de-Valborgne	Occitanie	30940	44.1561	3.6839
Le Martinet	Occitanie	30960	44.2535	4.0843
Langlade	Occitanie	30980	43.8047	4.2496
Toulouse	Occitanie	31000	43.6043	1.4437
Toulouse	Occitanie	31100	43.6043	1.4437
Antignac	Occitanie	31110	42.8259	0.6
Portet-sur-Garonne	Occitanie	31120	43.5232	1.4051
Balma	Occitanie	31130	43.6111	1.4994
Saint-Alban	Occitanie	31140	43.6927	1.4102
Fenouillet	Occitanie	31150	43.6804	1.392
Boutx	Occitanie	31160	42.9181	0.7164
Tournefeuille	Occitanie	31170	43.5887	1.3192
Castelmaurou	Occitanie	31180	43.6778	1.5322
Auterive	Occitanie	31190	43.3508	1.4746
Toulouse	Occitanie	31200	43.6043	1.4437
Clarac	Occitanie	31210	43.0963	0.6258
Saint-Michel	Occitanie	31220	43.1676	1.085
Saint-Laurent	Occitanie	31230	43.3255	0.7987
L'Union	Occitanie	31240	43.6604	1.4826
Revel	Occitanie	31250	43.4589	2.0044
Castagnède	Occitanie	31260	43.0536	0.9741
Cugnaux	Occitanie	31270	43.5364	1.3443
Mons	Occitanie	31280	43.6124	1.5721
Lagarde	Occitanie	31290	43.3453	1.713
Toulouse	Occitanie	31300	43.6043	1.4437
Saint-Christaud	Occitanie	31310	43.1893	1.1289
Castanet-Tolosan	Occitanie	31320	43.5159	1.4986
Merville	Occitanie	31330	43.7235	1.2966
Le Born	Occitanie	31340	43.8848	1.5448
Blajan	Occitanie	31350	43.2598	0.6429
Saint-Médard	Occitanie	31360	43.1282	0.8354
Beaufort	Occitanie	31370	43.4592	1.1124
Paulhac	Occitanie	31380	43.7564	1.5567
Bois-de-la-Pierre	Occitanie	31390	43.3437	1.15
Toulouse	Occitanie	31400	43.6043	1.4437
Saint-Hilaire	Occitanie	31410	43.422	1.2783
Saint-André	Occitanie	31420	43.2733	0.8516
Polastron	Occitanie	31430	43.3251	0.9481
Marignac	Occitanie	31440	42.9141	0.6584
Varennes	Occitanie	31450	43.4778	1.6897
Prunet	Occitanie	31460	43.5684	1.7314
Saint-Thomas	Occitanie	31470	43.5148	1.0822
Bellesserre	Occitanie	31480	43.7902	1.1082
Brax	Occitanie	31490	43.6179	1.2396
Toulouse	Occitanie	31500	43.6043	1.4437
Génos	Occitanie	31510	43.0002	0.6732
Ramonville-Saint-Agne	Occitanie	31520	43.5462	1.4749
Thil	Occitanie	31530	43.7118	1.1604
Vaux	Occitanie	31540	43.4566	1.8371
Aignes	Occitanie	31550	43.3203	1.5885
Saint-Léon	Occitanie	31560	43.4008	1.5609
Aurin	Occitanie	31570	43.5379	1.6838
Larroque	Occitanie	31580	43.1952	0.6085
Saint-Pierre	Occitanie	31590	43.6322	1.6508
Muret	Occitanie	31600	43.46	1.3254
Gargas	Occitanie	31620	43.7573	1.4677
Auzielle	Occitanie	31650	43.542	1.5659
Bessières	Occitanie	31660	43.7986	1.6062
Labège	Occitanie	31670	43.5294	1.53
Blagnac	Occitanie	31700	43.6368	1.3897
Escalquens	Occitanie	31750	43.5183	1.5609
Colomiers	Occitanie	31770	43.6106	1.3347
Castelginest	Occitanie	31780	43.6938	1.4344
Saint-Sauveur	Occitanie	31790	43.7489	1.3997
Saint-Gaudens	Occitanie	31800	43.1081	0.7232
Clermont-le-Fort	Occitanie	31810	43.458	1.4328
Pibrac	Occitanie	31820	43.6204	1.2854
Plaisance-du-Touch	Occitanie	31830	43.5655	1.2964
Aussonne	Occitanie	31840	43.6839	1.3193
Beaupuy	Occitanie	31850	43.6471	1.5552
Labarthe-sur-Lèze	Occitanie	31860	43.4524	1.3997
Beaumont-sur-Lèze	Occitanie	31870	43.3806	1.3573
La Salvetat-Saint-Gilles	Occitanie	31880	43.5762	1.2719
Auch	Occitanie	32000	43.6456	0.5886
Beaumont	Occitanie	32100	43.9463	0.2856
Sorbets	Occitanie	32110	43.7213	-0.0158
Sainte-Gemme	Occitanie	32120	43.7816	0.7993
Nizas	Occitanie	32130	43.4979	0.9992
Bellegarde	Occitanie	32140	43.4167	0.6167
Monclar	Occitanie	32150	43.9189	-0.1071
Plaisance	Occitanie	32160	43.6056	0.0459
Marseillan	Occitanie	32170	43.4886	0.3164
Belmont	Occitanie	32190	43.6896	0.2398
Sainte-Marie	Occitanie	32200	43.6611	0.8746
Sauveterre	Occitanie	32220	43.4563	0.8575
Juillac	Occitanie	32230	43.5402	0.126
Maupas	Occitanie	32240	43.8517	-0.1442
Montréal	Occitanie	32250	43.9502	0.2022
Labarthe	Occitanie	32260	43.4746	0.5812
Blanquefort	Occitanie	32270	43.6745	0.8165
Aignan	Occitanie	32290	43.6977	0.0831
Saint-Michel	Occitanie	32300	43.429	0.4146
Roques	Occitanie	32310	43.848	0.2959
Saint-Christaud	Occitanie	32320	43.5296	0.2626
Courrensan	Occitanie	32330	43.849	0.2435
Saint-Antoine	Occitanie	32340	44.0358	0.8403
Barran	Occitanie	32350	43.6172	0.4426
Antras	Occitanie	32360	43.7275	0.4489
Bourrouillan	Occitanie	32370	43.8199	-0.0143
Saint-Léonard	Occitanie	32380	43.8592	0.7689
Préchac	Occitanie	32390	43.7908	0.5757
Caumont	Occitanie	32400	43.6914	-0.104
Beaucaire	Occitanie	32410	43.8376	0.3845
Meilhan	Occitanie	32420	43.423	0.6827
Saint-Georges	Occitanie	32430	43.7324	0.9279
Castelnau d'Auzan Labarrère	Occitanie	32440	43.9483	0.0858
Lartigue	Occitanie	32450	43.5299	0.7195
Le Houga	Occitanie	32460	43.7749	-0.1806
Berrac	Occitanie	32480	44.0131	0.5491
Castillon-Savès	Occitanie	32490	43.5693	0.9861
Sainte-Radegonde	Occitanie	32500	43.8387	0.5877
Montégut	Occitanie	32550	43.6512	0.6493
Beaupuy	Occitanie	32600	43.6442	1.0065
Lagarde	Occitanie	32700	43.9641	0.5559
Arblade-le-Bas	Occitanie	32720	43.707	-0.1777
Montégut	Occitanie	32730	43.3766	0.2116
Ayzieu	Occitanie	32800	43.8496	-0.0174
Castin	Occitanie	32810	43.6907	0.5456
Bordeaux	Nouvelle-Aquitaine	33000	44.8404	-0.5805
Bordeaux	Nouvelle-Aquitaine	33100	44.8404	-0.5805
Le Bouscat	Nouvelle-Aquitaine	33110	44.8649	-0.5986
Saint-Laurent-Médoc	Nouvelle-Aquitaine	33112	45.15	-0.8167
Saint-Symphorien	Nouvelle-Aquitaine	33113	44.4283	-0.4902
Le Barp	Nouvelle-Aquitaine	33114	44.6078	-0.7732
La Teste-de-Buch	Nouvelle-Aquitaine	33115	44.6325	-1.145
Arcachon	Nouvelle-Aquitaine	33120	44.6613	-1.1725
Carcans	Nouvelle-Aquitaine	33121	45.0785	-1.0448
Le Verdon-sur-Mer	Nouvelle-Aquitaine	33123	45.5463	-1.0616
Savignac	Nouvelle-Aquitaine	33124	44.5227	-0.1091
Hostens	Nouvelle-Aquitaine	33125	44.4927	-0.6396
Saint-Aignan	Nouvelle-Aquitaine	33126	44.9439	-0.298
Martignas-sur-Jalle	Nouvelle-Aquitaine	33127	44.8451	-0.783
Bègles	Nouvelle-Aquitaine	33130	44.8076	-0.5514
Galgon	Nouvelle-Aquitaine	33133	44.9914	-0.2723
Lanton	Nouvelle-Aquitaine	33138	44.7071	-1.0397
Villenave-d'Ornon	Nouvelle-Aquitaine	33140	44.7793	-0.5671
Saillans	Nouvelle-Aquitaine	33141	44.9608	-0.2765
Taussat-les-Bains	Nouvelle-Aquitaine	33148	44.716	-1.0656
Cenon	Nouvelle-Aquitaine	33150	44.8561	-0.5335
Saint-Médard-en-Jalles	Nouvelle-Aquitaine	33160	44.8955	-0.7178
Gradignan	Nouvelle-Aquitaine	33170	44.7736	-0.6139
Saint-Estèphe	Nouvelle-Aquitaine	33180	45.2648	-0.7718
Le Haillan	Nouvelle-Aquitaine	33185	44.8716	-0.6769
La Réole	Nouvelle-Aquitaine	33190	44.5824	-0.0386
Bordeaux	Nouvelle-Aquitaine	33200	44.8404	-0.5805
Langon	Nouvelle-Aquitaine	33210	44.5528	-0.2499
Ligueux	Nouvelle-Aquitaine	33220	44.7868	0.2689
Abzac	Nouvelle-Aquitaine	33230	45.0161	-0.1288
Saint-Gervais	Nouvelle-Aquitaine	33240	45.0184	-0.4632
Saint-Sauveur	Nouvelle-Aquitaine	33250	45.2022	-0.835
La Teste-de-Buch	Nouvelle-Aquitaine	33260	44.6328	-1.1451
Floirac	Nouvelle-Aquitaine	33270	44.8306	-0.5268
Blanquefort	Nouvelle-Aquitaine	33290	44.9107	-0.6376
Bordeaux	Nouvelle-Aquitaine	33300	44.8404	-0.5805
Lormont	Nouvelle-Aquitaine	33310	44.8765	-0.5192
Eysines	Nouvelle-Aquitaine	33320	44.8844	-0.6514
Saint-Hippolyte	Nouvelle-Aquitaine	33330	44.8812	-0.12
Lesparre-Médoc	Nouvelle-Aquitaine	33340	45.3071	-0.9379
Sainte-Colombe	Nouvelle-Aquitaine	33350	44.8793	-0.0621
Cénac	Nouvelle-Aquitaine	33360	44.7798	-0.4605
Yvrac	Nouvelle-Aquitaine	33370	44.8806	-0.4618
Biganos	Nouvelle-Aquitaine	33380	44.6443	-0.9784
Saint-Paul	Nouvelle-Aquitaine	33390	45.148	-0.6052
Talence	Nouvelle-Aquitaine	33400	44.8085	-0.5892
Loupiac	Nouvelle-Aquitaine	33410	44.6244	-0.2983
Branne	Nouvelle-Aquitaine	33420	44.8305	-0.1866
Aubiac	Nouvelle-Aquitaine	33430	44.4833	-0.25
Saint-Vincent-de-Paul	Nouvelle-Aquitaine	33440	44.9542	-0.4689
Saint-Sulpice	Nouvelle-Aquitaine	33450	44.9127	-0.3958
Margaux	Nouvelle-Aquitaine	33460	45.0414	-0.6765
Gujan-Mestras	Nouvelle-Aquitaine	33470	44.636	-1.0681
Sainte-Hélène	Nouvelle-Aquitaine	33480	44.9654	-0.8842
Saint-Martial	Nouvelle-Aquitaine	33490	44.6378	-0.1755
Libourne	Nouvelle-Aquitaine	33500	44.9145	-0.2419
Andernos-les-Bains	Nouvelle-Aquitaine	33510	44.7457	-1.1035
Bruges	Nouvelle-Aquitaine	33520	44.8829	-0.6122
Bassens	Nouvelle-Aquitaine	33530	44.9035	-0.517
Caumont	Nouvelle-Aquitaine	33540	44.6952	-0.006
Haux	Nouvelle-Aquitaine	33550	44.736	-0.372
Carbon-Blanc	Nouvelle-Aquitaine	33560	44.895	-0.5017
Lussac	Nouvelle-Aquitaine	33570	44.9502	-0.0961
Sainte-Gemme	Nouvelle-Aquitaine	33580	44.6203	0.0697
Grayan	Nouvelle-Aquitaine	33590	45.4433	-1.0916
Pessac	Nouvelle-Aquitaine	33600	44.8056	-0.6324
Cestas	Nouvelle-Aquitaine	33610	44.7447	-0.6819
Cézac	Nouvelle-Aquitaine	33620	45.0902	-0.4196
Arbanats	Nouvelle-Aquitaine	33640	44.6754	-0.3956
La Brède	Nouvelle-Aquitaine	33650	44.6833	-0.5333
Camps-sur-l'Isle	Nouvelle-Aquitaine	33660	45.0167	-0.0333
Saint-Léon	Nouvelle-Aquitaine	33670	44.7616	-0.2788
Le Temple	Nouvelle-Aquitaine	33680	44.879	-0.9909
Grignols	Nouvelle-Aquitaine	33690	44.3879	-0.0438
Mérignac	Nouvelle-Aquitaine	33700	44.8425	-0.6451
Villeneuve	Nouvelle-Aquitaine	33710	45.0836	-0.6289
Barsac	Nouvelle-Aquitaine	33720	44.6078	-0.3167
Préchac	Nouvelle-Aquitaine	33730	44.3997	-0.3535
Arès	Nouvelle-Aquitaine	33740	44.7658	-1.1342
Baron	Nouvelle-Aquitaine	33750	44.8219	-0.3128
Baigneaux	Nouvelle-Aquitaine	33760	44.7231	-0.1977
Salles	Nouvelle-Aquitaine	33770	44.5517	-0.87
Soulac-sur-Mer	Nouvelle-Aquitaine	33780	45.5107	-1.1252
Auriolles	Nouvelle-Aquitaine	33790	44.7417	0.0499
Bordeaux	Nouvelle-Aquitaine	33800	44.8404	-0.5805
Ambès	Nouvelle-Aquitaine	33810	45.0113	-0.5322
Saint-Palais	Nouvelle-Aquitaine	33820	45.314	-0.5897
Belin-Béliet	Nouvelle-Aquitaine	33830	44.5	-0.7833
Lartigue	Nouvelle-Aquitaine	33840	44.2512	-0.0963
Léognan	Nouvelle-Aquitaine	33850	44.729	-0.6005
Reignac	Nouvelle-Aquitaine	33860	45.2342	-0.5075
Vayres	Nouvelle-Aquitaine	33870	44.8969	-0.3187
Cambes	Nouvelle-Aquitaine	33880	44.7319	-0.4629
Gensac	Nouvelle-Aquitaine	33890	44.8059	0.0726
Sablons	Nouvelle-Aquitaine	33910	45.0257	-0.1937
Saint-Savin	Nouvelle-Aquitaine	33920	45.1387	-0.4485
Vendays-Montalivet	Nouvelle-Aquitaine	33930	45.3559	-1.0606
Lège-Cap-Ferret	Nouvelle-Aquitaine	33950	44.8	-1.15
Lège-Cap-Ferret	Nouvelle-Aquitaine	33970	44.8	-1.15
Audenge	Nouvelle-Aquitaine	33980	44.6837	-1.0134
Hourtin	Nouvelle-Aquitaine	33990	45.1862	-1.0579
Montpellier	Occitanie	34000	43.6109	3.8764
Montpellier	Occitanie	34070	43.6109	3.8764
Montpellier	Occitanie	34080	43.6109	3.8764
Montpellier	Occitanie	34090	43.6109	3.8764
Frontignan	Occitanie	34110	43.4478	3.7552
Castelnau-de-Guers	Occitanie	34120	43.435	3.4379
Mauguio	Occitanie	34130	43.6169	4.0074
Bouzigues	Occitanie	34140	43.4484	3.6576
La Boissière	Occitanie	34150	43.6638	3.6441
Beaulieu	Occitanie	34160	43.7286	4.0219
Castelnau-le-Lez	Occitanie	34170	43.6361	3.9014
Cazilhac	Occitanie	34190	43.9238	3.7014
Sète	Occitanie	34200	43.4028	3.6928
Beaufort	Occitanie	34210	43.298	2.7583
Boisset	Occitanie	34220	43.4021	2.7051
Adissan	Occitanie	34230	43.5351	3.4279
Combes	Occitanie	34240	43.6031	3.0462
Palavas-les-Flots	Occitanie	34250	43.5297	3.9304
Avène	Occitanie	34260	43.7573	3.0991
Fontanès	Occitanie	34270	43.7953	3.915
Mauguio	Occitanie	34280	43.6169	4.0074
Abeilhan	Occitanie	34290	43.4499	3.2949
Agde	Occitanie	34300	43.3108	3.4758
Montels	Occitanie	34310	43.2947	3.0301
Montesquieu	Occitanie	34320	43.5552	3.2538
Cambon	Occitanie	34330	43.6182	2.8579
Marseillan	Occitanie	34340	43.3567	3.528
Valras-Plage	Occitanie	34350	43.2481	3.2903
Ferrières	Occitanie	34360	43.4851	2.8913
Cazouls-lès-Béziers	Occitanie	34370	43.3924	3.1011
Argelliers	Occitanie	34380	43.6983	3.673
Saint-Julien	Occitanie	34390	43.5667	2.9167
Saint-Just	Occitanie	34400	43.6581	4.1147
Sauvian	Occitanie	34410	43.2931	3.2576
Portiragnes	Occitanie	34420	43.3047	3.3352
Saint-Jean-de-Védas	Occitanie	34430	43.5776	3.826
Colombiers	Occitanie	34440	43.3132	3.1399
Portiragnes	Occitanie	34450	43.3047	3.3352
Cazedarnes	Occitanie	34460	43.4238	3.0279
Pérols	Occitanie	34470	43.5647	3.9503
Autignac	Occitanie	34480	43.4992	3.1693
Pailhès	Occitanie	34490	43.4308	3.1865
Béziers	Occitanie	34500	43.3412	3.214
Florensac	Occitanie	34510	43.3842	3.4671
Saint-Michel	Occitanie	34520	43.8563	3.3867
Montagnac	Occitanie	34530	43.4809	3.4822
Balaruc-le-Vieux	Occitanie	34540	43.4614	3.6853
Bessan	Occitanie	34550	43.3614	3.4219
Montbazin	Occitanie	34560	43.5167	3.6967
Montarnaud	Occitanie	34570	43.6491	3.6983
Marsillargues	Occitanie	34590	43.6648	4.1767
Faugères	Occitanie	34600	43.5653	3.1888
Castanet-le-Haut	Occitanie	34610	43.6679	2.9726
Puisserguier	Occitanie	34620	43.368	3.0407
Saint-Thibéry	Occitanie	34630	43.3962	3.4181
Lunas	Occitanie	34650	43.7078	3.1944
Cournonsec	Occitanie	34660	43.5494	3.7056
Saint-Brès	Occitanie	34670	43.6673	4.0293
Saint-Georges-d'Orques	Occitanie	34680	43.6114	3.7814
Fabrègues	Occitanie	34690	43.5513	3.7761
Celles	Occitanie	34700	43.6616	3.3407
Lespignan	Occitanie	34710	43.2736	3.1719
Caux	Occitanie	34720	43.5075	3.3675
Jonquières	Occitanie	34725	43.6755	3.4763
Prades-le-Lez	Occitanie	34730	43.6993	3.865
Vendargues	Occitanie	34740	43.6583	3.97
Villeneuve-lès-Maguelone	Occitanie	34750	43.5322	3.8605
Boujan-sur-Libron	Occitanie	34760	43.3708	3.2475
Gigean	Occitanie	34770	43.5003	3.7117
Grabels	Occitanie	34790	43.648	3.8014
Brignac	Occitanie	34800	43.6233	3.4725
Pomérols	Occitanie	34810	43.3914	3.4994
Assas	Occitanie	34820	43.7028	3.9
Clapiers	Occitanie	34830	43.6583	3.8892
Pinet	Occitanie	34850	43.4056	3.51
Lavérune	Occitanie	34880	43.5864	3.8061
Le Crès	Occitanie	34920	43.6476	3.9388
Lattes	Occitanie	34970	43.5678	3.9028
Saint-Gély-du-Fesc	Occitanie	34980	43.6929	3.8058
Juvignac	Occitanie	34990	43.6139	3.8106
Rennes	Bretagne	35000	48.112	-1.6743
La Fresnais	Bretagne	35111	48.5956	-1.8433
Domagné	Bretagne	35113	48.0707	-1.3921
Saint-Benoît-des-Ondes	Bretagne	35114	48.6203	-1.8542
Baguer-Morvan	Bretagne	35120	48.5247	-1.7745
Moutiers	Bretagne	35130	47.9665	-1.2149
Chartres-de-Bretagne	Bretagne	35131	48.0398	-1.7054
Vezin-le-Coquet	Bretagne	35132	48.119	-1.7563
Le Châtellier	Bretagne	35133	48.4156	-1.2542
Sainte-Colombe	Bretagne	35134	47.8874	-1.4561
Chantepie	Bretagne	35135	48.0882	-1.6169
Saint-Jacques-de-la-Lande	Bretagne	35136	48.0647	-1.7209
Bédée	Bretagne	35137	48.18	-1.9447
Gosné	Bretagne	35140	48.2467	-1.4653
Brie	Bretagne	35150	47.9511	-1.5377
Montfort-sur-Meu	Bretagne	35160	48.1376	-1.9558
Bruz	Bretagne	35170	48.0246	-1.7471
Bécherel	Bretagne	35190	48.2962	-1.9454
Rennes	Bretagne	35200	48.112	-1.6743
Châtillon-en-Vendelais	Bretagne	35210	48.2248	-1.1789
Saint-Didier	Bretagne	35220	48.0949	-1.3716
Orgères	Bretagne	35230	47.9985	-1.6683
Thorigné-Fouillard	Bretagne	35235	48.1578	-1.5811
Le Theil-de-Bretagne	Bretagne	35240	47.9199	-1.4297
Aubigné	Bretagne	35250	48.2944	-1.6353
Cancale	Bretagne	35260	48.6766	-1.8522
Bonnemain	Bretagne	35270	48.4667	-1.7673
Gaël	Bretagne	35290	48.1326	-2.2218
Fougères	Bretagne	35300	48.3516	-1.1996
Bréal-sous-Montfort	Bretagne	35310	48.048	-1.8672
Saulnières	Bretagne	35320	47.9158	-1.5877
Bovel	Bretagne	35330	47.9502	-1.9773
Liffré	Bretagne	35340	48.2137	-1.509
La Gouesnière	Bretagne	35350	48.6045	-1.8952
Boisgervilly	Bretagne	35360	48.1669	-2.0644
Argentré-du-Plessis	Bretagne	35370	48.057	-1.146
Maxent	Bretagne	35380	47.9827	-2.0343
Saint-Sulpice-des-Landes	Bretagne	35390	47.7665	-1.6232
Saint-Malo	Bretagne	35400	48.6474	-2.0088
Châteaugiron	Bretagne	35410	48.0482	-1.5036
Poilley	Bretagne	35420	48.466	-1.2619
Saint-Jouan-des-Guérets	Bretagne	35430	48.5989	-1.9736
Dingé	Bretagne	35440	48.3573	-1.716
Dourdain	Bretagne	35450	48.194	-1.3707
Baillé	Bretagne	35460	48.3596	-1.3802
Bain-de-Bretagne	Bretagne	35470	47.8469	-1.6858
Messac	Bretagne	35480	47.8245	-1.8089
Chauvigné	Bretagne	35490	48.3767	-1.4608
Vitré	Bretagne	35500	48.1228	-1.2098
Cesson-Sévigné	Bretagne	35510	48.1212	-1.603
La Chapelle-des-Fougeretz	Bretagne	35520	48.1773	-1.7318
Noyal-sur-Vilaine	Bretagne	35530	48.1124	-1.5246
Le Tronchet	Bretagne	35540	48.4862	-1.8387
Saint-Just	Bretagne	35550	47.7653	-1.9612
La Fontenelle	Bretagne	35560	48.4669	-1.5032
Lassy	Bretagne	35580	47.9791	-1.8705
Saint-Gilles	Bretagne	35590	48.1534	-1.8262
Sainte-Marie	Bretagne	35600	47.694	-2.0008
Pleine-Fougères	Bretagne	35610	48.5341	-1.5637
Ercé-en-Lamée	Bretagne	35620	47.83	-1.5603
Saint-Symphorien	Bretagne	35630	48.292	-1.8225
Chelun	Bretagne	35640	47.8548	-1.2232
Le Rheu	Bretagne	35650	48.1019	-1.7957
Langon	Bretagne	35660	47.72	-1.849
Moulins	Bretagne	35680	48.0026	-1.3726
Acigné	Bretagne	35690	48.1354	-1.5337
Rennes	Bretagne	35700	48.112	-1.6743
Lanhélin	Bretagne	35720	48.4579	-1.8282
Pleurtuit	Bretagne	35730	48.5794	-2.0598
Pacé	Bretagne	35740	48.1485	-1.7743
Bléruais	Bretagne	35750	48.1113	-2.126
Saint-Grégoire	Bretagne	35760	48.151	-1.6858
Vern-sur-Seiche	Bretagne	35770	48.0459	-1.6024
La Richardais	Bretagne	35780	48.6068	-2.0357
Dinard	Bretagne	35800	48.6329	-2.0627
Betton	Bretagne	35830	48.1827	-1.6448
Gévezé	Bretagne	35850	48.2213	-1.7914
Le Minihic-sur-Rance	Bretagne	35870	48.5766	-2.0122
Bourg-des-Comptes	Bretagne	35890	47.9295	-1.743
Le Vivier-sur-Mer	Bretagne	35960	48.6024	-1.7754
Châteauroux	Centre-Val de Loire	36000	46.8125	1.6936
Saint-Aubin	Centre-Val de Loire	36100	46.8515	2.0246
Brion	Centre-Val de Loire	36110	46.957	1.7276
Ambrault	Centre-Val de Loire	36120	46.7837	1.959
Déols	Centre-Val de Loire	36130	46.8293	1.7043
Aigurande	Centre-Val de Loire	36140	46.434	1.8303
Fontenay	Centre-Val de Loire	36150	47.0611	1.7441
Lignerolles	Centre-Val de Loire	36160	46.4959	2.1438
Saint-Gilles	Centre-Val de Loire	36170	46.4792	1.4582
Frédille	Centre-Val de Loire	36180	47	1.4667
Pommiers	Centre-Val de Loire	36190	46.5236	1.656
Saint-Marcel	Centre-Val de Loire	36200	46.6019	1.5132
Bagneux	Centre-Val de Loire	36210	47.1832	1.7531
Fontgombault	Centre-Val de Loire	36220	46.6737	0.9862
Fougerolles	Centre-Val de Loire	36230	46.5634	1.8678
Préaux	Centre-Val de Loire	36240	47.0204	1.2915
Saint-Maur	Centre-Val de Loire	36250	46.8066	1.639
Diou	Centre-Val de Loire	36260	47.0455	2.026
Baraize	Centre-Val de Loire	36270	46.4889	1.5617
Villiers	Centre-Val de Loire	36290	46.8876	1.1849
Ingrandes	Centre-Val de Loire	36300	46.5971	0.9621
Beaulieu	Centre-Val de Loire	36310	46.3869	1.3075
Villedieu-sur-Indre	Centre-Val de Loire	36320	46.846	1.5397
Velles	Centre-Val de Loire	36330	46.689	1.6493
Maillet	Centre-Val de Loire	36340	46.5735	1.6788
La Pérouille	Centre-Val de Loire	36350	46.704	1.5165
Faverolles	Centre-Val de Loire	36360	47.172	1.4089
Chalais	Centre-Val de Loire	36370	46.5365	1.1971
Chassignolles	Centre-Val de Loire	36400	46.5411	1.9395
Sainte-Gemme	Centre-Val de Loire	36500	46.8524	1.34
Fontguenand	Centre-Val de Loire	36600	47.2183	1.5376
Saint-Médard	Centre-Val de Loire	36700	47	1.25
Migné	Centre-Val de Loire	36800	46.7167	1.3175
Tours	Centre-Val de Loire	37000	47.3948	0.704
Tours	Centre-Val de Loire	37100	47.3948	0.704
La Ferrière	Centre-Val de Loire	37110	47.6287	0.7476
Assay	Centre-Val de Loire	37120	47.0743	0.2905
Les Essards	Centre-Val de Loire	37130	47.3488	0.3008
Benais	Centre-Val de Loire	37140	47.2955	0.217
Bléré	Centre-Val de Loire	37150	47.3274	0.9919
Buxeuil	Nouvelle-Aquitaine	37160	46.9759	0.6745
Chambray-lès-Tours	Centre-Val de Loire	37170	47.3354	0.7029
Rivarennes	Centre-Val de Loire	37190	47.2669	0.3533
Tours	Centre-Val de Loire	37200	47.3948	0.704
Chançay	Centre-Val de Loire	37210	47.454	0.8745
Chezelles	Centre-Val de Loire	37220	47.05	0.4333
Fondettes	Centre-Val de Loire	37230	47.4035	0.5969
Bossée	Centre-Val de Loire	37240	47.1121	0.7294
Montbazon	Centre-Val de Loire	37250	47.2835	0.6999
Monts	Centre-Val de Loire	37260	47.2772	0.6247
Athée-sur-Cher	Centre-Val de Loire	37270	47.3202	0.9166
Chambon	Centre-Val de Loire	37290	46.8418	0.8113
Joué-lès-Tours	Centre-Val de Loire	37300	47.3491	0.6651
Azay-sur-Indre	Centre-Val de Loire	37310	47.2092	0.9446
Esvres	Centre-Val de Loire	37320	47.2854	0.7859
Souvigné	Centre-Val de Loire	37330	47.5218	0.3972
Ambillou	Centre-Val de Loire	37340	47.451	0.4473
Barrou	Centre-Val de Loire	37350	46.8664	0.7694
Beaumont-la-Ronce	Centre-Val de Loire	37360	47.5695	0.6702
Bueil-en-Touraine	Centre-Val de Loire	37370	47.6451	0.5507
Reugny	Centre-Val de Loire	37380	47.4821	0.8847
Cerelles	Centre-Val de Loire	37390	47.5017	0.6833
Amboise	Centre-Val de Loire	37400	47.4125	0.9827
Avoine	Centre-Val de Loire	37420	47.2053	0.1825
Beaumont-Village	Centre-Val de Loire	37460	47.1777	1.207
Chinon	Centre-Val de Loire	37500	47.167	0.2428
Ballan-Miré	Centre-Val de Loire	37510	47.3406	0.6147
La Riche	Centre-Val de Loire	37520	47.39	0.6707
Cangey	Centre-Val de Loire	37530	47.4672	1.0605
Saint-Cyr-sur-Loire	Centre-Val de Loire	37540	47.4	0.6667
Saint-Avertin	Centre-Val de Loire	37550	47.3636	0.7399
Saint-Hippolyte	Centre-Val de Loire	37600	47.059	1.1001
Saint-Pierre-des-Corps	Centre-Val de Loire	37700	47.3862	0.7485
Maillé	Centre-Val de Loire	37800	47.0538	0.5822
Grenoble	Auvergne-Rhône-Alpes	38000	45.1787	5.7148
Saint-Quentin-Fallavier	Auvergne-Rhône-Alpes	38070	45.6434	5.1127
L'Isle-d'Abeau	Auvergne-Rhône-Alpes	38080	45.6196	5.2247
Villefontaine	Auvergne-Rhône-Alpes	38090	45.6128	5.1506
Grenoble	Auvergne-Rhône-Alpes	38100	45.1787	5.7148
La Tour-du-Pin	Auvergne-Rhône-Alpes	38110	45.566	5.4449
Autrans-Méaudre en Vercors	Auvergne-Rhône-Alpes	38112	45.1269	5.5269
Veurey-Voroize	Auvergne-Rhône-Alpes	38113	45.2727	5.6137
Allemond	Auvergne-Rhône-Alpes	38114	45.1292	6.0371
Hières-sur-Amby	Auvergne-Rhône-Alpes	38118	45.7965	5.2933
Pierre-Châtel	Auvergne-Rhône-Alpes	38119	44.9574	5.7745
Saint-Égrève	Auvergne-Rhône-Alpes	38120	45.2331	5.6815
Chonas-l'Amballan	Auvergne-Rhône-Alpes	38121	45.4626	4.8153
Chalon	Auvergne-Rhône-Alpes	38122	45.4495	4.9413
Échirolles	Auvergne-Rhône-Alpes	38130	45.146	5.7144
Saint-Joseph-de-Rivière	Auvergne-Rhône-Alpes	38134	45.3757	5.6964
Les Côtes-d'Arey	Auvergne-Rhône-Alpes	38138	45.4564	4.8666
Rives	Auvergne-Rhône-Alpes	38140	45.3533	5.5008
Besse	Auvergne-Rhône-Alpes	38142	45.072	6.1707
Notre-Dame-de-Vaulx	Auvergne-Rhône-Alpes	38144	44.987	5.7499
Roussillon	Auvergne-Rhône-Alpes	38150	45.3739	4.815
Saint-Sauveur	Auvergne-Rhône-Alpes	38160	45.1533	5.3528
Seyssinet-Pariset	Auvergne-Rhône-Alpes	38170	45.1768	5.6939
Seyssins	Auvergne-Rhône-Alpes	38180	45.1622	5.6867
Brignoud	Auvergne-Rhône-Alpes	38190	45.2582	5.9084
Vienne	Auvergne-Rhône-Alpes	38200	45.5257	4.8748
Cras	Auvergne-Rhône-Alpes	38210	45.2667	5.4483
Cholonge	Auvergne-Rhône-Alpes	38220	45.0039	5.7967
Pont-de-Chéruy	Auvergne-Rhône-Alpes	38230	45.7534	5.1724
Meylan	Auvergne-Rhône-Alpes	38240	45.2098	5.7776
Corrençon-en-Vercors	Auvergne-Rhône-Alpes	38250	45.0306	5.5261
La Côte-Saint-André	Auvergne-Rhône-Alpes	38260	45.3945	5.2591
Beaufort	Auvergne-Rhône-Alpes	38270	45.3251	5.1212
Anthon	Auvergne-Rhône-Alpes	38280	45.7908	5.1705
La Verpillière	Auvergne-Rhône-Alpes	38290	45.6342	5.1456
Bourgoin-Jallieu	Auvergne-Rhône-Alpes	38300	45.5861	5.2736
Eybens	Auvergne-Rhône-Alpes	38320	45.1477	5.7501
Saint-Ismier	Auvergne-Rhône-Alpes	38330	45.2523	5.8307
Voreppe	Auvergne-Rhône-Alpes	38340	45.2948	5.6319
Prunières	Auvergne-Rhône-Alpes	38350	44.8934	5.7631
Sassenage	Auvergne-Rhône-Alpes	38360	45.2127	5.6629
Les Roches-de-Condrieu	Auvergne-Rhône-Alpes	38370	45.4528	4.7672
Saint-Pierre-d'Entremont	Auvergne-Rhône-Alpes	38380	45.4149	5.8544
Bouvesse-Quirieu	Auvergne-Rhône-Alpes	38390	45.7931	5.415
Saint-Martin-d'Hères	Auvergne-Rhône-Alpes	38400	45.1787	5.7628
Chamrousse	Auvergne-Rhône-Alpes	38410	45.1282	5.875
Revel	Auvergne-Rhône-Alpes	38420	45.1862	5.8721
Moirans	Auvergne-Rhône-Alpes	38430	45.3314	5.5543
Savas	Auvergne-Rhône-Alpes	38440	45.5055	5.0594
Le Gua	Auvergne-Rhône-Alpes	38450	45.0167	5.6167
Annoisin	Auvergne-Rhône-Alpes	38460	45.7572	5.2921
Beaulieu	Auvergne-Rhône-Alpes	38470	45.1789	5.3945
Le Pont-de-Beauvoisin	Auvergne-Rhône-Alpes	38480	45.5344	5.6664
Le Passage	Auvergne-Rhône-Alpes	38490	45.5336	5.5124
Voiron	Auvergne-Rhône-Alpes	38500	45.3647	5.5856
Courtenay	Auvergne-Rhône-Alpes	38510	45.7281	5.3807
La Garde	Auvergne-Rhône-Alpes	38520	45.0689	6.0483
Saint-Maximin	Auvergne-Rhône-Alpes	38530	45.421	6.0334
Grenay	Auvergne-Rhône-Alpes	38540	45.6635	5.0803
Saint-Maurice-l'Exil	Auvergne-Rhône-Alpes	38550	45.3851	4.783
Champ-sur-Drac	Auvergne-Rhône-Alpes	38560	45.0694	5.7315
Crêts en Belledonne	Auvergne-Rhône-Alpes	38570	45.3747	6.0481
La Ferrière	Auvergne-Rhône-Alpes	38580	45.3195	6.0865
Brion	Auvergne-Rhône-Alpes	38590	45.2926	5.3387
Fontaine	Auvergne-Rhône-Alpes	38600	45.1927	5.6882
Venon	Auvergne-Rhône-Alpes	38610	45.1762	5.8082
Montferrat	Auvergne-Rhône-Alpes	38620	45.4848	5.5902
Corbelin	Auvergne-Rhône-Alpes	38630	45.6073	5.5426
Claix	Auvergne-Rhône-Alpes	38640	45.1199	5.6729
Saint-Andéol	Auvergne-Rhône-Alpes	38650	44.9609	5.5508
Saint-Hilaire	Auvergne-Rhône-Alpes	38660	45.3	5.8833
Chasse-sur-Rhône	Auvergne-Rhône-Alpes	38670	45.5785	4.8098
Châtelus	Auvergne-Rhône-Alpes	38680	45.0579	5.3727
Belmont	Auvergne-Rhône-Alpes	38690	45.4739	5.3637
La Tronche	Auvergne-Rhône-Alpes	38700	45.2051	5.7463
Saint-Sébastien	Auvergne-Rhône-Alpes	38710	44.8477	5.7984
Le Pin	Auvergne-Rhône-Alpes	38730	45.4558	5.505
Entraigues	Auvergne-Rhône-Alpes	38740	44.9037	5.9469
Huez	Auvergne-Rhône-Alpes	38750	45.0824	6.0588
Varces-Allières-et-Risset	Auvergne-Rhône-Alpes	38760	45.0833	5.6833
La Motte-Saint-Martin	Auvergne-Rhône-Alpes	38770	44.9513	5.7181
Pont-Évêque	Auvergne-Rhône-Alpes	38780	45.5322	4.9092
Charantonnay	Auvergne-Rhône-Alpes	38790	45.5371	5.11
Le Pont-de-Claix	Auvergne-Rhône-Alpes	38800	45.1232	5.6978
Crêts en Belledonne	Auvergne-Rhône-Alpes	38830	45.3747	6.0481
La Sône	Auvergne-Rhône-Alpes	38840	45.1111	5.2778
Bilieu	Auvergne-Rhône-Alpes	38850	45.4481	5.5427
Vénosc	Auvergne-Rhône-Alpes	38860	44.9896	6.1157
Bressieux	Auvergne-Rhône-Alpes	38870	45.3225	5.2741
Autrans-Méaudre en Vercors	Auvergne-Rhône-Alpes	38880	45.1269	5.5269
Montcarra	Auvergne-Rhône-Alpes	38890	45.612	5.396
Crolles	Auvergne-Rhône-Alpes	38920	45.2772	5.8784
Percy	Auvergne-Rhône-Alpes	38930	44.8	5.65
Montfalcon	Auvergne-Rhône-Alpes	38940	45.254	5.1709
Quaix-en-Chartreuse	Auvergne-Rhône-Alpes	38950	45.25	5.7167
Saint-Aupre	Auvergne-Rhône-Alpes	38960	45.403	5.6668
Ambel	Auvergne-Rhône-Alpes	38970	44.8053	5.9302
Châtenay	Auvergne-Rhône-Alpes	38980	45.3208	5.2281
Lons-le-Saunier	Bourgogne-Franche-Comté	39000	46.6754	5.5557
Dole	Bourgogne-Franche-Comté	39100	47.0922	5.4897
Abergement-lès-Thésy	Bourgogne-Franche-Comté	39110	46.9179	5.9395
Saint-Loup	Bourgogne-Franche-Comté	39120	47.0055	5.3094
Châtillon	Bourgogne-Franche-Comté	39130	46.6597	5.7302
Arlay	Bourgogne-Franche-Comté	39140	46.7611	5.5299
Saint-Pierre	Bourgogne-Franche-Comté	39150	46.5673	5.9177
Chazelles	Bourgogne-Franche-Comté	39160	46.4047	5.3439
Saint-Lupicin	Bourgogne-Franche-Comté	39170	46.4003	5.7922
Beaufort	Bourgogne-Franche-Comté	39190	46.5736	5.4387
Saint-Claude	Bourgogne-Franche-Comté	39200	46.3868	5.8647
Le Pin	Bourgogne-Franche-Comté	39210	46.7081	5.5694
Les Rousses	Bourgogne-Franche-Comté	39220	46.4841	6.0633
Francheville	Bourgogne-Franche-Comté	39230	46.8387	5.4995
La Boissière	Bourgogne-Franche-Comté	39240	46.4221	5.5311
Rix	Bourgogne-Franche-Comté	39250	46.7665	6.0525
Moirans-en-Montagne	Bourgogne-Franche-Comté	39260	46.4338	5.7264
La Chailleuse	Bourgogne-Franche-Comté	39270	46.5858	5.53
Champagney	Bourgogne-Franche-Comté	39290	47.2595	5.5156
Champagnole	Bourgogne-Franche-Comté	39300	46.7445	5.9135
Lajoux	Bourgogne-Franche-Comté	39310	46.3744	5.9733
Saint-Julien	Bourgogne-Franche-Comté	39320	46.3944	5.4538
Port-Lesney	Bourgogne-Franche-Comté	39330	47.0005	5.8258
Romain	Bourgogne-Franche-Comté	39350	47.2132	5.7202
Viry	Bourgogne-Franche-Comté	39360	46.2994	5.7378
Choux	Bourgogne-Franche-Comté	39370	46.305	5.7694
Belmont	Bourgogne-Franche-Comté	39380	47.0152	5.5949
Morez	Bourgogne-Franche-Comté	39400	46.5254	6.0259
Saint-Aubin	Bourgogne-Franche-Comté	39410	47.0334	5.3267
Foncine-le-Haut	Bourgogne-Franche-Comté	39460	46.6583	6.0705
Tavaux	Bourgogne-Franche-Comté	39500	47.0338	5.405
Foncine-le-Bas	Bourgogne-Franche-Comté	39520	46.6376	6.0318
Montaigu	Bourgogne-Franche-Comté	39570	46.6591	5.5672
Arbois	Bourgogne-Franche-Comté	39600	46.9031	5.7745
Châtenois	Bourgogne-Franche-Comté	39700	47.1472	5.5538
Poligny	Bourgogne-Franche-Comté	39800	46.8371	5.705
Mont-de-Marsan	Nouvelle-Aquitaine	40000	43.8902	-0.4971
Saint-Avit	Nouvelle-Aquitaine	40090	43.9409	-0.447
Dax	Nouvelle-Aquitaine	40100	43.7103	-1.0537
Arengosse	Nouvelle-Aquitaine	40110	44.0044	-0.7884
Roquefort	Nouvelle-Aquitaine	40120	44.0342	-0.322
Capbreton	Nouvelle-Aquitaine	40130	43.6424	-1.4312
Soustons	Nouvelle-Aquitaine	40140	43.7516	-1.3298
Angresse	Nouvelle-Aquitaine	40150	43.6586	-1.3724
Parentis-en-Born	Nouvelle-Aquitaine	40160	44.3516	-1.0721
Bias	Nouvelle-Aquitaine	40170	44.1451	-1.2182
Clermont	Nouvelle-Aquitaine	40180	43.6517	-0.9173
Montégut	Nouvelle-Aquitaine	40190	43.876	-0.1989
Aureilhan	Nouvelle-Aquitaine	40200	44.2179	-1.1966
Lüe	Nouvelle-Aquitaine	40210	44.2314	-0.9838
Tarnos	Nouvelle-Aquitaine	40220	43.5417	-1.4628
Saint-Vincent-de-Tyrosse	Nouvelle-Aquitaine	40230	43.6607	-1.3043
Lagrange	Nouvelle-Aquitaine	40240	43.9733	-0.1018
Saint-Aubin	Nouvelle-Aquitaine	40250	43.7114	-0.6969
Castets	Nouvelle-Aquitaine	40260	43.8826	-1.1474
Bordères	Nouvelle-Aquitaine	40270	43.774	-0.3646
Saint-Pierre-du-Mont	Nouvelle-Aquitaine	40280	43.8845	-0.5219
Estibeaux	Nouvelle-Aquitaine	40290	43.6007	-0.9077
Peyrehorade	Nouvelle-Aquitaine	40300	43.545	-1.1007
Arx	Nouvelle-Aquitaine	40310	44.1077	0.0754
Lauret	Nouvelle-Aquitaine	40320	43.5625	-0.3433
Amou	Nouvelle-Aquitaine	40330	43.5929	-0.7471
Pouillon	Nouvelle-Aquitaine	40350	43.6049	-0.9963
Bastennes	Nouvelle-Aquitaine	40360	43.6508	-0.7848
Boos	Nouvelle-Aquitaine	40370	43.8916	-0.9933
Baigts	Nouvelle-Aquitaine	40380	43.6869	-0.7918
Saint-Barthélemy	Nouvelle-Aquitaine	40390	43.5147	-1.3314
Meilhan	Nouvelle-Aquitaine	40400	43.8644	-0.7059
Belhade	Nouvelle-Aquitaine	40410	44.3793	-0.6826
Vert	Nouvelle-Aquitaine	40420	44.0902	-0.58
Argelouse	Nouvelle-Aquitaine	40430	44.3659	-0.6458
Ondres	Nouvelle-Aquitaine	40440	43.5615	-1.4491
Sanguinet	Nouvelle-Aquitaine	40460	44.4836	-1.0755
Gousse	Nouvelle-Aquitaine	40465	43.7731	-0.8974
Vieux-Boucau-les-Bains	Nouvelle-Aquitaine	40480	43.7864	-1.4041
Montaut	Nouvelle-Aquitaine	40500	43.7406	-0.6565
Seignosse	Nouvelle-Aquitaine	40510	43.6894	-1.3733
Labenne	Nouvelle-Aquitaine	40530	43.593	-1.4269
Escalus	Nouvelle-Aquitaine	40550	43.8921	-1.2626
Vielle-Saint-Girons	Nouvelle-Aquitaine	40560	43.95	-1.3
Biscarrosse	Nouvelle-Aquitaine	40600	44.3945	-1.1672
Luglon	Nouvelle-Aquitaine	40630	44.0827	-0.7181
Messanges	Nouvelle-Aquitaine	40660	43.8153	-1.3788
Sainte-Colombe	Nouvelle-Aquitaine	40700	43.6816	-0.5567
Aire-sur-l'Adour	Nouvelle-Aquitaine	40800	43.7025	-0.2628
Saint-Paul-lès-Dax	Nouvelle-Aquitaine	40990	43.7257	-1.0528
Blois	Centre-Val de Loire	41000	47.5943	1.3291
Saint-Ouen	Centre-Val de Loire	41100	47.814	1.0807
Saint-Aignan	Centre-Val de Loire	41110	47.2689	1.3761
Candé-sur-Beuvron	Centre-Val de Loire	41120	47.495	1.2594
Billy	Centre-Val de Loire	41130	47.3124	1.5393
Méhers	Centre-Val de Loire	41140	47.3288	1.4576
Coulanges	Centre-Val de Loire	41150	47.5428	1.2237
Lignières	Centre-Val de Loire	41160	47.8663	1.1839
Saint-Avit	Centre-Val de Loire	41170	48.0908	0.9162
Santenay	Centre-Val de Loire	41190	47.5667	1.1167
Romorantin-Lanthenay	Centre-Val de Loire	41200	47.3667	1.75
La Ferté-Beauharnais	Centre-Val de Loire	41210	47.542	1.8504
Crouy-sur-Cosson	Centre-Val de Loire	41220	47.6507	1.6101
Courmemin	Centre-Val de Loire	41230	47.472	1.6275
Beauce la Romaine	Centre-Val de Loire	41240	47.9111	1.5275
Neuvy	Centre-Val de Loire	41250	47.5629	1.6028
La Chaussée-Saint-Victor	Centre-Val de Loire	41260	47.6162	1.3676
La Fontenelle	Centre-Val de Loire	41270	48.0656	1.0309
Baigneaux	Centre-Val de Loire	41290	47.7829	1.2533
La Ferté-Imbault	Centre-Val de Loire	41300	47.3847	1.9534
Authon	Centre-Val de Loire	41310	47.6448	0.896
Saint-Loup	Centre-Val de Loire	41320	47.2651	1.8389
Marolles	Centre-Val de Loire	41330	47.6482	1.3066
Vineuil	Centre-Val de Loire	41350	47.5838	1.376
Cellé	Centre-Val de Loire	41360	47.833	0.781
Roches	Centre-Val de Loire	41370	47.7952	1.4492
Montrichard	Centre-Val de Loire	41400	47.3431	1.1865
Courbouzon	Centre-Val de Loire	41500	47.7149	1.5435
Chaon	Centre-Val de Loire	41600	47.6089	2.1729
Fresnes	Centre-Val de Loire	41700	47.4349	1.4122
Saint-Arnoult	Centre-Val de Loire	41800	47.7082	0.8716
Saint-Étienne	Auvergne-Rhône-Alpes	42000	45.4339	4.39
Saint-Étienne	Auvergne-Rhône-Alpes	42100	45.4339	4.39
Chambéon	Auvergne-Rhône-Alpes	42110	45.694	4.1738
La Valla-sur-Rochefort	Auvergne-Rhône-Alpes	42111	45.75	3.85
Chirassimont	Auvergne-Rhône-Alpes	42114	45.9128	4.2873
Le Coteau	Auvergne-Rhône-Alpes	42120	46.0192	4.0923
Saint-Marcel-de-Félines	Auvergne-Rhône-Alpes	42122	45.8679	4.1914
Cordelle	Auvergne-Rhône-Alpes	42123	45.944	4.0615
Marcoux	Auvergne-Rhône-Alpes	42130	45.7106	4.0122
La Valla-en-Gier	Auvergne-Rhône-Alpes	42131	45.4193	4.5178
Chevrières	Auvergne-Rhône-Alpes	42140	45.589	4.4023
La Ricamarie	Auvergne-Rhône-Alpes	42150	45.4054	4.3694
L'Horme	Auvergne-Rhône-Alpes	42152	45.49	4.537
Riorges	Auvergne-Rhône-Alpes	42153	46.0438	4.0426
Lentigny	Auvergne-Rhône-Alpes	42155	45.9939	3.9792
Andrézieux-Bouthéon	Auvergne-Rhône-Alpes	42160	45.5263	4.2602
Saint-Just-Saint-Rambert	Auvergne-Rhône-Alpes	42170	45.4997	4.2414
Chandon	Auvergne-Rhône-Alpes	42190	46.1492	4.2139
Bellegarde-en-Forez	Auvergne-Rhône-Alpes	42210	45.6447	4.2972
Colombier	Auvergne-Rhône-Alpes	42220	45.3373	4.5993
Saint-Étienne	Auvergne-Rhône-Alpes	42230	45.4339	4.39
Saint-Paul	Auvergne-Rhône-Alpes	42240	45.3984	4.2262
Pommiers	Auvergne-Rhône-Alpes	42260	45.8315	4.0575
Saint-Priest-en-Jarez	Auvergne-Rhône-Alpes	42270	45.4739	4.3768
Sorbiers	Auvergne-Rhône-Alpes	42290	45.4911	4.4416
Roanne	Auvergne-Rhône-Alpes	42300	46.0362	4.068
Changy	Auvergne-Rhône-Alpes	42310	46.1422	3.8915
Cellieu	Auvergne-Rhône-Alpes	42320	45.5187	4.5433
Chambœuf	Auvergne-Rhône-Alpes	42330	45.5775	4.3204
Rivas	Auvergne-Rhône-Alpes	42340	45.5862	4.2467
La Talaudière	Auvergne-Rhône-Alpes	42350	45.476	4.4261
Cottance	Auvergne-Rhône-Alpes	42360	45.793	4.2997
Arcon	Auvergne-Rhône-Alpes	42370	46.0104	3.8874
Estivareilles	Auvergne-Rhône-Alpes	42380	45.4171	4.0087
Villars	Auvergne-Rhône-Alpes	42390	45.4678	4.3554
Saint-Chamond	Auvergne-Rhône-Alpes	42400	45.4759	4.5129
Chavanay	Auvergne-Rhône-Alpes	42410	45.4165	4.726
Lorette	Auvergne-Rhône-Alpes	42420	45.511	4.5824
Champoly	Auvergne-Rhône-Alpes	42430	45.8573	3.8367
Cervières	Auvergne-Rhône-Alpes	42440	45.8475	3.7721
Sury-le-Comtal	Auvergne-Rhône-Alpes	42450	45.5374	4.1857
Boyer	Auvergne-Rhône-Alpes	42460	46.0976	4.2097
Fourneaux	Auvergne-Rhône-Alpes	42470	45.9389	4.2712
La Fouillouse	Auvergne-Rhône-Alpes	42480	45.5046	4.3152
Fraisses	Auvergne-Rhône-Alpes	42490	45.3884	4.2637
Le Chambon-Feugerolles	Auvergne-Rhône-Alpes	42500	45.3914	4.3215
Bussières	Auvergne-Rhône-Alpes	42510	45.8357	4.2712
Saint-Appolinard	Auvergne-Rhône-Alpes	42520	45.3428	4.6566
Saint-Genest-Lerpt	Auvergne-Rhône-Alpes	42530	45.4435	4.3397
Croizet-sur-Gand	Auvergne-Rhône-Alpes	42540	45.9169	4.2273
Apinac	Auvergne-Rhône-Alpes	42550	45.3814	3.9964
Chenereilles	Auvergne-Rhône-Alpes	42560	45.4856	4.0778
Saint-Héand	Auvergne-Rhône-Alpes	42570	45.5274	4.3708
L'Étrat	Auvergne-Rhône-Alpes	42580	45.4861	4.3759
Neulise	Auvergne-Rhône-Alpes	42590	45.8981	4.1813
Montbrison	Auvergne-Rhône-Alpes	42600	45.6075	4.0653
Saint-Georges-Haute-Ville	Auvergne-Rhône-Alpes	42610	45.557	4.098
Saint-Martin-d'Estréaux	Auvergne-Rhône-Alpes	42620	46.203	3.7998
Pradines	Auvergne-Rhône-Alpes	42630	45.9968	4.1748
Noailly	Auvergne-Rhône-Alpes	42640	46.1359	4.0133
Saint-Jean-Bonnefonds	Auvergne-Rhône-Alpes	42650	45.4561	4.4422
Jonzieux	Auvergne-Rhône-Alpes	42660	45.3136	4.3616
Belleroche	Auvergne-Rhône-Alpes	42670	46.1681	4.4108
Saint-Marcellin-en-Forez	Auvergne-Rhône-Alpes	42680	45.4968	4.1723
Firminy	Auvergne-Rhône-Alpes	42700	45.3896	4.2886
Vougy	Auvergne-Rhône-Alpes	42720	46.1044	4.1177
Doizieux	Auvergne-Rhône-Alpes	42740	45.4271	4.5838
Mars	Auvergne-Rhône-Alpes	42750	46.153	4.245
Violay	Auvergne-Rhône-Alpes	42780	45.8533	4.3595
Rive-de-Gier	Auvergne-Rhône-Alpes	42800	45.5275	4.6159
Rozier-en-Donzy	Auvergne-Rhône-Alpes	42810	45.8007	4.2774
Ambierle	Auvergne-Rhône-Alpes	42820	46.1056	3.8932
La Tuilière	Auvergne-Rhône-Alpes	42830	45.9446	3.8016
Montagny	Auvergne-Rhône-Alpes	42840	46.033	4.2366
Sail-sous-Couzan	Auvergne-Rhône-Alpes	42890	45.7348	3.969
Chalmazel	Auvergne-Rhône-Alpes	42920	45.7039	3.8518
Châtelneuf	Auvergne-Rhône-Alpes	42940	45.6384	3.9824
Palogneux	Auvergne-Rhône-Alpes	42990	45.7429	3.9208
Le Puy-en-Velay	Auvergne-Rhône-Alpes	43000	45.0437	3.8852
Beaumont	Auvergne-Rhône-Alpes	43100	45.3133	3.3415
Aurec-sur-Loire	Auvergne-Rhône-Alpes	43110	45.3691	4.2016
La Chapelle-d'Aurec	Auvergne-Rhône-Alpes	43120	45.3351	4.2066
Retournac	Auvergne-Rhône-Alpes	43130	45.2039	4.0333
La Séauve-sur-Semène	Auvergne-Rhône-Alpes	43140	45.2955	4.2502
Salettes	Auvergne-Rhône-Alpes	43150	44.8633	3.9653
Bonneval	Auvergne-Rhône-Alpes	43160	45.3117	3.7413
Grèzes	Auvergne-Rhône-Alpes	43170	44.9197	3.4872
Chenereilles	Auvergne-Rhône-Alpes	43190	45.1334	4.252
Yssingeaux	Auvergne-Rhône-Alpes	43200	45.1428	4.1237
Bas-en-Basset	Auvergne-Rhône-Alpes	43210	45.306	4.1091
Dunières	Auvergne-Rhône-Alpes	43220	45.2156	4.3447
Sainte-Marguerite	Auvergne-Rhône-Alpes	43230	45.2064	3.5915
Saint-Just-Malmont	Auvergne-Rhône-Alpes	43240	45.3393	4.3128
Frugerès-les-Mines	Auvergne-Rhône-Alpes	43250	45.3865	3.3067
Champclause	Auvergne-Rhône-Alpes	43260	45.0222	4.1762
Allègre	Auvergne-Rhône-Alpes	43270	45.1996	3.7117
Montfaucon-en-Velay	Auvergne-Rhône-Alpes	43290	45.1856	4.3138
Prades	Auvergne-Rhône-Alpes	43300	45.0275	3.5928
Le Vernet	Auvergne-Rhône-Alpes	43320	45.0367	3.6718
Pont-Salomon	Auvergne-Rhône-Alpes	43330	45.3378	4.2478
Barges	Auvergne-Rhône-Alpes	43340	44.8364	3.8946
Blanzac	Auvergne-Rhône-Alpes	43350	45.1087	3.8413
Bournoncle-Saint-Pierre	Auvergne-Rhône-Alpes	43360	45.3435	3.3183
Bains	Auvergne-Rhône-Alpes	43370	45.0096	3.775
Ally	Auvergne-Rhône-Alpes	43380	45.1596	3.3142
Saint-Hilaire	Auvergne-Rhône-Alpes	43390	45.3809	3.4376
Le Chambon-sur-Lignon	Auvergne-Rhône-Alpes	43400	45.061	4.3024
Chambezon	Auvergne-Rhône-Alpes	43410	45.3794	3.2428
Pradelles	Auvergne-Rhône-Alpes	43420	44.7695	3.8823
Champclause	Auvergne-Rhône-Alpes	43430	45.0222	4.1762
Chassignolles	Auvergne-Rhône-Alpes	43440	45.3968	3.4922
Autrac	Auvergne-Rhône-Alpes	43450	45.3299	3.1325
Lafarre	Auvergne-Rhône-Alpes	43490	44.8427	3.9897
Boisset	Auvergne-Rhône-Alpes	43500	45.3239	3.9828
Cayres	Auvergne-Rhône-Alpes	43510	44.9254	3.807
Mazet-Saint-Voy	Auvergne-Rhône-Alpes	43520	45.047	4.2441
Tiranges	Auvergne-Rhône-Alpes	43530	45.3043	3.9882
Saint-Front	Auvergne-Rhône-Alpes	43550	44.9763	4.1432
Esplantas-Vazeilles	Auvergne-Rhône-Alpes	43580	44.9094	3.5467
Beauzac	Auvergne-Rhône-Alpes	43590	45.2591	4.0987
Les Villettes	Auvergne-Rhône-Alpes	43600	45.235	4.1832
Saint-Pal-de-Mons	Auvergne-Rhône-Alpes	43620	45.2463	4.2742
Le Monteil	Auvergne-Rhône-Alpes	43700	45.0654	3.9135
Vals-près-le-Puy	Auvergne-Rhône-Alpes	43750	45.0315	3.8779
Chadrac	Auvergne-Rhône-Alpes	43770	45.0618	3.9026
Beaulieu	Auvergne-Rhône-Alpes	43800	45.128	3.9419
Roche-en-Régnier	Auvergne-Rhône-Alpes	43810	45.2214	3.9415
Nantes	Pays de la Loire	44000	47.2173	-1.5534
Nantes	Pays de la Loire	44100	47.2173	-1.5534
Châteaubriant	Pays de la Loire	44110	47.7168	-1.3764
Basse-Goulaine	Pays de la Loire	44115	47.2151	-1.466
Vieillevigne	Pays de la Loire	44116	46.9715	-1.4345
Saint-André-des-Eaux	Pays de la Loire	44117	47.314	-2.3112
La Chevrolière	Pays de la Loire	44118	47.091	-1.6112
Grandchamps-des-Fontaines	Pays de la Loire	44119	47.3651	-1.6059
Vertou	Pays de la Loire	44120	47.1688	-1.4729
Bouvron	Pays de la Loire	44130	47.4177	-1.8494
Aigrefeuille-sur-Maine	Pays de la Loire	44140	47.0801	-1.4042
Ancenis	Pays de la Loire	44150	47.3667	-1.1667
Besné	Pays de la Loire	44160	47.3974	-2.0914
Nozay	Pays de la Loire	44170	47.5647	-1.6256
Clisson	Pays de la Loire	44190	47.0871	-1.283
Nantes	Pays de la Loire	44200	47.2173	-1.5534
Pornic	Pays de la Loire	44210	47.1158	-2.1033
Couëron	Pays de la Loire	44220	47.2147	-1.7245
Saint-Sébastien-sur-Loire	Pays de la Loire	44230	47.2077	-1.5033
La Chapelle-sur-Erdre	Pays de la Loire	44240	47.2996	-1.5524
Saint-Brevin-les-Pins	Pays de la Loire	44250	47.2469	-2.1665
Bouée	Pays de la Loire	44260	47.3202	-1.9101
La Marne	Pays de la Loire	44270	47	-1.7333
Conquereuil	Pays de la Loire	44290	47.6249	-1.7511
Nantes	Pays de la Loire	44300	47.2173	-1.5534
La Limouzinière	Pays de la Loire	44310	46.9935	-1.5973
Chaumes-en-Retz	Pays de la Loire	44320	47.1164	-1.9386
La Chapelle-Heulin	Pays de la Loire	44330	47.1768	-1.3407
Bouguenais	Pays de la Loire	44340	47.1794	-1.6247
Guérande	Pays de la Loire	44350	47.3283	-2.4293
Cordemais	Pays de la Loire	44360	47.2914	-1.8789
La Chapelle-Saint-Sauveur	Pays de la Loire	44370	47.4411	-0.9846
Pornichet	Pays de la Loire	44380	47.2668	-2.3379
Casson	Pays de la Loire	44390	47.3865	-1.5581
Rezé	Pays de la Loire	44400	47.1906	-1.5688
Assérac	Pays de la Loire	44410	47.4292	-2.3906
La Turballe	Pays de la Loire	44420	47.3457	-2.507
La Boissière-du-Doré	Pays de la Loire	44430	47.2333	-1.2167
Teillé	Pays de la Loire	44440	47.4617	-1.2781
Barbechat	Pays de la Loire	44450	47.2775	-1.2852
Avessac	Pays de la Loire	44460	47.6534	-1.9895
Carquefou	Pays de la Loire	44470	47.2972	-1.4921
Donges	Pays de la Loire	44480	47.3182	-2.0754
Le Croisic	Pays de la Loire	44490	47.2928	-2.518
La Baule-Escoublac	Pays de la Loire	44500	47.2922	-2.3639
Le Pouliguen	Pays de la Loire	44510	47.2719	-2.4332
Grand-Auverné	Pays de la Loire	44520	47.5917	-1.3295
Couffé	Pays de la Loire	44521	47.3919	-1.2915
La Roche-Blanche	Pays de la Loire	44522	47.4405	-1.1403
Drefféac	Pays de la Loire	44530	47.476	-2.0578
Le Pin	Pays de la Loire	44540	47.5893	-1.153
Montoir-de-Bretagne	Pays de la Loire	44550	47.3282	-2.1488
Corsept	Pays de la Loire	44560	47.2768	-2.0606
Trignac	Pays de la Loire	44570	47.3178	-2.1892
Bourgneuf-en-Retz	Pays de la Loire	44580	47.0429	-1.9529
Derval	Pays de la Loire	44590	47.6677	-1.6718
Saint-Nazaire	Pays de la Loire	44600	47.2751	-2.2179
Indre	Pays de la Loire	44610	47.2	-1.6667
La Montagne	Pays de la Loire	44620	47.1899	-1.684
Plessé	Pays de la Loire	44630	47.5418	-1.8872
Cheix-en-Retz	Pays de la Loire	44640	47.182	-1.8139
Corcoué-sur-Logne	Pays de la Loire	44650	46.9667	-1.5833
Fercé	Pays de la Loire	44660	47.7963	-1.4156
Juigné-des-Moutiers	Pays de la Loire	44670	47.679	-1.1868
Chaumes-en-Retz	Pays de la Loire	44680	47.1164	-1.9386
Monnières	Pays de la Loire	44690	47.1319	-1.3565
Orvault	Pays de la Loire	44700	47.2712	-1.6236
Port-Saint-Père	Pays de la Loire	44710	47.1335	-1.7491
Saint-Joachim	Pays de la Loire	44720	47.3823	-2.2013
Saint-Michel-Chef-Chef	Pays de la Loire	44730	47.1805	-2.1571
Batz-sur-Mer	Pays de la Loire	44740	47.2773	-2.4805
Quilly	Pays de la Loire	44750	47.4618	-1.9541
La Bernerie-en-Retz	Pays de la Loire	44760	47.0814	-2.0372
La Plaine-sur-Mer	Pays de la Loire	44770	47.1372	-2.1917
Missillac	Pays de la Loire	44780	47.4822	-2.1593
Saint-Herblain	Pays de la Loire	44800	47.2115	-1.651
Héric	Pays de la Loire	44810	47.413	-1.6523
Bouaye	Pays de la Loire	44830	47.1434	-1.689
Les Sorinières	Pays de la Loire	44840	47.1474	-1.53
Ligné	Pays de la Loire	44850	47.4115	-1.378
Pont-Saint-Martin	Pays de la Loire	44860	47.1242	-1.5848
Sautron	Pays de la Loire	44880	47.2634	-1.6722
Sainte-Luce-sur-Loire	Pays de la Loire	44980	47.2551	-1.4827
Orléans	Centre-Val de Loire	45000	47.9029	1.9039
Orléans	Centre-Val de Loire	45100	47.9029	1.9039
Châteauneuf-sur-Loire	Centre-Val de Loire	45110	47.8657	2.219
Châlette-sur-Loing	Centre-Val de Loire	45120	48.0134	2.7359
Baccon	Centre-Val de Loire	45130	47.8914	1.6286
Saint-Jean-de-la-Ruelle	Centre-Val de Loire	45140	47.9113	1.8648
Darvoy	Centre-Val de Loire	45150	47.8584	2.1003
Olivet	Centre-Val de Loire	45160	47.8622	1.8991
Montigny	Centre-Val de Loire	45170	48.1136	2.1149
Cravant	Centre-Val de Loire	45190	47.8286	1.5711
Montargis	Centre-Val de Loire	45200	47.997	2.7326
Chevannes	Centre-Val de Loire	45210	48.1342	2.8584
Saint-Germain-des-Prés	Centre-Val de Loire	45220	47.9538	2.8485
Sainte-Geneviève-des-Bois	Centre-Val de Loire	45230	47.8178	2.8165
La Ferté-Saint-Aubin	Centre-Val de Loire	45240	47.717	1.939
Breteau	Centre-Val de Loire	45250	47.6829	2.8934
Noyers	Centre-Val de Loire	45260	47.9142	2.524
Bellegarde	Centre-Val de Loire	45270	47.9833	2.4333
Boismorand	Centre-Val de Loire	45290	47.7859	2.7188
Pithiviers	Centre-Val de Loire	45300	48.1718	2.2518
Saint-Sigismond	Centre-Val de Loire	45310	47.9808	1.6791
Courtenay	Centre-Val de Loire	45320	48.039	3.0585
Mainvilliers	Centre-Val de Loire	45330	48.3006	2.2816
Saint-Michel	Centre-Val de Loire	45340	48.0691	2.3781
Cernoy-en-Berry	Centre-Val de Loire	45360	47.5405	2.6607
Cléry-Saint-André	Centre-Val de Loire	45370	47.8222	1.7509
Chaingy	Centre-Val de Loire	45380	47.8833	1.7706
Orville	Centre-Val de Loire	45390	48.2435	2.438
Fleury-les-Aubrais	Centre-Val de Loire	45400	47.9333	1.9181
Artenay	Centre-Val de Loire	45410	48.0825	1.881
Thou	Centre-Val de Loire	45420	47.5801	2.9085
Chécy	Centre-Val de Loire	45430	47.894	2.023
Donnery	Centre-Val de Loire	45450	47.9149	2.103
Les Bordes	Centre-Val de Loire	45460	47.8118	2.4028
Loury	Centre-Val de Loire	45470	47.9994	2.0847
Chaussy	Centre-Val de Loire	45480	48.1703	1.9809
Gondreville	Centre-Val de Loire	45490	48.0504	2.6543
Gien	Centre-Val de Loire	45500	47.6933	2.6309
Neuvy-en-Sullias	Centre-Val de Loire	45510	47.7947	2.2444
Cercottes	Centre-Val de Loire	45520	47.9864	1.883
Combreux	Centre-Val de Loire	45530	47.9552	2.3023
Saint-Denis-de-l'Hôtel	Centre-Val de Loire	45550	47.8667	2.1167
Saint-Denis-en-Val	Centre-Val de Loire	45560	47.8732	1.966
Dampierre-en-Burly	Centre-Val de Loire	45570	47.7614	2.5196
Saint-Cyr-en-Val	Centre-Val de Loire	45590	47.8318	1.9667
Guilly	Centre-Val de Loire	45600	47.8042	2.2761
Cerdon	Centre-Val de Loire	45620	47.6357	2.3628
Beaulieu-sur-Loire	Centre-Val de Loire	45630	47.5432	2.8162
Sandillon	Centre-Val de Loire	45640	47.8451	2.0316
Saint-Jean-le-Blanc	Centre-Val de Loire	45650	47.8933	1.9154
Dordives	Centre-Val de Loire	45680	48.1425	2.7678
Villemandeur	Centre-Val de Loire	45700	47.987	2.718
Coullons	Centre-Val de Loire	45720	47.621	2.4926
Saint-Benoît-sur-Loire	Centre-Val de Loire	45730	47.8056	2.3127
Lailly-en-Val	Centre-Val de Loire	45740	47.7696	1.6866
Saint-Pryvé-Saint-Mesmin	Centre-Val de Loire	45750	47.8818	1.8695
Boigny-sur-Bionne	Centre-Val de Loire	45760	47.9333	2.0167
Saran	Centre-Val de Loire	45770	47.9501	1.876
Saint-Jean-de-Braye	Centre-Val de Loire	45800	47.913	1.977
Cahors	Occitanie	46000	44.4491	1.4366
Cours	Occitanie	46090	44.5186	1.5404
Saint-Félix	Occitanie	46100	44.6114	2.1179
Condat	Occitanie	46110	44.9906	1.6644
Sainte-Colombe	Occitanie	46120	44.7232	2.0027
Tauriac	Occitanie	46130	44.9062	1.7757
Carnac	Occitanie	46140	44.4137	1.2316
Saint-Médard	Occitanie	46150	44.5387	1.2935
Saint-Sulpice	Occitanie	46160	44.5696	1.7909
Cézac	Occitanie	46170	44.3403	1.3418
Calviac	Occitanie	46190	44.9222	2.0478
Lacave	Occitanie	46200	44.845	1.557
Saint-Médard	Occitanie	46210	44.7738	2.025
Lagardelle	Occitanie	46220	44.4925	1.1694
Escamps	Occitanie	46230	44.4	1.5833
Ussel	Occitanie	46240	44.5937	1.4999
Saint-Caprais	Occitanie	46250	44.6069	1.1585
Beauregard	Occitanie	46260	44.3456	1.7928
Bagnac-sur-Célé	Occitanie	46270	44.6667	2.1667
Gourdon	Occitanie	46300	44.7358	1.3807
Concorès	Occitanie	46310	44.6588	1.3949
Grèzes	Occitanie	46320	44.6274	1.82
Saint-Géry	Occitanie	46330	44.4785	1.5811
Dégagnac	Occitanie	46340	44.665	1.3157
Loupiac	Occitanie	46350	44.8178	1.4606
Cras	Occitanie	46360	44.5677	1.5327
Bannes	Occitanie	46400	44.8105	1.9099
Albiac	Occitanie	46500	44.766	1.8109
Floirac	Occitanie	46600	44.9154	1.6548
Cassagnes	Occitanie	46700	44.5589	1.1383
Sainte-Croix	Occitanie	46800	44.3408	1.166
Agen	Nouvelle-Aquitaine	47000	44.202	0.6206
Allez-et-Cazeneuve	Nouvelle-Aquitaine	47110	44.4	0.6167
Saint-Sernin	Nouvelle-Aquitaine	47120	44.7111	0.2386
Saint-Laurent	Nouvelle-Aquitaine	47130	44.2467	0.4
Auradou	Nouvelle-Aquitaine	47140	44.3348	0.8102
Saint-Aubin	Nouvelle-Aquitaine	47150	44.4765	0.8529
Saint-Léger	Nouvelle-Aquitaine	47160	44.2879	0.3184
Andiran	Nouvelle-Aquitaine	47170	44.0974	0.2775
Castelnau-sur-Gupie	Nouvelle-Aquitaine	47180	44.5589	0.1336
Lagarrigue	Nouvelle-Aquitaine	47190	44.2961	0.3795
Marmande	Nouvelle-Aquitaine	47200	44.5036	0.1655
Montaut	Nouvelle-Aquitaine	47210	44.6037	0.6703
Cuq	Nouvelle-Aquitaine	47220	44.0831	0.6984
Barbaste	Nouvelle-Aquitaine	47230	44.1693	0.286
Bon-Encontre	Nouvelle-Aquitaine	47240	44.186	0.6713
Argenton	Nouvelle-Aquitaine	47250	44.3849	0.0942
Brugnac	Nouvelle-Aquitaine	47260	44.4485	0.4381
Saint-Urcisse	Nouvelle-Aquitaine	47270	44.1611	0.8194
Moulinet	Nouvelle-Aquitaine	47290	44.5414	0.5821
Villeneuve-sur-Lot	Nouvelle-Aquitaine	47300	44.4085	0.7042
Roquefort	Nouvelle-Aquitaine	47310	44.1741	0.5587
Bourran	Nouvelle-Aquitaine	47320	44.3426	0.3936
Montauriol	Nouvelle-Aquitaine	47330	44.617	0.5804
Saint-Robert	Nouvelle-Aquitaine	47340	44.2466	0.7946
Saint-Avit	Nouvelle-Aquitaine	47350	44.5681	0.2125
Cours	Nouvelle-Aquitaine	47360	44.3221	0.5892
Saint-Georges	Nouvelle-Aquitaine	47370	44.4419	0.9348
Hauterive	Nouvelle-Aquitaine	47380	44.4299	0.5812
Layrac	Nouvelle-Aquitaine	47390	44.1335	0.6603
Fauguerolles	Nouvelle-Aquitaine	47400	44.4404	0.2487
Ségalas	Nouvelle-Aquitaine	47410	44.5873	0.5309
Allons	Nouvelle-Aquitaine	47420	44.201	-0.0544
Sainte-Marthe	Nouvelle-Aquitaine	47430	44.4151	0.1488
Casseneuil	Nouvelle-Aquitaine	47440	44.4429	0.6214
Colayrac-Saint-Cirq	Nouvelle-Aquitaine	47450	44.22	0.5528
Beauville	Nouvelle-Aquitaine	47470	44.277	0.8821
Bajamont	Nouvelle-Aquitaine	47480	44.2656	0.7073
Fumel	Nouvelle-Aquitaine	47500	44.499	0.9673
Foulayronnes	Nouvelle-Aquitaine	47510	44.2403	0.6452
Le Passage	Nouvelle-Aquitaine	47520	44.2014	0.6035
Boé	Nouvelle-Aquitaine	47550	44.1602	0.6281
Lasserre	Nouvelle-Aquitaine	47600	44.0647	0.3913
Ruffiac	Nouvelle-Aquitaine	47700	44.3621	0.0328
Lavergne	Nouvelle-Aquitaine	47800	44.5918	0.3966
Mende	Occitanie	48000	44.5216	3.4998
Grèzes	Occitanie	48100	44.5126	3.3382
Gabriac	Occitanie	48110	44.1778	3.7236
Sainte-Eulalie	Occitanie	48120	44.7908	3.4666
Aumont-Aubrac	Occitanie	48130	44.7224	3.2839
Chaulhac	Occitanie	48140	44.9224	3.2573
Gatuzières	Occitanie	48150	44.1987	3.4888
Ventalon en Cévennes	Occitanie	48160	44.2853	3.8553
Montbel	Occitanie	48170	44.5917	3.7155
Sainte-Hélène	Occitanie	48190	44.5194	3.6035
Saint-Pierre-le-Vieux	Occitanie	48200	44.85	3.3167
Montbrun	Occitanie	48210	44.3366	3.5045
Fraissinet-de-Lozère	Occitanie	48220	44.3764	3.7064
Les Salelles	Occitanie	48230	44.4814	3.2791
Ventalon en Cévennes	Occitanie	48240	44.2853	3.8553
Luc	Occitanie	48250	44.6501	3.891
Marchastel	Occitanie	48260	44.6511	3.1066
Malbouzon	Occitanie	48270	44.701	3.1349
Rocles	Occitanie	48300	44.7138	3.7815
Brion	Occitanie	48310	44.7545	3.0712
Quézac	Occitanie	48320	44.3697	3.5241
Saint-Étienne-Vallée-Française	Occitanie	48330	44.167	3.8414
Les Hermaux	Occitanie	48340	44.5163	3.1317
Saint-Germain-de-Calberte	Occitanie	48370	44.218	3.8088
Barre-des-Cévennes	Occitanie	48400	44.2449	3.6535
Saint-Saturnin	Occitanie	48500	44.4118	3.1886
Saint-Symphorien	Occitanie	48600	44.8398	3.6253
La Villedieu	Occitanie	48700	44.7146	3.5212
Villefort	Occitanie	48800	44.4397	3.9321
Angers	Pays de la Loire	49000	47.4716	-0.552
Beaucouzé	Pays de la Loire	49070	47.4751	-0.6322
Bouchemaine	Pays de la Loire	49080	47.4223	-0.6089
Angers	Pays de la Loire	49100	47.4716	-0.552
Saint-Pierre-Montlimart	Pays de la Loire	49110	47.2698	-1.0274
Verrières-en-Anjou	Pays de la Loire	49112	47.5197	-0.4717
Chemillé-en-Anjou	Pays de la Loire	49120	47.2122	-0.7269
Bégrolles-en-Mauges	Pays de la Loire	49122	47.141	-0.9399
Saint-Sigismond	Pays de la Loire	49123	47.4542	-0.9422
Saint-Barthélemy-d'Anjou	Pays de la Loire	49124	47.467	-0.4953
Briollay	Pays de la Loire	49125	47.5645	-0.5081
Les Ponts-de-Cé	Pays de la Loire	49130	47.4232	-0.5248
Loire-Authion	Pays de la Loire	49140	47.4131	-0.3189
Fougeré	Pays de la Loire	49150	47.6279	-0.1483
Blou	Pays de la Loire	49160	47.3625	-0.0373
Saint-Germain-des-Prés	Pays de la Loire	49170	47.4098	-0.8336
Val-du-Layon	Pays de la Loire	49190	47.3022	-0.6322
Erdre-en-Anjou	Pays de la Loire	49220	47.6006	-0.835
Sèvremoine	Pays de la Loire	49230	47.1239	-0.9917
Avrillé	Pays de la Loire	49240	47.5066	-0.5895
Brion	Pays de la Loire	49250	47.4412	-0.1562
Épieds	Pays de la Loire	49260	47.1435	-0.0462
Montrevault-sur-Èvre	Pays de la Loire	49270	47.2614	-1.0453
La Séguinière	Pays de la Loire	49280	47.0634	-0.94
Mauges-sur-Loire	Pays de la Loire	49290	47.3553	-0.8603
Cholet	Pays de la Loire	49300	47.0589	-0.8797
Chemillé-en-Anjou	Pays de la Loire	49310	47.2122	-0.7269
Saint-Sulpice	Pays de la Loire	49320	47.3996	-0.4167
Cherré	Pays de la Loire	49330	47.7107	-0.5631
Chanteloup-les-Bois	Pays de la Loire	49340	47.0948	-0.6848
Gennes	Pays de la Loire	49350	47.3401	-0.2315
La Plaine	Pays de la Loire	49360	47.0681	-0.6349
Erdre-en-Anjou	Pays de la Loire	49370	47.6006	-0.835
Bellevigne-en-Layon	Pays de la Loire	49380	47.2667	-0.5
Courléon	Pays de la Loire	49390	47.3897	0.1424
Saumur	Pays de la Loire	49400	47.2593	-0.0781
Mauges-sur-Loire	Pays de la Loire	49410	47.3553	-0.8603
Ombrée d'Anjou	Pays de la Loire	49420	47.7406	-1.1764
Baracé	Pays de la Loire	49430	47.6403	-0.359
Angrie	Pays de la Loire	49440	47.5703	-0.9745
Beaupréau-en-Mauges	Pays de la Loire	49450	47.2019	-0.9944
Cantenay-Épinard	Pays de la Loire	49460	47.5335	-0.5688
Saint-Sylvain-d'Anjou	Pays de la Loire	49480	47.5194	-0.472
La Pellerine	Pays de la Loire	49490	47.4616	0.123
Segré	Pays de la Loire	49500	47.6867	-0.8727
Beaupréau-en-Mauges	Pays de la Loire	49510	47.2019	-0.9944
Ombrée d'Anjou	Pays de la Loire	49520	47.7406	-1.1764
Orée d'Anjou	Pays de la Loire	49530	47.3369	-1.2667
Lys-Haut-Layon	Pays de la Loire	49540	47.1467	-0.5336
Lys-Haut-Layon	Pays de la Loire	49560	47.1467	-0.5336
Mauges-sur-Loire	Pays de la Loire	49570	47.3553	-0.8603
Fontevraud-l'Abbaye	Pays de la Loire	49590	47.1825	0.049
Beaupréau	Pays de la Loire	49600	47.2021	-0.9947
Juigné sur Loire	Pays de la Loire	49610	47.4075	-0.4761
Mauges-sur-Loire	Pays de la Loire	49620	47.3553	-0.8603
Loire-Authion	Pays de la Loire	49630	47.4131	-0.3189
Chemiré-sur-Sarthe	Pays de la Loire	49640	47.7504	-0.4314
Allonnes	Pays de la Loire	49650	47.2934	0.0228
Sèvremoine	Pays de la Loire	49660	47.1239	-0.9917
Chemillé-en-Anjou	Pays de la Loire	49670	47.2122	-0.7269
Neuillé	Pays de la Loire	49680	47.3413	-0.0354
Coron	Pays de la Loire	49690	47.1276	-0.647
Forges	Pays de la Loire	49700	47.2174	-0.2458
Sèvremoine	Pays de la Loire	49710	47.1239	-0.9917
Parnay	Pays de la Loire	49730	47.2318	0.009
La Romagne	Pays de la Loire	49740	47.0611	-1.0217
Chemillé-en-Anjou	Pays de la Loire	49750	47.2122	-0.7269
Longuenée-en-Anjou	Pays de la Loire	49770	47.5611	-0.6739
Trélazé	Pays de la Loire	49800	47.4463	-0.4665
Saint-Lô	Normandie	50000	49.1162	-1.0903
Cherbourg-Octeville	Normandie	50100	49.6398	-1.6164
Cherbourg-en-Cotentin	Normandie	50110	49.6386	-1.6147
Cherbourg-en-Cotentin	Normandie	50120	49.6386	-1.6147
Cherbourg-Octeville	Normandie	50130	49.6398	-1.6164
Fontenay	Normandie	50140	48.628	-1.0299
Beauficel	Normandie	50150	48.7401	-0.9761
Saint-Amand	Normandie	50160	49.0434	-0.9649
Beauvoir	Normandie	50170	48.5967	-1.5052
Saint-Gilles	Normandie	50180	49.1046	-1.1769
Gorges	Normandie	50190	49.2562	-1.4073
Coutances	Normandie	50200	49.0454	-1.4452
Savigny	Normandie	50210	49.0501	-1.3388
Marcilly	Normandie	50220	48.6482	-1.2525
Agon-Coutainville	Normandie	50230	49.0417	-1.575
Argouges	Normandie	50240	48.5023	-1.3968
La Haye	Normandie	50250	49.29	-1.5422
Breuville	Normandie	50260	49.538	-1.6745
Baubigny	Normandie	50270	49.4292	-1.8203
Longueville	Normandie	50290	48.8548	-1.548
Avranches	Normandie	50300	48.6844	-1.3569
Saint-Cyr	Normandie	50310	49.4879	-1.4199
Beauchamps	Normandie	50320	48.8324	-1.36
Le Theil	Normandie	50330	49.6099	-1.4703
Flamanville	Normandie	50340	49.5327	-1.8656
Donville-les-Bains	Normandie	50350	48.8461	-1.5831
Picauville	Normandie	50360	49.3781	-1.4005
Saint-Nicolas-des-Bois	Normandie	50370	48.7558	-1.1932
Saint-Aubin-des-Préaux	Normandie	50380	48.8047	-1.5082
Sainte-Colombe	Normandie	50390	49.4213	-1.5219
Granville	Normandie	50400	48.8379	-1.5971
Percy	Normandie	50410	48.9171	-1.1892
Fourneaux	Normandie	50420	48.9647	-1.0349
Vesly	Normandie	50430	49.252	-1.5045
Beaumont-Hague	Normandie	50440	49.6639	-1.8382
Gavray	Normandie	50450	48.9111	-1.3506
Cherbourg-en-Cotentin	Normandie	50460	49.6386	-1.6147
Cherbourg-en-Cotentin	Normandie	50470	49.6386	-1.6147
Picauville	Normandie	50480	49.3797	-1.4175
La Ronde-Haye	Normandie	50490	49.1258	-1.444
Auvers	Normandie	50500	49.2992	-1.3211
Chanteloup	Normandie	50510	48.8988	-1.4863
Bellefontaine	Normandie	50520	48.6875	-0.9746
Champeaux	Normandie	50530	48.7379	-1.5315
Isigny-le-Buat	Normandie	50540	48.617	-1.1699
Saint-Vaast-la-Hougue	Normandie	50550	49.5861	-1.2644
Gouville-sur-Mer	Normandie	50560	49.0961	-1.5791
Marigny	Normandie	50570	49.0995	-1.2418
La Haye	Normandie	50580	49.29	-1.5422
Hauteville-sur-Mer	Normandie	50590	48.9771	-1.5414
Martigny	Normandie	50600	48.6148	-1.1055
Jullouville	Normandie	50610	48.7758	-1.5637
Amigny	Normandie	50620	49.1552	-1.1793
Crasville	Normandie	50630	49.5505	-1.3425
Ferrières	Normandie	50640	48.5439	-0.9575
Orval	Normandie	50660	49.0143	-1.4707
Cuves	Normandie	50670	48.7185	-1.1069
Couvains	Normandie	50680	49.1655	-1.0073
Couville	Normandie	50690	49.5523	-1.6862
Lieusaint	Normandie	50700	49.4755	-1.4779
Créances	Normandie	50710	49.1987	-1.5694
Barenton	Normandie	50720	48.6003	-0.8326
Saint-Hilaire-du-Harcouët	Normandie	50730	48.5778	-1.0919
Jullouville	Normandie	50740	48.7758	-1.5637
Bourgvallées	Normandie	50750	49.0489	-1.1289
Sainte-Geneviève	Normandie	50760	49.6577	-1.3112
Pirou	Normandie	50770	49.1809	-1.5738
La Trinité	Normandie	50800	48.7914	-1.2356
Bérigny	Normandie	50810	49.143	-0.9411
Fermanville	Normandie	50840	49.6867	-1.4628
Ger	Normandie	50850	48.6812	-0.7885
Moyon Villages	Normandie	50860	49.0008	-1.1186
Subligny	Normandie	50870	48.7447	-1.3668
La Meauffe	Normandie	50880	49.1764	-1.1112
Condé-sur-Vire	Normandie	50890	49.05	-1.0333
Châlons-en-Champagne	Grand Est	51000	48.9539	4.3672
Reims	Grand Est	51100	49.2653	4.0285
Bazancourt	Grand Est	51110	49.3656	4.1705
Saint-Loup	Grand Est	51120	48.7378	3.8125
Étréchy	Grand Est	51130	48.8864	3.9429
Romain	Grand Est	51140	49.3306	3.7711
Juvigny	Grand Est	51150	49.0192	4.2639
Aÿ-Champagne	Grand Est	51160	49.0553	4.0036
Saint-Gilles	Grand Est	51170	49.2804	3.6768
Flavigny	Grand Est	51190	48.9756	4.0604
Épernay	Grand Est	51200	49.04	3.9592
Rieux	Grand Est	51210	48.85	3.5
Thil	Grand Est	51220	49.3158	3.9636
Marigny	Grand Est	51230	48.664	3.867
Francheville	Grand Est	51240	48.89	4.5425
Villers-le-Sec	Grand Est	51250	48.8133	4.8536
Bagneux	Grand Est	51260	48.5588	3.8274
Bannay	Grand Est	51270	48.8595	3.7246
Hauteville	Grand Est	51290	48.6372	4.7697
Vitry-le-François	Grand Est	51300	48.7247	4.5844
Neuvy	Grand Est	51310	48.7459	3.5206
Bréban	Grand Est	51320	48.5777	4.4048
Bussy-le-Repos	Grand Est	51330	48.8996	4.7593
Saint-Vrain	Grand Est	51340	48.695	4.8026
Cormontreuil	Grand Est	51350	49.2167	4.05
Beaumont-sur-Vesle	Grand Est	51360	49.1741	4.1871
Ormes	Grand Est	51370	49.2383	3.9576
Trépail	Grand Est	51380	49.107	4.1825
Rosnay	Grand Est	51390	49.254	3.8624
Mourmelon-le-Grand	Grand Est	51400	49.1326	4.3642
Berru	Grand Est	51420	49.2723	4.1537
Tinqueux	Grand Est	51430	49.25	3.9833
Bétheny	Grand Est	51450	49.285	4.0549
L'Épine	Grand Est	51460	48.9783	4.4712
Moncetz-Longevas	Grand Est	51470	48.9094	4.4262
Damery	Grand Est	51480	49.0724	3.8804
Selles	Grand Est	51490	49.3075	4.2852
Saint-Léonard	Grand Est	51500	49.2203	4.0971
Saint-Pierre	Grand Est	51510	48.947	4.2452
Sarry	Grand Est	51520	48.9185	4.4062
Morangis	Grand Est	51530	48.9736	3.9163
Suippes	Grand Est	51600	49.1289	4.5345
Sainte-Gemme	Grand Est	51700	49.1413	3.6709
Verrières	Grand Est	51800	49.0647	4.9076
Chaumont	Grand Est	52000	48.1112	5.1413
Saint-Dizier	Grand Est	52100	48.6377	4.9489
Baudrecourt	Grand Est	52110	48.395	4.9602
Richebourg	Grand Est	52120	48.0212	5.0594
Fays	Grand Est	52130	48.4733	5.0354
Saulxures	Grand Est	52140	47.9549	5.5867
Bourg-Sainte-Marie	Grand Est	52150	48.1795	5.557
Arbot	Grand Est	52160	47.85	5.0099
Chevillon	Grand Est	52170	48.5287	5.1309
Villegusien-le-Lac	Grand Est	52190	47.7361	5.3213
Saint-Maurice	Grand Est	52200	47.8447	5.4096
Arc-en-Barrois	Grand Est	52210	47.9477	5.0081
Ceffonds	Grand Est	52220	48.471	4.764
Sailly	Grand Est	52230	48.4337	5.2735
Noyers	Grand Est	52240	48.0613	5.4859
Flagey	Grand Est	52250	47.7822	5.256
Faverolles	Grand Est	52260	47.9473	5.2101
Épizon	Grand Est	52270	48.3786	5.3494
Humbécourt	Grand Est	52290	48.5831	4.9026
Maizières	Grand Est	52300	48.4931	5.068
Annéville-la-Prairie	Grand Est	52310	48.1966	5.0843
Cerisières	Grand Est	52320	48.3167	5.0833
Autreville-sur-la-Renne	Grand Est	52330	48.1168	4.9786
Ageville	Grand Est	52340	48.1103	5.3549
Charmes	Grand Est	52360	47.92	5.3509
Cirfontaines-en-Azois	Grand Est	52370	48.1101	4.8727
Aigremont	Grand Est	52400	48.0167	5.7167
Chamouilley	Grand Est	52410	48.6065	5.0457
Belmont	Grand Est	52500	47.7231	5.5463
Grandchamp	Grand Est	52600	47.7239	5.4519
Briaucourt	Grand Est	52700	48.2079	5.1887
Foulain	Grand Est	52800	48.0395	5.2124
Laval	Pays de la Loire	53000	48.0725	-0.7702
Mayenne	Pays de la Loire	53100	48.3034	-0.6138
Sainte-Marie-du-Bois	Pays de la Loire	53110	48.4652	-0.4817
Brecé	Pays de la Loire	53120	48.3982	-0.7897
Saint-Samson	Pays de la Loire	53140	48.4818	-0.191
Brée	Pays de la Loire	53150	48.1507	-0.5192
Bais	Pays de la Loire	53160	48.2533	-0.3655
Arquenay	Pays de la Loire	53170	47.9859	-0.5705
Désertines	Pays de la Loire	53190	48.4694	-0.867
Château-Gontier	Pays de la Loire	53200	47.827	-0.7051
Argentré	Pays de la Loire	53210	48.0843	-0.6411
La Pellerine	Pays de la Loire	53220	48.315	-1.0521
Astillé	Pays de la Loire	53230	47.9628	-0.8521
Alexain	Pays de la Loire	53240	48.2293	-0.768
Le Ham	Pays de la Loire	53250	48.3798	-0.3784
Entrammes	Pays de la Loire	53260	47.9993	-0.7154
Sainte-Suzanne	Pays de la Loire	53270	48.0981	-0.355
Saint-Brice	Pays de la Loire	53290	47.8592	-0.4409
Ambrières-les-Vallées	Pays de la Loire	53300	48.4021	-0.6311
Montjean	Pays de la Loire	53320	48.0058	-0.9601
Bannes	Pays de la Loire	53340	47.9816	-0.3513
Ballots	Pays de la Loire	53350	47.8949	-1.0474
Saint-Sulpice	Pays de la Loire	53360	47.9006	-0.7164
Ravigny	Pays de la Loire	53370	48.4472	-0.0619
Juvigné	Pays de la Loire	53380	48.2299	-1.0352
Saint-Erblon	Pays de la Loire	53390	47.7874	-1.1679
Athée	Pays de la Loire	53400	47.8871	-0.9506
Olivet	Pays de la Loire	53410	48.1211	-0.917
Chailland	Pays de la Loire	53420	48.2243	-0.8733
Aron	Pays de la Loire	53440	48.2974	-0.5586
Châlons-du-Maine	Pays de la Loire	53470	48.1632	-0.6435
Saint-Léger	Pays de la Loire	53480	48.0826	-0.4558
Ernée	Pays de la Loire	53500	48.2972	-0.9326
Cuillé	Pays de la Loire	53540	47.9705	-1.1193
Évron	Pays de la Loire	53600	48.1559	-0.4024
Champéon	Pays de la Loire	53640	48.3676	-0.5177
Saint-Mars-du-Désert	Pays de la Loire	53700	48.2938	-0.159
La Boissière	Pays de la Loire	53800	47.7815	-0.9828
Changé	Pays de la Loire	53810	48.0992	-0.7897
Saint-Berthevin	Pays de la Loire	53940	48.0692	-0.8261
La Chapelle-Anthenaise	Pays de la Loire	53950	48.123	-0.677
Bonchamp-lès-Laval	Pays de la Loire	53960	48.0738	-0.702
L'Huisserie	Pays de la Loire	53970	48.0243	-0.7685
Nancy	Grand Est	54000	48.6844	6.185
Nancy	Grand Est	54100	48.6844	6.185
Haraucourt	Grand Est	54110	48.6617	6.3633
Mont-Bonvillers	Grand Est	54111	49.3269	5.8349
Allamps	Grand Est	54112	48.5469	5.8095
Blénod-lès-Toul	Grand Est	54113	48.5988	5.8368
Jeandelaincourt	Grand Est	54114	48.8434	6.245
Favières	Grand Est	54115	48.465	5.9544
Praye	Grand Est	54116	48.434	6.1053
Moyen	Grand Est	54118	48.4845	6.5691
Domgermain	Grand Est	54119	48.6428	5.8296
Lachapelle	Grand Est	54120	48.4193	6.7898
Vandières	Grand Est	54121	48.9536	6.0336
Azerailles	Grand Est	54122	48.4886	6.6948
Viterne	Grand Est	54123	48.5879	6.0297
Magnières	Grand Est	54129	48.4461	6.5652
Saint-Max	Grand Est	54130	48.7043	6.2069
Ceintrey	Grand Est	54134	48.5248	6.1633
Mexy	Grand Est	54135	49.5007	5.7808
Bouxières-aux-Dames	Grand Est	54136	48.7544	6.1629
Jarville-la-Malgrange	Grand Est	54140	48.667	6.2027
Briey	Grand Est	54150	49.2492	5.9397
Autrey	Grand Est	54160	48.5308	6.1303
Bagneux	Grand Est	54170	48.5585	5.8827
Heillecourt	Grand Est	54180	48.6505	6.1951
Bréhain-la-Ville	Grand Est	54190	49.4383	5.8812
Toul	Grand Est	54200	48.6808	5.8912
Ferrières	Grand Est	54210	48.554	6.2935
Malzéville	Grand Est	54220	48.7124	6.1847
Chavigny	Grand Est	54230	48.629	6.1232
Jœuf	Grand Est	54240	49.2333	6.0167
Champigneulles	Grand Est	54250	48.734	6.1618
Longuyon	Grand Est	54260	49.4418	5.6051
Essey-lès-Nancy	Grand Est	54270	48.705	6.2269
Brin-sur-Seille	Grand Est	54280	48.7799	6.3546
Saint-Germain	Grand Est	54290	48.4319	6.3392
Lunéville	Grand Est	54300	48.5927	6.4938
Homécourt	Grand Est	54310	49.2207	5.9924
Maxéville	Grand Est	54320	48.7132	6.1666
Chaouilley	Grand Est	54330	48.4391	6.0676
Pompey	Grand Est	54340	48.7688	6.1264
Mont-Saint-Martin	Grand Est	54350	49.5436	5.7834
Romain	Grand Est	54360	48.5158	6.3587
Serres	Grand Est	54370	48.6909	6.4631
Martincourt	Grand Est	54380	48.847	5.9447
Avrainville	Grand Est	54385	48.7726	5.9387
Frouard	Grand Est	54390	48.7599	6.1304
Longwy	Grand Est	54400	49.5217	5.7619
Laneuveville-devant-Nancy	Grand Est	54410	48.6566	6.2266
Cerville	Grand Est	54420	48.6964	6.3124
Pulnoy	Grand Est	54425	48.7034	6.2577
Réhon	Grand Est	54430	49.4988	5.755
Herserange	Grand Est	54440	49.5205	5.7899
Saint-Martin	Grand Est	54450	48.5684	6.7532
Aingeray	Grand Est	54460	48.7387	6.0025
Beaumont	Grand Est	54470	48.8521	5.7883
Saint-Sauveur	Grand Est	54480	48.5341	6.9743
Avillers	Grand Est	54490	49.3236	5.7354
Vandœuvre-lès-Nancy	Grand Est	54500	48.6612	6.1711
Art-sur-Meurthe	Grand Est	54510	48.6575	6.2671
Laxou	Grand Est	54520	48.6837	6.1493
Arnaville	Grand Est	54530	49.0113	6.0301
Montigny	Grand Est	54540	48.5154	6.8028
Maizières	Grand Est	54550	48.583	6.0593
Beuvillers	Grand Est	54560	49.3848	5.9161
Foug	Grand Est	54570	48.6838	5.7874
Auboué	Grand Est	54580	49.212	5.9766
Hussigny-Godbrange	Grand Est	54590	49.4944	5.8668
Villers-lès-Nancy	Grand Est	54600	48.6733	6.1528
Belleau	Grand Est	54610	48.83	6.1839
Pierrepont	Grand Est	54620	49.4165	5.7091
Flavigny-sur-Moselle	Grand Est	54630	48.5657	6.1888
Bettainvillers	Grand Est	54640	49.2999	5.9056
Saulnes	Grand Est	54650	49.5319	5.8213
Moutiers	Grand Est	54660	49.233	5.9655
Millery	Grand Est	54670	48.8166	6.13
Crusnes	Grand Est	54680	49.4341	5.9156
Eulmont	Grand Est	54690	48.7503	6.2273
Pont-à-Mousson	Grand Est	54700	48.907	6.0563
Ludres	Grand Est	54710	48.6203	6.1675
Cutry	Grand Est	54720	49.4835	5.7435
Gorcy	Grand Est	54730	49.5349	5.6849
Gerbécourt	Grand Est	54740	48.49	6.1626
Trieux	Grand Est	54750	49.3246	5.9305
Armaucourt	Grand Est	54760	48.8156	6.3038
Amance	Grand Est	54770	48.7545	6.2807
Giraumont	Grand Est	54780	49.1708	5.9145
Mancieulles	Grand Est	54790	49.2823	5.8961
Saint-Marcel	Grand Est	54800	49.1218	5.9528
Longlaville	Grand Est	54810	49.5344	5.8005
Marbache	Grand Est	54820	48.7987	6.106
Franconville	Grand Est	54830	48.5003	6.4515
Gondreville	Grand Est	54840	48.6937	5.9647
Méréville	Grand Est	54850	48.5911	6.1511
Haucourt	Grand Est	54860	49.4898	5.8036
Cons-la-Grandville	Grand Est	54870	49.4849	5.7038
Thil	Grand Est	54880	49.473	5.9082
Bayonville-sur-Mad	Grand Est	54890	49.014	5.9912
Valleroy	Grand Est	54910	49.2094	5.937
Morfontaine	Grand Est	54920	49.4449	5.8103
Courcelles	Grand Est	54930	48.3725	6.0376
Belleville	Grand Est	54940	48.8182	6.1029
Saint-Clément	Grand Est	54950	48.531	6.6032
Mercy-le-Bas	Grand Est	54960	49.3894	5.756
Landres	Grand Est	54970	49.3204	5.8006
Batilly	Grand Est	54980	49.1737	5.9687
Xeuilley	Grand Est	54990	48.5667	6.0986
Bar-le-Duc	Grand Est	55000	48.7727	5.1611
Verdun	Grand Est	55100	49.1596	5.3829
Aincreville	Grand Est	55110	49.3684	5.1214
Aubréville	Grand Est	55120	49.1444	5.0823
Abainville	Grand Est	55130	48.5305	5.4945
Brixey-aux-Chanoines	Grand Est	55140	48.4735	5.7139
Azannes-et-Soumazannes	Grand Est	55150	49.2912	5.4661
Bonzée	Grand Est	55160	49.1	5.6
Ancerville	Grand Est	55170	48.6357	5.0209
Bovée-sur-Barboure	Grand Est	55190	48.6442	5.512
Commercy	Grand Est	55200	48.7613	5.5907
Avillers-Sainte-Croix	Grand Est	55210	49.0326	5.7008
Heippes	Grand Est	55220	48.9942	5.2936
Sorbey	Grand Est	55230	49.3964	5.5796
Bouligny	Grand Est	55240	49.2919	5.7425
Beaulieu-en-Argonne	Grand Est	55250	49.0321	5.0668
Levoncourt	Grand Est	55260	48.8231	5.3527
Cuisy	Grand Est	55270	49.2676	5.1793
Ribeaucourt	Grand Est	55290	48.5446	5.3553
Ambly-sur-Meuse	Grand Est	55300	49.0195	5.4423
Tronville-en-Barrois	Grand Est	55310	48.7198	5.2781
Ancemont	Grand Est	55320	49.0684	5.4078
Warcq	Grand Est	55400	49.1934	5.6518
Belleville-sur-Meuse	Grand Est	55430	49.1786	5.3719
Villers-le-Sec	Grand Est	55500	48.6208	5.2978
Avioth	Grand Est	55600	49.5668	5.3903
Mouzay	Grand Est	55700	49.4643	5.2175
Andernay	Grand Est	55800	48.7907	4.9533
Thierville-sur-Meuse	Grand Est	55840	49.1705	5.3527
Vannes	Bretagne	56000	47.6569	-2.762
Lorient	Bretagne	56100	47.7482	-3.3718
Gourin	Bretagne	56110	48.1395	-3.6077
Les Forges	Bretagne	56120	48.0178	-2.6468
Camoël	Bretagne	56130	47.4816	-2.3957
Saint-Marcel	Bretagne	56140	47.8038	-2.4186
Saint-Barthélemy	Bretagne	56150	47.9264	-3.0449
Guémené-sur-Scorff	Bretagne	56160	48.0679	-3.2046
Quiberon	Bretagne	56170	47.4837	-3.1199
Ambon	Bretagne	56190	47.5542	-2.5566
La Gacilly	Bretagne	56200	47.7653	-2.1321
Caden	Bretagne	56220	47.6315	-2.2878
Questembert	Bretagne	56230	47.661	-2.4532
Berné	Bretagne	56240	47.9953	-3.3921
Elven	Bretagne	56250	47.7315	-2.5906
Larmor-Plage	Bretagne	56260	47.7065	-3.3834
Ploemeur	Bretagne	56270	47.7351	-3.4295
Port-Louis	Bretagne	56290	47.7064	-3.3533
Pontivy	Bretagne	56300	48.0683	-2.9664
Bieuzy	Bretagne	56310	47.9846	-3.0635
Le Faouët	Bretagne	56320	48.033	-3.4905
Camors	Bretagne	56330	47.8476	-3.0002
Carnac	Bretagne	56340	47.5843	-3.0787
Rieux	Bretagne	56350	47.5981	-2.1086
Bangor	Bretagne	56360	47.3144	-3.1888
Le Tour-du-Parc	Bretagne	56370	47.5256	-2.6459
Guer	Bretagne	56380	47.904	-2.1203
Brandivy	Bretagne	56390	47.774	-2.9451
Auray	Bretagne	56400	47.6669	-2.9842
Erdeven	Bretagne	56410	47.6422	-3.1566
Billio	Bretagne	56420	47.8688	-2.6331
Brignac	Bretagne	56430	48.1214	-2.3881
Languidic	Bretagne	56440	47.8336	-3.1581
Saint-Armel	Bretagne	56450	47.5732	-2.711
Val d'Oust	Bretagne	56460	47.8647	-2.4489
Saint-Philibert	Bretagne	56470	47.5869	-3.0003
Saint-Aignan	Bretagne	56480	48.1817	-3.0137
Guilliers	Bretagne	56490	48.0427	-2.405
Locminé	Bretagne	56500	47.887	-2.8358
Saint-Pierre-Quiberon	Bretagne	56510	47.5207	-3.1335
Guidel	Bretagne	56520	47.7889	-3.4867
Quéven	Bretagne	56530	47.7889	-3.4162
Kernascléden	Bretagne	56540	48.0068	-3.3204
Belz	Bretagne	56550	47.6764	-3.1701
Guiscriff	Bretagne	56560	48.0497	-3.6449
Locmiquélic	Bretagne	56570	47.7251	-3.3407
Bréhan	Bretagne	56580	48.0608	-2.6878
Groix	Bretagne	56590	47.6389	-3.4543
Lanester	Bretagne	56600	47.7632	-3.3393
Arradon	Bretagne	56610	47.6262	-2.8229
Cléguer	Bretagne	56620	47.8539	-3.3844
Langonnet	Bretagne	56630	48.105	-3.4936
Arzon	Bretagne	56640	47.5494	-2.8959
Inzinzac-Lochrist	Bretagne	56650	47.85	-3.2667
Saint-Jean-Brévelay	Bretagne	56660	47.8451	-2.7229
Riantec	Bretagne	56670	47.7117	-3.31
Plouhinec	Bretagne	56680	47.6975	-3.2513
Landaul	Bretagne	56690	47.7483	-3.077
Hennebont	Bretagne	56700	47.8048	-3.2781
Saint-Gildas-de-Rhuys	Bretagne	56730	47.5005	-2.8389
Locmariaquer	Bretagne	56740	47.5693	-2.9452
Damgan	Bretagne	56750	47.5198	-2.5778
Pénestin	Bretagne	56760	47.4815	-2.4756
Plouray	Bretagne	56770	48.1459	-3.388
Île-aux-Moines	Bretagne	56780	47.5965	-2.8441
Ploërmel	Bretagne	56800	47.9317	-2.3975
Île-d'Arz	Bretagne	56840	47.5902	-2.8018
Caudan	Bretagne	56850	47.8099	-3.3426
Séné	Bretagne	56860	47.619	-2.737
Baden	Bretagne	56870	47.6185	-2.9199
Ploeren	Bretagne	56880	47.6562	-2.8659
Saint-Avé	Bretagne	56890	47.6865	-2.7349
Carentoir	Bretagne	56910	47.8172	-2.1349
Croixanvec	Bretagne	56920	48.1399	-2.8691
Pluméliau	Bretagne	56930	47.958	-2.9735
Crach	Bretagne	56950	47.617	-3.0017
Metz	Grand Est	57000	49.1191	6.1727
Metz	Grand Est	57050	49.1191	6.1727
Metz	Grand Est	57070	49.1191	6.1727
Thionville	Grand Est	57100	49.3599	6.1604
Pierrevillers	Grand Est	57120	49.2247	6.1034
Ars-sur-Moselle	Grand Est	57130	49.0779	6.0742
Woippy	Grand Est	57140	49.1511	6.1513
Creutzwald	Grand Est	57150	49.2053	6.6967
Marly	Grand Est	57155	49.0638	6.1543
Moulins-lès-Metz	Grand Est	57160	49.1043	6.1083
Gerbécourt	Grand Est	57170	48.8524	6.5152
Gandrange	Grand Est	57175	49.2713	6.1254
Terville	Grand Est	57180	49.3467	6.1335
Clouange	Grand Est	57185	49.2624	6.0972
Florange	Grand Est	57190	49.3237	6.1212
Sarreguemines	Grand Est	57200	49.11	7.0675
Bannay	Grand Est	57220	49.1269	6.4676
Bitche	Grand Est	57230	49.0523	7.4299
Knutange	Grand Est	57240	49.3389	6.039
Chesny	Grand Est	57245	49.0557	6.2418
Moyeuvre-Grande	Grand Est	57250	49.2529	6.0447
Sainte-Marie-aux-Chênes	Grand Est	57255	49.1926	6.0015
Saint-Médard	Grand Est	57260	48.8103	6.634
Richemont	Grand Est	57270	49.2772	6.1637
Maizières-lès-Metz	Grand Est	57280	49.2134	6.1596
Fameck	Grand Est	57290	49.2989	6.1091
Hagondange	Grand Est	57300	49.2488	6.1637
Bousse	Grand Est	57310	49.2779	6.1967
Alzing	Grand Est	57320	49.2789	6.5527
Entrange	Grand Est	57330	49.413	6.105
Achain	Grand Est	57340	48.9139	6.5924
Stiring-Wendel	Grand Est	57350	49.202	6.9317
Amnéville	Grand Est	57360	49.2567	6.1341
Ennery	Grand Est	57365	49.2262	6.2178
Phalsbourg	Grand Est	57370	48.7677	7.2582
Faulquemont	Grand Est	57380	49.0491	6.5973
Laudrefang	Grand Est	57385	49.0829	6.6392
Audun-le-Tiche	Grand Est	57390	49.4722	5.9555
Sarrebourg	Grand Est	57400	48.7356	7.0572
Arzviller	Grand Est	57405	48.7184	7.1651
Bettviller	Grand Est	57410	49.0793	7.2837
Achen	Grand Est	57412	49.0453	7.1821
Enchenberg	Grand Est	57415	49.0135	7.3387
Fleury	Grand Est	57420	49.0418	6.1933
Hazembourg	Grand Est	57430	48.9666	6.933
Algrange	Grand Est	57440	49.3628	6.0509
Réding	Grand Est	57445	48.7518	7.1075
Barst	Grand Est	57450	49.0684	6.8334
Seingbouse	Grand Est	57455	49.1134	6.8319
Behren-lès-Forbach	Grand Est	57460	49.1695	6.9393
Guenviller	Grand Est	57470	49.1065	6.7988
Apach	Grand Est	57480	49.461	6.3742
Carling	Grand Est	57490	49.1663	6.7156
Saint-Avold	Grand Est	57500	49.1047	6.704
Ernestviller	Grand Est	57510	49.0681	6.9653
Alsting	Grand Est	57515	49.1817	6.9925
Grosbliederstroff	Grand Est	57520	49.1581	7.0241
Talange	Grand Est	57525	49.2358	6.1717
Glatigny	Grand Est	57530	49.1454	6.3361
Bronvaux	Grand Est	57535	49.196	6.0868
Petite-Rosselle	Grand Est	57540	49.2118	6.8561
Berviller-en-Moselle	Grand Est	57550	49.2715	6.6456
Abreschviller	Grand Est	57560	48.637	7.0961
Brouderdorff	Grand Est	57565	48.6972	7.1015
Basse-Rentgen	Grand Est	57570	49.4832	6.2029
Ancerville	Grand Est	57580	49.0305	6.3872
Viviers	Grand Est	57590	48.8912	6.4343
Forbach	Grand Est	57600	49.1885	6.8926
Goetzenbruck	Grand Est	57620	48.9778	7.3796
Marsal	Grand Est	57630	48.7881	6.6112
Bickenholtz	Grand Est	57635	48.8044	7.1657
Antilly	Grand Est	57640	49.1957	6.2487
Montoy-Flanville	Grand Est	57645	49.1217	6.2795
Fontoy	Grand Est	57650	49.356	5.9925
Boulange	Grand Est	57655	49.3823	5.95
Altrippe	Grand Est	57660	49.0293	6.8176
Montdidier	Grand Est	57670	48.9302	6.818
Arry	Grand Est	57680	48.9959	6.0583
Augny	Grand Est	57685	49.0611	6.1182
Bambiderstroff	Grand Est	57690	49.1031	6.5923
Hayange	Grand Est	57700	49.3288	6.0628
Aumetz	Grand Est	57710	49.4179	5.9442
Breidenbach	Grand Est	57720	49.1358	7.4226
Valmont	Grand Est	57730	49.0843	6.6978
Longeville-lès-Saint-Avold	Grand Est	57740	49.1169	6.6433
Moussey	Grand Est	57770	48.6735	6.7822
Rosselange	Grand Est	57780	49.2578	6.0689
Aspach	Grand Est	57790	48.6545	6.9625
Freyming-Merlebach	Grand Est	57800	49.15	6.7833
Lagarde	Grand Est	57810	48.6915	6.7054
Gondrexange	Grand Est	57815	48.6861	6.9278
Saint-Louis	Grand Est	57820	48.7161	7.1887
Saint-Georges	Grand Est	57830	48.6586	6.9288
Ottange	Grand Est	57840	49.4431	6.0199
Dabo	Grand Est	57850	48.6537	7.2361
Saint-Privat-la-Montagne	Grand Est	57855	49.1877	6.0387
Montois-la-Montagne	Grand Est	57860	49.2168	6.0214
Amanvillers	Grand Est	57865	49.1678	6.0437
Harreberg	Grand Est	57870	48.6656	7.1709
Guerting	Grand Est	57880	49.1882	6.6231
Diesen	Grand Est	57890	49.1782	6.678
Sarreinsming	Grand Est	57905	49.0912	7.1105
Hambach	Grand Est	57910	49.0594	7.0353
Woustviller	Grand Est	57915	49.0764	7.0049
Aboncourt	Grand Est	57920	49.2599	6.3476
Distroff	Grand Est	57925	49.3329	6.2666
Belles-Forêts	Grand Est	57930	48.8052	6.893
Luttange	Grand Est	57935	49.2705	6.3109
Metzervisse	Grand Est	57940	49.3148	6.2828
Montigny-lès-Metz	Grand Est	57950	49.0956	6.1527
Meisenthal	Grand Est	57960	48.9693	7.3531
Yutz	Grand Est	57970	49.3557	6.1926
Diebling	Grand Est	57980	49.1097	6.9397
Hundling	Grand Est	57990	49.1086	6.9799
Nevers	Bourgogne-Franche-Comté	58000	46.9896	3.159
Brinay	Bourgogne-Franche-Comté	58110	47.0069	3.6958
Dommartin	Bourgogne-Franche-Comté	58120	47.0679	3.845
Balleray	Bourgogne-Franche-Comté	58130	47.076	3.2801
Brassy	Bourgogne-Franche-Comté	58140	47.262	3.9348
Garchy	Bourgogne-Franche-Comté	58150	47.2631	3.0715
Béard	Bourgogne-Franche-Comté	58160	46.8629	3.3255
Chiddes	Bourgogne-Franche-Comté	58170	46.8609	3.9416
Marzy	Bourgogne-Franche-Comté	58180	46.9812	3.0935
Saint-Didier	Bourgogne-Franche-Comté	58190	47.3494	3.62
Cosne-Cours-sur-Loire	Bourgogne-Franche-Comté	58200	47.411	2.9253
Saint-Pierre-du-Mont	Bourgogne-Franche-Comté	58210	47.3969	3.448
Cessy-les-Bois	Bourgogne-Franche-Comté	58220	47.3372	3.2078
Saint-Agnan	Bourgogne-Franche-Comté	58230	47.3176	4.0952
Livry	Bourgogne-Franche-Comté	58240	46.7754	3.0747
Ternant	Bourgogne-Franche-Comté	58250	46.7499	3.8392
La Machine	Bourgogne-Franche-Comté	58260	46.8923	3.4643
Saint-Sulpice	Bourgogne-Franche-Comté	58270	47.0553	3.3468
Isenay	Bourgogne-Franche-Comté	58290	46.9018	3.7055
Verneuil	Bourgogne-Franche-Comté	58300	46.8606	3.5588
Bitry	Bourgogne-Franche-Comté	58310	47.4904	3.0794
Germigny-sur-Loire	Bourgogne-Franche-Comté	58320	47.0833	3.0333
Saint-Maurice	Bourgogne-Franche-Comté	58330	47.106	3.5682
Cercy-la-Tour	Bourgogne-Franche-Comté	58340	46.862	3.6465
Arbourse	Bourgogne-Franche-Comté	58350	47.2487	3.2272
Préporché	Bourgogne-Franche-Comté	58360	46.9218	3.8507
Glux-en-Glenne	Bourgogne-Franche-Comté	58370	46.9561	4.031
Lucenay-lès-Aix	Bourgogne-Franche-Comté	58380	46.7027	3.4831
Dornes	Bourgogne-Franche-Comté	58390	46.716	3.3534
La Charité-sur-Loire	Bourgogne-Franche-Comté	58400	47.1833	3.0167
Entrains-sur-Nohain	Bourgogne-Franche-Comté	58410	47.4644	3.2567
Beaulieu	Bourgogne-Franche-Comté	58420	47.2565	3.527
Arleuf	Bourgogne-Franche-Comté	58430	47.0442	4.0227
La Celle-sur-Loire	Bourgogne-Franche-Comté	58440	47.4721	2.929
Annay	Bourgogne-Franche-Comté	58450	47.5359	2.9327
Breugnon	Bourgogne-Franche-Comté	58460	47.4283	3.4517
Gimouille	Bourgogne-Franche-Comté	58470	46.9422	3.0859
Saint-Parize-le-Châtel	Bourgogne-Franche-Comté	58490	46.8545	3.1827
Clamecy	Bourgogne-Franche-Comté	58500	47.4602	3.5194
Brèves	Bourgogne-Franche-Comté	58530	47.4177	3.6065
Fourchambault	Bourgogne-Franche-Comté	58600	47.0167	3.0833
Varennes-Vauzelles	Bourgogne-Franche-Comté	58640	47.0168	3.1404
Coulanges-lès-Nevers	Bourgogne-Franche-Comté	58660	47.0051	3.1876
Moussy	Bourgogne-Franche-Comté	58700	47.1924	3.4526
Chaumot	Bourgogne-Franche-Comté	58800	47.2558	3.6418
Lille	Hauts-de-France	59000	50.633	3.0586
Roubaix	Hauts-de-France	59100	50.6942	3.1746
La Madeleine	Hauts-de-France	59110	50.646	3.0758
Bouchain	Hauts-de-France	59111	50.2852	3.3149
Annoeullin	Hauts-de-France	59112	50.5293	2.9318
Seclin	Hauts-de-France	59113	50.5487	3.0273
Eecke	Hauts-de-France	59114	50.7786	2.5966
Leers	Hauts-de-France	59115	50.6822	3.2443
Houplines	Hauts-de-France	59116	50.695	2.9152
Wervicq-Sud	Hauts-de-France	59117	50.7745	3.0421
Wambrechies	Hauts-de-France	59118	50.6828	3.0478
Waziers	Hauts-de-France	59119	50.3872	3.1149
Loos	Hauts-de-France	59120	50.6098	3.0187
Haulchin	Hauts-de-France	59121	50.3172	3.436
Ghyvelde	Hauts-de-France	59122	51.0517	2.5272
Bray-Dunes	Hauts-de-France	59123	51.0779	2.5167
Escaudain	Hauts-de-France	59124	50.3331	3.3443
Trith-Saint-Léger	Hauts-de-France	59125	50.3167	3.4833
Linselles	Hauts-de-France	59126	50.7371	3.0788
Dehéries	Hauts-de-France	59127	50.0523	3.3412
Flers-en-Escrebieux	Hauts-de-France	59128	50.3979	3.0604
Avesnes-les-Aubert	Hauts-de-France	59129	50.2	3.3833
Lambersart	Hauts-de-France	59130	50.65	3.0333
Rousies	Hauts-de-France	59131	50.2735	4.0038
Baives	Hauts-de-France	59132	50.0633	4.2014
Camphin-en-Carembault	Hauts-de-France	59133	50.512	2.9871
Beaucamps-Ligny	Hauts-de-France	59134	50.6056	2.9159
Bellaing	Hauts-de-France	59135	50.3681	3.4251
Wavrin	Hauts-de-France	59136	50.5739	2.9363
Busigny	Hauts-de-France	59137	50.0342	3.4671
Hargnies	Hauts-de-France	59138	50.2564	3.8492
Wattignies	Hauts-de-France	59139	50.5864	3.0439
Dunkerque	Hauts-de-France	59140	51.0344	2.3768
Iwuy	Hauts-de-France	59141	50.233	3.3206
Villers-Outréaux	Hauts-de-France	59142	50.0359	3.2995
Holque	Hauts-de-France	59143	50.8545	2.2035
Amfroipret	Hauts-de-France	59144	50.2799	3.7388
Berlaimont	Hauts-de-France	59145	50.2016	3.8134
Pecquencourt	Hauts-de-France	59146	50.3785	3.2128
Chemy	Hauts-de-France	59147	50.5311	2.9886
Flines-lez-Raches	Hauts-de-France	59148	50.4167	3.1833
Aibes	Hauts-de-France	59149	50.2357	4.0956
Wattrelos	Hauts-de-France	59150	50.7012	3.2181
Estrées	Hauts-de-France	59151	50.3008	3.0698
Anstaing	Hauts-de-France	59152	50.6047	3.1908
Grand-Fort-Philippe	Hauts-de-France	59153	50.9996	2.1078
Crespin	Hauts-de-France	59154	50.4211	3.6614
Faches-Thumesnil	Hauts-de-France	59155	50.5833	3.0667
Lourches	Hauts-de-France	59156	50.3135	3.3526
Beauvois-en-Cambrésis	Hauts-de-France	59157	50.1373	3.3787
Flines-lès-Mortagne	Hauts-de-France	59158	50.5028	3.465
Marcoing	Hauts-de-France	59159	50.1211	3.1732
Lille	Hauts-de-France	59160	50.633	3.0586
Naves	Hauts-de-France	59161	50.2029	3.3165
Ostricourt	Hauts-de-France	59162	50.4515	3.0342
Condé-sur-l'Escaut	Hauts-de-France	59163	50.4544	3.5888
Marpent	Hauts-de-France	59164	50.2925	4.0794
Auberchicourt	Hauts-de-France	59165	50.3333	3.2333
Bousbecque	Hauts-de-France	59166	50.7712	3.0846
Lallaing	Hauts-de-France	59167	50.3901	3.1695
Boussois	Hauts-de-France	59168	50.2891	4.0412
Cantin	Hauts-de-France	59169	50.3088	3.1277
Croix	Hauts-de-France	59170	50.6785	3.1493
Erre	Hauts-de-France	59171	50.3625	3.3156
Mastaing	Hauts-de-France	59172	50.3061	3.3047
Blaringhem	Hauts-de-France	59173	50.6911	2.4032
La Sentinelle	Hauts-de-France	59174	50.3512	3.4842
Templemars	Hauts-de-France	59175	50.5739	3.0544
Masny	Hauts-de-France	59176	50.348	3.2017
Rainsars	Hauts-de-France	59177	50.0707	3.9907
Bousignies	Hauts-de-France	59178	50.4344	3.3465
Fenain	Hauts-de-France	59179	50.3667	3.3
Cappelle-la-Grande	Hauts-de-France	59180	50.9998	2.3585
Steenwerck	Hauts-de-France	59181	50.702	2.7783
Loffre	Hauts-de-France	59182	50.3566	3.1711
Sainghin-en-Weppes	Hauts-de-France	59184	50.5641	2.898
Provin	Hauts-de-France	59185	50.5143	2.9079
Anor	Hauts-de-France	59186	49.99	4.1005
Dechy	Hauts-de-France	59187	50.35	3.1167
Saint-Aubert	Hauts-de-France	59188	50.208	3.4173
Boëseghem	Hauts-de-France	59189	50.6667	2.45
Hazebrouck	Hauts-de-France	59190	50.7237	2.5373
Caullery	Hauts-de-France	59191	50.0848	3.3729
Beuvrages	Hauts-de-France	59192	50.3841	3.4942
Erquinghem-Lys	Hauts-de-France	59193	50.676	2.8451
Anhiers	Hauts-de-France	59194	50.4074	3.1551
Oisy	Hauts-de-France	59195	50.3593	3.438
Haspres	Hauts-de-France	59198	50.2583	3.417
Bruille-Saint-Amand	Hauts-de-France	59199	50.4661	3.5001
Tourcoing	Hauts-de-France	59200	50.7239	3.1612
Coudekerque-Branche	Hauts-de-France	59210	51.0229	2.3936
Santes	Hauts-de-France	59211	50.5932	2.9629
Wignehies	Hauts-de-France	59212	50.0155	4.0091
Bermerain	Hauts-de-France	59213	50.2525	3.532
Quiévy	Hauts-de-France	59214	50.168	3.4283
Abscon	Hauts-de-France	59215	50.3333	3.3
Beugnies	Hauts-de-France	59216	50.1621	4.0159
Boussières-en-Cambrésis	Hauts-de-France	59217	50.1667	3.3682
Neuville-en-Avesnois	Hauts-de-France	59218	50.1984	3.5809
Floyon	Hauts-de-France	59219	50.0422	3.8867
Denain	Hauts-de-France	59220	50.3293	3.3943
Bauvin	Hauts-de-France	59221	50.5171	2.894
Bousies	Hauts-de-France	59222	50.151	3.6175
Roncq	Hauts-de-France	59223	50.7533	3.1213
Monchaux-sur-Écaillon	Hauts-de-France	59224	50.2864	3.4561
Clary	Hauts-de-France	59225	50.0779	3.3994
Lecelles	Hauts-de-France	59226	50.4678	3.401
Montrécourt	Hauts-de-France	59227	50.2322	3.4511
Téteghem-Coudekerque-Village	Hauts-de-France	59229	51.0186	2.4439
Saint-Amand-les-Eaux	Hauts-de-France	59230	50.4472	3.4308
Gonnelieu	Hauts-de-France	59231	50.0576	3.1542
Vieux-Berquin	Hauts-de-France	59232	50.6949	2.6444
Maing	Hauts-de-France	59233	50.3079	3.4845
Fressain	Hauts-de-France	59234	50.2873	3.1942
Bersée	Hauts-de-France	59235	50.4798	3.1477
Frelinghien	Hauts-de-France	59236	50.7167	2.9333
Verlinghem	Hauts-de-France	59237	50.6829	2.9991
Maretz	Hauts-de-France	59238	50.0453	3.4181
La Neuville	Hauts-de-France	59239	50.493	3.048
Dunkerque	Hauts-de-France	59240	51.0344	2.3768
Masnières	Hauts-de-France	59241	50.1149	3.2089
Templeuve-en-Pévèle	Hauts-de-France	59242	50.5267	3.175
Quarouble	Hauts-de-France	59243	50.3863	3.6231
Cartignies	Hauts-de-France	59244	50.0929	3.8447
Recquignies	Hauts-de-France	59245	50.284	4.0372
Mons-en-Pévèle	Hauts-de-France	59246	50.4793	3.0977
Féchain	Hauts-de-France	59247	50.2664	3.2102
Aubers	Hauts-de-France	59249	50.5954	2.8267
Halluin	Hauts-de-France	59250	50.7863	3.1261
Allennes-les-Marais	Hauts-de-France	59251	50.5375	2.9536
Marcq-en-Ostrevent	Hauts-de-France	59252	50.2856	3.2381
La Gorgue	Hauts-de-France	59253	50.6379	2.715
Ghyvelde	Hauts-de-France	59254	51.0528	2.5264
Haveluy	Hauts-de-France	59255	50.3529	3.4039
Crèvecœur-sur-l'Escaut	Hauts-de-France	59258	50.1	3.25
Lécluse	Hauts-de-France	59259	50.2767	3.0405
Lille	Hauts-de-France	59260	50.633	3.0586
Wahagnies	Hauts-de-France	59261	50.4866	3.0345
Sainghin-en-Mélantois	Hauts-de-France	59262	50.5884	3.1662
Houplin-Ancoisne	Hauts-de-France	59263	50.5628	3.0025
Onnaing	Hauts-de-France	59264	50.3858	3.5996
Aubencheul-au-Bac	Hauts-de-France	59265	50.2566	3.158
Banteux	Hauts-de-France	59266	50.0623	3.1994
Cantaing-sur-Escaut	Hauts-de-France	59267	50.1487	3.1675
Sancourt	Hauts-de-France	59268	50.2166	3.1937
Artres	Hauts-de-France	59269	50.2948	3.5401
Bailleul	Hauts-de-France	59270	50.7359	2.7359
Viesly	Hauts-de-France	59271	50.1535	3.4624
Don	Hauts-de-France	59272	50.5491	2.9182
Fretin	Hauts-de-France	59273	50.5574	3.1367
Marquillies	Hauts-de-France	59274	50.5558	2.8707
Rieux-en-Cambrésis	Hauts-de-France	59277	50.2007	3.3523
Escautpont	Hauts-de-France	59278	50.4188	3.5534
Dunkerque	Hauts-de-France	59279	51.0344	2.3768
Armentières	Hauts-de-France	59280	50.6857	2.8821
Rumilly-en-Cambrésis	Hauts-de-France	59281	50.1269	3.2187
Douchy-les-Mines	Hauts-de-France	59282	50.3008	3.3927
Moncheaux	Hauts-de-France	59283	50.4556	3.0837
Pitgam	Hauts-de-France	59284	50.9272	2.3303
Arnèke	Hauts-de-France	59285	50.8322	2.4094
Roost-Warendin	Hauts-de-France	59286	50.4192	3.1037
Guesnain	Hauts-de-France	59287	50.35	3.15
Preux-au-Bois	Hauts-de-France	59288	50.1647	3.6582
Wasquehal	Hauts-de-France	59290	50.6704	3.1338
Saint-Hilaire-lez-Cambrai	Hauts-de-France	59292	50.1842	3.4133
Neuville-sur-Escaut	Hauts-de-France	59293	50.3	3.35
Haussy	Hauts-de-France	59294	50.2183	3.4768
Estrun	Hauts-de-France	59295	50.2489	3.2956
Avesnes-le-Sec	Hauts-de-France	59296	50.251	3.3777
Villers-Guislain	Hauts-de-France	59297	50.0407	3.155
Boeschepe	Hauts-de-France	59299	50.8	2.7
Valenciennes	Hauts-de-France	59300	50.3591	3.5251
Orchies	Hauts-de-France	59310	50.4667	3.2333
Haubourdin	Hauts-de-France	59320	50.6083	2.9914
Beaufort	Hauts-de-France	59330	50.2159	3.9633
Saint-André-lez-Lille	Hauts-de-France	59350	50.6667	3.05
Bazuel	Hauts-de-France	59360	50.0911	3.5914
Mons-en-Barœul	Hauts-de-France	59370	50.6333	3.1167
Téteghem-Coudekerque-Village	Hauts-de-France	59380	51.0186	2.4439
Lys-lez-Lannoy	Hauts-de-France	59390	50.6667	3.2167
Cambrai	Hauts-de-France	59400	50.176	3.2347
Anzin	Hauts-de-France	59410	50.372	3.5039
Mouvaux	Hauts-de-France	59420	50.6994	3.1343
Dunkerque	Hauts-de-France	59430	51.0381	2.3768
Saint-Aubin	Hauts-de-France	59440	50.1724	3.9198
Sin-le-Noble	Hauts-de-France	59450	50.3616	3.1311
Jeumont	Hauts-de-France	59460	50.2966	4.1011
Wormhout	Hauts-de-France	59470	50.8813	2.469
Illies	Hauts-de-France	59480	50.5614	2.8301
Bruille-lez-Marchiennes	Hauts-de-France	59490	50.3607	3.2442
Villeneuve-d'Ascq	Hauts-de-France	59491	50.6167	3.1666
Hoymille	Hauts-de-France	59492	50.9719	2.4474
Villeneuve-d'Ascq	Hauts-de-France	59493	50.6167	3.1666
Aubry-du-Hainaut	Hauts-de-France	59494	50.3667	3.4667
Leffrinckoucke	Hauts-de-France	59495	51.0346	2.4645
Hantay	Hauts-de-France	59496	50.5337	2.8673
Douai	Hauts-de-France	59500	50.3707	3.0792
Forest-sur-Marque	Hauts-de-France	59510	50.6334	3.1894
Marquette-lez-Lille	Hauts-de-France	59520	50.6763	3.0661
Villereau	Hauts-de-France	59530	50.256	3.6647
Caudry	Hauts-de-France	59540	50.1249	3.4119
Le Favril	Hauts-de-France	59550	50.104	3.7214
Attiches	Hauts-de-France	59551	50.5222	3.0622
Courchelettes	Hauts-de-France	59552	50.3404	3.0594
Cuincy	Hauts-de-France	59553	50.3793	3.053
Bantigny	Hauts-de-France	59554	50.2295	3.2303
Comines	Hauts-de-France	59560	50.7615	3.0106
La Flamengrie	Hauts-de-France	59570	50.3148	3.7149
Aniche	Hauts-de-France	59580	50.33	3.2535
Raismes	Hauts-de-France	59590	50.3833	3.4833
Maubeuge	Hauts-de-France	59600	50.2788	3.9727
Fourmies	Hauts-de-France	59610	50.0153	4.0478
Leval	Hauts-de-France	59620	50.1811	3.8309
Bourbourg	Hauts-de-France	59630	50.9478	2.1958
Dunkerque	Hauts-de-France	59640	51.0344	2.3768
Villeneuve-d'Ascq	Hauts-de-France	59650	50.6167	3.1666
Merville	Hauts-de-France	59660	50.6433	2.6413
Bavinchove	Hauts-de-France	59670	50.7862	2.457
Cerfontaine	Hauts-de-France	59680	50.2601	4.027
Vieux-Condé	Hauts-de-France	59690	50.4594	3.5674
Marcq-en-Barœul	Hauts-de-France	59700	50.6667	3.0833
Avelin	Hauts-de-France	59710	50.5397	3.0822
Louvroil	Hauts-de-France	59720	50.2643	3.9627
Solesmes	Hauts-de-France	59730	50.1847	3.498
Beaurieux	Hauts-de-France	59740	50.1785	4.1264
Feignies	Hauts-de-France	59750	50.2981	3.9153
Grande-Synthe	Hauts-de-France	59760	51.0154	2.2997
Marly	Hauts-de-France	59770	50.3456	3.5496
Lille	Hauts-de-France	59777	50.633	3.0586
Baisieux	Hauts-de-France	59780	50.6084	3.2525
Ronchin	Hauts-de-France	59790	50.5988	3.0906
Lille	Hauts-de-France	59800	50.633	3.0586
Lesquin	Hauts-de-France	59810	50.5823	3.119
Gravelines	Hauts-de-France	59820	50.9865	2.1281
Bachy	Hauts-de-France	59830	50.5508	3.2598
Lompret	Hauts-de-France	59840	50.6693	2.9897
Nieppe	Hauts-de-France	59850	50.7043	2.8351
Bruay-sur-l'Escaut	Hauts-de-France	59860	50.3992	3.5438
Bouvignies	Hauts-de-France	59870	50.4363	3.2436
Saint-Saulve	Hauts-de-France	59880	50.3714	3.5561
Deûlémont	Hauts-de-France	59890	50.7333	2.95
Bondues	Hauts-de-France	59910	50.702	3.095
Quiévrechain	Hauts-de-France	59920	50.3917	3.6681
La Chapelle-d'Armentières	Hauts-de-France	59930	50.6833	2.9
Estaires	Hauts-de-France	59940	50.6457	2.7278
Auby	Hauts-de-France	59950	50.4146	3.054
Neuville-en-Ferrain	Hauts-de-France	59960	50.7484	3.1568
Vicq	Hauts-de-France	59970	50.4074	3.6035
Bertry	Hauts-de-France	59980	50.0872	3.443
Curgies	Hauts-de-France	59990	50.3298	3.603
Beauvais	Hauts-de-France	60000	49.4333	2.0833
Creil	Hauts-de-France	60100	49.2567	2.4848
Méru	Hauts-de-France	60110	49.2333	2.1333
Haucourt	Hauts-de-France	60112	49.5124	1.9382
Baugy	Hauts-de-France	60113	49.4627	2.7518
Gondreville	Hauts-de-France	60117	49.216	2.9552
Monts	Hauts-de-France	60119	49.2167	2.0167
Beauvoir	Hauts-de-France	60120	49.6032	2.3271
Bonneuil-en-Valois	Hauts-de-France	60123	49.2851	2.9917
Longueil-Sainte-Marie	Hauts-de-France	60126	49.3572	2.7184
Fresnoy-la-Rivière	Hauts-de-France	60127	49.2855	2.9172
Mortefontaine	Hauts-de-France	60128	49.1122	2.6
Béthancourt-en-Valois	Hauts-de-France	60129	49.2855	2.877
Saint-Just-en-Chaussée	Hauts-de-France	60130	49.505	2.4329
Montreuil-sur-Thérain	Hauts-de-France	60134	49.3812	2.1932
Chiry-Ourscamp	Hauts-de-France	60138	49.5438	2.9472
Labruyère	Hauts-de-France	60140	49.3509	2.5097
Boursonne	Hauts-de-France	60141	49.2024	3.0468
Saint-Crépin-Ibouvillers	Hauts-de-France	60149	49.2628	2.0779
Thourotte	Hauts-de-France	60150	49.4759	2.8821
Rethondes	Hauts-de-France	60153	49.4159	2.9392
Rainvillers	Hauts-de-France	60155	49.4054	2.0079
Élincourt-Sainte-Marguerite	Hauts-de-France	60157	49.5252	2.8169
Montataire	Hauts-de-France	60160	49.259	2.4378
Antheuil-Portes	Hauts-de-France	60162	49.4956	2.7553
Ribécourt-Dreslincourt	Hauts-de-France	60170	49.5107	2.923
Ivry-le-Temple	Hauts-de-France	60173	49.2287	2.0306
Villeneuve-les-Sablons	Hauts-de-France	60175	49.2375	2.0778
Nogent-sur-Oise	Hauts-de-France	60180	49.2716	2.4707
Baugy	Hauts-de-France	60190	49.4627	2.7518
Compiègne	Hauts-de-France	60200	49.4179	2.8261
Saint-Maur	Hauts-de-France	60210	49.6161	1.9188
Saint-Arnoult	Hauts-de-France	60220	49.6317	1.821
Chambly	Hauts-de-France	60230	49.1667	2.25
Fleury	Hauts-de-France	60240	49.2437	1.9701
Mouy	Hauts-de-France	60250	49.3153	2.3195
Lamorlaye	Hauts-de-France	60260	49.1625	2.4469
Gouvieux	Hauts-de-France	60270	49.187	2.4144
Margny-lès-Compiègne	Hauts-de-France	60280	49.4256	2.8181
Rantigny	Hauts-de-France	60290	49.3276	2.4424
Senlis	Hauts-de-France	60300	49.2072	2.5866
Avricourt	Hauts-de-France	60310	49.6534	2.8607
Saint-Sauveur	Hauts-de-France	60320	49.3186	2.7832
Le Plessis-Belleville	Hauts-de-France	60330	49.095	2.7561
Saint-Leu-d'Esserent	Hauts-de-France	60340	49.2167	2.4167
Chelles	Hauts-de-France	60350	49.3547	3.0334
Conteville	Hauts-de-France	60360	49.6505	2.0489
Saint-Félix	Hauts-de-France	60370	49.358	2.2829
Sully	Hauts-de-France	60380	49.5592	1.7801
Auteuil	Hauts-de-France	60390	49.3422	2.0873
Noyon	Hauts-de-France	60400	49.5833	3
Rhuis	Hauts-de-France	60410	49.307	2.6967
Ferrières	Hauts-de-France	60420	49.5896	2.5176
Noailles	Hauts-de-France	60430	49.3287	2.2002
Rosières	Hauts-de-France	60440	49.1883	2.7794
Blaincourt-lès-Précy	Hauts-de-France	60460	49.2333	2.35
Thieux	Hauts-de-France	60480	49.5427	2.3136
Mortemer	Hauts-de-France	60490	49.5702	2.6773
Chantilly	Hauts-de-France	60500	49.1946	2.4712
La Rue-Saint-Pierre	Hauts-de-France	60510	49.4098	2.2956
La Chapelle-en-Serval	Hauts-de-France	60520	49.1284	2.5341
Crouy-en-Thelle	Hauts-de-France	60530	49.2149	2.3215
Anserville	Hauts-de-France	60540	49.2259	2.2086
Verneuil-en-Halatte	Hauts-de-France	60550	49.2791	2.5241
Orry-la-Ville	Hauts-de-France	60560	49.1335	2.5114
Andeville	Hauts-de-France	60570	49.2608	2.1643
Coye-la-Forêt	Hauts-de-France	60580	49.1423	2.4704
Boutencourt	Hauts-de-France	60590	49.3196	1.858
Clermont	Hauts-de-France	60600	49.379	2.4126
Lacroix-Saint-Ouen	Hauts-de-France	60610	49.3569	2.788
Antilly	Hauts-de-France	60620	49.1527	2.9838
Campagne	Hauts-de-France	60640	49.6461	2.961
Saint-Paul	Hauts-de-France	60650	49.4296	2.0075
Cires-lès-Mello	Hauts-de-France	60660	49.2724	2.3584
Jonquières	Hauts-de-France	60680	49.3895	2.7321
Achy	Hauts-de-France	60690	49.5567	1.9792
Pont-Sainte-Maxence	Hauts-de-France	60700	49.3017	2.6047
Chevrières	Hauts-de-France	60710	49.3464	2.6822
Sainte-Geneviève	Hauts-de-France	60730	49.2892	2.199
Saint-Maximin	Hauts-de-France	60740	49.2218	2.4536
Choisy-au-Bac	Hauts-de-France	60750	49.4378	2.8774
Pouilly	Hauts-de-France	60790	49.2715	2.0299
Crépy-en-Valois	Hauts-de-France	60800	49.2336	2.8881
Rully	Hauts-de-France	60810	49.235	2.7276
Boran-sur-Oise	Hauts-de-France	60820	49.1671	2.358
Nointel	Hauts-de-France	60840	49.3745	2.4854
Cuigy-en-Bray	Hauts-de-France	60850	49.4265	1.8266
Blicourt	Hauts-de-France	60860	49.5567	2.0575
Rieux	Hauts-de-France	60870	49.3	2.5167
Armancourt	Hauts-de-France	60880	49.3729	2.7658
Marolles	Hauts-de-France	60890	49.1703	3.1049
Bailleul-sur-Thérain	Hauts-de-France	60930	49.3853	2.2228
Angicourt	Hauts-de-France	60940	49.3118	2.5042
Ermenonville	Hauts-de-France	60950	49.1265	2.6977
Feuquières	Hauts-de-France	60960	49.6468	1.8478
Alençon	Normandie	61000	48.4348	0.0931
Flers	Normandie	61100	48.7372	-0.5747
Verrières	Normandie	61110	48.3907	0.7643
Orville	Normandie	61120	48.8901	0.268
Val-au-Perche	Normandie	61130	48.2643	0.6884
Bagnoles de l'Orne Normandie	Normandie	61140	48.555	-0.4111
Avoine	Normandie	61150	48.6711	-0.0954
Bailleul	Normandie	61160	48.8005	-0.003
Barville	Normandie	61170	48.4829	0.342
Beaulieu	Normandie	61190	48.6797	0.7436
Argentan	Normandie	61200	48.7444	-0.0202
Bazoches-au-Houlme	Normandie	61210	48.8178	-0.2405
Bellou-en-Houlme	Normandie	61220	48.6903	-0.442
Chaumont	Normandie	61230	48.8351	0.325
Chailloué	Normandie	61240	48.6517	0.1975
Pacé	Normandie	61250	48.4407	0.0015
Le Theil	Normandie	61260	48.2667	0.7
Aube	Normandie	61270	48.7395	0.5471
Bizou	Normandie	61290	48.4949	0.7506
L'Aigle	Normandie	61300	48.7622	0.6275
Avernes-sous-Exmes	Normandie	61310	48.8	0.2167
Carrouges	Normandie	61320	48.5674	-0.1456
Lucé	Normandie	61330	48.5502	-0.5961
Val-au-Perche	Normandie	61340	48.2643	0.6884
Saint-Siméon	Normandie	61350	48.4684	-0.7455
La Perrière	Normandie	61360	48.3891	0.4427
Planches	Normandie	61370	48.7017	0.3699
Bonsmoulins	Normandie	61380	48.651	0.535
Fay	Normandie	61390	48.6606	0.4072
Corbon	Normandie	61400	48.454	0.6276
Rives d'Andaine	Normandie	61410	48.5328	-0.4787
Ravigny	Pays de la Loire	61420	48.4475	-0.0625
Athis-Val de Rouvre	Normandie	61430	48.8106	-0.5005
Messei	Normandie	61440	48.7116	-0.5374
Le Châtellier	Normandie	61450	48.676	-0.5815
La Ferté-en-Ouche	Normandie	61470	48.8417	0.5108
Saint-Clair-de-Halouze	Normandie	61490	48.6791	-0.6272
Boitron	Normandie	61500	48.5591	0.2602
Couvains	Normandie	61550	48.8605	0.5588
Bazoches-sur-Hoëne	Normandie	61560	48.5518	0.4748
Francheville	Normandie	61570	48.6373	-0.0581
Faverolles	Normandie	61600	48.6681	-0.2988
Saint-Brice	Normandie	61700	48.5586	-0.6424
Saint-Pierre-du-Regard	Normandie	61790	48.8429	-0.5463
Saint-Pierre-d'Entremont	Normandie	61800	48.8102	-0.6494
Arras	Hauts-de-France	62000	50.293	2.7819
Calais	Hauts-de-France	62100	50.9519	1.8563
Hénin-Beaumont	Hauts-de-France	62110	50.4136	2.9649
Gommecourt	Hauts-de-France	62111	50.1333	2.65
Corbehem	Hauts-de-France	62112	50.3314	3.0499
Labourse	Hauts-de-France	62113	50.4988	2.6812
Sains-en-Gohelle	Hauts-de-France	62114	50.4451	2.683
Puisieux	Hauts-de-France	62116	50.1164	2.6944
Brebières	Hauts-de-France	62117	50.3333	3.0167
Biache-Saint-Vaast	Hauts-de-France	62118	50.3087	2.9478
Dourges	Hauts-de-France	62119	50.4364	2.9859
Aire-sur-la-Lys	Hauts-de-France	62120	50.6387	2.3988
Moyenneville	Hauts-de-France	62121	50.1817	2.7806
Labeuvrière	Hauts-de-France	62122	50.5192	2.5627
Warlus	Hauts-de-France	62123	50.2748	2.6687
Léchelle	Hauts-de-France	62124	50.0579	2.9753
Conteville-lès-Boulogne	Hauts-de-France	62126	50.7443	1.7322
Maizières	Hauts-de-France	62127	50.3226	2.4467
Saint-Léger	Hauts-de-France	62128	50.1852	2.8584
Saint-Augustin	Hauts-de-France	62129	50.6453	2.3064
Saint-Pol-sur-Ternoise	Hauts-de-France	62130	50.3811	2.3341
Vaudricourt	Hauts-de-France	62131	50.5008	2.6251
Boursin	Hauts-de-France	62132	50.7765	1.8346
Fleury	Hauts-de-France	62134	50.4229	2.2566
Lestrem	Hauts-de-France	62136	50.6199	2.6865
Coulogne	Hauts-de-France	62137	50.9246	1.8814
Haisnes	Hauts-de-France	62138	50.5078	2.7942
Grigny	Hauts-de-France	62140	50.3854	2.0672
Évin-Malmaison	Hauts-de-France	62141	50.4392	3.0314
Longueville	Hauts-de-France	62142	50.7333	1.8833
Angres	Hauts-de-France	62143	50.4057	2.7605
Acq	Hauts-de-France	62144	50.3472	2.6574
Enguinegatte	Hauts-de-France	62145	50.6167	2.2667
Boursies	Hauts-de-France	62147	50.139	3.0324
Annequin	Hauts-de-France	62149	50.5052	2.7202
Bajus	Hauts-de-France	62150	50.4207	2.4778
Burbure	Hauts-de-France	62151	50.5366	2.469
Nesles	Hauts-de-France	62152	50.6259	1.6564
Ablain-Saint-Nazaire	Hauts-de-France	62153	50.3932	2.7088
Merlimont	Hauts-de-France	62155	50.4559	1.6131
Haucourt	Hauts-de-France	62156	50.2478	2.9547
Allouagne	Hauts-de-France	62157	50.5317	2.5119
Bavincourt	Hauts-de-France	62158	50.2257	2.5672
Lagnicourt-Marcel	Hauts-de-France	62159	50.1587	2.9591
Grenay	Hauts-de-France	62160	50.4496	2.7517
Agnez-lès-Duisans	Hauts-de-France	62161	50.3078	2.6579
Saint-Omer-Capelle	Hauts-de-France	62162	50.9393	2.1023
Ambleteuse	Hauts-de-France	62164	50.8104	1.6088
Montreuil	Hauts-de-France	62170	50.4637	1.7635
Bouvigny-Boyeffles	Hauts-de-France	62172	50.4215	2.6721
Rivière	Hauts-de-France	62173	50.2332	2.692
Boiry-Saint-Martin	Hauts-de-France	62175	50.2009	2.7612
Camiers	Hauts-de-France	62176	50.5715	1.6133
Audinghen	Hauts-de-France	62179	50.8518	1.6129
Airon-Notre-Dame	Hauts-de-France	62180	50.436	1.6596
Cagnicourt	Hauts-de-France	62182	50.2116	3.0012
Fréthun	Hauts-de-France	62185	50.9173	1.825
Dannes	Hauts-de-France	62187	50.588	1.6138
Lillers	Hauts-de-France	62190	50.5635	2.4804
Hesdigneul-lès-Béthune	Hauts-de-France	62196	50.5017	2.5895
Gosnay	Hauts-de-France	62199	50.5062	2.589
Boulogne-sur-Mer	Hauts-de-France	62200	50.7249	1.6137
Avion	Hauts-de-France	62210	50.4104	2.8305
Oye-Plage	Hauts-de-France	62215	50.9771	2.0428
Achicourt	Hauts-de-France	62217	50.2743	2.7578
Loison-sous-Lens	Hauts-de-France	62218	50.438	2.8532
Longuenesse	Hauts-de-France	62219	50.734	2.2352
Carvin	Hauts-de-France	62220	50.4924	2.9582
Noyelles-sous-Lens	Hauts-de-France	62221	50.4308	2.8722
Saint-Laurent-Blangy	Hauts-de-France	62223	50.2945	2.807
Équihen-Plage	Hauts-de-France	62224	50.6756	1.5723
Outreau	Hauts-de-France	62230	50.7054	1.5897
Coquelles	Hauts-de-France	62231	50.9346	1.7988
Annezin	Hauts-de-France	62232	50.5319	2.6178
Selles	Hauts-de-France	62240	50.7002	1.896
Audembert	Hauts-de-France	62250	50.8607	1.6933
Amettes	Hauts-de-France	62260	50.5307	2.3935
Flers	Hauts-de-France	62270	50.3165	2.2483
Saint-Martin-Boulogne	Hauts-de-France	62280	50.7269	1.6186
Nœux-les-Mines	Hauts-de-France	62290	50.4833	2.6667
Lens	Hauts-de-France	62300	50.433	2.8279
Senlis	Hauts-de-France	62310	50.533	2.153
Drocourt	Hauts-de-France	62320	50.39	2.9242
Guarbecque	Hauts-de-France	62330	50.6116	2.489
Andres	Hauts-de-France	62340	50.8656	1.9209
Busnes	Hauts-de-France	62350	50.5878	2.5183
Saint-Léonard	Hauts-de-France	62360	50.6906	1.6254
Audruicq	Hauts-de-France	62370	50.878	2.0797
Acquin-Westbécourt	Hauts-de-France	62380	50.7276	2.0899
Vaulx	Hauts-de-France	62390	50.2667	2.1
Béthune	Hauts-de-France	62400	50.5297	2.64
Bénifontaine	Hauts-de-France	62410	50.4851	2.8182
Billy-Montigny	Hauts-de-France	62420	50.4171	2.9029
Sallaumines	Hauts-de-France	62430	50.4175	2.8617
Harnes	Hauts-de-France	62440	50.4464	2.9048
Bapaume	Hauts-de-France	62450	50.1038	2.8497
Divion	Hauts-de-France	62460	50.4717	2.5055
Calonne-Ricouart	Hauts-de-France	62470	50.485	2.4733
Le Portel	Hauts-de-France	62480	50.7056	1.5757
Bellonne	Hauts-de-France	62490	50.3026	3.0435
Saint-Omer	Hauts-de-France	62500	50.7483	2.2609
Arques	Hauts-de-France	62510	50.7337	2.3024
Le Touquet-Paris-Plage	Hauts-de-France	62520	50.5243	1.5857
Gouy-Servins	Hauts-de-France	62530	50.4	2.65
Lozinghem	Hauts-de-France	62540	50.5155	2.5021
Bours	Hauts-de-France	62550	50.4536	2.4092
Audincthun	Hauts-de-France	62560	50.5833	2.1333
Hallines	Hauts-de-France	62570	50.7109	2.2263
Blendecques	Hauts-de-France	62575	50.7184	2.286
Arleux-en-Gohelle	Hauts-de-France	62580	50.3632	2.8721
Oignies	Hauts-de-France	62590	50.4633	2.9938
Berck	Hauts-de-France	62600	50.4	1.6
Ardres	Hauts-de-France	62610	50.8579	1.9817
Barlin	Hauts-de-France	62620	50.4524	2.6196
Longvilliers	Hauts-de-France	62630	50.55	1.7167
Montigny-en-Gohelle	Hauts-de-France	62640	50.4254	2.939
Rumilly	Hauts-de-France	62650	50.5759	2.0158
Beuvry	Hauts-de-France	62660	50.5167	2.6854
Mazingarbe	Hauts-de-France	62670	50.4711	2.7154
Méricourt	Hauts-de-France	62680	50.4012	2.8625
Agnières	Hauts-de-France	62690	50.3548	2.6061
Bruay-la-Buissière	Hauts-de-France	62700	50.4833	2.55
Courrières	Hauts-de-France	62710	50.457	2.9472
Rety	Hauts-de-France	62720	50.8	1.7667
Les Attaques	Hauts-de-France	62730	50.9096	1.9296
Fouquières-lès-Lens	Hauts-de-France	62740	50.4284	2.9132
Loos-en-Gohelle	Hauts-de-France	62750	50.4579	2.7921
Orville	Hauts-de-France	62760	50.1331	2.4116
Saint-Georges	Hauts-de-France	62770	50.3587	2.088
Cucq	Hauts-de-France	62780	50.4773	1.6202
Leforest	Hauts-de-France	62790	50.4387	3.0648
Liévin	Hauts-de-France	62800	50.4198	2.7807
Hauteville	Hauts-de-France	62810	50.2727	2.5726
Libercourt	Hauts-de-France	62820	50.4832	3.0158
Doudeauville	Hauts-de-France	62830	50.6143	1.8315
Fleurbaix	Hauts-de-France	62840	50.6506	2.8331
Alembon	Hauts-de-France	62850	50.7847	1.8887
Baralle	Hauts-de-France	62860	50.2109	3.0572
Buire-le-Sec	Hauts-de-France	62870	50.3843	1.8325
Vendin-le-Vieil	Hauts-de-France	62880	50.4738	2.8667
Audrehem	Hauts-de-France	62890	50.781	1.9898
Bayenghem-lès-Éperlecques	Hauts-de-France	62910	50.8081	2.1208
Chocques	Hauts-de-France	62920	50.5408	2.5719
Wimereux	Hauts-de-France	62930	50.7696	1.6114
Haillicourt	Hauts-de-France	62940	50.4752	2.5746
Noyelles-Godault	Hauts-de-France	62950	50.4175	2.9931
Beaumetz-lès-Aire	Hauts-de-France	62960	50.5402	2.2285
Courcelles-lès-Lens	Hauts-de-France	62970	50.4167	3.0167
Noyelles-lès-Vermelles	Hauts-de-France	62980	50.49	2.7263
Contes	Hauts-de-France	62990	50.4088	1.9601
Clermont-Ferrand	Auvergne-Rhône-Alpes	63000	45.7797	3.0868
Clermont-Ferrand	Auvergne-Rhône-Alpes	63100	45.7797	3.0868
Beaumont	Auvergne-Rhône-Alpes	63110	45.7516	3.0829
Dallet	Auvergne-Rhône-Alpes	63111	45.7705	3.2388
Blanzat	Auvergne-Rhône-Alpes	63112	45.8297	3.0779
Picherande	Auvergne-Rhône-Alpes	63113	45.4645	2.7698
Montpeyroux	Auvergne-Rhône-Alpes	63114	45.6226	3.2044
Mezel	Auvergne-Rhône-Alpes	63115	45.7551	3.2422
Beauregard-l'Évêque	Auvergne-Rhône-Alpes	63116	45.8109	3.2994
Chauriat	Auvergne-Rhône-Alpes	63117	45.7513	3.2789
Cébazat	Auvergne-Rhône-Alpes	63118	45.8314	3.0999
Châteaugay	Auvergne-Rhône-Alpes	63119	45.8512	3.0848
Aubusson-d'Auvergne	Auvergne-Rhône-Alpes	63120	45.7553	3.6182
Ceyrat	Auvergne-Rhône-Alpes	63122	45.7327	3.0632
Royat	Auvergne-Rhône-Alpes	63130	45.765	3.0501
Châtel-Guyon	Auvergne-Rhône-Alpes	63140	45.9226	3.0642
La Bourboule	Auvergne-Rhône-Alpes	63150	45.5883	2.7392
Montmorin	Auvergne-Rhône-Alpes	63160	45.6958	3.3609
Aubière	Auvergne-Rhône-Alpes	63170	45.7508	3.1108
Bort-l'Étang	Auvergne-Rhône-Alpes	63190	45.783	3.4277
Riom	Auvergne-Rhône-Alpes	63200	45.8936	3.1126
Aurières	Auvergne-Rhône-Alpes	63210	45.6834	2.906
Mayres	Auvergne-Rhône-Alpes	63220	45.3883	3.6949
Saint-Ours	Auvergne-Rhône-Alpes	63230	45.8502	2.8916
Mont-Dore	Auvergne-Rhône-Alpes	63240	45.5764	2.8089
Arconsat	Auvergne-Rhône-Alpes	63250	45.8889	3.7131
Aigueperse	Auvergne-Rhône-Alpes	63260	46.0225	3.2023
Saint-Maurice	Auvergne-Rhône-Alpes	63270	45.6709	3.2362
Ris	Auvergne-Rhône-Alpes	63290	45.999	3.506
Thiers	Auvergne-Rhône-Alpes	63300	45.8565	3.5476
Saint-Denis	Auvergne-Rhône-Alpes	63310	45.9658	3.3355
Verrières	Auvergne-Rhône-Alpes	63320	45.5711	3.0363
Saint-Hilaire	Auvergne-Rhône-Alpes	63330	46.1054	2.6313
Villeneuve	Auvergne-Rhône-Alpes	63340	45.4771	3.1869
Vinzelles	Auvergne-Rhône-Alpes	63350	45.9259	3.3975
Lussat	Auvergne-Rhône-Alpes	63360	45.8386	3.2154
Lempdes	Auvergne-Rhône-Alpes	63370	45.771	3.1936
Saint-Avit	Auvergne-Rhône-Alpes	63380	45.872	2.5238
Espinasse	Auvergne-Rhône-Alpes	63390	46.0377	2.7111
Chamalières	Auvergne-Rhône-Alpes	63400	45.7736	3.067
Saint-Angel	Auvergne-Rhône-Alpes	63410	45.9961	2.9341
Anzat	Auvergne-Rhône-Alpes	63420	45.3321	3.0416
Les Martres-d'Artière	Auvergne-Rhône-Alpes	63430	45.8333	3.2667
Champs	Auvergne-Rhône-Alpes	63440	46.0585	3.085
Saint-Saturnin	Auvergne-Rhône-Alpes	63450	45.6596	3.0923
Montcel	Auvergne-Rhône-Alpes	63460	46.0147	3.066
Herment	Auvergne-Rhône-Alpes	63470	45.7537	2.5685
Bertignat	Auvergne-Rhône-Alpes	63480	45.6176	3.6807
Brousse	Auvergne-Rhône-Alpes	63490	45.6015	3.4588
Issoire	Auvergne-Rhône-Alpes	63500	45.5442	3.249
Aulnat	Auvergne-Rhône-Alpes	63510	45.7993	3.1674
Saint-Flour	Auvergne-Rhône-Alpes	63520	45.7091	3.5042
Chanat-la-Mouteyre	Auvergne-Rhône-Alpes	63530	45.8308	3.015
Romagnat	Auvergne-Rhône-Alpes	63540	45.7295	3.1006
Palladuc	Auvergne-Rhône-Alpes	63550	45.9049	3.6284
Teilhet	Auvergne-Rhône-Alpes	63560	46.0964	2.8217
Beaulieu	Auvergne-Rhône-Alpes	63570	45.445	3.2855
Sainte-Catherine	Auvergne-Rhône-Alpes	63580	45.4509	3.4737
Auzelles	Auvergne-Rhône-Alpes	63590	45.602	3.5096
Saint-Just	Auvergne-Rhône-Alpes	63600	45.4682	3.7885
Besse-et-Saint-Anastaise	Auvergne-Rhône-Alpes	63610	45.5167	2.9333
La Celle	Auvergne-Rhône-Alpes	63620	45.8543	2.4761
Fayet-Ronaye	Auvergne-Rhône-Alpes	63630	45.4253	3.5358
Biollet	Auvergne-Rhône-Alpes	63640	45.9934	2.6825
La Monnerie-le-Montel	Auvergne-Rhône-Alpes	63650	45.8711	3.6011
Saint-Romain	Auvergne-Rhône-Alpes	63660	45.4898	3.8954
La Roche-Blanche	Auvergne-Rhône-Alpes	63670	45.7006	3.1263
Chastreix	Auvergne-Rhône-Alpes	63680	45.5121	2.7348
Avèze	Auvergne-Rhône-Alpes	63690	45.5993	2.599
Montaigut	Auvergne-Rhône-Alpes	63700	46.179	2.8088
Le Vernet-Sainte-Marguerite	Auvergne-Rhône-Alpes	63710	45.6094	2.9479
Chappes	Auvergne-Rhône-Alpes	63720	45.8685	3.2207
La Sauvetat	Auvergne-Rhône-Alpes	63730	45.6359	3.1703
Cisternes-la-Forêt	Auvergne-Rhône-Alpes	63740	45.7902	2.7051
Savennes	Auvergne-Rhône-Alpes	63750	45.5901	2.4951
Saint-Sulpice	Auvergne-Rhône-Alpes	63760	45.6435	2.6273
Les Ancizes	Auvergne-Rhône-Alpes	63770	45.9252	2.8127
Queuille	Auvergne-Rhône-Alpes	63780	45.9703	2.8438
Chambon-sur-Lac	Auvergne-Rhône-Alpes	63790	45.5713	2.8968
Cournon-d'Auvergne	Auvergne-Rhône-Alpes	63800	45.7412	3.1964
Bagnols	Auvergne-Rhône-Alpes	63810	45.5004	2.6322
Briffons	Auvergne-Rhône-Alpes	63820	45.6988	2.6565
Durtol	Auvergne-Rhône-Alpes	63830	45.7962	3.0516
Saillant	Auvergne-Rhône-Alpes	63840	45.4568	3.914
Espinchal	Auvergne-Rhône-Alpes	63850	45.3942	2.8817
Orcines	Auvergne-Rhône-Alpes	63870	45.7825	3.0123
Olmet	Auvergne-Rhône-Alpes	63880	45.7099	3.6615
Grandval	Auvergne-Rhône-Alpes	63890	45.5984	3.646
Bouzel	Auvergne-Rhône-Alpes	63910	45.7772	3.3172
Peschadoires	Auvergne-Rhône-Alpes	63920	45.8262	3.4925
Augerolles	Auvergne-Rhône-Alpes	63930	45.7227	3.6169
Marsac-en-Livradois	Auvergne-Rhône-Alpes	63940	45.4789	3.7278
Saint-Sauves-d'Auvergne	Auvergne-Rhône-Alpes	63950	45.6068	2.6877
Veyre-Monton	Auvergne-Rhône-Alpes	63960	45.6687	3.1714
Aydat	Auvergne-Rhône-Alpes	63970	45.6602	2.9732
Aix-la-Fayette	Auvergne-Rhône-Alpes	63980	45.5169	3.5214
Job	Auvergne-Rhône-Alpes	63990	45.6161	3.7454
Pau	Nouvelle-Aquitaine	64000	43.3112	-0.3558
Bayonne	Nouvelle-Aquitaine	64100	43.4932	-1.473
Gelos	Nouvelle-Aquitaine	64110	43.2832	-0.3712
Saint-Palais	Nouvelle-Aquitaine	64120	43.3283	-1.034
Serres-Castet	Nouvelle-Aquitaine	64121	43.3865	-0.355
Urrugne	Nouvelle-Aquitaine	64122	43.3624	-1.7002
Ainharp	Nouvelle-Aquitaine	64130	43.2605	-0.9306
Billère	Nouvelle-Aquitaine	64140	43.3026	-0.3973
Abidos	Nouvelle-Aquitaine	64150	43.3984	-0.6242
Escoubès	Nouvelle-Aquitaine	64160	43.4175	-0.2445
Artix	Nouvelle-Aquitaine	64170	43.3967	-0.5726
Montfort	Nouvelle-Aquitaine	64190	43.3683	-0.8469
Biarritz	Nouvelle-Aquitaine	64200	43.4806	-1.5568
Ahetze	Nouvelle-Aquitaine	64210	43.4056	-1.5714
Saint-Michel	Nouvelle-Aquitaine	64220	43.1363	-1.2208
Lescar	Nouvelle-Aquitaine	64230	43.3336	-0.4346
Ayherre	Nouvelle-Aquitaine	64240	43.3924	-1.2539
Ainhoa	Nouvelle-Aquitaine	64250	43.3069	-1.4988
Lys	Nouvelle-Aquitaine	64260	43.1304	-0.3528
Castagnède	Nouvelle-Aquitaine	64270	43.4546	-0.9942
Aubertin	Nouvelle-Aquitaine	64290	43.2738	-0.4839
Orthez	Nouvelle-Aquitaine	64300	43.4883	-0.7727
Ascain	Nouvelle-Aquitaine	64310	43.3459	-1.6212
Sendets	Nouvelle-Aquitaine	64320	43.2966	-0.2604
Aubous	Nouvelle-Aquitaine	64330	43.5749	-0.1329
Boucau	Nouvelle-Aquitaine	64340	43.5277	-1.4656
Lasserre	Nouvelle-Aquitaine	64350	43.51	-0.0833
Abos	Nouvelle-Aquitaine	64360	43.3583	-0.5631
Saint-Médard	Nouvelle-Aquitaine	64370	43.53	-0.5909
Abitain	Nouvelle-Aquitaine	64390	43.4208	-0.9881
Oloron-Sainte-Marie	Nouvelle-Aquitaine	64400	43.1944	-0.6107
Louvigny	Nouvelle-Aquitaine	64410	43.512	-0.4435
Andoins	Nouvelle-Aquitaine	64420	43.3044	-0.2288
Aldudes	Nouvelle-Aquitaine	64430	43.0961	-1.4259
Béost	Nouvelle-Aquitaine	64440	42.993	-0.4146
Auriac	Nouvelle-Aquitaine	64450	43.4554	-0.316
Monségur	Nouvelle-Aquitaine	64460	43.4317	-0.0154
Haux	Nouvelle-Aquitaine	64470	43.0781	-0.8485
Halsou	Nouvelle-Aquitaine	64480	43.3745	-1.423
Accous	Nouvelle-Aquitaine	64490	42.9746	-0.5995
Saint-Jean-de-Luz	Nouvelle-Aquitaine	64500	43.3887	-1.6627
Bordes	Nouvelle-Aquitaine	64510	43.2357	-0.2823
Bardos	Nouvelle-Aquitaine	64520	43.4751	-1.2035
Ger	Nouvelle-Aquitaine	64530	43.253	-0.052
Larrau	Nouvelle-Aquitaine	64560	43.0186	-0.9554
Ance	Nouvelle-Aquitaine	64570	43.1453	-0.6915
Anglet	Nouvelle-Aquitaine	64600	43.4892	-1.5192
Armendarits	Nouvelle-Aquitaine	64640	43.3014	-1.1731
Asasp-Arros	Nouvelle-Aquitaine	64660	43.1167	-0.6167
Buziet	Nouvelle-Aquitaine	64680	43.1383	-0.4763
Hendaye	Nouvelle-Aquitaine	64700	43.3581	-1.7744
Bidarray	Nouvelle-Aquitaine	64780	43.2667	-1.3452
Montaut	Nouvelle-Aquitaine	64800	43.1299	-0.2006
Escou	Nouvelle-Aquitaine	64870	43.1821	-0.5364
Villefranque	Nouvelle-Aquitaine	64990	43.4374	-1.4529
Tarbes	Occitanie	65000	43.2341	0.0714
Lourdes	Occitanie	65100	43.0946	-0.0461
Cauterets	Occitanie	65110	42.8892	-0.1141
Sers	Occitanie	65120	42.887	0.038
Mauvezin	Occitanie	65130	43.1153	0.2832
Gensac	Occitanie	65140	43.4326	0.0843
Saint-Paul	Occitanie	65150	43.0831	0.5057
Saint-Lary-Soulan	Occitanie	65170	42.8171	0.3224
Bordes	Occitanie	65190	43.2013	0.2249
Bagnères-de-Bigorre	Occitanie	65200	43.065	0.1488
Mazerolles	Occitanie	65220	43.352	0.2808
Larroque	Occitanie	65230	43.3107	0.4904
Aulon	Occitanie	65240	42.8513	0.296
Saint-Arroman	Occitanie	65250	43.0447	0.4015
Adast	Occitanie	65260	42.9739	-0.0783
Peyrouse	Occitanie	65270	43.1044	-0.1177
Juillan	Occitanie	65290	43.2007	0.0233
Lannemezan	Occitanie	65300	43.1252	0.384
Laloubère	Occitanie	65310	43.2043	0.073
Lagarde	Occitanie	65320	43.3056	0.0325
Montastruc	Occitanie	65330	43.2186	0.344
Lansac	Occitanie	65350	43.223	0.1632
Saint-Martin	Occitanie	65360	43.1611	0.0869
Sainte-Marie	Occitanie	65370	42.9721	0.621
Bénac	Occitanie	65380	43.1537	0.0258
Aurensan	Occitanie	65390	43.3065	0.0862
Salles	Occitanie	65400	43.0286	-0.1201
Beyrède	Occitanie	65410	42.9571	0.3768
Ibos	Occitanie	65420	43.2334	0.0012
Soues	Occitanie	65430	43.2069	0.0991
Ancizan	Occitanie	65440	42.8733	0.3389
Bours	Occitanie	65460	43.2771	0.0928
Oursbelille	Occitanie	65490	43.2869	0.037
Marsac	Occitanie	65500	43.3284	0.0874
Loudenvielle	Occitanie	65510	42.7961	0.4108
Ferrières	Occitanie	65560	43.0106	-0.2633
Ris	Occitanie	65590	42.8873	0.3981
Séméac	Occitanie	65600	43.2283	0.1051
Aventignan	Occitanie	65660	43.0682	0.5208
Arné	Occitanie	65670	43.1861	0.5052
Montignac	Occitanie	65690	43.1842	0.1502
Sauveterre	Occitanie	65700	43.4749	0.1066
Bagnères-de-Bigorre	Occitanie	65710	43.065	0.1488
Aureilhan	Occitanie	65800	43.2437	0.0959
Perpignan	Occitanie	66000	42.6976	2.8954
Perpignan	Occitanie	66100	42.6976	2.8954
els Banys d'Arles	Occitanie	66110	42.4729	2.6692
Font-Romeu-Odeillo-Via	Occitanie	66120	42.5055	2.0401
Boule-d'Amont	Occitanie	66130	42.5795	2.6138
Canet-en-Roussillon	Occitanie	66140	42.7	3.0167
Arles	Occitanie	66150	42.4565	2.6346
Le Boulou	Occitanie	66160	42.5242	2.8334
Millas	Occitanie	66170	42.692	2.6951
Villeneuve-de-la-Raho	Occitanie	66180	42.637	2.9168
Collioure	Occitanie	66190	42.5246	3.0824
Elne	Occitanie	66200	42.6043	2.9718
Les Angles	Occitanie	66210	42.5784	2.0748
Fenouillet	Occitanie	66220	42.8	2.3833
Lamanère	Occitanie	66230	42.3603	2.5203
Saint-Estève	Occitanie	66240	42.7131	2.8415
Saint-Laurent-de-la-Salanque	Occitanie	66250	42.774	2.9904
Costoja	Occitanie	66260	42.3674	2.6503
Le Soler	Occitanie	66270	42.6818	2.7931
Saleilles	Occitanie	66280	42.6544	2.9517
Cerbère	Occitanie	66290	42.4431	3.1652
Montauriol	Occitanie	66300	42.5765	2.7243
Estagel	Occitanie	66310	42.7728	2.6982
Arboussols	Occitanie	66320	42.6641	2.4849
Cabestany	Occitanie	66330	42.6814	2.9409
Nahuja	Occitanie	66340	42.4243	1.9955
Toulouges	Occitanie	66350	42.6708	2.8323
Ayguatébia-Talau	Occitanie	66360	42.5667	2.1833
Pézilla-la-Rivière	Occitanie	66370	42.6949	2.7702
Pia	Occitanie	66380	42.7447	2.9204
Baixas	Occitanie	66390	42.7501	2.8091
Ceret	Occitanie	66400	42.4853	2.748
Villelongue-de-la-Salanque	Occitanie	66410	42.7266	2.9822
Le Barcarès	Occitanie	66420	42.7877	3.0366
Bompas	Occitanie	66430	42.731	2.9332
Torreilles	Occitanie	66440	42.755	2.9935
Pollestres	Occitanie	66450	42.638	2.8674
Maury	Occitanie	66460	42.8117	2.5929
Sainte-Marie	Occitanie	66470	42.7333	3.0167
L'Albère	Occitanie	66480	42.4828	2.8944
Saint-Jean-Pla-de-Corts	Occitanie	66490	42.5115	2.7926
Prades	Occitanie	66500	42.6175	2.4218
Saint-Hippolyte	Occitanie	66510	42.7846	2.9667
Claira	Occitanie	66530	42.7602	2.9561
Baho	Occitanie	66540	42.7008	2.8222
Corneilla-la-Rivière	Occitanie	66550	42.6974	2.7301
Ortaffa	Occitanie	66560	42.5802	2.925
Saint-Nazaire	Occitanie	66570	42.6674	2.9913
Rivesaltes	Occitanie	66600	42.7693	2.8738
Villeneuve-la-Rivière	Occitanie	66610	42.6938	2.8014
Brouilla	Occitanie	66620	42.567	2.903
Banyuls de la Marenda	Occitanie	66650	42.4838	3.129
Portvendres	Occitanie	66660	42.5179	3.1055
Bages	Occitanie	66670	42.606	2.8935
Canohès	Occitanie	66680	42.6519	2.8342
Saint-André	Occitanie	66690	42.5511	2.9733
Argeles	Occitanie	66700	42.5471	3.0225
Lansac	Occitanie	66720	42.7659	2.5619
Campoussy	Occitanie	66730	42.7101	2.4588
Laroque-des-Albères	Occitanie	66740	42.5213	2.9337
Saint-Cyprien	Occitanie	66750	42.6186	3.0057
Angostrina	Occitanie	66760	42.4829	1.9594
Er	Occitanie	66800	42.4416	2.0331
Casteil	Occitanie	66820	42.5313	2.3938
Strasbourg	Grand Est	67000	48.5839	7.7455
Strasbourg	Grand Est	67100	48.5839	7.7455
Niederbronn-les-Bains	Grand Est	67110	48.9516	7.6427
Breuschwickersheim	Grand Est	67112	48.5801	7.6016
Blaesheim	Grand Est	67113	48.5065	7.6092
Eschau	Grand Est	67114	48.489	7.7164
Plobsheim	Grand Est	67115	48.4698	7.7244
Reichstett	Grand Est	67116	48.6486	7.7545
Dossenheim-Kochersberg	Grand Est	67117	48.6375	7.5738
Geispolsheim	Grand Est	67118	48.516	7.6483
Molsheim	Grand Est	67120	48.5404	7.492
Belmont	Grand Est	67130	48.4084	7.2379
Barr	Grand Est	67140	48.4076	7.4487
Erstein	Grand Est	67150	48.4237	7.6626
Wissembourg	Grand Est	67160	49.0371	7.9455
Brumath	Grand Est	67170	48.734	7.7109
Dinsheim-sur-Bruche	Grand Est	67190	48.5426	7.4273
Strasbourg	Grand Est	67200	48.5839	7.7455
Eckbolsheim	Grand Est	67201	48.5808	7.6877
Wolfisheim	Grand Est	67202	48.5872	7.6671
Oberschaeffolsheim	Grand Est	67203	48.5864	7.6502
Achenheim	Grand Est	67204	48.5807	7.628
Oberhausbergen	Grand Est	67205	48.6061	7.6885
Mittelhausbergen	Grand Est	67206	48.6144	7.6901
Niederhausbergen	Grand Est	67207	48.624	7.7021
Obernai	Grand Est	67210	48.4631	7.481
Saint-Maurice	Grand Est	67220	48.3279	7.3357
Benfeld	Grand Est	67230	48.3706	7.5937
Bischwiller	Grand Est	67240	48.7683	7.8541
Aschbach	Grand Est	67250	48.935	7.9823
Sarre-Union	Grand Est	67260	48.9382	7.0937
Wingersheim les Quatre Bans	Grand Est	67270	48.7222	7.6358
Niederhaslach	Grand Est	67280	48.5426	7.3428
Erckartswiller	Grand Est	67290	48.8761	7.3646
Schiltigheim	Grand Est	67300	48.6075	7.7493
Wasselonne	Grand Est	67310	48.6378	7.4451
Adamswiller	Grand Est	67320	48.9047	7.2039
Bouxwiller	Grand Est	67330	48.8249	7.4812
Bischholtz	Grand Est	67340	48.8931	7.5396
Bitschhoffen	Grand Est	67350	48.8582	7.6181
Biblisheim	Grand Est	67360	48.9003	7.7921
Berstett	Grand Est	67370	48.679	7.6572
Lingolsheim	Grand Est	67380	48.5575	7.6825
Artolsheim	Grand Est	67390	48.2079	7.5727
Illkirch-Graffenstaden	Grand Est	67400	48.5289	7.7152
Drusenheim	Grand Est	67410	48.7621	7.9533
Saulxures	Grand Est	67420	48.3927	7.1294
Butten	Grand Est	67430	48.9706	7.2226
Marmoutier	Grand Est	67440	48.6901	7.382
Mundolsheim	Grand Est	67450	48.6422	7.7138
Souffelweyersheim	Grand Est	67460	48.6354	7.7414
Buhl	Grand Est	67470	48.9165	8.0058
Auenheim	Grand Est	67480	48.8151	8.0066
Altenheim	Grand Est	67490	48.7196	7.4627
Haguenau	Grand Est	67500	48.8156	7.7905
Climbach	Grand Est	67510	49.0183	7.8506
Marlenheim	Grand Est	67520	48.6213	7.491
Bœrsch	Grand Est	67530	48.4766	7.44
Ostwald	Grand Est	67540	48.5437	7.711
Eckwersheim	Grand Est	67550	48.6817	7.6969
Rosenwiller	Grand Est	67560	48.5052	7.4385
La Broque	Grand Est	67570	48.473	7.2164
Forstheim	Grand Est	67580	48.8949	7.715
Ohlungen	Grand Est	67590	48.8135	7.7023
Sélestat	Grand Est	67600	48.2619	7.4489
La Wantzenau	Grand Est	67610	48.6579	7.8307
Soufflenheim	Grand Est	67620	48.8303	7.9627
Lauterbourg	Grand Est	67630	48.9751	8.1785
Fegersheim	Grand Est	67640	48.4902	7.6811
Blienschwiller	Grand Est	67650	48.3412	7.4174
Betschdorf	Grand Est	67660	48.8982	7.902
Mommenheim	Grand Est	67670	48.7578	7.6449
Epfig	Grand Est	67680	48.3593	7.4643
Hatten	Grand Est	67690	48.9012	7.9797
Saverne	Grand Est	67700	48.7416	7.3622
Obersteigen	Grand Est	67710	48.6414	7.3066
Hœrdt	Grand Est	67720	48.6976	7.7829
Châtenois	Grand Est	67730	48.272	7.4011
Scherwiller	Grand Est	67750	48.2871	7.4214
Gambsheim	Grand Est	67760	48.6921	7.8829
Dalhunden	Grand Est	67770	48.775	7.9912
Steinbourg	Grand Est	67790	48.7703	7.4135
Bischheim	Grand Est	67800	48.6161	7.7534
Holtzheim	Grand Est	67810	48.5582	7.6443
Wittisheim	Grand Est	67820	48.2645	7.5868
Kilstett	Grand Est	67840	48.676	7.8547
Herrlisheim	Grand Est	67850	48.7305	7.9053
Boofzheim	Grand Est	67860	48.3319	7.6807
Bischoffsheim	Grand Est	67870	48.487	7.4897
Innenheim	Grand Est	67880	48.4966	7.5744
Sundhouse	Grand Est	67920	48.2511	7.6043
Beinheim	Grand Est	67930	48.8626	8.0848
Entzheim	Grand Est	67960	48.5342	7.6377
Oermingen	Grand Est	67970	49.0004	7.129
Hangenbieten	Grand Est	67980	48.5599	7.6146
Osthoffen	Grand Est	67990	48.5869	7.5561
Colmar	Grand Est	68000	48.0808	7.3558
Ingersheim	Grand Est	68040	48.098	7.3031
Mulhouse	Grand Est	68100	47.752	7.3287
Illzach	Grand Est	68110	47.7742	7.3518
Guewenheim	Grand Est	68116	47.7528	7.0925
Hirtzbach	Grand Est	68118	47.5984	7.2222
Pfastatt	Grand Est	68120	47.7692	7.303
Urbès	Grand Est	68121	47.8843	6.9552
Logelbach	Grand Est	68124	48.0854	7.3176
Houssen	Grand Est	68125	48.1258	7.3773
Bennwihr	Grand Est	68126	48.1446	7.3244
Biltzheim	Grand Est	68127	47.9581	7.3883
Saint-Louis	Grand Est	68128	47.5921	7.5592
Altkirch	Grand Est	68130	47.6242	7.2395
Munster	Grand Est	68140	48.0405	7.1393
Ribeauvillé	Grand Est	68150	48.1951	7.3194
Sainte-Croix-aux-Mines	Grand Est	68160	48.2625	7.2274
Rixheim	Grand Est	68170	47.7497	7.402
Horbourg-Wihr	Grand Est	68180	48.0811	7.3938
Ensisheim	Grand Est	68190	47.8658	7.3505
Mulhouse	Grand Est	68200	47.752	7.3287
Dannemarie	Grand Est	68210	47.6303	7.119
Hégenheim	Grand Est	68220	47.563	7.524
Katzenthal	Grand Est	68230	48.108	7.2819
Fréland	Grand Est	68240	48.1722	7.1917
Gundolsheim	Grand Est	68250	47.9299	7.2949
Kingersheim	Grand Est	68260	47.791	7.3265
Wittenheim	Grand Est	68270	47.8109	7.3276
Andolsheim	Grand Est	68280	48.0618	7.4164
Bourbach-le-Bas	Grand Est	68290	47.7748	7.0587
Saint-Louis	Grand Est	68300	47.5921	7.5592
Wittelsheim	Grand Est	68310	47.8095	7.2415
Artzenheim	Grand Est	68320	48.116	7.5412
Huningue	Grand Est	68330	47.6048	7.5778
Riquewihr	Grand Est	68340	48.1667	7.2971
Brunstatt	Grand Est	68350	47.7213	7.3201
Soultz-Haut-Rhin	Grand Est	68360	47.8885	7.2286
Orbey	Grand Est	68370	48.1265	7.1645
Breitenbach-Haut-Rhin	Grand Est	68380	48.0234	7.1018
Sausheim	Grand Est	68390	47.7871	7.3727
Riedisheim	Grand Est	68400	47.7485	7.3672
Ammerschwihr	Grand Est	68410	48.1255	7.2828
Eguisheim	Grand Est	68420	48.0428	7.3062
Bruebach	Grand Est	68440	47.7007	7.359
Lutterbach	Grand Est	68460	47.7598	7.2803
Fellering	Grand Est	68470	47.8966	6.9855
Bouxwiller	Grand Est	68480	47.5057	7.3454
Hombourg	Grand Est	68490	47.7593	7.5069
Guebwiller	Grand Est	68500	47.9167	7.2
Geispitzen	Grand Est	68510	47.6674	7.4215
Burnhaupt-le-Bas	Grand Est	68520	47.7176	7.1615
Buhl	Grand Est	68530	47.9281	7.1872
Bollwiller	Grand Est	68540	47.8583	7.2618
Malmerspach	Grand Est	68550	47.8654	7.0346
Bettendorf	Grand Est	68560	47.5839	7.2763
Osenbach	Grand Est	68570	47.9858	7.2182
Bisel	Grand Est	68580	47.5353	7.2183
Saint-Hippolyte	Grand Est	68590	48.2316	7.3712
Algolsheim	Grand Est	68600	48.0063	7.5595
Lautenbach	Grand Est	68610	47.9406	7.1577
Bitschwiller-lès-Thann	Grand Est	68620	47.8297	7.0791
Bennwihr	Grand Est	68630	48.1446	7.3244
Feldbach	Grand Est	68640	47.5358	7.2642
Lapoutroie	Grand Est	68650	48.154	7.1671
Lièpvre	Grand Est	68660	48.2717	7.2823
Kembs	Grand Est	68680	47.6895	7.5032
Geishouse	Grand Est	68690	47.8832	7.0605
Cernay	Grand Est	68700	47.8097	7.177
Saint-Bernard	Grand Est	68720	47.6695	7.2066
Blotzheim	Grand Est	68730	47.6026	7.4965
Balgau	Grand Est	68740	47.9283	7.539
Bergheim	Grand Est	68750	48.2054	7.363
Goldbach-Altenbach	Grand Est	68760	47.8833	7.1
Ammerschwihr	Grand Est	68770	48.1255	7.2828
Bretten	Grand Est	68780	47.7013	7.0695
Morschwiller-le-Bas	Grand Est	68790	47.7361	7.2695
Thann	Grand Est	68800	47.8079	7.103
Kruth	Grand Est	68820	47.931	6.9647
Oderen	Grand Est	68830	47.9104	6.9746
Pulversheim	Grand Est	68840	47.8375	7.3012
Staffelfelden	Grand Est	68850	47.8265	7.2523
Bartenheim	Grand Est	68870	47.6336	7.4795
Meyenheim	Grand Est	68890	47.9136	7.3556
Labaroche	Grand Est	68910	48.1108	7.1924
Wintzenheim	Grand Est	68920	48.0727	7.2907
Reiningue	Grand Est	68950	47.7522	7.2333
Grentzingen	Grand Est	68960	47.5642	7.2995
Guémar	Grand Est	68970	48.1887	7.3971
Beblenheim	Grand Est	68980	48.1572	7.3271
Galfingue	Grand Est	68990	47.7059	7.2243
Lyon	Auvergne-Rhône-Alpes	69000	45.7485	4.8467
Lyon	Auvergne-Rhône-Alpes	69001	45.7485	4.8467
Lyon	Auvergne-Rhône-Alpes	69002	45.7485	4.8467
Lyon	Auvergne-Rhône-Alpes	69003	45.7485	4.8467
Lyon	Auvergne-Rhône-Alpes	69004	45.7485	4.8467
Lyon	Auvergne-Rhône-Alpes	69005	45.7485	4.8467
Lyon	Auvergne-Rhône-Alpes	69006	45.7485	4.8467
Lyon	Auvergne-Rhône-Alpes	69007	45.7485	4.8467
Lyon	Auvergne-Rhône-Alpes	69008	45.7485	4.8467
Lyon	Auvergne-Rhône-Alpes	69009	45.7485	4.8467
Villeurbanne	Auvergne-Rhône-Alpes	69100	45.766	4.8795
Sainte-Foy-lès-Lyon	Auvergne-Rhône-Alpes	69110	45.7337	4.8026
Chiroubles	Auvergne-Rhône-Alpes	69115	46.1805	4.6656
Vaulx-en-Velin	Auvergne-Rhône-Alpes	69120	45.7869	4.9251
Colombier	Auvergne-Rhône-Alpes	69124	45.7114	5.1121
Colombier	Auvergne-Rhône-Alpes	69125	45.7114	5.1121
Brindas	Auvergne-Rhône-Alpes	69126	45.7211	4.6935
Écully	Auvergne-Rhône-Alpes	69130	45.7744	4.7776
Rillieux-la-Pape	Auvergne-Rhône-Alpes	69140	45.8167	4.9
Décines-Charpieu	Auvergne-Rhône-Alpes	69150	45.7687	4.9588
Tassin-la-Demi-Lune	Auvergne-Rhône-Alpes	69160	45.755	4.7881
Tarare	Auvergne-Rhône-Alpes	69170	45.8961	4.433
Saint-Fons	Auvergne-Rhône-Alpes	69190	45.7087	4.8532
Vénissieux	Auvergne-Rhône-Alpes	69200	45.6971	4.8859
L'Arbresle	Auvergne-Rhône-Alpes	69210	45.8356	4.6169
Belleville	Auvergne-Rhône-Alpes	69220	46.1087	4.7492
Saint-Genis-Laval	Auvergne-Rhône-Alpes	69230	45.6954	4.7932
Cours	Auvergne-Rhône-Alpes	69240	46.0998	4.3217
Neuville-sur-Saône	Auvergne-Rhône-Alpes	69250	45.8762	4.841
Charbonnières-les-Bains	Auvergne-Rhône-Alpes	69260	45.7805	4.7464
Cailloux-sur-Fontaines	Auvergne-Rhône-Alpes	69270	45.8526	4.8747
Marcy-l'Étoile	Auvergne-Rhône-Alpes	69280	45.7812	4.7062
Craponne	Auvergne-Rhône-Alpes	69290	45.7453	4.7232
Caluire-et-Cuire	Auvergne-Rhône-Alpes	69300	45.7946	4.8464
Pierre-Bénite	Auvergne-Rhône-Alpes	69310	45.7036	4.8242
Feyzin	Auvergne-Rhône-Alpes	69320	45.6729	4.8589
Meyzieu	Auvergne-Rhône-Alpes	69330	45.7664	5.0028
Francheville	Auvergne-Rhône-Alpes	69340	45.7364	4.7636
La Mulatière	Auvergne-Rhône-Alpes	69350	45.7282	4.8121
Ternay	Auvergne-Rhône-Alpes	69360	45.6023	4.8106
Saint-Didier-au-Mont-d'Or	Auvergne-Rhône-Alpes	69370	45.8107	4.7985
Châtillon	Auvergne-Rhône-Alpes	69380	45.8773	4.6457
Millery	Auvergne-Rhône-Alpes	69390	45.6323	4.7821
Villefranche-sur-Saône	Auvergne-Rhône-Alpes	69400	45.9897	4.7196
Champagne-au-Mont-d'Or	Auvergne-Rhône-Alpes	69410	45.7947	4.7908
Condrieu	Auvergne-Rhône-Alpes	69420	45.463	4.7676
Beaujeu	Auvergne-Rhône-Alpes	69430	46.1543	4.5883
Sainte-Catherine	Auvergne-Rhône-Alpes	69440	45.599	4.5698
Saint-Cyr-au-Mont-d'Or	Auvergne-Rhône-Alpes	69450	45.8144	4.8182
Blacé	Auvergne-Rhône-Alpes	69460	46.0315	4.6445
Cours	Auvergne-Rhône-Alpes	69470	46.0998	4.3217
Pommiers	Auvergne-Rhône-Alpes	69480	45.9554	4.6925
Saint-Loup	Auvergne-Rhône-Alpes	69490	45.8946	4.4894
Bron	Auvergne-Rhône-Alpes	69500	45.7387	4.913
Messimy	Auvergne-Rhône-Alpes	69510	45.6982	4.6743
Grigny	Auvergne-Rhône-Alpes	69520	45.6084	4.7898
Brignais	Auvergne-Rhône-Alpes	69530	45.6738	4.7542
Irigny	Auvergne-Rhône-Alpes	69540	45.6731	4.8224
Amplepuis	Auvergne-Rhône-Alpes	69550	45.9726	4.3303
Sainte-Colombe	Auvergne-Rhône-Alpes	69560	45.5253	4.8666
Dardilly	Auvergne-Rhône-Alpes	69570	45.8056	4.7532
Sathonay-Camp	Auvergne-Rhône-Alpes	69580	45.8246	4.8745
Coise	Auvergne-Rhône-Alpes	69590	45.6137	4.4734
Oullins	Auvergne-Rhône-Alpes	69600	45.714	4.8075
Aveize	Auvergne-Rhône-Alpes	69610	45.6824	4.4779
Le Breuil	Auvergne-Rhône-Alpes	69620	45.8941	4.5875
Chaponost	Auvergne-Rhône-Alpes	69630	45.7102	4.7422
Saint-Julien	Auvergne-Rhône-Alpes	69640	46.0262	4.6523
Quincieux	Auvergne-Rhône-Alpes	69650	45.9137	4.777
Collonges-au-Mont-d'Or	Auvergne-Rhône-Alpes	69660	45.8239	4.8402
Saint-Laurent-de-Vaux	Auvergne-Rhône-Alpes	69670	45.7136	4.6307
Chassieu	Auvergne-Rhône-Alpes	69680	45.7458	4.9709
Bessenay	Auvergne-Rhône-Alpes	69690	45.7766	4.5544
Givors	Auvergne-Rhône-Alpes	69700	45.5906	4.7688
Saint-Bonnet-de-Mure	Auvergne-Rhône-Alpes	69720	45.6904	5.0291
Genay	Auvergne-Rhône-Alpes	69730	45.8968	4.8409
Genas	Auvergne-Rhône-Alpes	69740	45.7313	5.0021
Limonest	Auvergne-Rhône-Alpes	69760	45.837	4.7719
Chambost-Longessaigne	Auvergne-Rhône-Alpes	69770	45.7727	4.3693
Mions	Auvergne-Rhône-Alpes	69780	45.663	4.9529
Aigueperse	Auvergne-Rhône-Alpes	69790	46.2771	4.4341
Saint-Priest	Auvergne-Rhône-Alpes	69800	45.6965	4.9438
Fleurie	Auvergne-Rhône-Alpes	69820	46.1922	4.6975
Saint-Georges-de-Reneins	Auvergne-Rhône-Alpes	69830	46.0618	4.7217
Cenves	Auvergne-Rhône-Alpes	69840	46.2681	4.6497
Duerne	Auvergne-Rhône-Alpes	69850	45.6846	4.5275
Saint-Christophe	Auvergne-Rhône-Alpes	69860	46.262	4.5418
Chambost-Allières	Auvergne-Rhône-Alpes	69870	46.0183	4.4985
La Tour-de-Salvagny	Auvergne-Rhône-Alpes	69890	45.8137	4.7167
Villié-Morgon	Auvergne-Rhône-Alpes	69910	46.1623	4.6807
Saint-Clément-les-Places	Auvergne-Rhône-Alpes	69930	45.7528	4.4235
Corbas	Auvergne-Rhône-Alpes	69960	45.668	4.902
Marennes	Auvergne-Rhône-Alpes	69970	45.6209	4.9124
Vesoul	Bourgogne-Franche-Comté	70000	47.626	6.1425
Apremont	Bourgogne-Franche-Comté	70100	47.3938	5.5429
Saint-Sulpice	Bourgogne-Franche-Comté	70110	47.566	6.4472
La Rochelle	Bourgogne-Franche-Comté	70120	47.748	5.733
Recologne	Bourgogne-Franche-Comté	70130	47.5819	5.7763
Malans	Bourgogne-Franche-Comté	70140	47.2635	5.5947
Marnay	Bourgogne-Franche-Comté	70150	47.2909	5.7728
Amance	Bourgogne-Franche-Comté	70160	47.8008	6.059
Provenchère	Bourgogne-Franche-Comté	70170	47.7214	6.1248
Montot	Bourgogne-Franche-Comté	70180	47.5643	5.6216
Bussières	Bourgogne-Franche-Comté	70190	47.338	5.974
Lure	Bourgogne-Franche-Comté	70200	47.6829	6.4966
Selles	Bourgogne-Franche-Comté	70210	47.9633	6.0887
Fougerolles	Bourgogne-Franche-Comté	70220	47.8854	6.4045
Roche-sur-Linotte-et-Sorans-les-Cordiers	Bourgogne-Franche-Comté	70230	47.4717	6.2026
Châtenois	Bourgogne-Franche-Comté	70240	47.6836	6.3135
Ronchamp	Bourgogne-Franche-Comté	70250	47.7006	6.6359
Belmont	Bourgogne-Franche-Comté	70270	47.7883	6.5039
Saint-Bresson	Bourgogne-Franche-Comté	70280	47.8696	6.5089
Champagney	Bourgogne-Franche-Comté	70290	47.705	6.6817
Saint-Sauveur	Bourgogne-Franche-Comté	70300	47.8053	6.3858
La Montagne	Bourgogne-Franche-Comté	70310	47.9176	6.5883
Aillevillers-et-Lyaumont	Bourgogne-Franche-Comté	70320	47.9203	6.3377
Chemilly	Bourgogne-Franche-Comté	70360	47.6485	6.0237
Courmont	Bourgogne-Franche-Comté	70400	47.6119	6.6287
Haut-du-Them	Bourgogne-Franche-Comté	70440	47.8431	6.7223
Saint-Marcel	Bourgogne-Franche-Comté	70500	47.8252	5.8253
Vars	Bourgogne-Franche-Comté	70600	47.5333	5.5333
Igny	Bourgogne-Franche-Comté	70700	47.4783	5.7633
Ainvelle	Bourgogne-Franche-Comté	70800	47.8463	6.2503
Mâcon	Bourgogne-Franche-Comté	71000	46.3141	4.8282
Chalon-sur-Saône	Bourgogne-Franche-Comté	71100	46.7811	4.8537
Baugy	Bourgogne-Franche-Comté	71110	46.2975	4.0282
Saint-Martin-Belle-Roche	Bourgogne-Franche-Comté	71118	46.3831	4.8554
Fontenay	Bourgogne-Franche-Comté	71120	46.4764	4.2983
Chassy	Bourgogne-Franche-Comté	71130	46.5881	4.1113
Mont	Bourgogne-Franche-Comté	71140	46.6259	3.8304
Fontaines	Bourgogne-Franche-Comté	71150	46.849	4.7704
Saint-Agnan	Bourgogne-Franche-Comté	71160	46.5	3.8667
Coublanc	Bourgogne-Franche-Comté	71170	46.1747	4.2733
Brion	Bourgogne-Franche-Comté	71190	46.9089	4.2111
Le Creusot	Bourgogne-Franche-Comté	71200	46.8071	4.4163
Torcy	Bourgogne-Franche-Comté	71210	46.7686	4.4533
Passy	Bourgogne-Franche-Comté	71220	46.5398	4.5351
Saint-Vallier	Bourgogne-Franche-Comté	71230	46.6411	4.3711
Saint-Cyr	Bourgogne-Franche-Comté	71240	46.6826	4.89
Massy	Bourgogne-Franche-Comté	71250	46.4854	4.6044
Péronne	Bourgogne-Franche-Comté	71260	46.4386	4.8102
La Villeneuve	Bourgogne-Franche-Comté	71270	46.9576	5.1727
Ormes	Bourgogne-Franche-Comté	71290	46.6346	4.9651
Montceau-les-Mines	Bourgogne-Franche-Comté	71300	46.6667	4.3667
La Chaux	Bourgogne-Franche-Comté	71310	46.8287	5.2602
Sainte-Radegonde	Bourgogne-Franche-Comté	71320	46.6831	4.0696
Bosjean	Bourgogne-Franche-Comté	71330	46.7614	5.3349
Melay	Bourgogne-Franche-Comté	71340	46.2167	4.0333
Les Bordes	Bourgogne-Franche-Comté	71350	46.8959	5.0301
Sully	Bourgogne-Franche-Comté	71360	47.0074	4.4733
Baudrières	Bourgogne-Franche-Comté	71370	46.6729	5.0112
Saint-Marcel	Bourgogne-Franche-Comté	71380	46.7737	4.8921
Sainte-Hélène	Bourgogne-Franche-Comté	71390	46.7575	4.6431
Autun	Bourgogne-Franche-Comté	71400	46.951	4.2987
Sanvignes-les-Mines	Bourgogne-Franche-Comté	71410	46.6644	4.2919
Ciry-le-Noble	Bourgogne-Franche-Comté	71420	46.6061	4.2987
Grandvaux	Bourgogne-Franche-Comté	71430	46.5062	4.1916
La Frette	Bourgogne-Franche-Comté	71440	46.6384	5.0502
Blanzy	Bourgogne-Franche-Comté	71450	46.7001	4.3883
Bonnay	Bourgogne-Franche-Comté	71460	46.5502	4.6209
Sainte-Croix	Bourgogne-Franche-Comté	71470	46.5716	5.2461
Champagnat	Bourgogne-Franche-Comté	71480	46.483	5.3806
Couches	Bourgogne-Franche-Comté	71490	46.8667	4.5667
Louhans	Bourgogne-Franche-Comté	71500	46.6264	5.2247
Saint-Gilles	Bourgogne-Franche-Comté	71510	46.8779	4.6636
Saint-Pierre-le-Vieux	Bourgogne-Franche-Comté	71520	46.2857	4.5359
Crissey	Bourgogne-Franche-Comté	71530	46.8165	4.8819
Barnay	Bourgogne-Franche-Comté	71540	47.0888	4.3388
Anost	Bourgogne-Franche-Comté	71550	47.0773	4.0994
Saint-Vérand	Bourgogne-Franche-Comté	71570	46.2545	4.7368
Saint-Martin-du-Mont	Bourgogne-Franche-Comté	71580	46.6141	5.2941
Gergy	Bourgogne-Franche-Comté	71590	46.8756	4.9453
Paray-le-Monial	Bourgogne-Franche-Comté	71600	46.4546	4.1158
Bey	Bourgogne-Franche-Comté	71620	46.8199	4.9676
Givry	Bourgogne-Franche-Comté	71640	46.782	4.7426
Le Breuil	Bourgogne-Franche-Comté	71670	46.8065	4.4695
Vinzelles	Bourgogne-Franche-Comté	71680	46.2733	4.7683
Boyer	Bourgogne-Franche-Comté	71700	46.5922	4.8838
Charmoy	Bourgogne-Franche-Comté	71710	46.7564	4.3338
Châteauneuf	Bourgogne-Franche-Comté	71740	46.2125	4.2547
Cressy-sur-Somme	Bourgogne-Franche-Comté	71760	46.695	3.8681
Châtenay	Bourgogne-Franche-Comté	71800	46.2909	4.3836
Charnay-lès-Mâcon	Bourgogne-Franche-Comté	71850	46.3075	4.7848
Hurigny	Bourgogne-Franche-Comté	71870	46.3472	4.7968
Châtenoy-le-Royal	Bourgogne-Franche-Comté	71880	46.798	4.8119
Bussières	Bourgogne-Franche-Comté	71960	46.3375	4.7082
Saint-Prix	Bourgogne-Franche-Comté	71990	46.955	4.073
Le Mans	Pays de la Loire	72000	48.0021	0.2025
Le Mans	Pays de la Loire	72100	48.0021	0.2025
Saint-Aignan	Pays de la Loire	72110	48.2156	0.3425
Conflans-sur-Anille	Pays de la Loire	72120	47.9465	0.7448
Coulombiers	Pays de la Loire	72130	48.2982	0.1268
Mont-Saint-Jean	Pays de la Loire	72140	48.2457	-0.107
Courdemanche	Pays de la Loire	72150	47.8146	0.5624
Beillé	Pays de la Loire	72160	48.0832	0.5092
Juillé	Pays de la Loire	72170	48.2454	0.1221
Coulaines	Pays de la Loire	72190	48.0241	0.2041
La Flèche	Pays de la Loire	72200	47.6982	-0.0755
Chemiré-le-Gaudin	Pays de la Loire	72210	47.9288	-0.0166
Laigné-en-Belin	Pays de la Loire	72220	47.8781	0.2279
Arnage	Pays de la Loire	72230	47.9262	0.1873
Saint-Symphorien	Pays de la Loire	72240	48.0721	-0.1143
Brette-les-Pins	Pays de la Loire	72250	47.9116	0.3364
Les Mées	Pays de la Loire	72260	48.3147	0.2317
Bousse	Pays de la Loire	72270	47.7696	-0.0586
Ballon	Pays de la Loire	72290	48.1755	0.2349
Sablé-sur-Sarthe	Pays de la Loire	72300	47.8376	-0.3329
Bessé-sur-Braye	Pays de la Loire	72310	47.8336	0.7496
Montmirail	Pays de la Loire	72320	48.1032	0.7912
Cérans-Foulletourte	Pays de la Loire	72330	47.8274	0.0755
Beaumont-sur-Dême	Pays de la Loire	72340	47.6942	0.5691
Avessé	Pays de la Loire	72350	47.9545	-0.25
Mayet	Pays de la Loire	72360	47.7594	0.2747
Ardenay-sur-Mérize	Pays de la Loire	72370	47.9959	0.4245
Joué-l'Abbé	Pays de la Loire	72380	48.1109	0.2167
Bouër	Pays de la Loire	72390	48.0824	0.6306
La Ferté-Bernard	Pays de la Loire	72400	48.1872	0.6525
Asnières-sur-Vègre	Pays de la Loire	72430	47.8883	-0.2342
Maisoncelles	Pays de la Loire	72440	47.9361	0.5706
Lombron	Pays de la Loire	72450	48.0785	0.4179
Saint-Corneille	Pays de la Loire	72460	48.0672	0.3425
Champagné	Pays de la Loire	72470	48.0219	0.331
Beaumont-Pied-de-Boeuf	Pays de la Loire	72500	47.7608	0.4017
Château-l'Hermitage	Pays de la Loire	72510	47.8036	0.1813
Yvré-l'Évêque	Pays de la Loire	72530	48.0151	0.269
Longnes	Pays de la Loire	72540	48.0205	-0.0794
Fay	Pays de la Loire	72550	48.0077	0.0704
Changé	Pays de la Loire	72560	47.9871	0.2828
Montigny	Pays de la Loire	72600	48.4582	0.1838
Grandchamp	Pays de la Loire	72610	48.3027	0.1822
Saint-Saturnin	Pays de la Loire	72650	48.0646	0.1601
Allonnes	Pays de la Loire	72700	47.9674	0.1602
Aubigné-Racan	Pays de la Loire	72800	47.691	0.2673
Chambéry	Auvergne-Rhône-Alpes	73000	45.5663	5.9208
Aix-les-Bains	Auvergne-Rhône-Alpes	73100	45.6917	5.9086
Le Pontet	Auvergne-Rhône-Alpes	73110	45.4937	6.2286
Courchevel	Auvergne-Rhône-Alpes	73120	45.4154	6.6364
La Chambre	Auvergne-Rhône-Alpes	73130	45.3586	6.2998
Orelle	Auvergne-Rhône-Alpes	73140	45.2096	6.5349
Val-d'Isère	Auvergne-Rhône-Alpes	73150	45.4514	6.9745
Saint-Sulpice	Auvergne-Rhône-Alpes	73160	45.5674	5.8455
Saint-Paul	Auvergne-Rhône-Alpes	73170	45.6765	5.7861
Apremont	Auvergne-Rhône-Alpes	73190	45.5	5.95
Albertville	Auvergne-Rhône-Alpes	73200	45.6745	6.3906
Aime	Auvergne-Rhône-Alpes	73210	45.5556	6.6504
Saint-Léger	Auvergne-Rhône-Alpes	73220	45.4371	6.2798
Saint-Alban-Leysse	Auvergne-Rhône-Alpes	73230	45.5833	5.95
Rochefort	Auvergne-Rhône-Alpes	73240	45.5821	5.7215
Fréterive	Auvergne-Rhône-Alpes	73250	45.5855	6.2087
Aigueblanche	Auvergne-Rhône-Alpes	73260	45.5045	6.5018
Beaufort	Auvergne-Rhône-Alpes	73270	45.7191	6.5733
La Motte-Servolex	Auvergne-Rhône-Alpes	73290	45.597	5.8672
Saint-Jean-de-Maurienne	Auvergne-Rhône-Alpes	73300	45.2753	6.3529
Chanaz	Auvergne-Rhône-Alpes	73310	45.8085	5.7943
Tignes	Auvergne-Rhône-Alpes	73320	45.496	6.9246
Le Pont-de-Beauvoisin	Auvergne-Rhône-Alpes	73330	45.5369	5.6733
Le Noyer	Auvergne-Rhône-Alpes	73340	45.6794	6.0614
Montagny	Auvergne-Rhône-Alpes	73350	45.4557	6.5912
Saint-Christophe	Auvergne-Rhône-Alpes	73360	45.45	5.7667
Le Bourget-du-Lac	Auvergne-Rhône-Alpes	73370	45.6536	5.8549
Châteauneuf	Auvergne-Rhône-Alpes	73390	45.5487	6.1722
Ugine	Auvergne-Rhône-Alpes	73400	45.7557	6.415
Saint-Ours	Auvergne-Rhône-Alpes	73410	45.7573	5.9885
Drumettaz	Auvergne-Rhône-Alpes	73420	45.6614	5.9219
Les Belleville	Auvergne-Rhône-Alpes	73440	45.3803	6.5044
Valloire	Auvergne-Rhône-Alpes	73450	45.1654	6.43
Cléry	Auvergne-Rhône-Alpes	73460	45.6445	6.2935
Ayn	Auvergne-Rhône-Alpes	73470	45.5743	5.7505
Bessans	Auvergne-Rhône-Alpes	73480	45.3209	6.9936
La Ravoire	Auvergne-Rhône-Alpes	73490	45.5627	5.9583
Saint-André	Auvergne-Rhône-Alpes	73500	45.2009	6.6189
La Bridoire	Auvergne-Rhône-Alpes	73520	45.525	5.7407
Albiez-Montrond	Auvergne-Rhône-Alpes	73530	45.2167	6.35
Esserts-Blay	Auvergne-Rhône-Alpes	73540	45.6138	6.4363
Les Allues	Auvergne-Rhône-Alpes	73550	45.4326	6.5556
Brides-les-Bains	Auvergne-Rhône-Alpes	73570	45.453	6.5683
Cohennoz	Auvergne-Rhône-Alpes	73590	45.7576	6.4814
Saint-Marcel	Auvergne-Rhône-Alpes	73600	45.512	6.567
Aiguebelette-le-Lac	Auvergne-Rhône-Alpes	73610	45.5394	5.816
Hauteluce	Auvergne-Rhône-Alpes	73620	45.7491	6.5814
Sainte-Reine	Auvergne-Rhône-Alpes	73630	45.6103	6.1389
Sainte-Foy-Tarentaise	Auvergne-Rhône-Alpes	73640	45.589	6.8851
La Chapelle	Auvergne-Rhône-Alpes	73660	45.4167	6.2833
Saint-Pierre-d'Entremont	Auvergne-Rhône-Alpes	73670	45.4146	5.8552
Bourg-Saint-Maurice	Auvergne-Rhône-Alpes	73700	45.6146	6.7685
Pralognan-la-Vanoise	Auvergne-Rhône-Alpes	73710	45.3828	6.7188
Queige	Auvergne-Rhône-Alpes	73720	45.7193	6.4595
Cevins	Auvergne-Rhône-Alpes	73730	45.5914	6.4544
Tours-en-Savoie	Auvergne-Rhône-Alpes	73790	45.6536	6.4413
Montmélian	Auvergne-Rhône-Alpes	73800	45.5051	6.0563
Montricher-Albanne	Auvergne-Rhône-Alpes	73870	45.2333	6.4
Annecy	Auvergne-Rhône-Alpes	74000	45.9088	6.1256
Annemasse	Auvergne-Rhône-Alpes	74100	46.1944	6.2377
Essert-Romand	Auvergne-Rhône-Alpes	74110	46.2007	6.6723
Demi-Quartier	Auvergne-Rhône-Alpes	74120	45.8568	6.6185
Bonneville	Auvergne-Rhône-Alpes	74130	46.0802	6.4073
Ballaison	Auvergne-Rhône-Alpes	74140	46.2984	6.3276
Rumilly	Auvergne-Rhône-Alpes	74150	45.8612	5.9451
Beaumont	Auvergne-Rhône-Alpes	74160	46.104	6.1207
Saint-Gervais-les-Bains	Auvergne-Rhône-Alpes	74170	45.8913	6.7168
Passy	Auvergne-Rhône-Alpes	74190	45.9234	6.6956
Thonon-les-Bains	Auvergne-Rhône-Alpes	74200	46.3705	6.4799
Talloires-Montmin	Auvergne-Rhône-Alpes	74210	45.8403	6.2136
La Clusaz	Auvergne-Rhône-Alpes	74220	45.9067	6.4345
Dingy-Saint-Clair	Auvergne-Rhône-Alpes	74230	45.9066	6.2255
Gaillard	Auvergne-Rhône-Alpes	74240	46.1853	6.2069
La Tour	Auvergne-Rhône-Alpes	74250	46.1331	6.4311
Les Gets	Auvergne-Rhône-Alpes	74260	46.1552	6.6649
Chaumont	Auvergne-Rhône-Alpes	74270	46.0356	5.957
Talloires-Montmin	Auvergne-Rhône-Alpes	74290	45.8403	6.2136
Cluses	Auvergne-Rhône-Alpes	74300	46.0625	6.575
Les Houches	Auvergne-Rhône-Alpes	74310	45.8927	6.8064
Leschaux	Auvergne-Rhône-Alpes	74320	45.7736	6.1256
La Balme-de-Sillingy	Auvergne-Rhône-Alpes	74330	45.9689	6.0419
Samoëns	Auvergne-Rhône-Alpes	74340	46.0828	6.7265
Andilly	Auvergne-Rhône-Alpes	74350	46.0584	6.0654
Bonnevaux	Auvergne-Rhône-Alpes	74360	46.2958	6.6708
Pringy	Auvergne-Rhône-Alpes	74370	45.9462	6.1261
Arthaz-Pont-Notre-Dame	Auvergne-Rhône-Alpes	74380	46.1594	6.266
Châtel	Auvergne-Rhône-Alpes	74390	46.265	6.8403
Chamonix-Mont-Blanc	Auvergne-Rhône-Alpes	74400	45.9238	6.8693
Duingt	Auvergne-Rhône-Alpes	74410	45.8255	6.2014
Villard	Auvergne-Rhône-Alpes	74420	45.7667	6.2502
La Baume	Auvergne-Rhône-Alpes	74430	46.2824	6.6126
La Rivière-Enverse	Auvergne-Rhône-Alpes	74440	46.0926	6.6418
Le Grand-Bornand	Auvergne-Rhône-Alpes	74450	45.9421	6.4308
Marnaz	Auvergne-Rhône-Alpes	74460	46.0636	6.5265
Vailly	Auvergne-Rhône-Alpes	74470	46.3016	6.5392
Passy	Auvergne-Rhône-Alpes	74480	45.9234	6.6956
Mégevette	Auvergne-Rhône-Alpes	74490	46.2017	6.4988
Évian-les-Bains	Auvergne-Rhône-Alpes	74500	46.4011	6.5879
Savigny	Auvergne-Rhône-Alpes	74520	46.0674	5.953
Saint-Félix	Auvergne-Rhône-Alpes	74540	45.8027	5.9771
Cervens	Auvergne-Rhône-Alpes	74550	46.286	6.44
La Muraz	Auvergne-Rhône-Alpes	74560	46.1233	6.2036
Aviernoz	Auvergne-Rhône-Alpes	74570	45.9783	6.2284
Viry	Auvergne-Rhône-Alpes	74580	46.1129	6.0381
Seynod	Auvergne-Rhône-Alpes	74600	45.8855	6.0883
Chavanod	Auvergne-Rhône-Alpes	74650	45.89	6.0393
Vallorcine	Auvergne-Rhône-Alpes	74660	46.0334	6.9319
Sallanches	Auvergne-Rhône-Alpes	74700	45.9442	6.6316
Sixt-Fer-à-Cheval	Auvergne-Rhône-Alpes	74740	46.0548	6.7744
Orange	Auvergne-Rhône-Alpes	74800	46.0302	6.3225
Bons-en-Chablais	Auvergne-Rhône-Alpes	74890	46.2649	6.3713
Seyssel	Auvergne-Rhône-Alpes	74910	45.9591	5.8369
Combloux	Auvergne-Rhône-Alpes	74920	45.8979	6.6442
Arbusigny	Auvergne-Rhône-Alpes	74930	46.0932	6.2186
Annecy-le-Vieux	Auvergne-Rhône-Alpes	74940	45.9197	6.1439
Scionzier	Auvergne-Rhône-Alpes	74950	46.0601	6.5527
Cran-Gevrier	Auvergne-Rhône-Alpes	74960	45.9	6.1
Marignier	Auvergne-Rhône-Alpes	74970	46.0901	6.5
Paris	Île-de-France	75000	48.8534	2.3488
Paris 01	Île-de-France	75001	48.8592	2.3417
Paris 02	Île-de-France	75002	48.8655	2.3426
Paris	Île-de-France	75003	48.8534	2.3488
Paris	Île-de-France	75004	48.8534	2.3488
Paris 05	Île-de-France	75005	48.8448	2.3471
Paris 06	Île-de-France	75006	48.8493	2.33
Paris 07	Île-de-France	75007	48.8565	2.321
Paris 08	Île-de-France	75008	48.8763	2.3183
Paris 09	Île-de-France	75009	48.8718	2.3399
Paris 10	Île-de-France	75010	48.8709	2.3561
Paris 11	Île-de-France	75011	48.8574	2.3795
Paris 12	Île-de-France	75012	48.8412	2.3876
Paris 13	Île-de-France	75013	48.8322	2.3561
Paris 14	Île-de-France	75014	48.8331	2.3264
Paris 15	Île-de-France	75015	48.8412	2.3003
Paris 16	Île-de-France	75016	48.8637	2.2769
Paris 17	Île-de-France	75017	48.8835	2.3219
Paris 18	Île-de-France	75018	48.8925	2.3444
Paris 19	Île-de-France	75019	48.8817	2.3822
Paris 20	Île-de-France	75020	48.8646	2.3984
Paris 16	Île-de-France	75116	48.8637	2.2769
Rouen	Normandie	76000	49.4431	1.0993
Rouen	Normandie	76100	49.4431	1.0993
Angerville-Bailleul	Normandie	76110	49.6675	0.4539
Criquebeuf-en-Caux	Normandie	76111	49.7392	0.3342
Hautot-sur-Seine	Normandie	76113	49.3609	0.9752
Auzouville-sur-Ry	Normandie	76116	49.4422	1.3109
Incheville	Normandie	76117	50.0124	1.4944
Sainte-Marguerite-sur-Mer	Normandie	76119	49.9093	0.9469
Le Grand-Quevilly	Normandie	76120	49.4008	1.0458
Mont-Saint-Aignan	Normandie	76130	49.4631	1.0936
Manéglise	Normandie	76133	49.5658	0.2557
Le Petit-Quevilly	Normandie	76140	49.4134	1.0615
Maromme	Normandie	76150	49.4792	1.0237
Darnétal	Normandie	76160	49.4453	1.1514
Grand-Camp	Normandie	76170	49.55	0.5833
Yvetot	Normandie	76190	49.6174	0.7581
Dieppe	Normandie	76200	49.9216	1.0777
Bolleville	Normandie	76210	49.5996	0.5649
Doudeauville	Normandie	76220	49.5724	1.705
Bois-Guillaume	Normandie	76230	49.4602	1.1222
Belbeuf	Normandie	76240	49.3877	1.1425
Déville-lès-Rouen	Normandie	76250	49.4694	1.0521
Baromesnil	Normandie	76260	49.983	1.4128
Massy	Normandie	76270	49.6898	1.4043
Beaurepaire	Normandie	76280	49.666	0.2211
Fontenay	Normandie	76290	49.5599	0.1839
Sotteville-lès-Rouen	Normandie	76300	49.4097	1.0901
Sainte-Adresse	Normandie	76310	49.5089	0.0845
Caudebec-lès-Elbeuf	Normandie	76320	49.2808	1.0219
Petiville	Normandie	76330	49.4608	0.5874
Rieux	Normandie	76340	49.9358	1.582
Oissel	Normandie	76350	49.3331	1.0941
Bouville	Normandie	76360	49.5619	0.8951
Dieppe	Normandie	76370	49.9216	1.0777
Montigny	Normandie	76380	49.4596	1.0017
Conteville	Normandie	76390	49.6944	1.6342
Fécamp	Normandie	76400	49.7579	0.3746
Freneuse	Normandie	76410	49.3167	1.0833
Bihorel	Normandie	76420	49.4547	1.1223
Gommerville	Normandie	76430	49.5561	0.3684
Sainte-Geneviève	Normandie	76440	49.65	1.4333
Saint-Martin-aux-Buneaux	Normandie	76450	49.8243	0.5563
Sainte-Colombe	Normandie	76460	49.7982	0.7638
Le Tréport	Normandie	76470	50.0598	1.3758
Anneville-Ambourville	Normandie	76480	49.461	0.8865
Saint-Arnoult	Normandie	76490	49.5268	0.6712
Elbeuf	Normandie	76500	49.2867	1.0029
Dampierre-Saint-Nicolas	Normandie	76510	49.8592	1.2011
Boos	Normandie	76520	49.3885	1.2035
Grand-Couronne	Normandie	76530	49.3556	1.0065
Saint-Martin-aux-Buneaux	Normandie	76540	49.8243	0.5563
Ambrumesnil	Normandie	76550	49.8578	0.9946
Amfreville-les-Champs	Normandie	76560	49.7	0.8167
Goupillières	Normandie	76570	49.5861	0.9836
Le Trait	Normandie	76580	49.4689	0.8163
Sainte-Foy	Normandie	76590	49.7952	1.1346
Le Havre	Normandie	76600	49.4935	0.1079
Le Havre	Normandie	76610	49.4935	0.1079
Le Havre	Normandie	76620	49.4935	0.1079
Petit-Caux	Normandie	76630	49.9569	1.2217
Cléville	Normandie	76640	49.621	0.6156
Petit-Couronne	Normandie	76650	49.3833	1.0167
Grandcourt	Normandie	76660	49.914	1.4919
Rosay	Normandie	76680	49.6951	1.2449
La Rue-Saint-Pierre	Normandie	76690	49.5642	1.2463
Gainneville	Normandie	76700	49.5184	0.2616
Anceaumeville	Normandie	76710	49.5715	1.0507
Auffay	Normandie	76720	49.7188	1.0991
Lamberville	Normandie	76730	49.7763	0.998
Saint-Pierre-le-Vieux	Normandie	76740	49.8525	0.8714
Buchy	Normandie	76750	49.5851	1.3585
Saussay	Normandie	76760	49.6347	0.9409
Houppeville	Normandie	76770	49.5126	1.0796
La Haye	Normandie	76780	49.4667	1.4333
Les Loges	Normandie	76790	49.6986	0.284
Saint-Étienne-du-Rouvray	Normandie	76800	49.3779	1.1047
Greuville	Normandie	76810	49.8103	0.911
Hénouville	Normandie	76840	49.4789	0.9637
Beaumont-le-Hareng	Normandie	76850	49.6695	1.2224
Longueil	Normandie	76860	49.8833	0.9667
Beaussault	Normandie	76870	49.6852	1.5629
Martigny	Normandie	76880	49.8672	1.1507
Beautot	Normandie	76890	49.6428	1.037
Petit-Caux	Normandie	76910	49.9569	1.2217
Amfreville-la-Mi-Voie	Normandie	76920	49.4075	1.1387
Cauville-sur-Mer	Normandie	76930	49.6	0.1333
Arelaune-en-Seine	Normandie	76940	49.4822	0.7719
Les Grandes-Ventes	Normandie	76950	49.7854	1.2292
Notre-Dame-de-Bondeville	Normandie	76960	49.4833	1.05
Flamanville	Normandie	76970	49.63	0.8325
Veules-les-Roses	Normandie	76980	49.8728	0.8
Melun	Île-de-France	77000	48.5457	2.6536
Collégien	Île-de-France	77090	48.8357	2.6736
Meaux	Île-de-France	77100	48.9601	2.8788
Soignolles-en-Brie	Île-de-France	77111	48.6535	2.6997
Gouaix	Île-de-France	77114	48.4854	3.2934
Blandy	Île-de-France	77115	48.5672	2.7818
Balloy	Île-de-France	77118	48.3974	3.1468
Coulommiers	Île-de-France	77120	48.8145	3.085
Monthyon	Île-de-France	77122	49.0075	2.8261
Le Vaudoué	Île-de-France	77123	48.357	2.5184
Chauconin-Neufmontiers	Île-de-France	77124	48.9667	2.85
Châtenay-sur-Seine	Île-de-France	77126	48.4184	3.0947
Lieusaint	Île-de-France	77127	48.6348	2.5481
Montereau-Fault-Yonne	Île-de-France	77130	48.3833	2.95
Pézarches	Île-de-France	77131	48.7371	2.9922
Machault	Île-de-France	77133	48.4555	2.8314
Les Ormes-sur-Voulzie	Île-de-France	77134	48.4636	3.2296
Pontcarré	Île-de-France	77135	48.7977	2.7051
Luzancy	Île-de-France	77138	48.9725	3.1821
Marcilly	Île-de-France	77139	49.0365	2.878
Nemours	Île-de-France	77140	48.2751	2.6908
Vaudoy-en-Brie	Île-de-France	77141	48.6888	3.08
Chalifert	Île-de-France	77144	48.8899	2.7734
May-en-Multien	Île-de-France	77145	49.0723	3.0233
Salins	Île-de-France	77148	48.4216	3.0213
Lésigny	Île-de-France	77150	48.7437	2.6152
Montceaux-lès-Provins	Île-de-France	77151	48.6942	3.4394
Coutençon	Île-de-France	77154	48.4713	2.9959
Everly	Île-de-France	77157	48.4667	3.25
Provins	Île-de-France	77160	48.559	3.2994
Dammartin-sur-Tigeaux	Île-de-France	77163	48.8193	2.9191
Ferrières-en-Brie	Île-de-France	77164	48.8235	2.7066
Cuisy	Île-de-France	77165	49.0198	2.7731
Grisy-Suisnes	Île-de-France	77166	48.6854	2.6678
Poligny	Île-de-France	77167	48.2242	2.7445
Saint-Siméon	Île-de-France	77169	48.7986	3.2032
Brie-Comte-Robert	Île-de-France	77170	48.6925	2.6109
Léchelle	Île-de-France	77171	48.5781	3.388
Chevry-Cossigny	Île-de-France	77173	48.7246	2.6611
Villeneuve-Saint-Denis	Île-de-France	77174	48.8158	2.7935
Savigny-le-Temple	Île-de-France	77176	48.5741	2.5829
Brou-sur-Chantereine	Île-de-France	77177	48.8833	2.6333
Oissery	Île-de-France	77178	49.0705	2.8182
Le Pin	Île-de-France	77181	48.9152	2.6284
Croissy-Beaubourg	Île-de-France	77183	48.8283	2.6696
Émerainville	Île-de-France	77184	48.8128	2.6214
Lognes	Île-de-France	77185	48.8354	2.63
Noisiel	Île-de-France	77186	48.8487	2.6243
Dammarie-les-Lys	Île-de-France	77190	48.5167	2.65
Torcy	Île-de-France	77200	48.8506	2.6508
Avon	Île-de-France	77210	48.4022	2.7202
Tournan-en-Brie	Île-de-France	77220	48.7415	2.772
Dammartin-en-Goële	Île-de-France	77230	49.0542	2.6778
Cesson	Île-de-France	77240	48.562	2.6082
Moret-sur-Loing	Île-de-France	77250	48.3724	2.8171
La Ferté-sous-Jouarre	Île-de-France	77260	48.9514	3.1272
Villeparisis	Île-de-France	77270	48.9421	2.6146
Othis	Île-de-France	77280	49.0739	2.675
Mitry-Mory	Île-de-France	77290	48.9833	2.6167
Fontainebleau	Île-de-France	77300	48.4091	2.7018
Pringy	Île-de-France	77310	48.5182	2.5633
Saint-Barthélemy	Île-de-France	77320	48.817	3.3616
Ozoir-la-Ferrière	Île-de-France	77330	48.767	2.6687
Pontault-Combault	Île-de-France	77340	48.7981	2.6068
Boissettes	Île-de-France	77350	48.5195	2.6065
Vaires-sur-Marne	Île-de-France	77360	48.8765	2.6398
Fontenailles	Île-de-France	77370	48.5522	2.9523
Combs-la-Ville	Île-de-France	77380	48.665	2.5696
Beauvoir	Île-de-France	77390	48.6445	2.8636
Lagny-sur-Marne	Île-de-France	77400	48.8667	2.7167
Claye-Souilly	Île-de-France	77410	48.9449	2.6857
Champs-sur-Marne	Île-de-France	77420	48.85	2.6
Champagne-sur-Seine	Île-de-France	77430	48.3979	2.7978
Armentières-en-Brie	Île-de-France	77440	48.9777	3.0207
Condé-Sainte-Libiaire	Île-de-France	77450	48.897	2.839
Souppes-sur-Loing	Île-de-France	77460	48.183	2.7352
Saint-Fiacre	Île-de-France	77470	48.9233	2.9556
Baby	Île-de-France	77480	48.3972	3.3411
Chelles	Île-de-France	77500	48.8811	2.5929
Saint-Léger	Île-de-France	77510	48.839	3.2554
Saint-Augustin	Île-de-France	77515	48.7833	3.0302
Meigneux	Île-de-France	77520	48.5121	3.1045
Bernay-Vilbert	Île-de-France	77540	48.6766	2.9371
Moissy-Cramayel	Île-de-France	77550	48.6261	2.6012
Augers-en-Brie	Île-de-France	77560	48.6798	3.3563
Mondreville	Île-de-France	77570	48.1415	2.6087
Sancy	Île-de-France	77580	48.8865	2.9602
Bois-le-Roi	Île-de-France	77590	48.4735	2.7046
Bussy-Saint-Georges	Île-de-France	77600	48.841	2.7016
Châtres	Île-de-France	77610	48.7102	2.8097
Bransles	Île-de-France	77620	48.153	2.8319
Arbonne-la-Forêt	Île-de-France	77630	48.414	2.5668
Jouarre	Île-de-France	77640	48.9266	3.1317
Sainte-Colombe	Île-de-France	77650	48.5305	3.2552
Changis-sur-Marne	Île-de-France	77660	48.9582	3.0219
Saint-Mammès	Île-de-France	77670	48.3846	2.8158
Roissy-en-Brie	Île-de-France	77680	48.7916	2.6475
La Genevraye	Île-de-France	77690	48.3203	2.7455
Chessy	Île-de-France	77700	48.8833	2.7667
Chevry-en-Sereine	Île-de-France	77710	48.2539	2.9424
Mormant	Île-de-France	77720	48.609	2.8903
Citry	Île-de-France	77730	48.9682	3.2398
Bussières	Île-de-France	77750	48.9228	3.2345
Burcy	Île-de-France	77760	48.238	2.5228
Bourron-Marlotte	Île-de-France	77780	48.3405	2.7004
Thomery	Île-de-France	77810	48.4072	2.7885
Châtillon-la-Borde	Île-de-France	77820	48.5426	2.8089
Pamfou	Île-de-France	77830	48.4611	2.8702
Coulombs-en-Valois	Île-de-France	77840	49.0667	3.1333
Héricy	Île-de-France	77850	48.4485	2.7644
Couilly-Pont-aux-Dames	Île-de-France	77860	48.8847	2.8568
Vulaines-sur-Seine	Île-de-France	77870	48.4319	2.7648
Grez-sur-Loing	Île-de-France	77880	48.3175	2.6885
Arville	Île-de-France	77890	48.1883	2.5497
Chambry	Île-de-France	77910	48.9985	2.894
Samois-sur-Seine	Île-de-France	77920	48.4525	2.7504
Perthes	Île-de-France	77930	48.4782	2.5551
Flagy	Île-de-France	77940	48.3123	2.9221
Maincy	Île-de-France	77950	48.5498	2.7002
Bannost-Villegagnon	Île-de-France	77970	48.6783	3.1918
Le Mesnil-Amelot	Île-de-France	77990	49.0179	2.5942
Versailles	Île-de-France	78000	48.8036	2.1342
Saint-Germain-en-Laye	Île-de-France	78100	48.8964	2.0904
Le Vésinet	Île-de-France	78110	48.8928	2.1331
Dammartin-en-Serve	Île-de-France	78111	48.9032	1.6195
Fourqueux	Île-de-France	78112	48.8869	2.0637
Grandchamp	Île-de-France	78113	48.719	1.62
Magny-les-Hameaux	Île-de-France	78114	48.7435	2.0615
Châteaufort	Île-de-France	78117	48.7358	2.0905
Rambouillet	Île-de-France	78120	48.6437	1.8299
Crespières	Île-de-France	78121	48.8832	1.9215
Montainville	Île-de-France	78124	48.8825	1.8608
Gazeran	Île-de-France	78125	48.6326	1.7715
Aulnay-sur-Mauldre	Île-de-France	78126	48.9295	1.8411
Les Mureaux	Île-de-France	78130	48.9917	1.9097
Vélizy-Villacoublay	Île-de-France	78140	48.782	2.1939
Le Chesnay	Île-de-France	78150	48.8222	2.1221
Marly-le-Roi	Île-de-France	78160	48.8667	2.0833
La Celle-Saint-Cloud	Île-de-France	78170	48.8503	2.1452
Montigny-le-Bretonneux	Île-de-France	78180	48.7664	2.0341
Trappes	Île-de-France	78190	48.7741	2.0178
Mantes-la-Jolie	Île-de-France	78200	48.9905	1.7167
Saint-Cyr-l'École	Île-de-France	78210	48.7987	2.0681
Viroflay	Île-de-France	78220	48.8008	2.1618
Le Pecq	Île-de-France	78230	48.8932	2.1037
Chambourcy	Île-de-France	78240	48.9066	2.041
Gaillon-sur-Montcient	Île-de-France	78250	49.0333	1.9
Achères	Île-de-France	78260	48.9612	2.0688
Gommecourt	Île-de-France	78270	49.0833	1.6
Guyancourt	Île-de-France	78280	48.7733	2.0739
Croissy-sur-Seine	Île-de-France	78290	48.8792	2.1384
Poissy	Île-de-France	78300	48.929	2.0495
Maurepas	Île-de-France	78310	48.7649	1.9292
Le Mesnil-Saint-Denis	Île-de-France	78320	48.7449	1.9559
Fontenay-le-Fleury	Île-de-France	78330	48.8125	2.0486
Les Clayes-sous-Bois	Île-de-France	78340	48.8221	1.9868
Jouy-en-Josas	Île-de-France	78350	48.7591	2.1697
Montesson	Île-de-France	78360	48.9092	2.1375
Plaisir	Île-de-France	78370	48.8232	1.9541
Bougival	Île-de-France	78380	48.8622	2.1415
Bois-d'Arcy	Île-de-France	78390	48.7997	2.0232
Chatou	Île-de-France	78400	48.8898	2.1586
Aubergenville	Île-de-France	78410	48.96	1.8547
Carrières-sur-Seine	Île-de-France	78420	48.9069	2.1792
Louveciennes	Île-de-France	78430	48.8612	2.1146
Sailly	Île-de-France	78440	49.0412	1.8011
Chavenay	Île-de-France	78450	48.8544	1.9916
Chevreuse	Île-de-France	78460	48.7066	2.0333
Saint-Rémy-lès-Chevreuse	Île-de-France	78470	48.7071	2.0769
Verneuil-sur-Seine	Île-de-France	78480	48.9739	1.9648
Vicq	Île-de-France	78490	48.8148	1.8354
Sartrouville	Île-de-France	78500	48.9482	2.1917
Triel-sur-Seine	Île-de-France	78510	48.9782	2.0074
Follainville-Dennemont	Île-de-France	78520	49.0219	1.7133
Buc	Île-de-France	78530	48.7763	2.1258
Vernouillet	Île-de-France	78540	48.9715	1.9808
Dannemarie	Île-de-France	78550	48.7614	1.6084
Le Port-Marly	Île-de-France	78560	48.8902	2.1114
Andrésy	Île-de-France	78570	48.9823	2.0569
Bazemont	Île-de-France	78580	48.9273	1.8665
Noisy-le-Roi	Île-de-France	78590	48.8445	2.0634
Maisons-Laffitte	Île-de-France	78600	48.9526	2.1452
Le Perray-en-Yvelines	Île-de-France	78610	48.6944	1.8564
L'Étang-la-Ville	Île-de-France	78620	48.8695	2.0573
Orgeval	Île-de-France	78630	48.9216	1.9779
Neauphle-le-Château	Île-de-France	78640	48.8142	1.9057
Beynes	Île-de-France	78650	48.8563	1.8726
Allainville	Île-de-France	78660	48.4569	1.8958
Médan	Île-de-France	78670	48.9554	1.9949
Épône	Île-de-France	78680	48.9548	1.8223
Les Essarts-le-Roi	Île-de-France	78690	48.7167	1.9009
Conflans-Sainte-Honorine	Île-de-France	78700	49.0016	2.0969
Rosny-sur-Seine	Île-de-France	78710	48.9981	1.6313
Mantes-la-Ville	Île-de-France	78711	48.9737	1.7025
Cernay-la-Ville	Île-de-France	78720	48.6732	1.9742
Longvilliers	Île-de-France	78730	48.5788	1.9907
Vaux-sur-Seine	Île-de-France	78740	49.0127	1.9694
Mareil-Marly	Île-de-France	78750	48.8821	2.0735
Jouars-Pontchartrain	Île-de-France	78760	48.7889	1.899
Goupillières	Île-de-France	78770	48.8806	1.7656
Maurecourt	Île-de-France	78780	48.9961	2.0615
Saint-Martin-des-Champs	Île-de-France	78790	48.8817	1.7168
Houilles	Île-de-France	78800	48.9216	2.1926
Davron	Île-de-France	78810	48.8655	1.9471
Juziers	Île-de-France	78820	48.9914	1.8476
Bonnelles	Île-de-France	78830	48.6182	2.0292
Freneuse	Île-de-France	78840	49.0483	1.6017
Thiverval-Grignon	Île-de-France	78850	48.8496	1.9173
Saint-Nom-la-Bretêche	Île-de-France	78860	48.8594	2.0223
Bailly	Île-de-France	78870	48.8417	2.0767
Garancières	Île-de-France	78890	48.8227	1.7551
Osmoy	Île-de-France	78910	48.8634	1.7171
Ecquevilly	Île-de-France	78920	48.9519	1.9234
Guerville	Île-de-France	78930	48.9439	1.7343
La Queue-les-Yvelines	Île-de-France	78940	48.8	1.7667
Gambais	Île-de-France	78950	48.7735	1.672
Carrières-sous-Poissy	Île-de-France	78955	48.9495	2.0407
Voisins-le-Bretonneux	Île-de-France	78960	48.7579	2.0514
Mézières-sur-Seine	Île-de-France	78970	48.9613	1.7925
Longnes	Île-de-France	78980	48.92	1.587
Élancourt	Île-de-France	78990	48.7842	1.9552
Niort	Nouvelle-Aquitaine	79000	46.3231	-0.4588
Thouars	Nouvelle-Aquitaine	79100	46.9815	-0.2118
Aubigné	Nouvelle-Aquitaine	79110	46.0562	-0.1421
Chenay	Nouvelle-Aquitaine	79120	46.3253	-0.034
Allonne	Nouvelle-Aquitaine	79130	46.5823	-0.3826
Le Pin	Nouvelle-Aquitaine	79140	46.8628	-0.6551
Saint-Maurice	Nouvelle-Aquitaine	79150	47.0337	-0.5092
Fenioux	Nouvelle-Aquitaine	79160	46.5446	-0.494
Juillé	Nouvelle-Aquitaine	79170	46.1162	-0.2158
Chauray	Nouvelle-Aquitaine	79180	46.3607	-0.3775
La Chapelle	Nouvelle-Aquitaine	79190	46.1331	0.0372
Parthenay	Nouvelle-Aquitaine	79200	46.6483	-0.2467
Usseau	Nouvelle-Aquitaine	79210	46.1741	-0.5799
Cours	Nouvelle-Aquitaine	79220	46.4969	-0.4133
Prahecq	Nouvelle-Aquitaine	79230	46.2591	-0.3456
L'Absie	Nouvelle-Aquitaine	79240	46.6324	-0.5771
Nueil-les-Aubiers	Nouvelle-Aquitaine	79250	46.9333	-0.5833
Romans	Nouvelle-Aquitaine	79260	46.3587	-0.2277
Saint-Symphorien	Nouvelle-Aquitaine	79270	46.2644	-0.4922
Argenton-l'Église	Nouvelle-Aquitaine	79290	47.0448	-0.2622
Bressuire	Nouvelle-Aquitaine	79300	46.8416	-0.4904
Saint-Pardoux	Nouvelle-Aquitaine	79310	46.5714	-0.306
Chanteloup	Nouvelle-Aquitaine	79320	46.7664	-0.524
Sainte-Gemme	Nouvelle-Aquitaine	79330	46.9013	-0.2878
Saint-Germier	Nouvelle-Aquitaine	79340	46.4618	-0.0391
Clessé	Nouvelle-Aquitaine	79350	46.7158	-0.4059
Belleville	Nouvelle-Aquitaine	79360	46.1266	-0.4993
Saint-Médard	Nouvelle-Aquitaine	79370	46.2129	-0.2783
La Forêt-sur-Sèvre	Nouvelle-Aquitaine	79380	46.7698	-0.6494
Aubigny	Nouvelle-Aquitaine	79390	46.7411	-0.1192
Saint-Maixent-l'École	Nouvelle-Aquitaine	79400	46.4131	-0.2084
Saint-Rémy	Nouvelle-Aquitaine	79410	46.3706	-0.5273
Saint-Martin-du-Fouilloux	Nouvelle-Aquitaine	79420	46.59	-0.1204
La Chapelle-Saint-Laurent	Nouvelle-Aquitaine	79430	46.7461	-0.4767
Courlay	Nouvelle-Aquitaine	79440	46.7794	-0.5676
Fénery	Nouvelle-Aquitaine	79450	46.6879	-0.3626
Magné	Nouvelle-Aquitaine	79460	46.3153	-0.5468
Chail	Nouvelle-Aquitaine	79500	46.2091	-0.0922
Coulon	Nouvelle-Aquitaine	79510	46.324	-0.5849
Airvault	Nouvelle-Aquitaine	79600	46.827	-0.1379
La Petite-Boissière	Nouvelle-Aquitaine	79700	46.8841	-0.7423
Avon	Nouvelle-Aquitaine	79800	46.3828	-0.0063
Amiens	Hauts-de-France	80000	49.9	2.3
Amiens	Hauts-de-France	80080	49.9	2.3
Amiens	Hauts-de-France	80090	49.9	2.3
Abbeville	Hauts-de-France	80100	50.1052	1.8355
Aubercourt	Hauts-de-France	80110	49.827	2.5483
Pont-Noyelles	Hauts-de-France	80115	49.9407	2.4444
Le Quesnel	Hauts-de-France	80118	49.7764	2.6247
Favières	Hauts-de-France	80120	50.238	1.6638
Heudicourt	Hauts-de-France	80122	50.022	3.0806
Friville-Escarbotin	Hauts-de-France	80130	50.086	1.5456
Vauvillers	Hauts-de-France	80131	49.8492	2.7035
Bellancourt	Hauts-de-France	80132	50.0912	1.9075
Hangest-en-Santerre	Hauts-de-France	80134	49.7528	2.6065
Bussus-Bussuel	Hauts-de-France	80135	50.1109	1.9991
Rivery	Hauts-de-France	80136	49.9033	2.3224
Villeroy	Hauts-de-France	80140	49.9407	1.7247
Canchy	Hauts-de-France	80150	50.1869	1.876
Fleury	Hauts-de-France	80160	49.7409	2.1205
Chilly	Hauts-de-France	80170	49.7935	2.7658
Herly	Hauts-de-France	80190	49.757	2.8743
Péronne	Hauts-de-France	80200	49.9322	2.9363
Acheux-en-Vimeu	Hauts-de-France	80210	50.0652	1.6761
Bouillancourt-en-Séry	Hauts-de-France	80220	49.9614	1.6292
Boismont	Hauts-de-France	80230	50.1521	1.6853
Aizecourt-le-Bas	Hauts-de-France	80240	49.9805	3.033
Folleville	Hauts-de-France	80250	49.6761	2.3652
Saint-Gratien	Hauts-de-France	80260	49.9663	2.4094
Tailly	Hauts-de-France	80270	49.9297	1.9485
Lachapelle	Hauts-de-France	80290	49.7667	1.95
Albert	Hauts-de-France	80300	50.0009	2.651
Soues	Hauts-de-France	80310	49.9567	2.0535
Ablaincourt-Pressoir	Hauts-de-France	80320	49.8401	2.8224
Longueau	Hauts-de-France	80330	49.8723	2.3588
Morcourt	Hauts-de-France	80340	49.892	2.6507
Mers-les-Bains	Hauts-de-France	80350	50.0654	1.3881
Flers	Hauts-de-France	80360	50.0474	2.8205
Conteville	Hauts-de-France	80370	50.1786	2.0745
Fressenneville	Hauts-de-France	80390	50.0684	1.5782
Sancourt	Hauts-de-France	80400	49.7736	3.0383
Cayeux-sur-Mer	Hauts-de-France	80410	50.182	1.494
Flixecourt	Hauts-de-France	80420	50.0147	2.0809
Beaucamps-le-Jeune	Hauts-de-France	80430	49.8162	1.7728
Dommartin	Hauts-de-France	80440	49.8004	2.3908
Camon	Hauts-de-France	80450	49.8876	2.3449
Ault	Hauts-de-France	80460	50.104	1.45
Saint-Sauveur	Hauts-de-France	80470	49.9379	2.2116
Dury	Hauts-de-France	80480	49.8473	2.2707
Bailleul	Hauts-de-France	80490	50.0288	1.849
Faverolles	Hauts-de-France	80500	49.6499	2.623
Cocquerel	Hauts-de-France	80510	50.044	1.9487
Méneslies	Hauts-de-France	80520	50.0581	1.4993
Bougainville	Hauts-de-France	80540	49.8707	2.0431
Le Crotoy	Hauts-de-France	80550	50.216	1.625
Varennes	Hauts-de-France	80560	50.05	2.5339
Dargnies	Hauts-de-France	80570	50.0414	1.5253
Bray-lès-Mareuil	Hauts-de-France	80580	50.0537	1.8531
Barly	Hauts-de-France	80600	50.2003	2.2724
Saint-Ouen	Hauts-de-France	80610	50.0382	2.1209
Berneuil	Hauts-de-France	80620	50.0942	2.1724
Beauval	Hauts-de-France	80630	50.1079	2.3327
Aumont	Hauts-de-France	80640	49.8843	1.9274
Vignacourt	Hauts-de-France	80650	50.0124	2.1974
Bonneville	Hauts-de-France	80670	50.0822	2.2493
Hébécourt	Hauts-de-France	80680	49.8131	2.2609
Francières	Hauts-de-France	80690	50.0723	1.9432
Saint-Mard	Hauts-de-France	80700	49.6935	2.7631
Quevauvillers	Hauts-de-France	80710	49.8238	2.0843
Ronssoy	Hauts-de-France	80740	49.9829	3.1599
Candas	Hauts-de-France	80750	50.1072	2.2594
Beauchamps	Hauts-de-France	80770	50.012	1.5176
Saint-Léger-lès-Domart	Hauts-de-France	80780	50.0521	2.1407
Aubigny	Hauts-de-France	80800	49.9018	2.4819
Arrest	Hauts-de-France	80820	50.1308	1.6153
L'Étoile	Hauts-de-France	80830	50.0232	2.0349
Berteaucourt-les-Dames	Hauts-de-France	80850	50.047	2.1575
Nouvion	Hauts-de-France	80860	50.2	1.7833
Moyenneville	Hauts-de-France	80870	50.0708	1.7502
Saint-Quentin-la-Motte-Croix-au-Bailly	Hauts-de-France	80880	50.0667	1.45
Condé-Folie	Hauts-de-France	80890	50.009	2.0122
Arvillers	Hauts-de-France	80910	49.7454	2.6464
Saint-Blimont	Hauts-de-France	80960	50.1205	1.5745
Sailly-Flibeaucourt	Hauts-de-France	80970	50.1842	1.7718
Dompierre-Becquincourt	Hauts-de-France	80980	49.9167	2.8
Albi	Occitanie	81000	43.9298	2.148
Lagarrigue	Occitanie	81090	43.577	2.2758
Castres	Occitanie	81100	43.6053	2.2409
Saint-Avit	Occitanie	81110	43.5163	2.1111
Roumégoux	Occitanie	81120	43.8002	2.2634
Cagnac-les-Mines	Occitanie	81130	43.9852	2.1413
Larroque	Occitanie	81140	44.0033	1.6897
Sainte-Croix	Occitanie	81150	43.9721	2.0679
Saint-Juéry	Occitanie	81160	43.9484	2.2091
Noailles	Occitanie	81170	44.0102	1.9841
Saint-Christophe	Occitanie	81190	44.1517	2.0485
Mazamet	Occitanie	81200	43.4928	2.3736
Saint-Germier	Occitanie	81210	43.6789	2.229
Prades	Occitanie	81220	43.6142	1.9744
Lacaune	Occitanie	81230	43.7089	2.6918
Sauveterre	Occitanie	81240	43.4741	2.5531
Saint-André	Occitanie	81250	43.9333	2.4609
Ferrières	Occitanie	81260	43.6559	2.4459
Labastide-Rouairoux	Occitanie	81270	43.4763	2.6393
Escoussens	Occitanie	81290	43.5005	2.2131
Graulhet	Occitanie	81300	43.7669	1.9894
Parisot	Occitanie	81310	43.8	1.8287
Barre	Occitanie	81320	43.7516	2.8258
Lacaze	Occitanie	81330	43.7379	2.5202
Assac	Occitanie	81340	43.9753	2.4394
Saint-Grégoire	Occitanie	81350	43.962	2.2614
Arifat	Occitanie	81360	43.7723	2.3299
Saint-Sulpice-la-Pointe	Occitanie	81370	43.775	1.6851
Lescure-d'Albigeois	Occitanie	81380	43.9533	2.1702
Briatexte	Occitanie	81390	43.7524	1.9088
Rosières	Occitanie	81400	44.0462	2.1848
Bellegarde	Occitanie	81430	43.9072	2.2726
Jonquières	Occitanie	81440	43.649	2.1262
Le Garric	Occitanie	81450	44.0097	2.1624
Mouzens	Occitanie	81470	43.5292	1.8869
Noailhac	Occitanie	81490	43.5744	2.3511
Lavaur	Occitanie	81500	43.6989	1.8121
Escroux	Occitanie	81530	43.7466	2.6359
Cahuzac	Occitanie	81540	43.4709	2.0778
Cuq	Occitanie	81570	43.6499	2.0955
Cambounet-sur-le-Sor	Occitanie	81580	43.5769	2.1124
Gaillac	Occitanie	81600	43.9016	1.8969
Montgaillard	Occitanie	81630	43.9089	1.5948
Salles	Occitanie	81640	44.0728	2.035
Bout-du-Pont-de-Larn	Occitanie	81660	43.5007	2.4042
Saint-Germain-des-Prés	Occitanie	81700	43.5615	2.0647
Navès	Occitanie	81710	43.5656	2.2233
Grazac	Occitanie	81800	43.8459	1.6537
Cambon	Occitanie	81990	43.9132	2.2128
Montauban	Occitanie	82000	44.0176	1.3542
Castelsarrasin	Occitanie	82100	44.0404	1.1067
Sauveterre	Occitanie	82110	44.2652	1.2715
Montgaillard	Occitanie	82120	43.9326	0.8763
Montastruc	Occitanie	82130	44.1014	1.2936
Cazals	Occitanie	82140	44.1221	1.7165
Belvèze	Occitanie	82150	44.3299	1.0908
Castanet	Occitanie	82160	44.2668	1.9503
Fabas	Occitanie	82170	43.8608	1.3503
Brassac	Occitanie	82190	44.2149	0.973
Moissac	Occitanie	82200	44.1045	1.0847
Caumont	Occitanie	82210	44.019	1.001
Molières	Occitanie	82220	44.1933	1.3636
Génébrières	Occitanie	82230	43.9967	1.5011
Saint-Georges	Occitanie	82240	44.2223	1.6435
Laguépie	Occitanie	82250	44.1443	1.9713
Montalzat	Occitanie	82270	44.2079	1.5001
Albefeuille-Lagarde	Occitanie	82290	44.0479	1.2619
Caussade	Occitanie	82300	44.1613	1.5369
Verfeil	Occitanie	82330	44.1867	1.8762
Le Pin	Occitanie	82340	44.0354	0.9682
Albias	Occitanie	82350	44.0898	1.449
Lamagistère	Occitanie	82360	44.125	0.8235
Varennes	Occitanie	82370	43.9012	1.4968
Durfort-Lacapelette	Occitanie	82390	44.1833	1.1333
Valence	Occitanie	82400	44.1082	0.891
Saint-Etienne-de-Tulmont	Occitanie	82410	44.05	1.4667
Mirabel	Occitanie	82440	44.1442	1.4198
Auterive	Occitanie	82500	43.8603	0.967
Beaupuy	Occitanie	82600	43.8231	1.1187
Bourret	Occitanie	82700	43.9439	1.1677
Bressols	Occitanie	82710	43.9681	1.3375
Bioule	Occitanie	82800	44.0895	1.5386
Toulon	Provence-Alpes-Côte d'Azur	83000	43.1244	5.9284
Toulon	Provence-Alpes-Côte d'Azur	83100	43.1244	5.9284
Sanary-sur-Mer	Provence-Alpes-Côte d'Azur	83110	43.1198	5.8016
Ampus	Provence-Alpes-Côte d'Azur	83111	43.6071	6.3818
Brue-Auriac	Provence-Alpes-Côte d'Azur	83119	43.5291	5.9426
Le Plan-de-la-Tour	Provence-Alpes-Côte d'Azur	83120	43.3333	6.55
La Garde	Provence-Alpes-Côte d'Azur	83130	43.1247	6.0103
Montferrat	Provence-Alpes-Côte d'Azur	83131	43.612	6.4809
Forcalqueiret	Provence-Alpes-Côte d'Azur	83136	43.3362	6.0835
Six-Fours-les-Plages	Provence-Alpes-Côte d'Azur	83140	43.0917	5.8247
Le Val	Provence-Alpes-Côte d'Azur	83143	43.4393	6.0734
Bras	Provence-Alpes-Côte d'Azur	83149	43.4716	5.9549
Bandol	Provence-Alpes-Côte d'Azur	83150	43.1425	5.7472
La Valette-du-Var	Provence-Alpes-Côte d'Azur	83160	43.1376	5.9832
Brignoles	Provence-Alpes-Côte d'Azur	83170	43.4058	6.0617
Ollioules	Provence-Alpes-Côte d'Azur	83190	43.1399	5.8477
Toulon	Provence-Alpes-Côte d'Azur	83200	43.1244	5.9284
Belgentier	Provence-Alpes-Côte d'Azur	83210	43.2454	5.9993
Le Pradet	Provence-Alpes-Côte d'Azur	83220	43.1054	6.0235
Bormes-les-Mimosas	Provence-Alpes-Côte d'Azur	83230	43.1517	6.3422
Cavalaire-sur-Mer	Provence-Alpes-Côte d'Azur	83240	43.1726	6.5296
La Londe-les-Maures	Provence-Alpes-Côte d'Azur	83250	43.1384	6.2336
La Crau	Provence-Alpes-Côte d'Azur	83260	43.1496	6.074
Saint-Cyr-sur-Mer	Provence-Alpes-Côte d'Azur	83270	43.1805	5.7012
Draguignan	Provence-Alpes-Côte d'Azur	83300	43.5369	6.4646
Cogolin	Provence-Alpes-Côte d'Azur	83310	43.2529	6.5298
Carqueiranne	Provence-Alpes-Côte d'Azur	83320	43.095	6.0735
Le Castellet	Provence-Alpes-Côte d'Azur	83330	43.2029	5.7766
Cabasse	Provence-Alpes-Côte d'Azur	83340	43.4265	6.2192
Ramatuelle	Provence-Alpes-Côte d'Azur	83350	43.216	6.6116
Fréjus	Provence-Alpes-Côte d'Azur	83370	43.4332	6.7355
Roquebrune-sur-Argens	Provence-Alpes-Côte d'Azur	83380	43.4431	6.6377
Cuers	Provence-Alpes-Côte d'Azur	83390	43.2375	6.0718
Hyères	Provence-Alpes-Côte d'Azur	83400	43.1204	6.1286
La Croix-Valmer	Provence-Alpes-Côte d'Azur	83420	43.2076	6.568
Saint-Mandrier-sur-Mer	Provence-Alpes-Côte d'Azur	83430	43.078	5.929
Mons	Provence-Alpes-Côte d'Azur	83440	43.6912	6.714
Les Arcs	Provence-Alpes-Côte d'Azur	83460	43.4633	6.4788
Ollières	Provence-Alpes-Côte d'Azur	83470	43.4832	5.8298
Puget-sur-Argens	Provence-Alpes-Côte d'Azur	83480	43.4558	6.6852
Le Muy	Provence-Alpes-Côte d'Azur	83490	43.4728	6.5664
La Seyne-sur-Mer	Provence-Alpes-Côte d'Azur	83500	43.1032	5.8782
Lorgues	Provence-Alpes-Côte d'Azur	83510	43.4932	6.3615
Roquebrune-sur-Argens	Provence-Alpes-Côte d'Azur	83520	43.4431	6.6377
Saint-Raphaël	Provence-Alpes-Côte d'Azur	83530	43.4233	6.7735
Vidauban	Provence-Alpes-Côte d'Azur	83550	43.4272	6.4319
Saint-Julien	Provence-Alpes-Côte d'Azur	83560	43.691	5.9072
Carcès	Provence-Alpes-Côte d'Azur	83570	43.4758	6.1826
Gassin	Provence-Alpes-Côte d'Azur	83580	43.2288	6.5855
Gonfaron	Provence-Alpes-Côte d'Azur	83590	43.3204	6.2893
Fréjus	Provence-Alpes-Côte d'Azur	83600	43.4332	6.7355
Collobrières	Provence-Alpes-Côte d'Azur	83610	43.2372	6.309
Aiguines	Provence-Alpes-Côte d'Azur	83630	43.776	6.2428
Plan-d'Aups-Sainte-Baume	Provence-Alpes-Côte d'Azur	83640	43.3333	5.7167
Carnoules	Provence-Alpes-Côte d'Azur	83660	43.3019	6.1873
Barjols	Provence-Alpes-Côte d'Azur	83670	43.558	6.0075
La Garde-Freinet	Provence-Alpes-Côte d'Azur	83680	43.3171	6.4695
Salernes	Provence-Alpes-Côte d'Azur	83690	43.5635	6.2339
Saint-Raphaël	Provence-Alpes-Côte d'Azur	83700	43.4233	6.7735
Trans-en-Provence	Provence-Alpes-Côte d'Azur	83720	43.5033	6.4864
La Cadière-d'Azur	Provence-Alpes-Côte d'Azur	83740	43.1952	5.7541
Flayosc	Provence-Alpes-Côte d'Azur	83780	43.534	6.3966
Pignans	Provence-Alpes-Côte d'Azur	83790	43.3007	6.2265
Rayol-Canadel-sur-Mer	Provence-Alpes-Côte d'Azur	83820	43.1667	6.4667
Bargemon	Provence-Alpes-Côte d'Azur	83830	43.619	6.5496
Châteauvieux	Provence-Alpes-Côte d'Azur	83840	43.7776	6.5785
Nans-les-Pins	Provence-Alpes-Côte d'Azur	83860	43.3707	5.7819
Signes	Provence-Alpes-Côte d'Azur	83870	43.2908	5.8628
Besse-sur-Issole	Provence-Alpes-Côte d'Azur	83890	43.3489	6.1766
Pourrières	Provence-Alpes-Côte d'Azur	83910	43.5061	5.7345
La Motte	Provence-Alpes-Côte d'Azur	83920	43.494	6.5352
Le Lavandou	Provence-Alpes-Côte d'Azur	83980	43.137	6.366
Saint-Tropez	Provence-Alpes-Côte d'Azur	83990	43.2676	6.6405
Avignon	Provence-Alpes-Côte d'Azur	84000	43.9483	4.8089
Orange	Provence-Alpes-Côte d'Azur	84100	44.1381	4.8103
Villedieu	Provence-Alpes-Côte d'Azur	84110	44.2843	5.035
Pertuis	Provence-Alpes-Côte d'Azur	84120	43.6942	5.5029
Le Pontet	Provence-Alpes-Côte d'Azur	84130	43.9612	4.8601
Avignon	Provence-Alpes-Côte d'Azur	84140	43.9483	4.8089
Jonquières	Provence-Alpes-Côte d'Azur	84150	44.116	4.8999
Cadenet	Provence-Alpes-Côte d'Azur	84160	43.735	5.3734
Monteux	Provence-Alpes-Côte d'Azur	84170	44.0362	4.9963
Beaumes-de-Venise	Provence-Alpes-Côte d'Azur	84190	44.1223	5.0307
Carpentras	Provence-Alpes-Côte d'Azur	84200	44.0551	5.0481
Saint-Didier	Provence-Alpes-Côte d'Azur	84210	44.0042	5.1105
Roussillon	Provence-Alpes-Côte d'Azur	84220	43.9024	5.2927
Châteauneuf-du-Pape	Provence-Alpes-Côte d'Azur	84230	44.0564	4.8324
Ansouis	Provence-Alpes-Côte d'Azur	84240	43.7377	5.4636
Le Thor	Provence-Alpes-Côte d'Azur	84250	43.9294	4.9954
Sarrians	Provence-Alpes-Côte d'Azur	84260	44.0831	4.9711
Vedène	Provence-Alpes-Côte d'Azur	84270	43.9774	4.9043
Cairanne	Provence-Alpes-Côte d'Azur	84290	44.2331	4.9327
Cavaillon	Provence-Alpes-Côte d'Azur	84300	43.8312	5.0359
Morières-lès-Avignon	Provence-Alpes-Côte d'Azur	84310	43.9403	4.9011
Entraigues-sur-la-Sorgue	Provence-Alpes-Côte d'Azur	84320	44.0032	4.9266
Caromb	Provence-Alpes-Côte d'Azur	84330	44.1111	5.1074
Beaumont-du-Ventoux	Provence-Alpes-Côte d'Azur	84340	44.1838	5.1655
Courthézon	Provence-Alpes-Côte d'Azur	84350	44.0876	4.8841
Lauris	Provence-Alpes-Côte d'Azur	84360	43.7472	5.3135
Bédarrides	Provence-Alpes-Côte d'Azur	84370	44.0402	4.8982
Mazan	Provence-Alpes-Côte d'Azur	84380	44.057	5.1268
Saint-Christol	Provence-Alpes-Côte d'Azur	84390	44.0289	5.4922
Apt	Provence-Alpes-Côte d'Azur	84400	43.8764	5.3963
Bédoin	Provence-Alpes-Côte d'Azur	84410	44.1243	5.1804
Piolenc	Provence-Alpes-Côte d'Azur	84420	44.1776	4.7616
Mondragon	Provence-Alpes-Côte d'Azur	84430	44.2383	4.7129
Robion	Provence-Alpes-Côte d'Azur	84440	43.847	5.1102
Jonquerettes	Provence-Alpes-Côte d'Azur	84450	43.9465	4.9329
Cheval-Blanc	Provence-Alpes-Côte d'Azur	84460	43.8019	5.0623
Châteauneuf-de-Gadagne	Provence-Alpes-Côte d'Azur	84470	43.9268	4.9445
Lacoste	Provence-Alpes-Côte d'Azur	84480	43.8323	5.2732
Saint-Saturnin-lès-Apt	Provence-Alpes-Côte d'Azur	84490	43.9333	5.3833
Bollène	Provence-Alpes-Côte d'Azur	84500	44.2812	4.7489
Caumont-sur-Durance	Provence-Alpes-Côte d'Azur	84510	43.8936	4.9475
Villelaure	Provence-Alpes-Côte d'Azur	84530	43.7107	5.4342
Mornas	Provence-Alpes-Côte d'Azur	84550	44.2024	4.7276
Ménerbes	Provence-Alpes-Côte d'Azur	84560	43.8324	5.206
Blauvac	Provence-Alpes-Côte d'Azur	84570	44.0316	5.1974
Oppède le Vieux	Provence-Alpes-Côte d'Azur	84580	43.8284	5.1613
Valréas	Provence-Alpes-Côte d'Azur	84600	44.3849	4.9912
Maubec	Provence-Alpes-Côte d'Azur	84660	43.8438	5.1392
Sorgues	Provence-Alpes-Côte d'Azur	84700	44.0102	4.8738
Velleron	Provence-Alpes-Côte d'Azur	84740	43.9574	5.0294
Caseneuve	Provence-Alpes-Côte d'Azur	84750	43.8869	5.484
Saint-Martin-de-la-Brasque	Provence-Alpes-Côte d'Azur	84760	43.7698	5.5368
L'Isle-sur-la-Sorgue	Provence-Alpes-Côte d'Azur	84800	43.9197	5.0514
Aubignan	Provence-Alpes-Côte d'Azur	84810	44.0997	5.0253
Visan	Provence-Alpes-Côte d'Azur	84820	44.3147	4.9503
Sérignan-du-Comtat	Provence-Alpes-Côte d'Azur	84830	44.1891	4.8438
Lamotte-du-Rhône	Provence-Alpes-Côte d'Azur	84840	44.2652	4.68
Camaret-sur-Aigues	Provence-Alpes-Côte d'Azur	84850	44.1638	4.8731
Caderousse	Provence-Alpes-Côte d'Azur	84860	44.1033	4.7567
Loriol-du-Comtat	Provence-Alpes-Côte d'Azur	84870	44.0765	5.0006
La Roche-sur-Yon	Pays de la Loire	85000	46.6697	-1.4276
Les Sables-d'Olonne	Pays de la Loire	85100	46.4969	-1.7847
Chantonnay	Pays de la Loire	85110	46.6872	-1.0511
Antigny	Pays de la Loire	85120	46.6199	-0.7692
La Gaubretière	Pays de la Loire	85130	46.9428	-1.0648
Les Essarts	Pays de la Loire	85140	46.774	-1.2295
Sainte-Foy	Pays de la Loire	85150	46.5455	-1.6753
Saint-Jean-de-Monts	Pays de la Loire	85160	46.7931	-2.0608
Saligny	Pays de la Loire	85170	46.8085	-1.4261
Les Sables-d'Olonne	Pays de la Loire	85180	46.4969	-1.7847
Aizenay	Pays de la Loire	85190	46.7405	-1.6091
Montreuil	Pays de la Loire	85200	46.4081	-0.8376
La Chapelle-Thémer	Pays de la Loire	85210	46.5582	-0.9561
Apremont	Pays de la Loire	85220	46.7501	-1.7408
Saint-Gervais	Pays de la Loire	85230	46.9026	-1.9991
Faymoreau	Pays de la Loire	85240	46.538	-0.6279
Chavagnes-en-Paillers	Pays de la Loire	85250	46.8925	-1.2519
L'Herbergement	Pays de la Loire	85260	46.9089	-1.3765
Notre-Dame-de-Riez	Pays de la Loire	85270	46.7452	-1.9079
La Ferrière	Pays de la Loire	85280	46.7139	-1.3148
Mortagne-sur-Sèvre	Pays de la Loire	85290	46.9921	-0.9529
Challans	Pays de la Loire	85300	46.8458	-1.8794
Chaillé-sous-les-Ormeaux	Pays de la Loire	85310	46.5831	-1.3681
Rosnay	Pays de la Loire	85320	46.5397	-1.3075
Noirmoutier-en-l'Île	Pays de la Loire	85330	47.0046	-2.2415
Les Sables-d'Olonne	Pays de la Loire	85340	46.4969	-1.7847
L'Île-d'Yeu	Pays de la Loire	85350	46.7252	-2.3494
La Tranche-sur-Mer	Pays de la Loire	85360	46.343	-1.437
Nalliers	Pays de la Loire	85370	46.4706	-1.0295
Bazoges-en-Pareds	Pays de la Loire	85390	46.657	-0.9183
Luçon	Pays de la Loire	85400	46.4549	-1.1663
Cezais	Pays de la Loire	85410	46.5894	-0.8182
Saint-Pierre-le-Vieux	Pays de la Loire	85420	46.3868	-0.7496
Aubigny	Pays de la Loire	85430	46.5981	-1.4541
Avrillé	Pays de la Loire	85440	46.4692	-1.4927
Puyravault	Pays de la Loire	85450	46.3745	-1.0823
L'Aiguillon-sur-Mer	Pays de la Loire	85460	46.3332	-1.3045
Brem-sur-Mer	Pays de la Loire	85470	46.6047	-1.8314
Fougeré	Pays de la Loire	85480	46.6586	-1.2332
Benet	Pays de la Loire	85490	46.3678	-0.5976
Les Herbiers	Pays de la Loire	85500	46.871	-1.0156
Le Boupère	Pays de la Loire	85510	46.7957	-0.9264
Jard-sur-Mer	Pays de la Loire	85520	46.4164	-1.5768
La Bruffière	Pays de la Loire	85530	47.0138	-1.1979
Curzon	Pays de la Loire	85540	46.4479	-1.3086
La Barre-de-Monts	Pays de la Loire	85550	46.8842	-2.1186
Le Bernard	Pays de la Loire	85560	46.4384	-1.4707
Pouillé	Pays de la Loire	85570	46.5072	-0.9496
Grues	Pays de la Loire	85580	46.3986	-1.3045
Les Epesses	Pays de la Loire	85590	46.8829	-0.9001
Montaigu	Pays de la Loire	85600	46.9746	-1.3107
Cugand	Pays de la Loire	85610	47.0635	-1.2546
Rocheservière	Pays de la Loire	85620	46.9385	-1.5098
Barbâtre	Pays de la Loire	85630	46.9436	-2.1798
Mouchamps	Pays de la Loire	85640	46.7808	-1.0628
Saint-Philbert-de-Bouaine	Pays de la Loire	85660	46.9875	-1.5196
Saint-Étienne-du-Bois	Pays de la Loire	85670	46.8306	-1.5954
La Guérinière	Pays de la Loire	85680	46.9667	-2.2333
Notre-Dame-de-Monts	Pays de la Loire	85690	46.831	-2.131
Pouzauges	Pays de la Loire	85700	46.7824	-0.8379
Châteauneuf	Pays de la Loire	85710	46.9176	-1.9122
L'Épine	Pays de la Loire	85740	46.9777	-2.27
Angles	Pays de la Loire	85750	46.4082	-1.4036
Vix	Pays de la Loire	85770	46.3643	-0.8596
Saint-Gilles-Croix-de-Vie	Pays de la Loire	85800	46.6997	-1.9465
Poitiers	Nouvelle-Aquitaine	86000	46.5826	0.3435
Saint-Sauveur	Nouvelle-Aquitaine	86100	46.8083	0.6234
Varennes	Nouvelle-Aquitaine	86110	46.7587	0.1993
Ternay	Nouvelle-Aquitaine	86120	47.0356	-0.0514
Jaunay-Clan	Nouvelle-Aquitaine	86130	46.685	0.3718
Cernay	Nouvelle-Aquitaine	86140	46.8336	0.3039
L'Isle-Jourdain	Nouvelle-Aquitaine	86150	46.2323	0.686
Brion	Nouvelle-Aquitaine	86160	46.3551	0.4613
Avanton	Nouvelle-Aquitaine	86170	46.6629	0.3033
Buxerolles	Nouvelle-Aquitaine	86180	46.6167	0.4833
Maillé	Nouvelle-Aquitaine	86190	46.6785	0.0914
Loudun	Nouvelle-Aquitaine	86200	47.0079	0.083
Archigny	Nouvelle-Aquitaine	86210	46.6732	0.6522
Ingrandes	Nouvelle-Aquitaine	86220	46.8762	0.5666
Saint-Christophe	Nouvelle-Aquitaine	86230	46.9207	0.372
Croutelle	Nouvelle-Aquitaine	86240	46.5404	0.2905
Saint-Romain	Nouvelle-Aquitaine	86250	46.2218	0.3655
Angles-sur-l'Anglin	Nouvelle-Aquitaine	86260	46.6955	0.8843
Lésigny	Nouvelle-Aquitaine	86270	46.8492	0.766
Saint-Benoît	Nouvelle-Aquitaine	86280	46.5502	0.3418
Coulonges	Nouvelle-Aquitaine	86290	46.4023	1.1543
Bonnes	Nouvelle-Aquitaine	86300	46.6045	0.5954
Saint-Germain	Nouvelle-Aquitaine	86310	46.5637	0.8735
Mazerolles	Nouvelle-Aquitaine	86320	46.4052	0.6838
Saint-Clair	Nouvelle-Aquitaine	86330	46.8813	0.0632
Vernon	Nouvelle-Aquitaine	86340	46.4403	0.4764
Château-Garnier	Nouvelle-Aquitaine	86350	46.2587	0.4253
Chasseneuil-du-Poitou	Nouvelle-Aquitaine	86360	46.6513	0.3723
Marçay	Nouvelle-Aquitaine	86370	46.4628	0.2271
Chabournay	Nouvelle-Aquitaine	86380	46.717	0.2578
Bourg-Archambault	Nouvelle-Aquitaine	86390	46.3823	1.0053
Champniers	Nouvelle-Aquitaine	86400	46.2174	0.3365
Verrières	Nouvelle-Aquitaine	86410	46.4126	0.5917
Berthegon	Nouvelle-Aquitaine	86420	46.8979	0.2645
Adriers	Nouvelle-Aquitaine	86430	46.2572	0.7992
Migné	Nouvelle-Aquitaine	86440	46.6276	0.3148
Chenevelles	Nouvelle-Aquitaine	86450	46.7282	0.6535
Availles-Limouzine	Nouvelle-Aquitaine	86460	46.1211	0.6553
Benassay	Nouvelle-Aquitaine	86470	46.559	0.0475
Rouillé	Nouvelle-Aquitaine	86480	46.4204	0.0403
Beaumont	Nouvelle-Aquitaine	86490	46.737	0.4297
Montmorillon	Nouvelle-Aquitaine	86500	46.4265	0.8696
Brux	Nouvelle-Aquitaine	86510	46.2359	0.1931
Availles-en-Châtellerault	Nouvelle-Aquitaine	86530	46.75	0.5667
Thuré	Nouvelle-Aquitaine	86540	46.8317	0.4594
Mignaloux-Beauvoir	Nouvelle-Aquitaine	86550	46.5431	0.4145
Biard	Nouvelle-Aquitaine	86580	46.5773	0.3055
Coulombiers	Nouvelle-Aquitaine	86600	46.4861	0.1873
Châtillon	Nouvelle-Aquitaine	86700	46.322	0.1987
Pouillé	Nouvelle-Aquitaine	86800	46.5369	0.5769
Limoges	Nouvelle-Aquitaine	87000	45.8336	1.2476
Limoges	Nouvelle-Aquitaine	87100	45.8336	1.2476
Bosmie-l'Aiguille	Nouvelle-Aquitaine	87110	45.75	1.2
Augne	Nouvelle-Aquitaine	87120	45.7839	1.7046
Châteauneuf-la-Forêt	Nouvelle-Aquitaine	87130	45.713	1.6051
Chamboret	Nouvelle-Aquitaine	87140	46.0055	1.1377
Cussac	Nouvelle-Aquitaine	87150	45.7068	0.8497
Arnac-la-Poste	Nouvelle-Aquitaine	87160	46.2661	1.3734
Isle	Nouvelle-Aquitaine	87170	45.8046	1.2262
Dompierre-les-Églises	Nouvelle-Aquitaine	87190	46.2256	1.253
Saint-Junien	Nouvelle-Aquitaine	87200	45.8875	0.9016
Dinsac	Nouvelle-Aquitaine	87210	46.2308	1.1173
Feytiat	Nouvelle-Aquitaine	87220	45.81	1.3311
Bussière-Galant	Nouvelle-Aquitaine	87230	45.6269	1.0364
Saint-Sylvestre	Nouvelle-Aquitaine	87240	45.9959	1.3767
Saint-Pardoux	Nouvelle-Aquitaine	87250	46.0581	1.2805
Saint-Paul	Nouvelle-Aquitaine	87260	45.7505	1.432
Bonnac-la-Côte	Nouvelle-Aquitaine	87270	45.9415	1.2847
Limoges	Nouvelle-Aquitaine	87280	45.8336	1.2476
Balledent	Nouvelle-Aquitaine	87290	46.1109	1.209
Berneuil	Nouvelle-Aquitaine	87300	46.0689	1.1059
Saint-Cyr	Nouvelle-Aquitaine	87310	45.8001	0.9582
Bussière-Poitevine	Nouvelle-Aquitaine	87320	46.2354	0.9048
Bussière-Boffy	Nouvelle-Aquitaine	87330	46.0505	0.8544
La Jonchère-Saint-Maurice	Nouvelle-Aquitaine	87340	45.9993	1.4674
Panazol	Nouvelle-Aquitaine	87350	45.8387	1.3099
Azat-le-Ris	Nouvelle-Aquitaine	87360	46.3195	1.0588
Bersac-sur-Rivalier	Nouvelle-Aquitaine	87370	46.0809	1.4265
Château-Chervix	Nouvelle-Aquitaine	87380	45.6074	1.3537
Champnétery	Nouvelle-Aquitaine	87400	45.8326	1.572
Le Palais-sur-Vienne	Nouvelle-Aquitaine	87410	45.8639	1.3231
Saint-Victurnien	Nouvelle-Aquitaine	87420	45.8777	1.013
Verneuil-sur-Vienne	Nouvelle-Aquitaine	87430	45.8487	1.1269
La Chapelle-Montbrandeix	Nouvelle-Aquitaine	87440	45.6472	0.8479
Bujaleuf	Nouvelle-Aquitaine	87460	45.7967	1.6283
Peyrat-le-Château	Nouvelle-Aquitaine	87470	45.8138	1.7726
Saint-Priest-Taurion	Nouvelle-Aquitaine	87480	45.8866	1.3999
Coussac-Bonneval	Nouvelle-Aquitaine	87500	45.5112	1.3238
Nieul	Nouvelle-Aquitaine	87510	45.9267	1.1749
Cieux	Nouvelle-Aquitaine	87520	45.9918	1.0452
Rilhac-Rancon	Nouvelle-Aquitaine	87570	45.8981	1.3179
Saint-Just-le-Martel	Nouvelle-Aquitaine	87590	45.8625	1.3866
Vayres	Nouvelle-Aquitaine	87600	45.7592	0.8104
Séreilhac	Nouvelle-Aquitaine	87620	45.7693	1.0817
Razès	Nouvelle-Aquitaine	87640	46.0334	1.3442
Aixe-sur-Vienne	Nouvelle-Aquitaine	87700	45.7966	1.1358
Saillat-sur-Vienne	Nouvelle-Aquitaine	87720	45.872	0.8158
Burgnac	Nouvelle-Aquitaine	87800	45.7259	1.1511
Jouac	Nouvelle-Aquitaine	87890	46.3532	1.2609
Condat-sur-Vienne	Nouvelle-Aquitaine	87920	45.7934	1.2319
Épinal	Grand Est	88000	48.1832	6.453
Saint-Dié-des-Vosges	Grand Est	88100	48.2843	6.9492
Allarmont	Grand Est	88110	48.4819	7.0129
Vagney	Grand Est	88120	48.0063	6.7174
Charmes	Grand Est	88130	48.3722	6.2912
Contrexéville	Grand Est	88140	48.1842	5.8957
Thaon-les-Vosges	Grand Est	88150	48.25	6.4167
Le Thillot	Grand Est	88160	47.8794	6.7628
Saint-Paul	Grand Est	88170	48.3333	5.8833
Golbey	Grand Est	88190	48.1976	6.4397
Remiremont	Grand Est	88200	48.0175	6.5882
Belval	Grand Est	88210	48.4086	7.0519
Dounoux	Grand Est	88220	48.1047	6.4447
Ban-sur-Meurthe-Clefcy	Grand Est	88230	48.1667	6.9833
La Haye	Grand Est	88240	48.065	6.2234
La Bresse	Grand Est	88250	47.9997	6.865
Attigny	Grand Est	88260	48.0645	6.0361
Saint-Vallier	Grand Est	88270	48.2798	6.3164
Saulxures-sur-Moselotte	Grand Est	88290	47.9489	6.7704
Neufchâteau	Grand Est	88300	48.3556	5.696
Cornimont	Grand Est	88310	47.96	6.8304
Ainvelle	Grand Est	88320	47.9966	5.8284
Badménil-aux-Bois	Grand Est	88330	48.3024	6.5194
Girmont-Val-d'Ajol	Grand Est	88340	47.9542	6.5602
Fréville	Grand Est	88350	48.3253	5.6095
Ferdrupt	Grand Est	88360	47.9068	6.7094
Bellefontaine	Grand Est	88370	48.013	6.4435
Arches	Grand Est	88380	48.1186	6.5281
Les Forges	Grand Est	88390	48.1775	6.3885
Gérardmer	Grand Est	88400	48.0735	6.8779
Saint-Julien	Grand Est	88410	48.019	5.8951
Moyenmoutier	Grand Est	88420	48.3773	6.9005
Arrentès-de-Corcieux	Grand Est	88430	48.1436	6.8687
Frizon	Grand Est	88440	48.2833	6.3667
Bettegney-Saint-Brice	Grand Est	88450	48.2987	6.3067
Charmois-devant-Bruyères	Grand Est	88460	48.1679	6.5932
La Salle	Grand Est	88470	48.3221	6.8281
Saint-Remy	Grand Est	88480	48.35	6.8333
Colroy-la-Grande	Grand Est	88490	48.3166	7.1098
Mirecourt	Grand Est	88500	48.3009	6.1328
Éloyes	Grand Est	88510	48.0979	6.6065
Ban-de-Laveline	Grand Est	88520	48.245	7.0659
La Forge	Grand Est	88530	48.0651	6.7238
Bussang	Grand Est	88540	47.8845	6.8527
Jarménil	Grand Est	88550	48.1142	6.5715
Saint-Maurice-sur-Moselle	Grand Est	88560	47.8589	6.8248
Saulcy-sur-Meurthe	Grand Est	88580	48.2376	6.9644
Fontenay	Grand Est	88600	48.218	6.5892
Avranville	Grand Est	88630	48.4228	5.527
Aumontzey	Grand Est	88640	48.1667	6.7757
Saint-Léonard	Grand Est	88650	48.2164	6.9435
Sainte-Hélène	Grand Est	88700	48.2907	6.6563
Vittel	Grand Est	88800	48.2009	5.9484
Auxerre	Bourgogne-Franche-Comté	89000	47.7996	3.5703
Sens	Bourgogne-Franche-Comté	89100	48.1974	3.2833
Chassy	Bourgogne-Franche-Comté	89110	47.8499	3.3489
Neuilly	Bourgogne-Franche-Comté	89113	47.9164	3.4384
Cudot	Bourgogne-Franche-Comté	89116	47.9844	3.1795
Charny	Bourgogne-Franche-Comté	89120	47.8866	3.0958
Fontaines	Bourgogne-Franche-Comté	89130	47.6921	3.2592
Évry	Bourgogne-Franche-Comté	89140	48.2649	3.2579
Varennes	Bourgogne-Franche-Comté	89144	47.9064	3.7861
Fouchères	Bourgogne-Franche-Comté	89150	48.1681	3.14
Gigny	Bourgogne-Franche-Comté	89160	47.816	4.2939
Saint-Martin-des-Champs	Bourgogne-Franche-Comté	89170	47.6565	3.0343
Les Vallées de la Vanne	Bourgogne-Franche-Comté	89190	48.1678	3.4294
Avallon	Bourgogne-Franche-Comté	89200	47.49	3.9083
Mercy	Bourgogne-Franche-Comté	89210	48.0304	3.63
Saint-Privé	Bourgogne-Franche-Comté	89220	47.6833	3
Rouvray	Bourgogne-Franche-Comté	89230	47.8964	3.6676
Beauvoir	Bourgogne-Franche-Comté	89240	47.7957	3.3726
Beaumont	Bourgogne-Franche-Comté	89250	47.9194	3.5605
Voisines	Bourgogne-Franche-Comté	89260	48.2517	3.3956
Sacy	Bourgogne-Franche-Comté	89270	47.6668	3.8206
Auxerre	Bourgogne-Franche-Comté	89290	47.7996	3.5703
Joigny	Bourgogne-Franche-Comté	89300	47.9829	3.401
Fresnes	Bourgogne-Franche-Comté	89310	47.7611	3.9922
Cérilly	Bourgogne-Franche-Comté	89320	48.182	3.6226
Saint-Julien-du-Sault	Bourgogne-Franche-Comté	89330	48.0319	3.2956
Chaumont	Bourgogne-Franche-Comté	89340	48.3219	3.1058
Grandchamp	Bourgogne-Franche-Comté	89350	47.8069	3.1541
Bernouil	Bourgogne-Franche-Comté	89360	47.9	3.8953
Appoigny	Bourgogne-Franche-Comté	89380	47.8747	3.5252
Aisy-sur-Armançon	Bourgogne-Franche-Comté	89390	47.6676	4.2255
Brion	Bourgogne-Franche-Comté	89400	47.9961	3.4801
Béon	Bourgogne-Franche-Comté	89410	47.9573	3.3237
Sceaux	Bourgogne-Franche-Comté	89420	47.5294	4.021
Mélisey	Bourgogne-Franche-Comté	89430	47.9152	4.0784
Sainte-Colombe	Bourgogne-Franche-Comté	89440	47.5669	3.97
Saint-Père	Bourgogne-Franche-Comté	89450	47.4601	3.7655
Cravant	Bourgogne-Franche-Comté	89460	47.6832	3.6908
Monéteau	Bourgogne-Franche-Comté	89470	47.8492	3.5818
Festigny	Bourgogne-Franche-Comté	89480	47.5545	3.5384
Les Bordes	Bourgogne-Franche-Comté	89500	48.0979	3.3801
Passy	Bourgogne-Franche-Comté	89510	48.1106	3.3046
Fontenoy	Bourgogne-Franche-Comté	89520	47.6488	3.3069
Chitry	Bourgogne-Franche-Comté	89530	47.762	3.6993
Héry	Bourgogne-Franche-Comté	89550	47.9015	3.6287
Fontenailles	Bourgogne-Franche-Comté	89560	47.6312	3.4656
Lasson	Bourgogne-Franche-Comté	89570	48.0592	3.8165
Charentenay	Bourgogne-Franche-Comté	89580	47.6496	3.5453
Germigny	Bourgogne-Franche-Comté	89600	47.9951	3.7811
Bussières	Bourgogne-Franche-Comté	89630	47.4264	4.0621
Bois-d'Arcy	Bourgogne-Franche-Comté	89660	47.5468	3.7163
Chéroy	Bourgogne-Franche-Comté	89690	48.2008	3.0001
Viviers	Bourgogne-Franche-Comté	89700	47.8038	3.921
Champvallon	Bourgogne-Franche-Comté	89710	47.9356	3.3445
Gland	Bourgogne-Franche-Comté	89740	47.822	4.2182
Chailley	Bourgogne-Franche-Comté	89770	48.0829	3.7016
Aigremont	Bourgogne-Franche-Comté	89800	47.7188	3.8925
Belfort	Bourgogne-Franche-Comté	90000	47.6422	6.8539
Croix	Bourgogne-Franche-Comté	90100	47.446	6.9545
Leval	Bourgogne-Franche-Comté	90110	47.7286	6.9837
Morvillars	Bourgogne-Franche-Comté	90120	47.5485	6.9345
Bretagne	Bourgogne-Franche-Comté	90130	47.5953	6.9977
Charmois	Bourgogne-Franche-Comté	90140	47.5746	6.9376
Fontaine	Bourgogne-Franche-Comté	90150	47.6609	6.9997
Bessoncourt	Bourgogne-Franche-Comté	90160	47.6451	6.9321
Anjoutey	Bourgogne-Franche-Comté	90170	47.7009	6.9328
Auxelles-Bas	Bourgogne-Franche-Comté	90200	47.7342	6.7803
Cravanche	Bourgogne-Franche-Comté	90300	47.6535	6.832
Chaux	Bourgogne-Franche-Comté	90330	47.7153	6.8352
Fontenelle	Bourgogne-Franche-Comté	90340	47.6217	6.9566
Évette-Salbert	Bourgogne-Franche-Comté	90350	47.6833	6.8
Lachapelle-sous-Rougemont	Bourgogne-Franche-Comté	90360	47.7123	7.016
Réchésy	Bourgogne-Franche-Comté	90370	47.5085	7.1118
Roppe	Bourgogne-Franche-Comté	90380	47.6696	6.9191
Andelnans	Bourgogne-Franche-Comté	90400	47.6027	6.8662
Beaucourt	Bourgogne-Franche-Comté	90500	47.4888	6.9221
Grandvillars	Bourgogne-Franche-Comté	90600	47.5393	6.971
Châtenois-les-Forges	Bourgogne-Franche-Comté	90700	47.5587	6.8487
Buc	Bourgogne-Franche-Comté	90800	47.6149	6.786
Essert	Bourgogne-Franche-Comté	90850	47.6334	6.817
Évry	Île-de-France	91000	48.6328	2.4405
Bondoufle	Île-de-France	91070	48.6129	2.3777
Courcouronnes	Île-de-France	91080	48.6143	2.4076
Lisses	Île-de-France	91090	48.6022	2.4225
Corbeil-Essonnes	Île-de-France	91100	48.606	2.4876
Palaiseau	Île-de-France	91120	48.7183	2.2498
Ris-Orangis	Île-de-France	91130	48.6511	2.4141
Villebon-sur-Yvette	Île-de-France	91140	48.7059	2.2402
Étampes	Île-de-France	91150	48.4351	2.1623
Longjumeau	Île-de-France	91160	48.6931	2.2943
Viry-Châtillon	Île-de-France	91170	48.6721	2.3932
Saint-Germain-lès-Arpajon	Île-de-France	91180	48.5973	2.2648
Gif-sur-Yvette	Île-de-France	91190	48.6833	2.1333
Athis-Mons	Île-de-France	91200	48.7052	2.3915
Draveil	Île-de-France	91210	48.6847	2.4142
Brétigny-sur-Orge	Île-de-France	91220	48.6113	2.3059
Montgeron	Île-de-France	91230	48.7054	2.4504
Saint-Michel-sur-Orge	Île-de-France	91240	48.6348	2.3083
Morsang-sur-Seine	Île-de-France	91250	48.5705	2.4981
Juvisy-sur-Orge	Île-de-France	91260	48.6833	2.3833
Vigneux-sur-Seine	Île-de-France	91270	48.7029	2.4136
Saint-Pierre-du-Perray	Île-de-France	91280	48.6106	2.4943
Arpajon	Île-de-France	91290	48.5888	2.2467
Massy	Île-de-France	91300	48.7269	2.283
Montlhéry	Île-de-France	91310	48.64	2.2747
Wissous	Île-de-France	91320	48.7335	2.3234
Yerres	Île-de-France	91330	48.7179	2.4934
Ollainville	Île-de-France	91340	48.5908	2.2194
Grigny	Île-de-France	91350	48.6541	2.3934
Villemoisson-sur-Orge	Île-de-France	91360	48.6663	2.3366
Verrières-le-Buisson	Île-de-France	91370	48.7457	2.268
Chilly-Mazarin	Île-de-France	91380	48.7149	2.3164
Morsang-sur-Orge	Île-de-France	91390	48.6618	2.3534
Orsay	Île-de-France	91400	48.6957	2.1873
Dourdan	Île-de-France	91410	48.5277	2.0111
Morangis	Île-de-France	91420	48.7038	2.3391
Igny	Île-de-France	91430	48.7444	2.2243
Bures-sur-Yvette	Île-de-France	91440	48.6998	2.1706
Soisy-sur-Seine	Île-de-France	91450	48.6488	2.4522
Marcoussis	Île-de-France	91460	48.6403	2.2386
Angervilliers	Île-de-France	91470	48.5926	2.0654
Quincy-sous-Sénart	Île-de-France	91480	48.6729	2.5342
Courances	Île-de-France	91490	48.4407	2.4764
Janville-sur-Juine	Île-de-France	91510	48.5135	2.2706
Égly	Île-de-France	91520	48.5783	2.2242
Saint-Chéron	Île-de-France	91530	48.5543	2.124
Mennecy	Île-de-France	91540	48.569	2.4438
Paray-Vieille-Poste	Île-de-France	91550	48.714	2.3628
Crosne	Île-de-France	91560	48.7192	2.4573
Bièvres	Île-de-France	91570	48.7577	2.2188
Étréchy	Île-de-France	91580	48.4947	2.1949
Mondeville	Île-de-France	91590	48.4911	2.417
Savigny-sur-Orge	Île-de-France	91600	48.6768	2.3484
Ballancourt-sur-Essonne	Île-de-France	91610	48.5253	2.386
Nozay	Île-de-France	91620	48.6592	2.2415
Avrainville	Île-de-France	91630	48.5629	2.2455
Janvry	Île-de-France	91640	48.6483	2.1529
Breuillet	Île-de-France	91650	48.5706	2.1742
Méréville	Île-de-France	91660	48.3148	2.0861
Angerville	Île-de-France	91670	48.3135	1.9994
Bruyères-le-Châtel	Île-de-France	91680	48.5887	2.1899
Arrancourt	Île-de-France	91690	48.3421	2.1615
Sainte-Geneviève-des-Bois	Île-de-France	91700	48.6468	2.3197
Vert-le-Petit	Île-de-France	91710	48.5516	2.3653
Boigneville	Île-de-France	91720	48.3366	2.3745
Torfou	Île-de-France	91730	48.5306	2.2273
Chalou-Moulineux	Île-de-France	91740	48.3839	2.0217
Chevannes	Île-de-France	91750	48.5326	2.4439
Itteville	Île-de-France	91760	48.5154	2.3438
Saint-Vrain	Île-de-France	91770	48.543	2.3333
Saint-Hilaire	Île-de-France	91780	48.4336	2.078
Boissy-sous-Saint-Yon	Île-de-France	91790	48.5538	2.2121
Brunoy	Île-de-France	91800	48.6942	2.4922
Vert-le-Grand	Île-de-France	91810	48.5717	2.3578
Boutigny-sur-Essonne	Île-de-France	91820	48.4333	2.3833
Auvernaux	Île-de-France	91830	48.5282	2.4938
Soisy-sur-École	Île-de-France	91840	48.4764	2.493
Bouray-sur-Juine	Île-de-France	91850	48.5198	2.3
Épinay-sous-Sénart	Île-de-France	91860	48.6897	2.5119
Boissy-le-Sec	Île-de-France	91870	48.4786	2.09
Bouville	Île-de-France	91880	48.4316	2.2844
Videlles	Île-de-France	91890	48.465	2.4297
Saint-Sulpice-de-Favières	Île-de-France	91910	48.5414	2.1814
Monnerville	Île-de-France	91930	48.3471	2.0447
Gometz-le-Châtel	Île-de-France	91940	48.6784	2.1379
Nanterre	Île-de-France	92000	48.892	2.2067
Boulogne-Billancourt	Île-de-France	92100	48.8354	2.2413
Clichy	Île-de-France	92110	48.9002	2.3095
Montrouge	Île-de-France	92120	48.8162	2.3139
Issy-les-Moulineaux	Île-de-France	92130	48.821	2.2772
Clamart	Île-de-France	92140	48.803	2.2669
Suresnes	Île-de-France	92150	48.8714	2.2293
Antony	Île-de-France	92160	48.7533	2.2967
Vanves	Île-de-France	92170	48.8235	2.2903
Meudon	Île-de-France	92190	48.8138	2.235
Neuilly-sur-Seine	Île-de-France	92200	48.8846	2.2697
Saint-Cloud	Île-de-France	92210	48.846	2.2029
Bagneux	Île-de-France	92220	48.7956	2.308
Gennevilliers	Île-de-France	92230	48.9333	2.3
Malakoff	Île-de-France	92240	48.82	2.3
La Garenne-Colombes	Île-de-France	92250	48.9047	2.2469
Fontenay-aux-Roses	Île-de-France	92260	48.7933	2.2927
Bois-Colombes	Île-de-France	92270	48.9194	2.2748
Châtenay-Malabry	Île-de-France	92290	48.7651	2.2665
Levallois-Perret	Île-de-France	92300	48.8939	2.2886
Sèvres	Île-de-France	92310	48.8229	2.2176
Châtillon	Île-de-France	92320	48.8024	2.2935
Sceaux	Île-de-France	92330	48.7764	2.2903
Bourg-la-Reine	Île-de-France	92340	48.7789	2.3178
Le Plessis-Robinson	Île-de-France	92350	48.7889	2.2708
Meudon	Île-de-France	92360	48.8138	2.235
Chaville	Île-de-France	92370	48.8057	2.1886
Garches	Île-de-France	92380	48.8423	2.1823
Villeneuve-la-Garenne	Île-de-France	92390	48.9394	2.3148
Courbevoie	Île-de-France	92400	48.8967	2.2567
Ville-d'Avray	Île-de-France	92410	48.8236	2.1931
Vaucresson	Île-de-France	92420	48.8408	2.1565
Marnes-la-Coquette	Île-de-France	92430	48.8273	2.1715
Rueil-Malmaison	Île-de-France	92500	48.8765	2.1897
Asnières-sur-Seine	Île-de-France	92600	48.9167	2.2833
Colombes	Île-de-France	92700	48.9188	2.254
Puteaux	Île-de-France	92800	48.8834	2.2389
Bobigny	Île-de-France	93000	48.9098	2.4501
Montreuil	Île-de-France	93100	48.8642	2.4432
Rosny-sous-Bois	Île-de-France	93110	48.8702	2.4991
La Courneuve	Île-de-France	93120	48.928	2.3963
Noisy-le-Sec	Île-de-France	93130	48.8915	2.4645
Bondy	Île-de-France	93140	48.9018	2.4893
Le Blanc-Mesnil	Île-de-France	93150	48.9387	2.4614
Noisy-le-Grand	Île-de-France	93160	48.8498	2.5627
Bagnolet	Île-de-France	93170	48.8667	2.4167
Livry-Gargan	Île-de-France	93190	48.9193	2.5431
Saint-Denis	Île-de-France	93200	48.9356	2.3539
Saint-Denis	Île-de-France	93210	48.9356	2.3539
Gagny	Île-de-France	93220	48.8833	2.5333
Romainville	Île-de-France	93230	48.8854	2.4348
Stains	Île-de-France	93240	48.95	2.3833
Villemomble	Île-de-France	93250	48.8833	2.5
Les Lilas	Île-de-France	93260	48.8799	2.4206
Sevran	Île-de-France	93270	48.9447	2.5275
Tremblay-en-France	Île-de-France	93290	48.9496	2.5684
Aubervilliers	Île-de-France	93300	48.9167	2.3833
Le Pré-Saint-Gervais	Île-de-France	93310	48.8855	2.4042
Les Pavillons-sous-Bois	Île-de-France	93320	48.9068	2.5065
Neuilly-sur-Marne	Île-de-France	93330	48.8537	2.549
Le Raincy	Île-de-France	93340	48.8992	2.523
Le Bourget	Île-de-France	93350	48.9341	2.4358
Neuilly-Plaisance	Île-de-France	93360	48.8634	2.506
Montfermeil	Île-de-France	93370	48.8982	2.5791
Clichy-sous-Bois	Île-de-France	93390	48.9102	2.5532
Saint-Ouen	Île-de-France	93400	48.9065	2.3334
Vaujours	Île-de-France	93410	48.9302	2.5711
Villepinte	Île-de-France	93420	48.962	2.5325
Villetaneuse	Île-de-France	93430	48.9583	2.3417
Dugny	Île-de-France	93440	48.9537	2.4173
L'Île-Saint-Denis	Île-de-France	93450	48.9367	2.3394
Gournay-sur-Marne	Île-de-France	93460	48.8622	2.5845
Coubron	Île-de-France	93470	48.9167	2.5833
Pantin	Île-de-France	93500	48.8944	2.4093
Aulnay-sous-Bois	Île-de-France	93600	48.9381	2.494
Drancy	Île-de-France	93700	48.9258	2.4453
Épinay-sur-Seine	Île-de-France	93800	48.9535	2.3151
Créteil	Île-de-France	94000	48.7927	2.4657
Saint-Maur-des-Fossés	Île-de-France	94100	48.7939	2.4932
Arcueil	Île-de-France	94110	48.7999	2.3326
Fontenay-sous-Bois	Île-de-France	94120	48.8544	2.4827
Nogent-sur-Marne	Île-de-France	94130	48.8367	2.4825
Alfortville	Île-de-France	94140	48.8058	2.4204
Rungis	Île-de-France	94150	48.7461	2.3527
Saint-Mandé	Île-de-France	94160	48.8386	2.4158
Le Perreux-sur-Marne	Île-de-France	94170	48.85	2.5
Villeneuve-Saint-Georges	Île-de-France	94190	48.7322	2.4493
Ivry-sur-Seine	Île-de-France	94200	48.8157	2.3849
Saint-Maur-des-Fossés	Île-de-France	94210	48.7939	2.4932
Charenton-le-Pont	Île-de-France	94220	48.8221	2.4122
Cachan	Île-de-France	94230	48.7963	2.3366
L'Haÿ-les-Roses	Île-de-France	94240	48.7794	2.3373
Gentilly	Île-de-France	94250	48.8129	2.3417
Fresnes	Île-de-France	94260	48.7557	2.3224
Le Kremlin-Bicêtre	Île-de-France	94270	48.8147	2.3607
Villeneuve-le-Roi	Île-de-France	94290	48.7368	2.4008
Vincennes	Île-de-France	94300	48.8486	2.4377
Orly	Île-de-France	94310	48.7479	2.3925
Thiais	Île-de-France	94320	48.765	2.3961
Joinville-le-Pont	Île-de-France	94340	48.8254	2.4746
Villiers-sur-Marne	Île-de-France	94350	48.831	2.5484
Bry-sur-Marne	Île-de-France	94360	48.8381	2.5249
Sucy-en-Brie	Île-de-France	94370	48.7687	2.5347
Bonneuil-sur-Marne	Île-de-France	94380	48.7695	2.4793
Paray-Vieille-Poste	Île-de-France	94390	48.714	2.3628
Vitry-sur-Seine	Île-de-France	94400	48.7872	2.4033
Saint-Maurice	Île-de-France	94410	48.8218	2.4272
Le Plessis-Trévise	Île-de-France	94420	48.8107	2.5736
Chennevières-sur-Marne	Île-de-France	94430	48.797	2.5405
Marolles-en-Brie	Île-de-France	94440	48.7331	2.5513
Limeil-Brévannes	Île-de-France	94450	48.7448	2.487
Valenton	Île-de-France	94460	48.7453	2.4647
Boissy-Saint-Léger	Île-de-France	94470	48.7515	2.5116
Ablon-sur-Seine	Île-de-France	94480	48.7273	2.4269
Ormesson-sur-Marne	Île-de-France	94490	48.7863	2.5447
Champigny-sur-Marne	Île-de-France	94500	48.8164	2.4937
La Queue-en-Brie	Île-de-France	94510	48.7852	2.5811
Périgny	Île-de-France	94520	48.6966	2.5554
Chevilly-Larue	Île-de-France	94550	48.7648	2.3503
Choisy-le-Roi	Île-de-France	94600	48.7685	2.4187
Maisons-Alfort	Île-de-France	94700	48.8117	2.4394
Villejuif	Île-de-France	94800	48.7939	2.3599
Noiseau	Île-de-France	94880	48.7759	2.5489
Boisemont	Île-de-France	95000	49.0249	2.0058
Argenteuil	Île-de-France	95100	48.9479	2.2474
Sannois	Île-de-France	95110	48.9667	2.25
Ermont	Île-de-France	95120	48.99	2.258
Franconville	Île-de-France	95130	48.9833	2.2333
Garges-lès-Gonesse	Île-de-France	95140	48.9679	2.3978
Taverny	Île-de-France	95150	49.0254	2.2169
Montmorency	Île-de-France	95160	48.9883	2.3434
Deuil-la-Barre	Île-de-France	95170	48.9767	2.3272
Menucourt	Île-de-France	95180	49.0284	1.9805
Goussainville	Île-de-France	95190	49.0137	2.4659
Sarcelles	Île-de-France	95200	48.9974	2.3782
Saint-Gratien	Île-de-France	95210	48.9735	2.2873
Herblay	Île-de-France	95220	48.9899	2.1699
Soisy-sous-Montmorency	Île-de-France	95230	48.9881	2.3016
Soisy-sous-Montmorency	Île-de-France	95231	48.9881	2.3016
Soisy-sous-Montmorency	Île-de-France	95232	48.9881	2.3016
Soisy-sous-Montmorency	Île-de-France	95233	48.9881	2.3016
Soisy-sous-Montmorency	Île-de-France	95234	48.9881	2.3016
Soisy-sous-Montmorency	Île-de-France	95239	48.9881	2.3016
Cormeilles-en-Parisis	Île-de-France	95240	48.9711	2.2049
Beauchamp	Île-de-France	95250	49.0167	2.2
Beaumont-sur-Oise	Île-de-France	95260	49.1423	2.287
Bellefontaine	Île-de-France	95270	49.0978	2.4663
Jouy-le-Moutier	Île-de-France	95280	49.0107	2.0403
L'Isle-Adam	Île-de-France	95290	49.1074	2.2282
Ennery	Île-de-France	95300	49.0751	2.106
Saint-Ouen-l'Aumône	Île-de-France	95310	49.0435	2.1213
Saint-Leu-la-Forêt	Île-de-France	95320	49.0167	2.25
Domont	Île-de-France	95330	49.0278	2.3264
Bernes-sur-Oise	Île-de-France	95340	49.1613	2.3
Piscop	Île-de-France	95350	49.0122	2.3454
Montmagny	Île-de-France	95360	48.9734	2.3469
Montigny-lès-Cormeilles	Île-de-France	95370	48.982	2.2003
Chennevières-lès-Louvres	Île-de-France	95380	49.0446	2.5518
Saint-Prix	Île-de-France	95390	49.0167	2.2667
Arnouville	Île-de-France	95400	48.9833	2.4167
Groslay	Île-de-France	95410	48.9856	2.3474
Saint-Gervais	Île-de-France	95420	49.1706	1.7706
Auvers-sur-Oise	Île-de-France	95430	49.0716	2.1698
Écouen	Île-de-France	95440	49.0206	2.3831
Sagy	Île-de-France	95450	49.0499	1.9522
Ézanville	Île-de-France	95460	49.0279	2.3679
Fosses	Île-de-France	95470	49.0981	2.5096
Pierrelaye	Île-de-France	95480	49.0211	2.1548
Vauréal	Île-de-France	95490	49.0333	2.0333
Gonesse	Île-de-France	95500	48.9869	2.4489
Aincourt	Île-de-France	95510	49.0724	1.773
Osny	Île-de-France	95520	49.0701	2.0628
La Frette-sur-Seine	Île-de-France	95530	48.9806	2.1787
Méry-sur-Oise	Île-de-France	95540	49.0588	2.1911
Bessancourt	Île-de-France	95550	49.0376	2.2094
Baillet-en-France	Île-de-France	95560	49.0619	2.2988
Attainville	Île-de-France	95570	49.0578	2.345
Andilly	Île-de-France	95580	49.0093	2.3024
Presles	Île-de-France	95590	49.1131	2.289
Eaubonne	Île-de-France	95600	48.9971	2.2825
Éragny	Île-de-France	95610	49.0167	2.1
Parmain	Île-de-France	95620	49.1125	2.2149
Mériel	Île-de-France	95630	49.0761	2.2105
Moussy	Île-de-France	95640	49.1376	1.9089
Boissy-l'Aillerie	Île-de-France	95650	49.0786	2.0306
Champagne-sur-Oise	Île-de-France	95660	49.1405	2.2423
Marly-la-Ville	Île-de-France	95670	49.082	2.5035
Montlignon	Île-de-France	95680	49.0064	2.287
Frouville	Île-de-France	95690	49.15	2.15
Roissy-en-France	Île-de-France	95700	49.0044	2.517
Ambleville	Île-de-France	95710	49.1484	1.6962
Villiers-le-Sec	Île-de-France	95720	49.0723	2.3898
Frépillon	Île-de-France	95740	49.0522	2.2053
Chars	Île-de-France	95750	49.1603	1.9367
Valmondois	Île-de-France	95760	49.0973	2.19
Buhy	Île-de-France	95770	49.1934	1.6915
Haute-Isle	Île-de-France	95780	49.0849	1.6543
Cergy	Île-de-France	95800	49.0364	2.0761
Theuville	Île-de-France	95810	49.1541	2.0722
Bruyères-sur-Oise	Île-de-France	95820	49.1576	2.3258
Cormeilles-en-Vexin	Île-de-France	95830	49.1159	2.0194
Béthemont-la-Forêt	Île-de-France	95840	49.0544	2.2519
Jagny-sous-Bois	Île-de-France	95850	49.0788	2.4434
Bezons	Île-de-France	95870	48.9243	2.2128
Enghien-les-Bains	Île-de-France	95880	48.9667	2.3167
