Aberdeen	Scotland	AB10	57.1437	-2.0981
Aberdeen	Scotland	AB11	57.1437	-2.0981
Aberdeen	Scotland	AB12	57.1437	-2.0981
Aberdeen	Scotland	AB13	57.1086	-2.2392
Peterculter	Scotland	AB14	57.0993	-2.2659
Aberdeen	Scotland	AB15	57.1378	-2.1663
Aberdeen	Scotland	AB16	57.16	-2.1567
Aberdeen	Scotland	AB21	57.2111	-2.2037
Danestone	Scotland	AB22	57.1865	-2.1214
Craigie	Scotland	AB23	57.2327	-2.0786
Aberdeen	Scotland	AB24	57.1437	-2.0981
Aberdeen	Scotland	AB25	57.1437	-2.0981
Garvock	Scotland	AB30	56.8167	-2.4167
Westerton	Scotland	AB31	57.0961	-2.5445
Redhill	Scotland	AB32	57.1528	-2.3624
Kirkton	Scotland	AB33	57.2254	-2.7427
Leys	Scotland	AB34	57.0893	-2.8258
Bridgend	Scotland	AB35	57.0387	-3.1473
Waterside	Scotland	AB36	57.197	-3.0687
Chapeltown	Scotland	AB37	57.2616	-3.3456
Carron	Scotland	AB38	57.45	-3.2667
Aberdeen	Scotland	AB39	56.9773	-2.2184
Hilton	Scotland	AB41	57.3571	-2.2412
Newton	Scotland	AB42	57.4785	-1.9286
Charlestown	Scotland	AB43	57.657	-2.0448
Newtown	Scotland	AB44	57.6683	-2.4924
Castleton	Scotland	AB45	57.5683	-2.5106
Overton	Scotland	AB51	57.2761	-2.4489
Kirkton	Scotland	AB52	57.3403	-2.5935
Kirkton	Scotland	AB53	57.525	-2.3939
Newton	Scotland	AB54	57.3709	-2.8293
Tullich	Scotland	AB55	57.4458	-3.1777
Milton	Scotland	AB56	57.6746	-2.9278
Aberdeen City	Scotland	AB99	57.1113	-2.094
St Albans	England	AL1	51.75	-0.3333
Hatfield	England	AL10	51.7634	-0.2242
Frogmore	England	AL2	51.7206	-0.3149
Church End	England	AL3	51.7798	-0.3762
Blackmore End	England	AL4	51.7768	-0.2843
Harpenden	England	AL5	51.8168	-0.3571
Oaklands	England	AL6	51.8257	-0.2137
Hatfield Hyde	England	AL7	51.7969	-0.1871
Cromer Hyde	England	AL8	51.8126	-0.1993
Woodside	England	AL9	51.7449	-0.1984
Birmingham	England	B1	52.4814	-1.8998
Birmingham	England	B10	52.4698	-1.8523
Birmingham	England	B11	52.4548	-1.8596
Birmingham	England	B12	52.4814	-1.8998
Springfield	England	B13	52.4371	-1.8795
King's Heath	England	B14	52.4174	-1.8898
Chad Valley	England	B15	52.4623	-1.9212
Birmingham	England	B16	52.4768	-1.9341
Harborne	England	B17	52.4585	-1.9573
Birmingham	England	B18	52.4814	-1.8998
Birmingham	England	B19	52.4814	-1.8998
Birmingham	England	B2	52.4814	-1.8998
Birmingham	England	B20	52.5156	-1.9195
Handsworth	England	B21	52.5064	-1.9406
Short Heath	England	B23	52.5282	-1.8549
Erdington	England	B24	52.5333	-1.8167
Hay Mills	England	B25	52.4636	-1.8352
Sheldon	England	B26	52.456	-1.782
Acock's Green	England	B27	52.4447	-1.8229
Hall Green	England	B28	52.4272	-1.8432
Bournbrook	England	B29	52.4393	-1.9402
Birmingham	England	B3	52.4814	-1.8998
Stirchley	England	B30	52.4167	-1.9167
Northfield	England	B31	52.4167	-1.9667
Woodgate	England	B32	52.4485	-1.9947
Tile Cross	England	B33	52.4804	-1.7883
Birmingham	England	B34	52.4963	-1.7818
Birmingham	England	B35	52.5188	-1.7891
Castle Bromwich	England	B36	52.5019	-1.7826
Marston Green	England	B37	52.4685	-1.7482
West Heath	England	B38	52.3999	-1.9349
Birmingham	England	B4	52.4814	-1.8998
Birmingham	England	B40	52.4589	-1.7235
Perry Barr	England	B42	52.5158	-1.9017
Hamstead	England	B43	52.5485	-1.9305
Kingstanding	England	B44	52.5457	-1.8851
Rednal	England	B45	52.3887	-2.01
Coleshill	England	B46	52.5	-1.7072
Drakes Cross	England	B47	52.3752	-1.8757
Portway	England	B48	52.3675	-1.9577
Dunnington	England	B49	52.2413	-1.8095
Birmingham	England	B5	52.4814	-1.8998
Barton	England	B50	52.1686	-1.8554
Aston	England	B6	52.5047	-1.8863
Blackwell	England	B60	52.3256	-2.052
Dodford	England	B61	52.35	-2.1
Quinton	England	B62	52.4667	-2.0167
Cradley	England	B63	52.45	-2.0833
Old Hill	England	B64	52.4833	-2.0667
Blackheath	England	B65	52.4835	-2.0437
Smethwick	England	B66	52.497	-1.973
Warley	England	B67	52.4857	-1.9787
Warley	England	B68	52.4785	-2.0014
Oldbury	England	B69	52.5	-2.0167
Birmingham	England	B7	52.4941	-1.8726
West Bromwich	England	B70	52.5187	-1.9945
Bird End	England	B71	52.5359	-1.9905
Wylde Green	England	B72	52.5333	-1.8167
Sutton Coldfield	England	B73	52.5667	-1.8167
Four Oaks	England	B74	52.582	-1.8324
Canwell Hall	England	B75	52.5879	-1.8128
Marston	England	B76	52.5436	-1.7829
Amington	England	B77	52.6158	-1.6664
Middleton	England	B78	52.5771	-1.7389
Coton	England	B79	52.6508	-1.6821
Saltley	England	B8	52.4916	-1.8596
Studley	England	B80	52.2703	-1.8919
Birmingham	England	B9	52.4783	-1.8506
Shirley	England	B90	52.4107	-1.8195
Blossomfield	England	B91	52.4143	-1.7809
Eastcote	England	B92	52.4369	-1.7747
Knowle	England	B93	52.3833	-1.7333
Kingswood	England	B94	52.336	-1.7279
Aston Cantlow	England	B95	52.2377	-1.7984
Astwood Bank	England	B96	52.2599	-1.9375
Ham Green	England	B97	52.2922	-1.9433
Holt End	England	B98	52.3238	-1.8961
Birmingham	England	B99	52.4814	-1.8998
Weston	England	BA1	51.3923	-2.3611
Hardway	England	BA10	51.1111	-2.4373
Holwell	England	BA11	51.2329	-2.3255
Stockton	England	BA12	51.1453	-2.0319
Westbury	England	BA13	51.26	-2.1875
Holt	England	BA14	51.3556	-2.1972
Westwood	England	BA15	51.3311	-2.2739
Walton	England	BA16	51.1239	-2.7711
Wellow	England	BA2	51.3244	-2.3742
Yeovil	England	BA20	50.9416	-2.6321
Mudford	England	BA21	50.9743	-2.6077
Blackford	England	BA22	50.9692	-2.6376
Charlton	England	BA3	51.2678	-2.4531
Dean	England	BA4	51.1331	-2.5184
Easton	England	BA5	51.2129	-2.6548
Southwood	England	BA6	51.1418	-2.7161
Alford	England	BA7	51.0883	-2.5642
Horsington	England	BA8	51.0039	-2.4246
Barrow	England	BA9	51.0577	-2.4103
Blackburn	England	BB1	53.75	-2.4833
Brierfield	England	BB10	53.8247	-2.2342
Hapton	England	BB11	53.7833	-2.3167
Newchurch	England	BB12	53.8036	-2.2923
Barnoldswick	England	BB18	53.9171	-2.187
Mellor	England	BB2	53.7667	-2.5333
Darwen	England	BB3	53.698	-2.4649
Newchurch	England	BB4	53.7	-2.25
Accrington	England	BB5	53.7538	-2.3586
Great Harwood	England	BB6	53.7851	-2.4087
Newton	England	BB7	53.9487	-2.4628
Barnoldswick	England	BB8	53.858	-2.1633
Greystone	England	BB9	53.8399	-2.2092
Earby	England	BB94	53.9155	-2.1428
Bradford	England	BD1	53.7939	-1.7521
Bradford	England	BD10	53.8328	-1.7255
Adwalton	England	BD11	53.7509	-1.677
Wyke	England	BD12	53.7333	-1.7667
Thornton	England	BD13	53.7833	-1.85
Clayton	England	BD14	53.7667	-1.8167
Allerton	England	BD15	53.81	-1.8381
Bingley	England	BD16	53.8486	-1.8386
Baildon	England	BD17	53.8471	-1.7879
Shipley	England	BD18	53.8333	-1.7667
Cleckheaton	England	BD19	53.724	-1.7129
Bradford	England	BD2	53.7939	-1.7521
Cononley	England	BD20	53.918	-2.0166
Ingrow	England	BD21	53.8543	-1.9165
Cowling	England	BD22	53.8859	-2.0467
Broughton	England	BD23	53.95	-2.0833
Stainforth	England	BD24	54.0833	-2.2667
Bradford	England	BD3	53.7939	-1.7521
Bierley	England	BD4	53.7667	-1.7333
Bradford	England	BD5	53.7939	-1.7521
Buttershaw	England	BD6	53.7612	-1.7974
Bradford	England	BD7	53.7835	-1.7851
Bradford	England	BD8	53.8017	-1.7839
Bradford	England	BD9	53.8128	-1.7919
Bradford	England	BD97	53.8505	-1.8374
Bradford	England	BD98	53.8238	-1.7703
Bradford	England	BD99	53.7939	-1.7521
Bournemouth	England	BH1	50.7205	-1.8795
Bournemouth	England	BH10	50.7595	-1.8931
Bearwood	England	BH11	50.7655	-1.9096
Newtown	England	BH12	50.7374	-1.9271
Branksome Park	England	BH13	50.7036	-1.9209
Lilliput	England	BH14	50.7299	-1.9449
Longfleet	England	BH15	50.7167	-2
Upton	England	BH16	50.7396	-2.0462
Waterloo	England	BH17	50.747	-1.9801
Broadstone	England	BH18	50.75	-1.9833
Herston	England	BH19	50.6173	-1.9848
Bournemouth	England	BH2	50.7205	-1.8795
Kingston	England	BH20	50.6167	-2.0667
Horton	England	BH21	50.8659	-1.959
Longham	England	BH22	50.7863	-1.9067
Burton	England	BH23	50.7508	-1.765
Kingston	England	BH24	50.8443	-1.7873
Ashley	England	BH25	50.7528	-1.658
Winton	England	BH3	50.7333	-1.8667
Romford	England	BH31	50.8757	-1.8721
Westbourne	England	BH4	50.723	-1.8996
Boscombe	England	BH5	50.7252	-1.8419
Wick	England	BH6	50.7276	-1.78
Bournemouth	England	BH7	50.7363	-1.827
Holdenhurst	England	BH8	50.7568	-1.8194
Moordown	England	BH9	50.7497	-1.8734
Edenfield	England	BL0	53.6667	-2.3048
Bolton	England	BL1	53.5833	-2.4333
Bolton	England	BL11	53.5833	-2.4333
Ainsworth	England	BL2	53.5917	-2.3917
Daubhill	England	BL3	53.5635	-2.378
Farnworth	England	BL4	53.55	-2.4
Wingates	England	BL5	53.5485	-2.5161
Adlington	England	BL6	53.6132	-2.6068
Belmont	England	BL7	53.6333	-2.5
Bolton	England	BL78	53.5833	-2.4333
Greenmount	England	BL8	53.6255	-2.3378
Bury	England	BL9	53.6	-2.3
Preston	England	BN1	50.8456	-0.1517
Peacehaven	England	BN10	50.7927	-0.0065
Worthing	England	BN11	50.818	-0.3754
Ferring	England	BN12	50.8033	-0.4382
Clapham	England	BN13	50.8467	-0.4487
North End	England	BN14	50.8336	-0.3816
Coombes	England	BN15	50.8303	-0.3257
Kingston	England	BN16	50.8075	-0.4611
Wick	England	BN17	50.8222	-0.544
Ford	England	BN18	50.8224	-0.5812
Brighton	England	BN2	50.8284	-0.1395
Holywell	England	BN20	50.7747	0.2523
Eastbourne	England	BN21	50.7687	0.2845
Hampden Park	England	BN22	50.7894	0.2837
Friday Street	England	BN23	50.7977	0.3125
Stone Cross	England	BN24	50.8162	0.3451
Bishopstone	England	BN25	50.79	0.0886
Arlington	England	BN26	50.8477	0.1912
Windmill Hill	England	BN27	50.8793	0.2807
Hangleton	England	BN3	50.8359	-0.1884
Portslade	England	BN41	50.8429	-0.2161
Southwick	England	BN42	50.8368	-0.2384
Kingston by Sea	England	BN43	50.8341	-0.2743
Ashurst	England	BN44	50.9324	-0.3238
Poynings	England	BN45	50.8944	-0.2046
Woodmancote	England	BN5	50.9167	-0.2456
The City of Brighton and Hove	England	BN50	50.8254	-0.1407
Rottingdean	England	BN51	50.8098	-0.0594
The City of Brighton and Hove	England	BN52	50.8344	-0.1681
Clayton	England	BN6	50.9117	-0.1543
Plumpton	England	BN7	50.9029	-0.0681
Laughton	England	BN8	50.8982	0.1342
The City of Brighton and Hove	England	BN88	50.8269	-0.1404
Denton	England	BN9	50.8019	0.0603
Worthing	England	BN91	50.818	-0.3754
Churchill Ward	England	BN95	50.8232	-0.3301
Worthing	England	BN99	50.818	-0.3754
Bickley	England	BR1	51.4013	0.0458
Hayes	England	BR2	51.3778	0.0191
Beckenham	England	BR3	51.4088	-0.0253
West Wickham	England	BR4	51.3667	-0.0167
St Mary Cray	England	BR5	51.3833	0.1167
Farnborough	England	BR6	51.3587	0.0753
Chislehurst	England	BR7	51.4171	0.0686
Crockenhill	England	BR8	51.3972	0.1732
City of Bristol	England	BS0	51.4646	-2.5636
Bristol	England	BS1	51.4552	-2.5966
Henbury	England	BS10	51.5028	-2.6217
Avonmouth	England	BS11	51.5101	-2.689
Bishopsworth	England	BS13	51.4121	-2.612
Whitchurch	England	BS14	51.4061	-2.5627
Kingswood	England	BS15	51.4528	-2.5083
Downend	England	BS16	51.486	-2.511
Bristol	England	BS2	51.4552	-2.5966
West Hill	England	BS20	51.473	-2.7382
Kenn	England	BS21	51.4167	-2.85
Milton	England	BS22	51.3609	-2.9292
Uphill	England	BS23	51.3237	-2.9807
Hutton	England	BS24	51.3242	-2.9303
Star	England	BS25	51.3208	-2.8087
Chapel Allerton	England	BS26	51.2486	-2.8481
Draycott	England	BS27	51.2561	-2.7512
Blackford	England	BS28	51.2261	-2.8478
Banwell	England	BS29	51.3289	-2.8691
Bristol	England	BS3	51.4552	-2.5966
Wick	England	BS30	51.4531	-2.4236
Bristol	England	BS31	51.4084	-2.4918
Bristol	England	BS32	51.5441	-2.5582
Bristol	England	BS34	51.5241	-2.5661
Bristol	England	BS35	51.5975	-2.5485
Winterbourne	England	BS36	51.5233	-2.5044
Horton	England	BS37	51.5583	-2.3525
Bristol	England	BS39	51.329	-2.5339
Knowle	England	BS4	51.4355	-2.5633
Bristol	England	BS40	51.3467	-2.6912
Bristol	England	BS41	51.4222	-2.6536
Nailsea and Backwell	England	BS48	51.4253	-2.7484
Yatton	England	BS49	51.389	-2.8187
Bristol	England	BS5	51.462	-2.5519
Bristol	England	BS6	51.4552	-2.5966
Stapleton	England	BS7	51.4767	-2.5572
Clifton	England	BS8	51.4611	-2.62
Filton	England	BS80	51.5082	-2.5762
Westbury on Trym	England	BS9	51.4874	-2.6266
City of Bristol	England	BS98	51.4646	-2.5636
Bristol (PO Boxes)	England	BS99	51.4646	-2.5636
Belfast	Northern Ireland	BT1	54.5833	-5.9333
Belfast	Northern Ireland	BT10	54.5833	-5.9333
Belfast	Northern Ireland	BT11	54.5833	-5.9333
Belfast	Northern Ireland	BT12	54.5833	-5.9333
Belfast	Northern Ireland	BT13	54.5833	-5.9333
Belfast	Northern Ireland	BT14	54.5833	-5.9333
Belfast	Northern Ireland	BT15	54.5833	-5.9333
Belfast	Northern Ireland	BT16	54.5833	-5.9333
Belfast	Northern Ireland	BT17	54.5833	-5.9333
Holywood	Northern Ireland	BT18	54.6386	-5.8247
Bangor	Northern Ireland	BT19	54.6534	-5.6689
Belfast	Northern Ireland	BT2	54.5833	-5.9333
Bangor	Northern Ireland	BT20	54.6534	-5.6689
Donaghadee	Northern Ireland	BT21	54.6413	-5.5359
Newtownards	Northern Ireland	BT22	54.5924	-5.6909
Newtownards	Northern Ireland	BT23	54.5924	-5.6909
Ballynahinch	Northern Ireland	BT24	54.4	-5.8833
Dromore	Northern Ireland	BT25	54.4167	-6.15
Hillsborough	Northern Ireland	BT26	54.4635	-6.0766
Lisburn	Northern Ireland	BT27	54.5234	-6.0353
Lisburn	Northern Ireland	BT28	54.5234	-6.0353
Belfast	Northern Ireland	BT29	54.5833	-5.9333
Belfast	Northern Ireland	BT3	54.5833	-5.9333
Clough	Northern Ireland	BT30	54.2909	-5.8367
Ballyward	Northern Ireland	BT31	54.2768	-6.041
Annaclone	Northern Ireland	BT32	54.3	-6.1833
Newcastle	Northern Ireland	BT33	54.218	-5.8898
Newry	Northern Ireland	BT34	54.1784	-6.3374
Belleek	Northern Ireland	BT35	54.1667	-6.4833
Mossley	Northern Ireland	BT36	54.6853	-5.9684
Newtownabbey	Northern Ireland	BT37	54.6598	-5.9086
Ballycarry	Northern Ireland	BT38	54.7667	-5.7667
Parkgate	Northern Ireland	BT39	54.7167	-6.1
Belfast	Northern Ireland	BT4	54.5833	-5.9333
Millbrook	Northern Ireland	BT40	54.8452	-5.8155
Antrim	Northern Ireland	BT41	54.7	-6.2
Ballymena	Northern Ireland	BT42	54.8636	-6.2763
Ballymena	Northern Ireland	BT43	54.8636	-6.2763
Ballymena	Northern Ireland	BT44	54.8636	-6.2763
Ballyronan	Northern Ireland	BT45	54.7082	-6.5327
Lisnamuck	Northern Ireland	BT46	54.8738	-6.6601
Waterside	Northern Ireland	BT47	54.9498	-7.0842
Londonderry	Northern Ireland	BT48	54.9981	-7.3093
Ballykelly	Northern Ireland	BT49	55.0443	-7.0185
Belfast	Northern Ireland	BT5	54.5833	-5.9333
Blackhill	Northern Ireland	BT51	55.0642	-6.6975
Coleraine	Northern Ireland	BT52	55.1333	-6.6667
Armoy	Northern Ireland	BT53	55.1167	-6.3333
Torr	Northern Ireland	BT54	55.1833	-6.0667
Portstewart	Northern Ireland	BT55	55.1813	-6.714
Craigahullier	Northern Ireland	BT56	55.1959	-6.6493
Bushmills	Northern Ireland	BT57	55.2049	-6.5192
Child Support Agency	Northern Ireland	BT58	55.0591	-6.4342
Belfast	Northern Ireland	BT6	54.5833	-5.9333
Middletown	Northern Ireland	BT60	54.3	-6.8667
Kilmore	Northern Ireland	BT61	54.4	-6.55
Craigavon	Northern Ireland	BT62	54.4471	-6.387
Craigavon	Northern Ireland	BT63	54.4471	-6.387
Craigavon	Northern Ireland	BT64	54.4471	-6.387
Craigavon	Northern Ireland	BT65	54.4471	-6.387
Craigavon	Northern Ireland	BT66	54.4471	-6.387
Craigavon	Northern Ireland	BT67	54.4471	-6.387
Caledon	Northern Ireland	BT68	54.35	-6.8333
Aughnacloy	Northern Ireland	BT69	54.4167	-6.9667
Belfast	Northern Ireland	BT7	54.5833	-5.9333
Rock	Northern Ireland	BT70	54.5121	-6.9334
Dungannon	Northern Ireland	BT71	54.5034	-6.7672
Enniskillen	Northern Ireland	BT74	54.3462	-7.6413
Clabby	Northern Ireland	BT75	54.4	-7.3833
Clogher	Northern Ireland	BT76	54.4167	-7.2
Augher	Northern Ireland	BT77	54.4333	-7.15
Dromore	Northern Ireland	BT78	54.571	-7.374
Mountfield	Northern Ireland	BT79	54.65	-7.1667
Belfast	Northern Ireland	BT8	54.5833	-5.9333
Coagh	Northern Ireland	BT80	54.65	-6.6167
Clare	Northern Ireland	BT81	54.694	-7.614
Artigarvan	Northern Ireland	BT82	54.85	-7.4
Belfast	Northern Ireland	BT9	54.5833	-5.9333
Enniskillen	Northern Ireland	BT92	54.3462	-7.6413
Enniskillen	Northern Ireland	BT93	54.3462	-7.6413
Enniskillen	Northern Ireland	BT94	54.3462	-7.6413
Carleton	England	CA1	54.8862	-2.9131
Clifton	England	CA10	54.6333	-2.7232
Bridgend	England	CA11	54.5623	-2.8014
Grange	England	CA12	54.6027	-3.1348
Sunderland	England	CA13	54.7	-3.2667
Seaton	England	CA14	54.661	-3.5256
Crosby	England	CA15	54.7121	-3.4818
Hilton	England	CA16	54.5667	-2.4167
Brough	England	CA17	54.527	-2.3219
Woodend	England	CA18	54.3543	-3.3913
Beckfoot	England	CA19	54.3874	-3.3833
Cummersdale	England	CA2	54.8695	-2.9516
Wellington	England	CA20	54.4195	-3.4742
Beckermet	England	CA21	54.45	-3.5167
Middletown	England	CA22	54.4653	-3.5262
Cleator	England	CA23	54.5042	-3.5233
Moor Row	England	CA24	54.5152	-3.5373
Cleator Moor	England	CA25	54.5214	-3.5159
Kirkland	England	CA26	54.5446	-3.483
St Bees	England	CA27	54.4918	-3.5899
Parton	England	CA28	54.5667	-3.5833
Houghton	England	CA3	54.9085	-2.9405
Newbiggin	England	CA4	54.8167	-2.6833
Welton	England	CA5	54.7833	-3
Newtown	England	CA6	55.0036	-2.7017
Oulton	England	CA7	54.8333	-3.1667
Milton	England	CA8	54.9648	-2.7077
Leadgate	England	CA9	54.7833	-2.45
Workington	England	CA95	54.6425	-3.5441
Carlisle	England	CA99	54.8951	-2.9382
Church End	England	CB1	52.1969	0.1429
Church End	England	CB10	52.0306	0.2643
Newport	England	CB11	51.9842	0.2135
Newton	England	CB2	52.191	0.1249
Linton	England	CB21	52.0978	0.2767
Newton	England	CB22	52.1237	0.0987
Kingston	England	CB23	52.1782	-0.033
Milton	England	CB24	52.2333	0.15
Burwell	England	CB25	52.2763	0.3273
Kingston	England	CB3	52.2118	0.1006
Milton	England	CB4	52.2333	0.15
Cambridge	England	CB5	52.2124	0.1534
Sutton	England	CB6	52.3901	0.1176
Fordham	England	CB7	52.3113	0.3906
Ashley	England	CB8	52.2264	0.4841
Barnardiston	England	CB9	52.1116	0.4991
Cardiff	Wales	CF10	51.48	-3.18
Cardiff	Wales	CF11	51.48	-3.18
Cardiff	Wales	CF14	51.5199	-3.204
Cardiff	Wales	CF15	51.5337	-3.2721
Cardiff	Wales	CF23	51.5144	-3.1545
Cardiff	Wales	CF24	51.48	-3.18
Castleton	Wales	CF3	51.5422	-3.0758
Llanrumney Community	Wales	CF30	51.5196	-3.1196
Bridgend	Wales	CF31	51.5058	-3.5772
Betws	Wales	CF32	51.5692	-3.5883
Pyle	Wales	CF33	51.5167	-3.7
Garth	Wales	CF34	51.6	-3.6347
Corntown	Wales	CF35	51.5224	-3.5213
Newton	Wales	CF36	51.4842	-3.6781
Rhydyfelin	Wales	CF37	51.6211	-3.3704
Beddau	Wales	CF38	51.554	-3.3581
Cymmer	Wales	CF39	51.6008	-3.4253
Clydach Vale	Wales	CF40	51.6267	-3.4802
Pentre	Wales	CF41	51.6543	-3.4913
Blaencwm	Wales	CF42	51.6673	-3.5238
Maerdy	Wales	CF43	51.6753	-3.4867
Aber-llia	Wales	CF44	51.7327	-3.4829
Miskin	Wales	CF45	51.6645	-3.3537
Nelson	Wales	CF46	51.6533	-3.2844
Merthyr Tydfil	Wales	CF47	51.7479	-3.3778
Pentrebach	Wales	CF48	51.7303	-3.372
Caerau	Wales	CF5	51.4719	-3.2758
Boverton	Wales	CF61	51.4053	-3.4644
Barry	Wales	CF62	51.3998	-3.2838
Cadoxton	Wales	CF63	51.4172	-3.2614
Llandough	Wales	CF64	51.4334	-3.1911
Broughton	Wales	CF71	51.4597	-3.4609
Cross Inn	Wales	CF72	51.5299	-3.4011
Aber Bargoed	Wales	CF81	51.7105	-3.265
Hengoed	Wales	CF82	51.6508	-3.2317
Thornhill	Wales	CF83	51.5929	-3.2334
Grangetown Community	Wales	CF91	51.4656	-3.1939
Castle Community	Wales	CF95	51.4812	-3.171
Butetown Community	Wales	CF99	51.4644	-3.1617
Mollington	England	CH1	53.2333	-2.9167
Upton	England	CH2	53.2176	-2.869
Wirral	England	CH25	53.397	-3.0119
Wirral	England	CH26	53.3657	-3.0659
Wirral	England	CH27	53.4202	-3.0392
Wirral	England	CH28	53.3762	-3.105
Wirral	England	CH29	53.3903	-3.1794
Newton	England	CH3	53.1656	-2.8198
Wirral	England	CH30	53.3762	-3.105
Wirral	England	CH31	53.3297	-3.0989
Wirral	England	CH32	53.3619	-2.9976
Neston	England	CH33	53.2833	-3.05
Cheshire West and Chester	England	CH34	53.2863	-2.9128
Broughton	Wales	CH4	53.1667	-3
Birkenhead	England	CH41	53.3934	-3.0148
Birkenhead	England	CH42	53.3934	-3.0148
Oxton	England	CH43	53.3842	-3.0596
Wallasey	England	CH44	53.4232	-3.065
New Brighton	England	CH45	53.4333	-3.0333
Wirral	England	CH46	53.3762	-3.105
Hoylake	England	CH47	53.3905	-3.1807
Wirral	England	CH48	53.3706	-3.1697
Upton	England	CH49	53.3833	-3.1
Aston	Wales	CH5	53.204	-3.0419
Bagillt	Wales	CH6	53.2654	-3.1655
Wirral	England	CH60	53.3266	-3.0961
Wirral	England	CH61	53.3762	-3.105
Wirral	England	CH62	53.3339	-2.9815
Wirral	England	CH63	53.3444	-3.0124
Neston	England	CH64	53.2833	-3.05
Ellesmere Port	England	CH65	53.2787	-2.9013
Ellesmere Port	England	CH66	53.277	-2.9363
Afon-wen	Wales	CH7	53.1721	-3.1631
Cheshire West and Chester	England	CH70	53.1928	-2.9226
Greenfield	Wales	CH8	53.2833	-3.2167
Cheshire West and Chester	England	CH88	53.1973	-2.8832
Cheshire West and Chester	England	CH99	53.1864	-2.8899
St Lawrence	England	CM0	51.6818	0.8503
Broomfield	England	CM1	51.7651	0.4726
Downham	England	CM11	51.6237	0.4456
Little Burstead	England	CM12	51.6047	0.4077
Hutton	England	CM13	51.6313	0.3604
Brook Street	England	CM14	51.6213	0.3056
Doddinghurst	England	CM15	51.6513	0.3187
Epping Green	England	CM16	51.7261	0.0789
Harlow	England	CM17	51.7766	0.1116
Harlow	England	CM18	51.7766	0.1116
Roydon	England	CM19	51.7718	0.0403
Sandon	England	CM2	51.7081	0.5308
Eastwick	England	CM20	51.7878	0.085
Allen's Green	England	CM21	51.8167	0.15
Bamber's Green	England	CM22	51.8653	0.2196
Farnham	England	CM23	51.9023	0.1421
Stansted Mountfitchet	England	CM24	51.9012	0.199
Boreham	England	CM3	51.7596	0.5412
Heybridge	England	CM4	51.6756	0.3886
Fyfield	England	CM5	51.7407	0.2698
North End	England	CM6	51.8501	0.3092
Church End	England	CM7	51.897	0.538
Braintree	England	CM77	51.8782	0.5529
Chipping Hill	England	CM8	51.8149	0.6454
Langford	England	CM9	51.7494	0.6611
Harlow	England	CM92	51.7694	0.0613
Springfield	England	CM98	51.7478	0.5112
Chelmsford	England	CM99	51.7357	0.4696
Colchester	England	CO1	51.8892	0.9042
Newton	England	CO10	52.0305	0.7961
Bradfield	England	CO11	51.9333	1.1167
Great Oakley	England	CO12	51.9031	1.1881
Frinton-on-Sea	England	CO13	51.8306	1.2442
Walton-on-Naze	England	CO14	51.8482	1.2674
Clacton-on-Sea	England	CO15	51.7897	1.156
Beaumont	England	CO16	51.8211	1.1226
Blackheath	England	CO2	51.8694	0.8941
Stanway	England	CO3	51.8834	0.8385
Langham	England	CO4	51.9488	0.9433
Abberton	England	CO5	51.8343	0.9108
Broad Green	England	CO6	51.939	0.8209
East End	England	CO7	51.8828	1.0046
Alphamstone	England	CO8	51.9827	0.7325
Halstead	England	CO9	51.9451	0.6393
Croydon	England	CR0	51.3833	-0.1
Sanderstead	England	CR2	51.3359	-0.0778
Caterham	England	CR3	51.2823	-0.0789
Beddington Corner	England	CR4	51.384	-0.1577
Sutton	England	CR44	51.3823	-0.1329
Chipstead	England	CR5	51.3096	-0.1732
Chelsham	England	CR6	51.314	-0.0236
Croydon	England	CR7	51.3833	-0.1
Kenley	England	CR8	51.3264	-0.1011
Croydon	England	CR9	51.3833	-0.1
Croydon	England	CR90	51.3833	-0.1
Canterbury	England	CT1	51.279	1.0799
Broadstairs	England	CT10	51.3591	1.4394
Ramsgate	England	CT11	51.3358	1.4155
Monkton	England	CT12	51.3382	1.2818
Eastry	England	CT13	51.2464	1.3078
Ham	England	CT14	51.2166	1.3857
Sutton	England	CT15	51.1948	1.3157
Buckland	England	CT16	51.1412	1.2996
Maxton	England	CT17	51.129	1.2939
Newington	England	CT18	51.0994	1.1159
Cheriton	England	CT19	51.089	1.1681
Broadoak	England	CT2	51.2967	1.0859
Sandgate	England	CT20	51.0746	1.1448
Hythe	England	CT21	51.0715	1.0842
Preston	England	CT3	51.3022	1.2272
Kingston	England	CT4	51.2189	1.147
Chestfield	England	CT5	51.3574	1.0656
Sandgate	England	CT50	51.0746	1.1448
West End	England	CT6	51.3644	1.1291
Acol	England	CT7	51.3579	1.3138
Westgate on Sea	England	CT8	51.3824	1.3367
Cliftonville	England	CT9	51.3887	1.405
Coventry	England	CV1	52.4066	-1.5122
Church End	England	CV10	52.5318	-1.5769
Attleborough	England	CV11	52.5129	-1.4549
Bulkington	England	CV12	52.477	-1.4261
Carlton	England	CV13	52.6431	-1.409
Stoke	England	CV2	52.4242	-1.4638
Newbold on Avon	England	CV21	52.3913	-1.2866
Bilton	England	CV22	52.35	-1.2833
Newton	England	CV23	52.3681	-1.2938
Binley	England	CV3	52.3942	-1.4807
Radford Semele	England	CV31	52.2705	-1.5219
Cubbington	England	CV32	52.3123	-1.5047
Northend	England	CV33	52.2545	-1.4803
Longbridge	England	CV34	52.2836	-1.5814
Walton	England	CV35	52.1777	-1.5834
Blackwell	England	CV36	52.0604	-1.6222
Langley	England	CV37	52.2633	-1.72
Kirby Corner	England	CV4	52.3833	-1.5833
Southam	England	CV47	52.2527	-1.3884
Allesley	England	CV5	52.426	-1.5716
Longford	England	CV6	52.4333	-1.4833
Ansty	England	CV7	52.4333	-1.4167
Brandon	England	CV8	52.3843	-1.3996
Bentley	England	CV9	52.5568	-1.5855
Crewe	England	CW1	53.0979	-2.4416
Bostock Green	England	CW10	53.193	-2.444
Arclid	England	CW11	53.1555	-2.3205
Eaton	England	CW12	53.1833	-2.2
Weston	England	CW2	53.0616	-2.394
Lightwood Green	England	CW3	53.0013	-2.395
Blackden Heath	England	CW4	53.2144	-2.3483
Aston	England	CW5	53.0621	-2.5221
Burton	England	CW6	53.1731	-2.7379
Over	England	CW7	53.1833	-2.55
Cuddington	England	CW8	53.2333	-2.6
Marston	England	CW9	53.2667	-2.5
Crewe	England	CW98	53.0979	-2.4416
Crayford	England	DA1	51.4519	0.1792
Northfleet	England	DA10	51.4463	0.3255
Perry Street	England	DA11	51.4349	0.3513
Cobham	England	DA12	51.3902	0.4024
Hook Green	England	DA13	51.3741	0.3562
Foots Cray	England	DA14	51.4187	0.1178
Bexley	England	DA15	51.4412	0.0983
Shooter's Hill	England	DA16	51.4625	0.1076
Belvedere	England	DA17	51.4911	0.1514
Erith	England	DA18	51.4831	0.1748
Lane End	England	DA2	51.4323	0.2329
Hartley	England	DA3	51.3867	0.3037
Eynsford	England	DA4	51.3677	0.2113
Coldblow	England	DA5	51.4406	0.1446
Bexleyheath	England	DA6	51.4629	0.1394
Bexleyheath	England	DA7	51.4629	0.1394
Erith	England	DA8	51.4831	0.1748
Stone	England	DA9	51.4503	0.2647
Dundee	Scotland	DD1	56.461	-2.9766
Braehead	Scotland	DD10	56.7481	-2.4273
Middleton	Scotland	DD11	56.5732	-2.5991
Denhead	Scotland	DD2	56.4702	-3.031
Bonnyton	Scotland	DD3	56.5304	-3.0695
Newbigging	Scotland	DD4	56.482	-2.9356
Newbigging	Scotland	DD5	56.4797	-2.8586
Kirkton	Scotland	DD6	56.4365	-2.9256
Barry	Scotland	DD7	56.5029	-2.7193
Milton	Scotland	DD8	56.5818	-3
Bridgend	Scotland	DD9	56.7481	-2.6686
Derby	England	DE1	52.9228	-1.4766
Newhall	England	DE11	52.7667	-1.5667
Linton	England	DE12	52.7476	-1.5984
Stretton	England	DE13	52.8325	-1.6279
Branston	England	DE14	52.7833	-1.6667
Stanton	England	DE15	52.7986	-1.6085
Horsley	England	DE21	52.9932	-1.4387
Allestree	England	DE22	52.9447	-1.4953
Normanton	England	DE23	52.8833	-1.4833
Osmaston	England	DE24	52.8901	-1.4522
Mickleover	England	DE3	52.9049	-1.5428
Middleton	England	DE4	53.0993	-1.5874
Middleton	England	DE45	53.2151	-1.6775
Ripley	England	DE5	53.0333	-1.4
Morton	England	DE55	53.1333	-1.3833
Milford	England	DE56	53.0217	-1.4754
Clifton	England	DE6	53	-1.75
Milton	England	DE65	52.8674	-1.6127
Stanley	England	DE7	52.9587	-1.3796
Draycott	England	DE72	52.8965	-1.342
Twyford	England	DE73	52.8465	-1.4387
Hemington	England	DE74	52.8386	-1.3223
Langley	England	DE75	53.0126	-1.3537
City of Derby	England	DE99	52.9152	-1.4643
Kirkton	Scotland	DG1	55.1167	-3.6167
Newton	Scotland	DG10	55.3201	-3.4382
Dalton	Scotland	DG11	55.05	-3.3833
Annan	Scotland	DG12	54.9884	-3.2565
Fingland	Scotland	DG13	55.1731	-3.0301
Milltown	Scotland	DG14	55.0822	-2.9824
Springfield	England	DG16	54.9961	-3.0801
Milton	Scotland	DG2	55.1046	-3.6297
Kirkland	Scotland	DG3	55.2373	-3.8001
Kirkland	Scotland	DG4	55.3756	-3.9535
Barnbarroch	Scotland	DG5	54.8874	-3.7848
Bankhead	Scotland	DG6	54.8167	-3.9333
Hermitage	Scotland	DG7	54.9842	-3.9638
Spittal	Scotland	DG8	54.895	-4.4794
Ardwell	Scotland	DG9	54.7709	-4.9406
Carrville	England	DH1	54.7684	-1.5631
Newfield	England	DH2	54.8404	-1.6073
Birtley	England	DH3	54.8833	-1.5667
Bournmoor	England	DH4	54.8548	-1.5175
Easington Lane	England	DH5	54.8058	-1.4348
Sherburn	England	DH6	54.7667	-1.4833
Brandon	England	DH7	54.75	-1.6167
Rowley	England	DH8	54.8444	-1.9854
Stanley	England	DH9	54.868	-1.6985
Belmont	England	DH97	54.7927	-1.5351
Gateshead	England	DH98	54.8873	-1.5884
Belmont	England	DH99	54.7927	-1.5351
Eastbourne	England	DL1	54.5299	-1.5382
Barton	England	DL10	54.4729	-1.6471
Dalton	England	DL11	54.4705	-1.826
Newbiggin	England	DL12	54.6417	-2.1356
St John's	England	DL13	54.7132	-1.8908
Westerton	England	DL14	54.6516	-1.692
Willington	England	DL15	54.7167	-1.7
Byers Green	England	DL16	54.6998	-1.6535
Chilton	England	DL17	54.67	-1.5345
Denton	England	DL2	54.5667	-1.6667
Darlington	England	DL3	54.5243	-1.5504
Middridge	England	DL4	54.6306	-1.6133
Heighington	England	DL5	54.6	-1.6
Brompton	England	DL6	54.35	-1.4167
Londonderry	England	DL7	54.2877	-1.4424
Carlton	England	DL8	54.2667	-1.9
Scotton	England	DL9	54.3651	-1.7133
Darlington	England	DL98	54.5243	-1.5504
Doncaster	England	DN1	53.5228	-1.1312
Everton	England	DN10	53.4	-0.95
Bircotes	England	DN11	53.4193	-1.0491
Conisbrough	England	DN12	53.4819	-1.2321
Carlton	England	DN14	53.7065	-1.0229
Whitton	England	DN15	53.7	-0.6333
Bottesford	England	DN16	53.55	-0.65
Crowle	England	DN17	53.6075	-0.8326
Burnham	England	DN18	53.6698	-0.4836
South End	England	DN19	53.684	-0.3596
Doncaster	England	DN2	53.5334	-1.1027
Broughton	England	DN20	53.5667	-0.55
Upton	England	DN21	53.3667	-0.7
Sutton	England	DN22	53.3548	-0.9785
Branton	England	DN3	53.5467	-1.0589
West Marsh	England	DN31	53.5702	-0.088
Grimsby	England	DN32	53.5654	-0.0755
Scartho	England	DN33	53.5367	-0.0911
Grimsby	England	DN34	53.5574	-0.1133
Cleethorpes	England	DN35	53.5605	-0.0322
West End	England	DN36	53.4827	-0.0332
Bradley	England	DN37	53.55	-0.1333
Barnetby le Wold	England	DN38	53.5748	-0.4061
Wootton	England	DN39	53.6167	-0.3667
Bessacarr	England	DN4	53.497	-1.1821
East Halton	England	DN40	53.6629	-0.2795
Grimsby	England	DN41	53.5817	-0.1957
Bentley	England	DN5	53.5333	-1.15
Doncaster	England	DN55	53.5228	-1.1312
Sutton	England	DN6	53.5978	-1.1784
Hatfield	England	DN7	53.5779	-0.9992
Moorends	England	DN8	53.5875	-0.921
Belton	England	DN9	53.55	-0.8167
Dorchester	England	DT1	50.7167	-2.4333
Kingston	England	DT10	50.9374	-2.3343
Hilton	England	DT11	50.8333	-2.3167
Burton	England	DT2	50.7496	-2.4518
Preston	England	DT3	50.65	-2.4167
Charlestown	England	DT4	50.6077	-2.4593
Weston	England	DT5	50.5403	-2.4486
Broadoak	England	DT6	50.739	-2.7756
Dowlands	England	DT7	50.7264	-2.963
Blackdown	England	DT8	50.8225	-2.7606
Leigh	England	DT9	50.8667	-2.55
Dudley	England	DY1	52.5	-2.0833
Stone	England	DY10	52.3667	-2.2
Kingsford	England	DY11	52.375	-2.2417
Bewdley	England	DY12	52.3754	-2.3172
Acton	England	DY13	52.3368	-2.2813
Doddington	England	DY14	52.3805	-2.4665
Netherton	England	DY2	52.4833	-2.0833
Swindon	England	DY3	52.5154	-2.2071
Dudley Port	England	DY4	52.5296	-2.0677
Woodside	England	DY5	52.5	-2.1167
Kingswinford	England	DY6	52.4976	-2.1689
Whittington	England	DY7	52.4662	-2.2309
Norton	England	DY8	52.4608	-2.1556
Drayton	England	DY9	52.4345	-2.1226
Shoreditch	England	E1	51.5251	-0.0769
Lea Bridge	England	E10	51.5596	-0.0078
Leytonstone	England	E11	51.5686	0.0077
Aldersbrook	England	E12	51.5508	0.0528
Newham	England	E13	51.5278	0.026
Canary Wharf	England	E14	51.5052	-0.0209
Stratford	England	E15	51.5333	0
Canning Town	England	E16	51.5011	0.0442
Blackhorse Road	England	E17	51.5868	-0.0204
South Woodford	England	E18	51.5923	0.0225
London	England	E1W	51.5094	-0.059
Tower Hamlets	England	E2	51.5386	-0.0555
Newham	England	E20	51.5468	-0.0096
Bow	England	E3	51.5281	-0.0257
Chingford	England	E4	51.6303	0.0005
Clapton	England	E5	51.5591	-0.0538
Beckton	England	E6	51.5153	0.0566
Upton	England	E7	51.5472	0.0274
Tower Hamlets	England	E77	51.5139	-0.0691
Hackney	England	E8	51.55	-0.05
Hackney Wick	England	E9	51.5394	-0.0414
Tower Hamlets	England	E98	51.5082	-0.0643
Holborn	England	EC1	51.5175	-0.1204
London	England	EC1A	51.5085	-0.1257
London	England	EC1M	51.5085	-0.1257
London	England	EC1N	51.5085	-0.1257
Islington	England	EC1P	51.5362	-0.103
London	England	EC1R	51.5085	-0.1257
London	England	EC1V	51.5265	-0.0986
London	England	EC1Y	51.5232	-0.0933
Bank	England	EC2	51.5225	-0.0857
London	England	EC2A	51.5237	-0.0877
London	England	EC2M	51.5191	-0.0882
London	England	EC2N	51.5163	-0.0875
London	England	EC2P	51.5085	-0.1257
London	England	EC2R	51.5167	-0.0928
London	England	EC2V	51.5161	-0.0949
London	England	EC2Y	51.5198	-0.0948
Bank	England	EC3	51.5085	-0.1257
London	England	EC3A	51.5154	-0.0828
London	England	EC3M	51.5129	-0.0841
London	England	EC3N	51.513	-0.08
London	England	EC3P	51.5085	-0.1257
Tower of London	England	EC3R	51.5114	-0.0855
London	England	EC3V	51.5136	-0.0873
Blackfriars	England	EC4	51.5125	-0.1225
London	England	EC4A	51.5085	-0.1257
London	England	EC4M	51.5085	-0.1257
London	England	EC4N	51.5144	-0.0941
Islington	England	EC4P	51.5362	-0.103
London	England	EC4R	51.5115	-0.0912
London	England	EC4V	51.5085	-0.1257
London	England	EC4Y	51.5085	-0.1257
Islington	England	EC50	51.5362	-0.103
Edinburgh	Scotland	EH1	55.9521	-3.1965
Hillend	Scotland	EH10	55.9147	-3.2046
Edinburgh	Scotland	EH11	55.9326	-3.2531
Edinburgh	Scotland	EH12	55.9429	-3.285
Colinton	Scotland	EH13	55.9074	-3.2561
Balerno	Scotland	EH14	55.8844	-3.3398
Joppa	Scotland	EH15	55.9477	-3.0903
Craigmillar	Scotland	EH16	55.9321	-3.1414
Gilmerton	Scotland	EH17	55.9084	-3.128
Polton	Scotland	EH18	55.8708	-3.1264
Bonnyrigg	Scotland	EH19	55.8733	-3.1051
Edinburgh	Scotland	EH2	55.9521	-3.1965
Loanhead	Scotland	EH20	55.8795	-3.1587
Inveresk	Scotland	EH21	55.9417	-3.0499
Mayfield	Scotland	EH22	55.9028	-3.0778
Middleton	Scotland	EH23	55.8233	-3.0478
Rosewell	Scotland	EH24	55.8507	-3.1363
Bilston	Scotland	EH25	55.8703	-3.1781
Auchendinny	Scotland	EH26	55.8466	-3.1927
Kirknewton	Scotland	EH27	55.8875	-3.419
Newbridge	Scotland	EH28	55.9333	-3.4
Kirkliston	Scotland	EH29	55.9536	-3.4029
Edinburgh	Scotland	EH3	55.9521	-3.1965
Abercorn	Scotland	EH30	55.9824	-3.3871
Gullane	Scotland	EH31	56.0354	-2.8295
Spittal	Scotland	EH32	55.9675	-2.9509
Elphinstone	Scotland	EH33	55.945	-2.9084
New Town	Scotland	EH34	55.9088	-2.8814
Ormiston	Scotland	EH35	55.913	-2.9398
Gilchriston	Scotland	EH36	55.8547	-2.8654
Ford	Scotland	EH37	55.8613	-2.9598
Dewar	Scotland	EH38	55.7859	-2.9611
Kingston	Scotland	EH39	56.0277	-2.7334
Edinburgh	Scotland	EH4	55.9622	-3.2606
Preston	Scotland	EH40	55.9899	-2.6609
Bolton	Scotland	EH41	55.9217	-2.789
Broxburn	Scotland	EH42	55.9938	-2.5256
Walkerburn	Scotland	EH43	55.6233	-3.0147
Colquhar	Scotland	EH44	55.6102	-3.0634
Lyne	Scotland	EH45	55.6558	-3.2024
Castlecraig	Scotland	EH46	55.7399	-3.3338
Seafield	Scotland	EH47	55.8586	-3.6649
Westfield	Scotland	EH48	55.9333	-3.7
Bridgend	Scotland	EH49	55.9761	-3.5991
Edinburgh	Scotland	EH5	55.9757	-3.2217
Bo'ness	Scotland	EH51	56.0167	-3.6167
Newton	Scotland	EH52	55.937	-3.4873
East Calder	Scotland	EH53	55.8919	-3.4637
Bellsquarry	Scotland	EH54	55.9029	-3.5226
Addiewell	Scotland	EH55	55.8438	-3.6055
Edinburgh	Scotland	EH6	55.9521	-3.1965
Edinburgh	Scotland	EH7	55.9521	-3.1965
Edinburgh	Scotland	EH8	55.9489	-3.1632
Edinburgh	Scotland	EH9	55.9521	-3.1965
City of Edinburgh	Scotland	EH91	55.9272	-3.2907
City of Edinburgh	Scotland	EH95	55.9786	-3.2535
City of Edinburgh	Scotland	EH99	55.9521	-3.1965
Enfield	England	EN1	51.6515	-0.085
Wormley	England	EN10	51.7324	-0.0242
Hailey	England	EN11	51.7654	-0.0091
Enfield	England	EN2	51.6515	-0.085
Ponders End	England	EN3	51.6445	-0.0465
East Barnet	England	EN4	51.6357	-0.156
Arkley	England	EN5	51.652	-0.1943
Ridge	England	EN6	51.6891	-0.2444
Churchgate	England	EN7	51.7119	-0.0689
Cheshunt	England	EN8	51.7079	-0.0374
Broadley Common	England	EN9	51.7059	0.0297
Pinhoe	England	EX1	50.7401	-3.467
Sidbury	England	EX10	50.7195	-3.2203
West Hill	England	EX11	50.7433	-3.2891
Weston	England	EX12	50.7068	-3.0823
Alston	England	EX13	50.769	-3.0377
Upton	England	EX14	50.8142	-3.1906
Langford	England	EX15	50.8772	-3.3396
Cove	England	EX16	50.9206	-3.585
Knowle	England	EX17	50.8117	-3.7046
Ashley	England	EX18	50.9022	-3.8881
Roborough	England	EX19	50.9333	-4.0333
Alphington	England	EX2	50.6985	-3.5317
Merton	England	EX20	50.8833	-4.1
Sheepwash	England	EX21	50.8333	-4.15
Bradford	England	EX22	50.8283	-4.243
Coombe	England	EX23	50.8119	-4.4676
Colyton	England	EX24	50.7404	-3.0892
Exton	England	EX3	50.6852	-3.4592
Milltown	England	EX31	51.1011	-3.9917
Newport	England	EX32	51.0721	-4.0212
Knowle	England	EX33	51.1187	-4.183
Lee	England	EX34	51.2	-4.1833
Cheriton	England	EX35	51.2241	-3.8287
Rowley	England	EX36	51.0086	-3.7571
Burrington	England	EX37	50.9333	-3.95
Frithelstock	England	EX38	50.9544	-4.187
Ford	England	EX39	50.9919	-4.2474
Cowley	England	EX4	50.7312	-3.5271
Marsh Green	England	EX5	50.8012	-3.3957
Coombe	England	EX6	50.7296	-3.5678
Holcombe	England	EX7	50.5835	-3.4707
Littleham	England	EX8	50.6297	-3.402
Knowle	England	EX9	50.6475	-3.3131
California	Scotland	FK1	55.9685	-3.7965
Kincardine	Scotland	FK10	56.0667	-3.7167
Menstrie	Scotland	FK11	56.1514	-3.8547
Alva	Scotland	FK12	56.1528	-3.805
Coalsnaughton	Scotland	FK13	56.1525	-3.7402
Burnfoot	Scotland	FK14	56.1832	-3.6261
Ashfield	Scotland	FK15	56.23	-3.9185
Doune	Scotland	FK16	56.1899	-4.0529
Milton	Scotland	FK17	56.24	-4.2201
Laggan	Scotland	FK18	56.3246	-4.3291
Ardvorlich	Scotland	FK19	56.371	-4.3137
Carron	Scotland	FK2	56.0167	-3.7833
Clifton	Scotland	FK20	56.4054	-4.6401
Tullich	Scotland	FK21	56.4657	-4.321
Grangemouth	Scotland	FK3	56.0114	-3.7218
Banknock	Scotland	FK4	55.9956	-3.9131
Glenbervie	Scotland	FK5	56.0269	-3.8218
Carron Bridge	Scotland	FK6	56.0253	-3.9114
Bannockburn	Scotland	FK7	56.0898	-3.9109
Milton	Scotland	FK8	56.1317	-4.0624
Causewayhead	Scotland	FK9	56.1333	-3.9167
Saint Anne's on the Sea	England	FY0	53.75	-3.0167
Blackpool	England	FY1	53.8167	-3.05
Bispham	England	FY2	53.8525	-3.0363
Great Marton	England	FY3	53.8119	-3.0226
Common Edge	England	FY4	53.7911	-3.0291
Thornton	England	FY5	53.8752	-3.0225
Carleton	England	FY6	53.8681	-2.982
Fleetwood	England	FY7	53.9253	-3.0109
Ansdell	England	FY8	53.7435	-2.9898
Glasgow	Scotland	G1	55.8651	-4.2576
Partick	Scotland	G11	55.8708	-4.3057
Glasgow	Scotland	G12	55.8804	-4.3007
Glasgow	Scotland	G13	55.8935	-4.348
Yoker	Scotland	G14	55.8805	-4.3509
Drumchapel	Scotland	G15	55.9102	-4.3733
Glasgow	Scotland	G2	55.8651	-4.2576
Maryhill	Scotland	G20	55.8906	-4.2904
Springburn	Scotland	G21	55.8902	-4.2332
Glasgow	Scotland	G22	55.8651	-4.2576
Glasgow	Scotland	G23	55.9025	-4.2851
Glasgow	Scotland	G3	55.8651	-4.2576
Glasgow	Scotland	G31	55.857	-4.209
Carmyle	Scotland	G32	55.85	-4.1833
Stepps	Scotland	G33	55.889	-4.1521
Glasgow	Scotland	G34	55.8681	-4.1114
Glasgow	Scotland	G4	55.8651	-4.2576
Glasgow	Scotland	G40	55.8485	-4.2235
Glasgow	Scotland	G41	55.8376	-4.2843
Glasgow	Scotland	G42	55.8322	-4.2576
Pollokshaws	Scotland	G43	55.8242	-4.2962
Glasgow	Scotland	G44	55.8143	-4.2561
Castlemilk	Scotland	G45	55.805	-4.2327
Giffnock	Scotland	G46	55.8037	-4.2949
Glasgow	Scotland	G5	55.8651	-4.2576
Govan	Scotland	G51	55.8633	-4.3124
Glasgow	Scotland	G52	55.8479	-4.3503
Nitshill	Scotland	G53	55.8141	-4.3606
Glasgow City	Scotland	G58	55.8519	-4.2971
Bowling	Scotland	G60	55.931	-4.486
Bearsden	Scotland	G61	55.9154	-4.3328
Baldernock	Scotland	G62	55.9407	-4.3231
Milton	Scotland	G63	56.0426	-4.363
Balmore	Scotland	G64	55.9113	-4.2176
Croy	Scotland	G65	55.9733	-4.058
Waterside	Scotland	G66	55.9407	-4.1547
Abronhill	Scotland	G67	55.9468	-3.9905
Balloch	Scotland	G68	55.9528	-4.0155
Muirhead	Scotland	G69	55.898	-4.1058
North Lanarkshire	Scotland	G70	55.9496	-3.9885
Bothwell	Scotland	G71	55.8027	-4.0684
Stonefield	Scotland	G72	55.8036	-4.1294
Rutherglen	Scotland	G73	55.8289	-4.2138
East Kilbride	Scotland	G74	55.7641	-4.1767
Auldhouse	Scotland	G75	55.7511	-4.1977
Waterfoot	Scotland	G76	55.7776	-4.2731
Malletsheugh	Scotland	G77	55.7733	-4.3334
Caldwell	Scotland	G78	55.7752	-4.4612
South Lanarkshire	Scotland	G79	55.771	-4.2231
Clydebank	Scotland	G81	55.9135	-4.4076
Milton	Scotland	G82	55.9517	-4.5743
Balloch	Scotland	G83	56	-4.5833
Cove	Scotland	G84	56	-4.85
Glasgow City	Scotland	G9	55.8667	-4.25
Glasgow City	Scotland	G90	55.8667	-4.25
Gloucester	England	GL1	51.8657	-2.2431
Stonehouse	England	GL10	51.75	-2.2833
Cam	England	GL11	51.6957	-2.357
Kingswood	England	GL12	51.6258	-2.3672
Newport	England	GL13	51.6932	-2.4603
Elton	England	GL14	51.8173	-2.4799
Stowe	England	GL15	51.7369	-2.5518
Broadwell	England	GL16	51.7957	-2.6126
Longhope	England	GL17	51.8667	-2.45
Ryton	England	GL18	51.9417	-2.4149
Leigh	England	GL19	51.9341	-2.1904
Norton	England	GL2	51.9174	-2.2087
Alderton	England	GL20	51.9833	-2
Brockworth	England	GL3	51.8457	-2.16
Whaddon	England	GL4	51.8408	-2.2184
Amberley	England	GL5	51.7383	-2.2209
Cheltenham	England	GL50	51.9	-2.0833
Swindon	England	GL51	51.9236	-2.0984
Woodmancote	England	GL52	51.9446	-2.0458
Cowley	England	GL53	51.8308	-2.056
Ford	England	GL54	51.8966	-1.853
Mickleton	England	GL55	52.0833	-1.7667
Donnington	England	GL56	51.9514	-1.7214
Horsley	England	GL6	51.6833	-2.2333
Preston	England	GL7	51.7	-1.9333
Ashley	England	GL8	51.6422	-2.1721
Acton Turville	England	GL9	51.5252	-2.2774
Burpham	England	GU1	51.2602	-0.5443
Bentley	England	GU10	51.192	-0.875
Farnborough	England	GU11	51.2484	-0.763
Ash	England	GU12	51.2568	-0.7212
Fleet	England	GU13	51.2833	-0.8333
Cove	England	GU14	51.2955	-0.7908
Camberley	England	GU15	51.337	-0.7426
Deepcut	England	GU16	51.3043	-0.7078
Blackwater	England	GU17	51.3301	-0.7774
Lightwater	England	GU18	51.3485	-0.6715
Bagshot	England	GU19	51.3607	-0.688
Stoughton	England	GU2	51.2541	-0.5959
Windlesham	England	GU20	51.3651	-0.6548
St John's	England	GU21	51.3224	-0.5924
Mayford	England	GU22	51.3157	-0.535
Ripley	England	GU23	51.2991	-0.4916
West End	England	GU24	51.339	-0.6442
Virginia Water	England	GU25	51.4034	-0.5665
Beacon Hill	England	GU26	51.1138	-0.7335
Henley	England	GU27	51.0816	-0.7218
Tillington	England	GU28	50.9889	-0.6344
Redford	England	GU29	50.9767	-0.7551
Compton	England	GU3	51.2469	-0.6282
Bramshott	England	GU30	51.0772	-0.8032
Buriton	England	GU31	50.975	-0.9485
Weston	England	GU32	51.0092	-0.9672
Langley	England	GU33	51.0519	-0.8901
Alton	England	GU34	51.1493	-0.9747
Headley	England	GU35	51.1197	-0.8218
Blackheath	England	GU4	51.2055	-0.5255
Darby Green	England	GU46	51.343	-0.8298
Sandhurst	England	GU47	51.3468	-0.7866
Bramley	England	GU5	51.1945	-0.5593
Fleet	England	GU51	51.2833	-0.8333
Fleet	England	GU52	51.2833	-0.8333
Ewhurst	England	GU6	51.1539	-0.4416
Busbridge	England	GU7	51.1846	-0.6173
Brook	England	GU8	51.1478	-0.6443
Farnham	England	GU9	51.2143	-0.7959
Surrey Heath	England	GU95	51.3263	-0.7631
Delancey	England	GY2	49.4838	-2.5429
Sudbury	England	HA0	51.5552	-0.3236
Greenhill	England	HA1	51.5834	-0.3386
Harrow	England	HA2	51.5783	-0.3321
Kingsbury	England	HA3	51.5934	-0.3212
Ruislip	England	HA4	51.5734	-0.4234
Eastcote	England	HA5	51.5765	-0.3974
Northwood	England	HA6	51.6116	-0.4245
Stanmore	England	HA7	51.6167	-0.3167
Burnt Oak	England	HA8	51.6021	-0.2664
Brent	England	HA9	51.5531	-0.3023
Huddersfield	England	HD1	53.649	-1.7842
Huddersfield	England	HD2	53.649	-1.7842
Lindley	England	HD3	53.65	-1.8167
Almondbury	England	HD4	53.6364	-1.745
Kirkheaton	England	HD5	53.6572	-1.7286
Brighouse	England	HD6	53.7032	-1.7843
Holme	England	HD7	53.6239	-1.8779
Shelley	England	HD8	53.6	-1.6833
Holmfirth	England	HD9	53.5697	-1.7878
Bilton	England	HG1	54.0001	-1.535
Harrogate	England	HG2	53.9908	-1.5373
West End	England	HG3	54.0503	-1.6397
Skelton	England	HG4	54.157	-1.5676
Farnham	England	HG5	54.0375	-1.4652
Bourne End	England	HP1	51.7551	-0.4882
Penn	England	HP10	51.6312	-0.6769
Wycombe Marsh	England	HP11	51.6242	-0.7453
Booker	England	HP12	51.6143	-0.7944
Downley	England	HP13	51.6457	-0.7759
Lane End	England	HP14	51.6213	-0.8375
Cryers Hill	England	HP15	51.6586	-0.7111
Ballinger Common	England	HP16	51.7023	-0.7192
Upton	England	HP17	51.7763	-0.8796
Kingswood	England	HP18	51.8626	-1.0022
Aylesbury	England	HP19	51.8167	-0.8146
Gaddesden Row	England	HP2	51.7639	-0.4531
Aylesbury	England	HP20	51.8167	-0.8146
Walton	England	HP21	51.8058	-0.806
Whitchurch	England	HP22	51.8816	-0.8378
Long Marston	England	HP23	51.8316	-0.6978
Askett	England	HP27	51.7164	-0.8439
Apsley	England	HP3	51.7364	-0.4678
Ringshall	England	HP4	51.7677	-0.5689
Newtown	England	HP5	51.7129	-0.6092
Chesham Bois	England	HP6	51.6859	-0.606
Coleshill	England	HP7	51.6468	-0.6284
Chalfont St Giles	England	HP8	51.6318	-0.5703
Beaconsfield	England	HP9	51.6122	-0.6473
Withington	England	HR1	52.1	-2.6333
Hinton	England	HR2	52.0099	-2.7851
Cwmbach	England	HR3	52.0945	-3.0906
Bishopstone	England	HR4	52.0828	-2.8474
Newchurch	Wales	HR5	52.15	-3.15
Marston	England	HR6	52.2331	-2.7726
Thornbury	England	HR7	52.2333	-2.55
Newtown	England	HR8	52.0448	-2.4451
Linton	England	HR9	51.9333	-2.5
Newmarket	Scotland	HS1	58.2125	-6.3814
Kenmore	Scotland	HS2	58.2474	-6.4649
Tarbert	Scotland	HS3	57.8781	-6.8471
Kennavay	Scotland	HS4	57.8708	-6.6964
An t-Ob	Scotland	HS5	57.7657	-7.0115
Borgh	Scotland	HS6	57.6019	-7.3013
Aird	Scotland	HS7	57.4465	-7.3401
Clachan	Scotland	HS8	57.3833	-7.3667
Borgh	Scotland	HS9	56.9721	-7.4728
Kingston upon Hull	England	HU1	53.7446	-0.3353
Willerby	England	HU10	53.761	-0.4419
Marton	England	HU11	53.8273	-0.2206
Preston	England	HU12	53.7509	-0.2072
Hessle	England	HU13	53.7245	-0.4384
North Ferriby	England	HU14	53.7212	-0.5052
Newport	England	HU15	53.7633	-0.6999
Cottingham	England	HU16	53.7806	-0.4154
Bentley	England	HU17	53.8471	-0.4278
Hornsea	England	HU18	53.9104	-0.1681
Hollym	England	HU19	53.704	0.0401
Hull	England	HU2	53.7446	-0.3353
Rowley	England	HU20	53.7902	-0.5068
Hull	England	HU3	53.7446	-0.3353
Hull	England	HU4	53.7446	-0.3353
Hull	England	HU5	53.7603	-0.3758
Dunswell	England	HU6	53.8011	-0.3714
Stoneferry	England	HU7	53.7985	-0.3267
Hull	England	HU8	53.7693	-0.2998
Marfleet	England	HU9	53.7495	-0.2726
Halifax	England	HX1	53.7167	-1.85
Holmfield	England	HX2	53.7187	-1.9458
Boothtown	England	HX3	53.7261	-1.8416
Barkisland	England	HX4	53.6761	-1.9184
Elland	England	HX5	53.6851	-1.8388
Sowerby	England	HX6	53.6814	-1.9335
Eastwood	England	HX7	53.7167	-2.05
Ilford	England	IG1	51.5576	0.0728
Loughton	England	IG10	51.646	0.0538
Barking	England	IG11	51.5333	0.0833
Fairlop Waters	England	IG2	51.5759	0.0815
Seven Kings	England	IG3	51.564	0.0963
Ilford	England	IG4	51.5796	0.0516
Ilford	England	IG5	51.5905	0.0637
Barkingside	England	IG6	51.5877	0.0815
Chigwell	England	IG7	51.62	0.076
Woodford	England	IG8	51.6	0.0167
Buckhurst Hill	England	IG9	51.6241	0.0326
Whitton	England	IP1	52.0833	1.1333
Kirton	England	IP10	52.0083	1.3194
Walton	England	IP11	51.9667	1.35
Sutton	England	IP12	52.0667	1.35
Easton	England	IP13	52.1833	1.35
Ashfield	England	IP14	52.2187	1.2348
Aldeburgh	England	IP15	52.1526	1.6012
Aldringham	England	IP16	52.1932	1.5776
Middleton	England	IP17	52.254	1.5575
Blackwater	England	IP18	52.3306	1.669
Broadway	England	IP19	52.3345	1.4867
Chantry	England	IP2	52.0452	1.1247
Denton	England	IP20	52.4464	1.3533
Oakley	England	IP21	52.3648	1.2354
Hopton	England	IP22	52.3729	0.9269
Eye	England	IP23	52.3205	1.1462
Croxton	England	IP24	52.4417	0.7559
Merton	England	IP25	52.55	0.8167
Little London	England	IP26	52.5177	0.6266
Brandon	England	IP27	52.4477	0.6238
Higham	England	IP28	52.2528	0.5552
Barrow	England	IP29	52.2413	0.5836
Ipswich	England	IP3	52.0417	1.1866
Cross Green	England	IP30	52.2104	0.8257
Norton	England	IP31	52.25	0.8667
Bury St. Edmunds	England	IP32	52.2463	0.7111
Westley	England	IP33	52.25	0.6667
Ipswich	England	IP4	52.0592	1.1555
Kesgrave	England	IP5	52.0624	1.2365
Henley	England	IP6	52.118	1.1503
Cross Green	England	IP7	52.0775	0.933
Nettlestead	England	IP8	52.1052	1.0456
Bentley	England	IP9	51.99	1.0703
Diss	England	IP98	52.3768	1.1091
Newton	Scotland	IV1	57.4833	-4.2328
Balmungie	Scotland	IV10	57.5862	-4.1239
Newton	Scotland	IV11	57.6771	-4.039
Milton	Scotland	IV12	57.5742	-3.865
Woodend	Scotland	IV13	57.3427	-4.0218
Jamestown	Scotland	IV14	57.5855	-4.55
Dingwall	Scotland	IV15	57.5953	-4.4272
Kinloch	Scotland	IV16	57.6621	-4.3413
Achandunie	Scotland	IV17	57.7264	-4.3017
Milton	Scotland	IV18	57.7025	-4.1548
Ardmore	Scotland	IV19	57.8045	-4.063
Culcabock	Scotland	IV2	57.4791	-4.224
Hilton	Scotland	IV20	57.7438	-3.8049
Charlestown	Scotland	IV21	57.7227	-5.739
Cove	Scotland	IV22	57.7388	-5.5138
Braemore	Scotland	IV23	57.75	-5.0333
Doune	Scotland	IV24	57.8804	-4.3541
Achosnich	Scotland	IV25	57.8878	-4.0677
Achiltibuie	Scotland	IV26	58.0216	-5.3457
Kinloch	Scotland	IV27	58.1966	-4.888
Blairmore	Scotland	IV28	58.0097	-4.1582
Milton	Scotland	IV3	57.4768	-4.2472
Auchtertyre	Scotland	IV30	57.6534	-3.3266
Branderburgh	Scotland	IV31	57.7167	-3.2667
Kingston	Scotland	IV32	57.6667	-3.1
Springfield	Scotland	IV36	57.6101	-3.6068
Balmore	Scotland	IV4	57.4505	-4.5263
Clachan	Scotland	IV40	57.2739	-5.6482
Kyleakin	Scotland	IV41	57.2707	-5.7409
Breakish	Scotland	IV42	57.239	-5.8543
Camus Croise	Scotland	IV43	57.1741	-5.841
Kilmore	Scotland	IV44	57.1	-5.8833
Armadale	Scotland	IV45	57.0471	-5.9198
Achnacloich	Scotland	IV46	57.1119	-5.984
Carbost	Scotland	IV47	57.3007	-6.352
Sconser	Scotland	IV48	57.3134	-6.1115
Blackhill	Scotland	IV49	57.2104	-6.0054
Kirkhill	Scotland	IV5	57.4766	-4.4132
Uig	Scotland	IV51	57.5845	-6.3549
Plockton	Scotland	IV52	57.3376	-5.6513
Achmore	Scotland	IV53	57.3333	-5.5667
Milton	Scotland	IV54	57.4308	-5.6182
Balmore	Scotland	IV55	57.4563	-6.6099
Struan	Scotland	IV56	57.3833	-6.4
Newton	Scotland	IV6	57.5046	-4.4053
Drumnadrochit	Scotland	IV63	57.3053	-4.5319
Balblair	Scotland	IV7	57.5841	-4.3853
Belmaduthy	Scotland	IV8	57.5667	-4.2667
Killen	Scotland	IV9	57.5689	-4.1784
Highland	Scotland	IV99	57.4813	-4.224
Craigie	Scotland	KA1	55.5599	-4.4936
Troon	Scotland	KA10	55.5436	-4.6634
Drybridge	Scotland	KA11	55.6179	-4.6271
Irvine	Scotland	KA12	55.6194	-4.6551
Auchentiber	Scotland	KA13	55.6533	-4.7067
Glengarnock	Scotland	KA14	55.7393	-4.6776
Woodside	Scotland	KA15	55.7483	-4.6267
Greenholm	Scotland	KA16	55.6075	-4.3242
Darvel	Scotland	KA17	55.6098	-4.2814
Burnside	Scotland	KA18	55.4548	-4.2245
Craig	Scotland	KA19	55.3243	-4.6494
Dundonald	Scotland	KA2	55.5667	-4.5833
Stevenston	Scotland	KA20	55.6397	-4.7534
Saltcoats	Scotland	KA21	55.6362	-4.7859
Ardrossan	Scotland	KA22	55.6502	-4.8066
Crosbie	Scotland	KA23	55.6899	-4.8721
Highfield	Scotland	KA24	55.7096	-4.7159
Kilbirnie	Scotland	KA25	55.7508	-4.6879
Ardwell	Scotland	KA26	55.2176	-4.8355
Lagg	Scotland	KA27	55.5392	-5.173
Ballochmartin	Scotland	KA28	55.7535	-4.9256
Fairlie	Scotland	KA29	55.756	-4.8556
Waterside	Scotland	KA3	55.6449	-4.4965
Largs	Scotland	KA30	55.7963	-4.8634
Galston	Scotland	KA4	55.6009	-4.3817
Stair	Scotland	KA5	55.48	-4.4718
Waterside	Scotland	KA6	55.3333	-4.4833
Lagg	Scotland	KA7	55.4333	-4.6756
New Prestwick	Scotland	KA8	55.4718	-4.6124
Monkton	Scotland	KA9	55.5	-4.6
Kingston upon Thames	England	KT1	51.4126	-0.2974
West End	England	KT10	51.3683	-0.3547
Cobham	England	KT11	51.33	-0.4113
Hersham	England	KT12	51.3682	-0.4023
Weybridge	England	KT13	51.3722	-0.453
Byfleet	England	KT14	51.3388	-0.474
Woodham	England	KT15	51.3636	-0.496
Lyne	England	KT16	51.3761	-0.5415
Epsom	England	KT17	51.3305	-0.2701
Headley	England	KT18	51.2788	-0.2763
Epsom	England	KT19	51.3305	-0.2701
Norbiton	England	KT2	51.4186	-0.2904
Kingswood	England	KT20	51.2948	-0.2143
Ashtead	England	KT21	51.3087	-0.2997
Givons Grove	England	KT22	51.314	-0.341
Fetcham	England	KT23	51.2888	-0.3558
East Horsley	England	KT24	51.2736	-0.4321
New Malden	England	KT3	51.3992	-0.2556
Malden	England	KT4	51.4	-0.25
Surbiton	England	KT5	51.3915	-0.2982
Surbiton	England	KT6	51.3915	-0.2982
Thames Ditton	England	KT7	51.3896	-0.3393
East Molesey	England	KT8	51.3987	-0.3492
Hook	England	KT9	51.368	-0.3065
Newton	Scotland	KW1	58.4583	-3.2638
Kirkton	Scotland	KW10	57.9745	-3.9778
Lochside	Scotland	KW11	58.3151	-4.0821
Roadside	Scotland	KW12	58.4197	-3.5854
Kirkton	Scotland	KW13	58.457	-3.897
Ham	Scotland	KW14	58.5885	-3.5556
Tradespark	Scotland	KW15	58.974	-2.9688
Aith	Scotland	KW16	58.9587	-3.2747
Broughton	Scotland	KW17	59.3111	-2.5905
Bruan	Scotland	KW2	58.3521	-3.1617
Blackness	Scotland	KW3	58.318	-3.2617
Nottingham	Scotland	KW5	58.2871	-3.3831
Braemore	Scotland	KW6	58.25	-3.5667
Newport	Scotland	KW7	58.1836	-3.5114
Craggie	Scotland	KW8	58.1153	-3.6651
Greenhill	Scotland	KW9	58.0299	-3.9009
Thornton	Scotland	KY1	56.1667	-3.15
Airdrie	Scotland	KY10	56.2308	-2.6998
Charlestown	Scotland	KY11	56.0367	-3.4987
Oakley	Scotland	KY12	56.0667	-3.55
Middleton	Scotland	KY13	56.2054	-3.4653
Newburgh	Scotland	KY14	56.3333	-3.25
Bridgend	Scotland	KY15	56.3587	-3.0751
Denhead	Scotland	KY16	56.3423	-2.8222
Auchtertool	Scotland	KY2	56.1028	-3.2607
Aberdour	Scotland	KY3	56.05	-3.3
Crossgates	Scotland	KY4	56.1146	-3.3628
Crosshill	Scotland	KY5	56.1454	-3.2946
Leslie	Scotland	KY6	56.2	-3.2167
Woodside	Scotland	KY7	56.1968	-3.1358
Leven	Scotland	KY8	56.2	-3
Colinsburgh	Scotland	KY9	56.2213	-2.8463
Fife	Scotland	KY99	56.0548	-3.4377
Liverpool	England	L1	53.4106	-2.9779
Aintree	England	L10	53.4754	-2.952
Liverpool	England	L11	53.4481	-2.9155
West Derby	England	L12	53.4328	-2.9096
Liverpool	England	L13	53.4179	-2.9206
Knotty Ash	England	L14	53.4162	-2.8965
Liverpool	England	L15	53.3975	-2.9206
Childwall	England	L16	53.3972	-2.897
Aigburth	England	L17	53.3653	-2.9178
Allerton	England	L18	53.3805	-2.9086
Garston	England	L19	53.3333	-2.9
Liverpool	England	L2	53.4106	-2.9779
Bootle	England	L20	53.4667	-3.0167
Litherland	England	L21	53.4699	-2.9981
Waterloo	England	L22	53.4667	-3.0167
Thornton	England	L23	53.5	-3
Speke	England	L24	53.3407	-2.841
Gateacre	England	L25	53.374	-2.87
Halewood	England	L26	53.3596	-2.8315
Liverpool	England	L27	53.3877	-2.8383
Liverpool	England	L28	53.4355	-2.8658
Sefton	England	L29	53.5041	-2.972
Liverpool	England	L3	53.4106	-2.9779
Ford	England	L30	53.4841	-2.9725
Melling	England	L31	53.5134	-2.9382
Kirkby	England	L32	53.4833	-2.9
Liverpool	England	L33	53.4898	-2.8764
Knowsley	England	L34	53.454	-2.854
Whiston	England	L35	53.42	-2.7891
Huyton	England	L36	53.4115	-2.8394
Formby	England	L37	53.5536	-3.0682
Hightown	England	L38	53.5167	-3.05
Barton	England	L39	53.5667	-2.9667
Liverpool	England	L4	53.4378	-2.9611
Bescar	England	L40	53.6054	-2.817
Liverpool	England	L5	53.4106	-2.9779
Liverpool	England	L6	53.4106	-2.9779
Liverpool	England	L67	53.4106	-2.9779
Sefton	England	L68	53.4731	-2.9607
Non-geographic	England	L69	53.4069	-2.9746
Liverpool	England	L7	53.4106	-2.9779
Liverpool	England	L70	53.4106	-2.9779
Liverpool	England	L71	53.4106	-2.9779
Sefton	England	L72	53.5041	-2.972
Liverpool	England	L73	53.4106	-2.9779
Liverpool	England	L74	53.4106	-2.9779
Liverpool	England	L75	53.4106	-2.9779
Liverpool	England	L8	53.4106	-2.9779
Sefton	England	L80	53.4692	-2.9691
Walton	England	L9	53.4616	-2.9534
Lancaster	England	LA1	54.0465	-2.7997
Clough	England	LA10	54.2917	-2.4327
Town End	Wales	LA11	54.2043	-2.9338
Marton	England	LA12	54.2032	-3.0836
Newton	England	LA13	54.1182	-3.1984
South End	England	LA14	54.1182	-3.2312
Dalton-in-Furness	England	LA15	54.15	-3.1667
Askam in Furness	England	LA16	54.1833	-3.2167
Beck Side	England	LA17	54.2391	-3.1781
Broadgate	England	LA18	54.2129	-3.3048
Lane End	England	LA19	54.2759	-3.3721
Halton	England	LA2	54.0667	-2.7667
Rosthwaite	England	LA20	54.294	-3.2062
Coniston	England	LA21	54.3667	-3.0667
Waterhead	England	LA22	54.4041	-2.9964
Bowness-on-Windermere	England	LA23	54.3633	-2.9186
Middleton	England	LA3	54.021	-2.8864
West End	England	LA4	54.0702	-2.8528
Warton	England	LA5	54.1333	-2.7667
Newton	England	LA6	54.1753	-2.6117
Woodhouse	England	LA7	54.2256	-2.7731
Stainton	England	LA8	54.2791	-2.7258
Burneside	England	LA9	54.3527	-2.7615
Crossgates	Wales	LD1	52.2716	-3.3089
Cwmbach	Wales	LD2	52.1415	-3.3948
Cray	Wales	LD3	51.9	-3.6167
Garth	Wales	LD4	52.1333	-3.5167
Beulah	Wales	LD5	52.1263	-3.6233
Bwlch-y-sarnau	Wales	LD6	52.3283	-3.4927
Knighton	Wales	LD7	52.35	-3.05
Norton	England	LD8	52.2664	-3.044
Leicester	England	LE1	52.6386	-1.1317
Burbage	England	LE10	52.5167	-1.35
Loughborough	England	LE11	52.7667	-1.2
Belton	England	LE12	52.7817	-1.3373
Melton Mowbray	England	LE13	52.7659	-0.8869
Twyford	England	LE14	52.6844	-0.9237
Preston	England	LE15	52.6125	-0.7143
Middleton	England	LE16	52.5006	-0.764
Walton	England	LE17	52.4675	-1.1778
Kilby	England	LE18	52.5529	-1.0863
Leicester	England	LE19	52.5846	-1.2053
Knighton	England	LE2	52.6076	-1.1166
City of Leicester	England	LE21	52.6323	-1.1249
Braunstone	England	LE3	52.6184	-1.179
Belgrave	England	LE4	52.65	-1.1167
City of Leicester	England	LE41	52.6646	-1.1087
Humberstone	England	LE5	52.6474	-1.0865
City of Leicester	England	LE55	52.7432	-1.4412
Groby	England	LE6	52.6602	-1.226
Ashby de la Zouch	England	LE65	52.7463	-1.4732
Thornton	England	LE67	52.7159	-1.3612
Halstead	England	LE7	52.6803	-1.0694
Whetstone	England	LE8	52.5667	-1.1833
City of Leicester	England	LE87	52.6275	-1.1329
Stapleton	England	LE9	52.5739	-1.2819
Harborough	England	LE94	52.4837	-0.9055
Braunstone	England	LE95	52.6184	-1.179
Llanfynydd	Wales	LL11	53.0634	-3.0361
Hope	Wales	LL12	53.1167	-3.0333
Overton	Wales	LL13	52.9667	-2.9333
Halton	England	LL14	52.9911	-3.0534
Rhewl	Wales	LL15	53.1333	-3.3333
Henllan	Wales	LL16	53.2	-3.4667
Graig	Wales	LL17	53.2558	-3.4142
Bodelwyddan	Wales	LL18	53.2683	-3.5008
Gronant	Wales	LL19	53.3274	-3.408
Garth	Wales	LL20	52.9589	-3.1606
Four Crosses	Wales	LL21	52.9899	-3.4098
Dolwen	Wales	LL22	53.173	-3.6738
Sarnau	Wales	LL23	52.9055	-3.6018
Rhydlydan	Wales	LL24	53.1098	-3.8027
Blaenau Dolwyddelan	Wales	LL25	53.0539	-3.8886
Nebo	Wales	LL26	53.1116	-3.7824
Trefriw	Wales	LL27	53.1514	-3.8257
Pentrefelin	Wales	LL28	53.2835	-3.7664
Colwyn Bay	Wales	LL29	53.2948	-3.7267
Gogarth	Wales	LL30	53.325	-3.8315
Deganwy	Wales	LL31	53.3045	-3.8273
Tal-y-bont	Wales	LL32	53.2218	-3.8435
Abergwyngregyn	Wales	LL33	53.2578	-3.9742
Capelulo	Wales	LL34	53.2667	-3.9333
Aberdyfi	Wales	LL35	52.5444	-4.0454
Pandy	Wales	LL36	52.6042	-4.0646
Llwyngwril	Wales	LL37	52.6677	-4.0842
Fairbourne	Wales	LL38	52.6968	-4.0561
Arthog	Wales	LL39	52.7116	-4.0097
Minffordd	Wales	LL40	52.7564	-3.8751
Bethania	Wales	LL41	52.958	-3.9475
Barmouth	Wales	LL42	52.7238	-4.0575
Tal-y-bont	Wales	LL43	52.7745	-4.0927
Coed Ystumgwern	Wales	LL44	52.7821	-4.0882
Llanbedr	Wales	LL45	52.8167	-4.1
Eisingrug	Wales	LL46	52.8518	-4.1119
Talsarnau	Wales	LL47	52.9034	-4.0649
Minffordd	Wales	LL48	52.9246	-4.0821
Llanfihangel-y-pennant	Wales	LL49	52.9291	-4.1378
Bryncir	Wales	LL51	52.9777	-4.2654
Pentrefelin	Wales	LL52	52.9207	-4.2531
Dinas	Wales	LL53	52.8842	-4.4932
Carmel	Wales	LL54	53.0584	-4.2873
Bethel	Wales	LL55	53.1339	-4.2049
Y Felinheli	Wales	LL56	53.1874	-4.2048
Garth	Wales	LL57	53.2072	-4.1118
Llanfaes	Wales	LL58	53.2667	-4.1
Llansadwrn	Wales	LL59	53.2352	-4.1606
Gaerwen	Wales	LL60	53.2211	-4.2736
Newborough	Wales	LL61	53.1954	-4.2639
Bethel	Wales	LL62	53.2108	-4.386
Tycroes	Wales	LL63	53.2191	-4.4704
Llanfaelog	Wales	LL64	53.2282	-4.4935
Kingsland	Wales	LL65	53.2787	-4.5278
Rhosgoch	Wales	LL66	53.3769	-4.3909
Neuadd	Wales	LL67	53.4077	-4.4503
Brynrefail	Wales	LL68	53.3807	-4.3677
Penysarn	Wales	LL69	53.3898	-4.317
Nebo	Wales	LL70	53.3638	-4.288
Ceidio	Wales	LL71	53.3365	-4.3614
Moelfre	Wales	LL72	53.35	-4.2333
Llanallgo	Wales	LL73	53.344	-4.2477
Benllech	Wales	LL74	53.3204	-4.2261
Pentraeth	Wales	LL75	53.2837	-4.2178
Llanbedrgoch	Wales	LL76	53.3003	-4.2364
Carmel	Wales	LL77	53.2746	-4.3013
Brynteg	Wales	LL78	53.319	-4.2607
Burton	England	LN1	53.2667	-0.5667
Roughton	England	LN10	53.1647	-0.1691
Church End	England	LN11	53.3729	0.0262
Thorpe	England	LN12	53.3295	0.2644
Alford	England	LN13	53.25	0.1833
Welton	England	LN2	53.3	-0.4833
Hatton	England	LN3	53.2421	-0.416
Walcot	England	LN4	53.0947	-0.3131
Sutton	England	LN5	53.1746	-0.557
Stapleford	England	LN6	53.2012	-0.5991
Rothwell	England	LN7	53.4833	-0.2667
Kirkby	England	LN8	53.3745	-0.327
Thornton	England	LN9	53.2176	-0.1123
Leeds	England	LS1	53.7965	-1.5478
Middleton	England	LS10	53.7496	-1.5494
Beeston	England	LS11	53.7667	-1.5667
New Farnley	England	LS12	53.7913	-1.5972
Leeds	England	LS13	53.8107	-1.6354
Seacroft	England	LS14	53.8182	-1.4565
Crossgates	England	LS15	53.8109	-1.4424
Adel	England	LS16	53.852	-1.5798
Weeton	England	LS17	53.9167	-1.5667
Horsforth	England	LS18	53.838	-1.6404
Rawdon	England	LS19	53.8552	-1.6841
Leeds	England	LS2	53.7965	-1.5478
Hawksworth	England	LS20	53.8743	-1.7158
Otley	England	LS21	53.9055	-1.6938
Linton	England	LS22	53.9162	-1.4099
Walton	England	LS23	53.9184	-1.3194
Colton	England	LS24	53.8961	-1.1782
Biggin	England	LS25	53.8054	-1.1766
Oulton	England	LS26	53.7504	-1.4537
Morley	England	LS27	53.7401	-1.5988
Calverley	England	LS28	53.8283	-1.6882
Middleton	England	LS29	53.9443	-1.8205
Leeds	England	LS3	53.7965	-1.5478
Leeds	England	LS4	53.8103	-1.5846
Kirkstall	England	LS5	53.8158	-1.6022
Leeds	England	LS6	53.8201	-1.5704
Chapel Allerton	England	LS7	53.829	-1.5383
Gledhow	England	LS8	53.8245	-1.5099
Leeds	England	LS88	53.7657	-1.5012
Halton	England	LS9	53.7995	-1.5107
Leeds	England	LS98	53.7965	-1.5478
Leeds	England	LS99	53.7965	-1.5478
Luton	England	LU1	51.8797	-0.4175
Lilley	England	LU2	51.9254	-0.3747
Streatley	England	LU3	51.9463	-0.4437
Chalton	England	LU4	51.9279	-0.5015
Toddington	England	LU5	51.9492	-0.5328
Church End	England	LU6	51.8791	-0.536
Horton	England	LU7	51.9074	-0.6637
Manchester	England	M1	53.4809	-2.2374
Manchester	England	M11	53.479	-2.1818
Levenshulme	England	M12	53.4442	-2.1916
Rusholm	England	M13	53.4698	-2.2295
Manchester	England	M14	53.4482	-2.2257
Manchester	England	M15	53.4809	-2.2374
Manchester	England	M16	53.4551	-2.2645
Trafford Park	England	M17	53.4688	-2.3119
Gorton	England	M18	53.4667	-2.1667
Burnage	England	M19	53.4327	-2.1997
Manchester	England	M2	53.4809	-2.2374
Withington	England	M20	53.4346	-2.2344
Chorlton-cum-Hardy	England	M21	53.4351	-2.2631
Moss Nook	England	M22	53.3861	-2.2599
Baguley	England	M23	53.3947	-2.279
Middleton	England	M24	53.55	-2.2
Prestwich	England	M25	53.5333	-2.2833
Radcliffe	England	M26	53.55	-2.3333
Swinton	England	M27	53.5109	-2.335
Boothstown	England	M28	53.5025	-2.4164
Astley Green	England	M29	53.5139	-2.4675
Manchester	England	M3	53.4809	-2.2374
Eccles	England	M30	53.4833	-2.3333
Carrington	England	M31	53.4333	-2.3833
Stretford	England	M32	53.45	-2.3167
Ashton upon Mersey	England	M33	53.4252	-2.3244
Denton	England	M34	53.4568	-2.1182
Failsworth	England	M35	53.5048	-2.1657
Little Hulton	England	M38	53.5333	-2.4167
Manchester	England	M4	53.4809	-2.2374
Manchester	England	M40	53.5041	-2.191
Flixton	England	M41	53.45	-2.3833
Droylsden	England	M43	53.48	-2.1454
Cadishead	England	M44	53.4425	-2.4232
Whitefield	England	M45	53.55	-2.3
Atherton	England	M46	53.5237	-2.4935
Salford	England	M5	53.4792	-2.2859
Salford	England	M50	53.4767	-2.2932
Salford	England	M6	53.4926	-2.2991
Manchester	England	M60	53.4809	-2.2374
Manchester	England	M61	53.4809	-2.2374
Broughton	England	M7	53.5056	-2.2623
Cheetham Hill	England	M8	53.4986	-2.2385
Manchester	England	M9	53.522	-2.2139
Ringway	England	M90	53.3635	-2.278
Manchester	England	M99	53.4809	-2.2374
Rochester	England	ME1	51.3876	0.5055
Kemsley	England	ME10	51.345	0.7385
Queenborough	England	ME11	51.4162	0.7477
Minster	England	ME12	51.4217	0.8118
Preston	England	ME13	51.3035	0.894
Maidstone	England	ME14	51.2667	0.5167
Hunton	England	ME15	51.2177	0.458
East Barming	England	ME16	51.2738	0.497
Leeds	England	ME17	51.2468	0.6068
Kent Street	England	ME18	51.2481	0.3929
Addington	England	ME19	51.3068	0.3736
Cuxton	England	ME2	51.3743	0.4569
Eccles	England	ME20	51.3044	0.4587
Higham	England	ME3	51.4155	0.4597
Brompton	England	ME4	51.4	0.5333
Luton	England	ME5	51.369	0.5473
Ham Hill	England	ME6	51.3297	0.443
Grange	England	ME7	51.3795	0.5558
Rainham	England	ME8	51.3632	0.6089
Tunstall	England	ME9	51.3259	0.7213
Maidstone	England	ME99	51.2667	0.5167
Milton Keynes	England	MK1	52.0075	-0.7271
Milton Keynes Village	England	MK10	52.0386	-0.6987
Stony Stratford	England	MK11	52.0568	-0.8528
Wolverton	England	MK12	52.0625	-0.8166
Bradwell	England	MK13	52.0486	-0.7877
Great Linford	England	MK14	52.0656	-0.7591
Willen	England	MK15	52.0641	-0.7231
Broughton	England	MK16	52.0494	-0.6907
Thornton	England	MK17	52.0159	-0.9057
Twyford	England	MK18	51.9316	-1.0345
Calverton	England	MK19	52.0412	-0.8504
Fenny Stratford	England	MK2	51.9968	-0.718
Bletchley	England	MK3	51.9933	-0.7347
Milton Keynes	England	MK4	52.0045	-0.7823
Bedford	England	MK40	52.1346	-0.4663
Clapham	England	MK41	52.1608	-0.4953
Elstow	England	MK42	52.1073	-0.4649
West End	England	MK43	52.118	-0.56
Willington	England	MK44	52.1341	-0.3724
Greenfield	England	MK45	52.0028	-0.466
Warrington	England	MK46	52.1845	-0.6876
Loughton	England	MK5	52.0304	-0.7864
Milton Keynes	England	MK6	52.0417	-0.7558
Walton	England	MK7	52.0172	-0.6909
Abbey Hill	England	MK77	52.0421	-0.8189
Milton Keynes	England	MK8	52.0338	-0.8028
Milton Keynes	England	MK9	52.0417	-0.7558
Bellside	Scotland	ML1	55.8087	-3.9366
Sandford	Scotland	ML10	55.6795	-4.0854
West End	Scotland	ML11	55.667	-3.7886
Newton	Scotland	ML12	55.5035	-3.5143
Waterloo	Scotland	ML2	55.7657	-3.8963
Allanton	Scotland	ML3	55.7707	-4.0549
Bellshill	Scotland	ML4	55.8167	-4.0167
Coatbridge	Scotland	ML5	55.8622	-4.0247
Airdrie	Scotland	ML6	55.866	-3.9803
Allanton	Scotland	ML7	55.83	-3.7955
Crossford	Scotland	ML8	55.7	-3.8667
Stonehouse	Scotland	ML9	55.6667	-3.9833
Islington	England	N1	51.5362	-0.103
Muswell Hill	England	N10	51.5905	-0.1421
Bounds Green	England	N11	51.6165	-0.1441
Colney Hatch	England	N12	51.6077	-0.166
Bowes Park	England	N13	51.6179	-0.1101
Southgate	England	N14	51.6342	-0.1307
Seven Sisters	England	N15	51.5843	-0.073
Newington Green	England	N16	51.5625	-0.074
Waltham Forest	England	N17	51.5981	-0.0717
Edmonton	England	N18	51.6256	-0.058
Holloway Road	England	N19	51.5649	-0.1351
Islington	England	N1C	51.5362	-0.103
Islington	England	N1P	51.5362	-0.103
Hampstead Garden Suburb	England	N2	51.59	-0.1531
Whetstone	England	N20	51.6333	-0.1667
Southgate	England	N21	51.6167	-0.1
Bowes Park	England	N22	51.6	-0.1167
Church End	England	N3	51.6004	-0.194
Harringay	England	N4	51.5693	-0.1069
Highbury	England	N5	51.55	-0.1
Dartmouth Park	England	N6	51.5657	-0.159
Islington	England	N7	51.5362	-0.103
Haringey	England	N8	51.5825	-0.1202
Newham	England	N81	51.5663	-0.0768
Jubilee	England	N9	51.6285	-0.0581
Newcastle upon Tyne	England	NE1	54.9733	-1.614
Felling	England	NE10	54.953	-1.5715
Dunston	England	NE11	54.95	-1.65
Benton Square	England	NE12	55.029	-1.5676
Dinnington	England	NE13	55.0543	-1.6754
Horsley	England	NE15	54.9833	-1.85
Sunniside	England	NE16	54.9305	-1.691
Leadgate	England	NE17	54.9135	-1.8176
Hawkwell	England	NE18	55.038	-1.8652
Horsley	England	NE19	55.1792	-2.0971
Heaton	England	NE2	54.9833	-1.5833
Dalton	England	NE20	55.0428	-1.8286
Barlow	England	NE21	54.9577	-1.7213
Bedlington	England	NE22	55.1306	-1.5932
Burradon	England	NE23	55.0637	-1.5547
Newsham	England	NE24	55.1091	-1.5262
Earsdon	England	NE25	55.046	-1.499
Seaton	England	NE26	55.0518	-1.4587
New York	England	NE27	55.0324	-1.5122
Willington	England	NE28	55.0001	-1.5201
North Shields	England	NE29	55.0165	-1.4493
Kenton	England	NE3	55.0063	-1.6511
Preston	England	NE30	55.0212	-1.4394
Hebburn	England	NE31	54.973	-1.5155
Monkton	England	NE32	54.9677	-1.4843
South Shields	England	NE33	54.9986	-1.4323
Harton	England	NE34	54.9667	-1.4
Boldon Colliery	England	NE35	54.9503	-1.469
Boldon	England	NE36	54.9426	-1.4535
Washington	England	NE37	54.9	-1.5167
Washington	England	NE38	54.9	-1.5167
Highfield	England	NE39	54.9241	-1.7601
Blakelaw	England	NE4	54.974	-1.6447
Ryton	England	NE40	54.974	-1.7631
Wylam	England	NE41	54.9765	-1.8219
Ovington	England	NE42	54.9687	-1.8959
Newton	England	NE43	54.9483	-1.9052
Healey	England	NE44	54.9167	-1.9667
Halton	England	NE45	54.9765	-2.0147
Dalton	England	NE46	54.9787	-2.1076
Whitfield	England	NE47	54.9	-2.3333
Charlton	England	NE48	55.0619	-2.2006
Stonehouse	England	NE49	54.9672	-2.4608
Black Callerton	England	NE5	54.996	-1.6889
Byker	England	NE6	54.9775	-1.5656
Middleton	England	NE61	55.1794	-1.6879
Sheepwash	England	NE62	55.1615	-1.5933
Ashington	England	NE63	55.1639	-1.5864
Newbiggin-by-the-Sea	England	NE64	55.1853	-1.5147
Newtown	England	NE65	55.3142	-1.7512
Newtown	England	NE66	55.3816	-1.8198
Preston	England	NE67	55.5167	-1.7
Elford	England	NE68	55.5793	-1.6592
Burton	England	NE69	55.6048	-1.7181
Longbenton	England	NE7	55.0178	-1.5694
Middleton	England	NE70	55.6172	-1.8464
Doddington	England	NE71	55.5943	-2.0185
Gateshead	England	NE8	54.9621	-1.6017
Gateshead	England	NE82	54.9621	-1.6017
Gateshead	England	NE83	54.9346	-1.6151
Gateshead	England	NE85	54.9287	-1.5747
Gateshead	England	NE88	54.9621	-1.6017
Springwell	England	NE9	54.9313	-1.5855
Gateshead	England	NE92	54.9621	-1.6017
Gateshead	England	NE98	54.9621	-1.6017
Newcastle upon Tyne (PO Boxes)	England	NE99	54.9658	-1.6058
Nottingham	England	NG1	52.9536	-1.1505
Sawley	England	NG10	52.8825	-1.3
Clifton	England	NG11	52.9	-1.1833
Tollerton	England	NG12	52.9167	-1.0833
Newton	England	NG13	52.9485	-0.9056
Calverton	England	NG14	53.0373	-1.0826
Newstead	England	NG15	53.0667	-1.2167
Eastwood	England	NG16	53	-1.3
Huthwaite	England	NG17	53.1333	-1.3
Mansfield	England	NG18	53.1333	-1.2
New Houghton	England	NG19	53.169	-1.2205
Gamston	England	NG2	52.9285	-1.1043
Norton	England	NG20	53.2423	-1.1447
Blidworth	England	NG21	53.0985	-1.1169
Milton	England	NG22	53.1805	-0.9766
Upton	England	NG23	53.0667	-0.9
Coddington	England	NG24	53.0833	-0.75
Morton	England	NG25	53.0739	-0.9619
Nottingham	England	NG3	52.9536	-1.1505
Manthorpe	England	NG31	52.9299	-0.6317
Denton	England	NG32	52.8835	-0.7122
Easton	England	NG33	52.8286	-0.6136
Newton	England	NG34	52.9873	-0.394
Carlton	England	NG4	52.9708	-1.0877
Redhill	England	NG5	53.0128	-1.1325
Bulwell	England	NG6	52.9989	-1.1971
Nottingham	England	NG7	52.9536	-1.1505
Mansfield	England	NG70	53.1333	-1.2
Bilborough	England	NG8	52.9648	-1.2132
Broxtowe	England	NG80	52.8925	-1.1495
Stapleford	England	NG9	52.9316	-1.2706
Broxtowe	England	NG90	52.9263	-1.1915
Northampton	England	NN1	52.25	-0.8833
Rushden	England	NN10	52.2893	-0.6018
Norton	England	NN11	52.2667	-1.1167
Weston	England	NN12	52.1176	-1.1405
Whitfield	England	NN13	52.05	-1.1167
Newton	England	NN14	52.4333	-0.7
Barton Seagrave	England	NN15	52.3637	-0.6785
Kettering	England	NN16	52.3984	-0.7257
Gretton	England	NN17	52.5333	-0.6667
Little Oakley	England	NN18	52.4783	-0.7137
Boughton	England	NN2	52.2833	-0.9
Wollaston	England	NN29	52.2579	-0.6704
Moulton	England	NN3	52.2898	-0.8523
Wootton	England	NN4	52.2017	-0.8852
Upton	England	NN5	52.2401	-0.9531
Watford	England	NN6	52.3169	-1.1158
Denton	England	NN7	52.2138	-0.7766
Wilby	England	NN8	52.2868	-0.729
Hardwick	England	NN9	52.3202	-0.7532
Newport	Wales	NP10	51.5877	-2.9984
Newport	Wales	NP11	51.6439	-3.1317
Blackwood	Wales	NP12	51.6678	-3.2075
Abertillery	Wales	NP13	51.7298	-3.1343
Usk	Wales	NP15	51.7035	-2.9033
Chepstow	Wales	NP16	51.6409	-2.6768
Newport	Wales	NP18	51.6084	-2.9435
Newport	Wales	NP19	51.5888	-2.9638
Newport	Wales	NP20	51.5877	-2.9984
Tredegar	Wales	NP22	51.7725	-3.2468
Ebbw Vale	Wales	NP23	51.7771	-3.2079
New Tredegar	Wales	NP24	51.7205	-3.2413
Monmouth	Wales	NP25	51.8127	-2.7136
Caldicot	Wales	NP26	51.5866	-2.7574
New Inn	Wales	NP4	51.6906	-3.0092
Croesyceiliog	Wales	NP44	51.6507	-3.0178
Pandy	Wales	NP7	51.9	-2.9667
Llanbedr	Wales	NP8	51.8833	-3.1
Lakenham	England	NR1	52.6271	1.3072
Waterloo	England	NR10	52.7455	1.2455
Oulton	England	NR11	52.8167	1.1667
Sutton	England	NR12	52.7604	1.5348
Upton	England	NR13	52.65	1.55
Thorpe	England	NR14	52.5623	1.3772
Hardwick	England	NR15	52.4603	1.2675
North End	England	NR16	52.4683	1.0163
Attleborough	England	NR17	52.5178	1.0157
Kimberley	England	NR18	52.5833	1.05
Westfield	England	NR19	52.6806	0.8848
Eaton	England	NR2	52.6295	1.2808
Twyford	England	NR20	52.783	0.9896
Westgate	England	NR21	52.8403	0.8588
East Barsham	England	NR22	52.8942	0.8665
Cockthorpe	England	NR23	52.9441	0.8762
Gunthorpe	England	NR24	52.8743	0.9899
Holt	England	NR25	52.9059	1.0886
Beeston Regis	England	NR26	52.9408	1.2093
Cromer	England	NR27	52.9312	1.2989
Bradfield	England	NR28	52.8225	1.3979
Newport	England	NR29	52.6944	1.6352
Norwich	England	NR3	52.6278	1.2983
West End	England	NR30	52.6196	1.7276
Belton	England	NR31	52.5679	1.6598
Oulton	England	NR32	52.4833	1.7333
Carlton Colville	England	NR33	52.4521	1.6937
West End	England	NR34	52.4029	1.533
Broome	England	NR35	52.4719	1.4745
Keswick	England	NR4	52.613	1.2591
Bowthorpe	England	NR5	52.6388	1.2189
Catton	England	NR6	52.6618	1.2807
Sprowston	England	NR7	52.6528	1.3246
Drayton	England	NR8	52.6667	1.2167
Easton	England	NR9	52.6527	1.1577
Norwich	England	NR99	52.6278	1.2983
Marylebone	England	NW1	51.5254	-0.1681
Church End	England	NW10	51.5412	-0.2477
North End	England	NW11	51.5785	-0.1976
Camden	England	NW1W	51.5308	-0.1354
Childs Hill	England	NW2	51.5608	-0.2233
Camden	England	NW26	51.5308	-0.1354
Camden	England	NW3	51.5462	-0.1681
Hendon	England	NW4	51.6	-0.2167
Gospel Oak	England	NW5	51.5517	-0.1413
Kensal Rise	England	NW6	51.542	-0.1963
Mill Hill	England	NW7	51.6143	-0.2482
Abbey Road	England	NW8	51.5299	-0.1747
Kingsbury	England	NW9	51.5857	-0.2769
Oldham	England	OL1	53.5405	-2.1183
Heywood	England	OL10	53.5925	-2.2194
Castleton	England	OL11	53.5833	-2.1833
Healey	England	OL12	53.6362	-2.1656
Bacup	England	OL13	53.7034	-2.2007
Clough Foot	England	OL14	53.7142	-2.113
Clough	England	OL15	53.6446	-2.1003
Firgrove	England	OL16	53.6157	-2.1247
Shaw	England	OL2	53.5667	-2.0833
Greenfield	England	OL3	53.5333	-2.0167
Lees	England	OL4	53.5333	-2.0667
Mossley	England	OL5	53.5145	-2.0346
Hurst	England	OL6	53.4941	-2.0866
Ashton-under-Lyne	England	OL7	53.4888	-2.0989
Bardsley	England	OL8	53.526	-2.1173
Chadderton	England	OL9	53.5405	-2.1183
Oldham	England	OL95	53.5405	-2.1183
Wootton	England	OX1	51.7066	-1.3156
Newington	England	OX10	51.6634	-1.115
Upton	England	OX11	51.5774	-1.2613
Charlton	England	OX12	51.5954	-1.4259
Netherton	England	OX13	51.6781	-1.3537
Milton	England	OX14	51.6276	-1.299
Milton	England	OX15	52.0114	-1.3482
Banbury	England	OX16	52.0632	-1.3422
Charlton	England	OX17	52.0741	-1.2896
Aston	England	OX18	51.725	-1.508
Botley	England	OX2	51.7657	-1.2797
Wootton	England	OX20	51.8765	-1.3642
Bicester	England	OX25	51.9	-1.1536
Bicester	England	OX26	51.9	-1.1536
Bicester	England	OX27	51.9	-1.1536
Witney	England	OX28	51.7836	-1.4854
Witney	England	OX29	51.7836	-1.4854
Marston	England	OX3	51.7805	-1.2448
Holton	England	OX33	51.753	-1.1311
Chinnor	England	OX39	51.7018	-0.9116
Cowley	England	OX4	51.7321	-1.2063
Denton	England	OX44	51.6975	-1.1213
Watlington	England	OX49	51.6433	-1.0045
Islip	England	OX5	51.8237	-1.237
Hardwick	England	OX6	51.8635	-0.8318
Dean	England	OX7	51.9108	-1.528
Sutton	England	OX8	52.0322	-1.5625
Easington	England	OX9	51.7384	-0.984
Paisley	Scotland	PA1	55.8317	-4.4325
Carruthmuir	Scotland	PA10	55.8316	-4.5447
Bridge of Weir	Scotland	PA11	55.85	-4.5833
Lochwinnoch	Scotland	PA12	55.7952	-4.6303
Auchenbothie	Scotland	PA13	55.8947	-4.6264
Langbank	Scotland	PA14	55.9236	-4.5926
Greenock	Scotland	PA15	55.9484	-4.7612
Garvock	Scotland	PA16	55.9426	-4.8002
Skelmorlie	Scotland	PA17	55.8695	-4.8847
Wemyss Bay	Scotland	PA18	55.8761	-4.8895
Castle Levan	Scotland	PA19	55.9616	-4.8179
Paisley	Scotland	PA2	55.8317	-4.4325
Ardbeg	Scotland	PA20	55.8341	-5.0572
Kames	Scotland	PA21	55.8833	-5.2667
Springfield	Scotland	PA22	55.9979	-5.174
Strone	Scotland	PA23	55.9859	-4.9062
Carrick	Scotland	PA24	56.1584	-4.9045
Hazelbank	Scotland	PA25	56.2145	-5.0422
Clachan	Scotland	PA26	56.2588	-4.9369
Newton	Scotland	PA27	56.1365	-5.1062
Southend	Scotland	PA28	55.3167	-5.6333
Clachan	Scotland	PA29	55.7333	-5.5667
Linwood	Scotland	PA3	55.8516	-4.446
Ardrishaig	Scotland	PA30	56.0157	-5.4481
Ford	Scotland	PA31	56.1667	-5.4333
Tullich	Scotland	PA32	56.1144	-5.2204
Durran	Scotland	PA33	56.4113	-5.1131
Kinloch	Scotland	PA34	56.3937	-5.4884
Hayfield	Scotland	PA35	56.35	-5.1167
Achallader	Scotland	PA36	56.5583	-4.7428
Achnacloich	Scotland	PA37	56.454	-5.3192
Keil	Scotland	PA38	56.5932	-5.3326
Inchinnan	Scotland	PA4	55.8899	-4.4384
Tarbert	Scotland	PA41	55.6745	-5.7426
Ardbeg	Scotland	PA42	55.6333	-6.1
Bridgend	Scotland	PA43	55.7559	-6.2838
Barr	Scotland	PA44	55.7986	-6.2934
Ballygrant	Scotland	PA45	55.819	-6.1593
Ardnahoe	Scotland	PA46	55.8625	-6.1196
Kelsay	Scotland	PA47	55.6785	-6.5067
Carn	Scotland	PA48	55.7382	-6.3847
Aruadh	Scotland	PA49	55.7747	-6.3973
Elderslie	Scotland	PA5	55.8333	-4.486
Crosslee	Scotland	PA6	55.8676	-4.5093
Tarbert	Scotland	PA60	55.8665	-5.9289
Balnahard	Scotland	PA61	56.0708	-6.2084
Lochbuie	Scotland	PA62	56.356	-5.8731
Croggan	Scotland	PA63	56.3822	-5.7163
Auchnacraig	Scotland	PA64	56.4378	-5.6862
Ardura	Scotland	PA65	56.4678	-5.6992
Kintra	Scotland	PA66	56.3281	-6.3545
Lee	Scotland	PA67	56.3139	-6.2327
Balnahard	Scotland	PA68	56.4343	-6.143
Argyll and Bute	Scotland	PA69	56.3795	-6.0777
Bishopton	Scotland	PA7	55.9097	-4.5056
Carsaig	Scotland	PA70	56.3642	-6.0345
Knock	Scotland	PA71	56.4667	-5.9833
Ledmore	Scotland	PA72	56.5056	-5.9556
Ballygown	Scotland	PA73	56.5129	-6.1763
Kilninian	Scotland	PA74	56.5325	-6.2353
Achnadrish	Scotland	PA75	56.6037	-6.1935
Ruanaich	Scotland	PA76	56.3339	-6.3949
Caolas	Scotland	PA77	56.5406	-6.7428
Uig	Scotland	PA78	56.6254	-6.5461
Erskine	Scotland	PA8	55.9005	-4.4503
Castlebay	Scotland	PA80	56.5662	-5.7843
Howwood	Scotland	PA9	55.8	-4.55
Newark	England	PE1	52.587	-0.239
Morton	England	PE10	52.8026	-0.374
Church End	England	PE11	52.8054	-0.1667
Weston	England	PE12	52.791	-0.0952
Newton	England	PE13	52.7062	0.1216
Christchurch	England	PE14	52.5526	0.1951
Doddington	England	PE15	52.4967	0.0602
Chatteris	England	PE16	52.454	0.0501
Croxton	England	PE19	52.2249	-0.179
Alwalton	England	PE2	52.5584	-0.2625
Drayton	England	PE20	52.9167	-0.15
Boston	England	PE21	52.9763	-0.0266
Carrington	England	PE22	53.0833	-0.05
Langton	England	PE23	53.1728	0.0895
Croft	England	PE24	53.1333	0.25
Seacroft	England	PE25	53.1537	0.3345
Huntingdon	England	PE26	52.4536	-0.1162
St. Ives	England	PE27	52.3325	-0.075
Huntingdon	England	PE28	52.3305	-0.1865
Huntingdon	England	PE29	52.3305	-0.1865
Longthorpe	England	PE3	52.567	-0.283
North Wootton	England	PE30	52.7833	0.4333
Southgate	England	PE31	52.8688	0.6186
Newton	England	PE32	52.7283	0.6346
Whittington	England	PE33	52.6228	0.3971
Little London	England	PE34	52.7108	0.3377
Sandringham	England	PE35	52.8309	0.507
Ringstead	England	PE36	52.933	0.5385
Beechamwell	England	PE37	52.6271	0.7206
Fordham	England	PE38	52.5681	0.3783
Walton	England	PE4	52.6	-0.2667
Sutton	England	PE5	52.5773	-0.3846
Thorney	England	PE6	52.6215	-0.1081
Denton	England	PE7	52.5369	-0.2041
Elton	England	PE8	52.5313	-0.3953
Uffington	England	PE9	52.657	-0.4322
City of Peterborough	England	PE99	52.614	-0.2872
Thornton	Scotland	PH1	56.4219	-3.4783
Middleton	Scotland	PH10	56.5698	-3.5526
Alrick	Scotland	PH11	56.7333	-3.3167
Kinloch	Scotland	PH12	56.5759	-3.1549
Woodside	Scotland	PH13	56.5167	-3.2833
Littleton	Scotland	PH14	56.4528	-3.1811
Woodend	Scotland	PH15	56.6097	-3.9404
Balliemore	Scotland	PH16	56.7068	-3.9647
Carie	Scotland	PH17	56.6759	-4.4025
Struan	Scotland	PH18	56.75	-3.9167
Ben Alder Lodge	Scotland	PH19	56.9347	-4.2417
Bridgend	Scotland	PH2	56.3587	-3.3336
Laggan	Scotland	PH20	57.0333	-4.2667
Ruthven	Scotland	PH21	57.0667	-4.0333
Doune	Scotland	PH22	57.1936	-3.8205
Bogroy	Scotland	PH23	57.2763	-3.8279
Auchgourish	Scotland	PH24	57.2503	-3.7556
Lettoch	Scotland	PH25	57.2649	-3.6561
Lettoch	Scotland	PH26	57.3297	-3.6068
Kirkton	Scotland	PH3	56.3023	-3.7053
Corrour Shooting Lodge	Scotland	PH30	56.7922	-4.6016
Moy	Scotland	PH31	56.8924	-4.8158
Fort Augustus	Scotland	PH32	57.1431	-4.6822
Strone	Scotland	PH33	56.8178	-5.0965
Laggan	Scotland	PH34	56.9195	-4.9297
Newtown	Scotland	PH35	57.0965	-4.9154
Woodend	Scotland	PH36	56.6765	-5.7987
Glenaladale	Scotland	PH37	56.8218	-5.5266
Arienskill	Scotland	PH38	56.8633	-5.7001
Arisaig	Scotland	PH39	56.9098	-5.8459
Blackford	Scotland	PH4	56.25	-3.7667
Bracora	Scotland	PH40	56.9693	-5.7613
Tarbet	Scotland	PH41	56.9698	-5.6344
Cleadale	Scotland	PH42	56.9167	-6.15
Kinloch	Scotland	PH43	57.0154	-6.2815
A'Chill	Scotland	PH44	57.0568	-6.5037
Highland	Scotland	PH49	56.6745	-5.1134
Westerton	Scotland	PH5	56.3321	-3.8329
Highland	Scotland	PH50	56.7145	-4.965
Ross	Scotland	PH6	56.4019	-4.04
Balloch	Scotland	PH7	56.3731	-3.8277
Newton	Scotland	PH8	56.5625	-3.5998
Ballinluig	Scotland	PH9	56.6527	-3.6682
Stonehouse	England	PL1	50.3706	-4.1531
Millbrook	England	PL10	50.3498	-4.2134
Seaton	England	PL11	50.373	-4.2541
Blunts	England	PL12	50.4464	-4.2697
St Martin	England	PL13	50.3392	-4.5575
Upton	England	PL14	50.5333	-4.4333
Newport	England	PL15	50.6331	-4.3975
Broadwoodwidger	England	PL16	50.6807	-4.252
Newbridge	England	PL17	50.515	-4.3103
Chilsworthy	England	PL18	50.5103	-4.2099
Whitchurch	England	PL19	50.5333	-4.1333
Plymouth	England	PL2	50.3715	-4.143
Yelverton	England	PL20	50.4929	-4.0838
Lutton	England	PL21	50.3837	-3.8996
Bridgend	England	PL22	50.3895	-4.6518
Bodinnick	England	PL23	50.3422	-4.6376
Menabilly	England	PL24	50.3558	-4.7021
Charlestown	England	PL25	50.3333	-4.7667
Coombe	England	PL26	50.3474	-4.8271
Rock	England	PL27	50.5498	-4.9046
Shop	England	PL28	50.5278	-4.9517
Port Gaverne	England	PL29	50.5931	-4.8288
Crabtree	England	PL3	50.3879	-4.1271
St Lawrence	England	PL30	50.5137	-4.7156
Bodmin	England	PL31	50.4715	-4.7243
Camelford	England	PL32	50.6218	-4.6796
Delabole	England	PL33	50.6235	-4.7319
Bossiney	England	PL34	50.6632	-4.7505
Boscastle	England	PL35	50.6841	-4.693
Plymouth	England	PL4	50.3715	-4.143
St Budeaux	England	PL5	50.4	-4.1667
Bickleigh	England	PL6	50.442	-4.0828
Cadover Bridge	England	PL7	50.4201	-4.0573
Ford	England	PL8	50.3372	-4.0052
Knighton	England	PL9	50.3471	-4.0945
City of Plymouth	England	PL95	50.3471	-4.0945
Fratton	England	PO1	50.8001	-1.0771
Hermitage	England	PO10	50.8517	-0.9299
Stoke	England	PO11	50.7985	-0.9698
Hardway	England	PO12	50.7918	-1.1394
Bridgemary	England	PO13	50.8271	-1.1756
Hill Head	England	PO14	50.8167	-1.2333
Whiteley	England	PO15	50.8831	-1.2437
Wallington	England	PO16	50.85	-1.1667
Newtown	England	PO17	50.8888	-1.1731
Charlton	England	PO18	50.9095	-0.7381
Fishbourne	England	PO19	50.8379	-0.7783
North End	England	PO2	50.8183	-1.0719
Norton	England	PO20	50.7823	-0.7868
Aldwick	England	PO21	50.7765	-0.7122
Barnham	England	PO22	50.8312	-0.6379
Hilsea	England	PO3	50.831	-1.0653
Newtown	England	PO30	50.7138	-1.4011
Northwood	England	PO31	50.741	-1.3119
East Cowes	England	PO32	50.7577	-1.2881
Fishbourne	England	PO33	50.733	-1.2118
Nettlestone	England	PO34	50.7102	-1.1196
Bembridge	England	PO35	50.6863	-1.0828
Newchurch	England	PO36	50.6674	-1.2083
Luccombe Village	England	PO37	50.6261	-1.1785
Kingston	England	PO38	50.6301	-1.3234
Totland	England	PO39	50.6847	-1.5369
Southsea	England	PO4	50.792	-1.0859
Easton	England	PO40	50.6824	-1.5219
Norton	England	PO41	50.7007	-1.4768
Portsmouth	England	PO5	50.799	-1.0913
Drayton	England	PO6	50.8449	-1.0425
Hambledon	England	PO7	50.9315	-1.081
Chalton	England	PO8	50.9398	-0.9606
Red Hill	England	PO9	50.8505	-0.9909
Preston	England	PR0	53.7588	-2.6839
Preston	England	PR1	53.7667	-2.7167
Preston	England	PR11	53.7904	-2.685
Elston	England	PR2	53.7776	-2.7075
Leyland	England	PR25	53.6979	-2.6876
Leyland	England	PR26	53.6877	-2.7409
Broughton	England	PR3	53.8167	-2.7333
Clifton	England	PR4	53.7525	-2.8346
Leyland	England	PR5	53.7316	-2.6578
Abbey Village	England	PR6	53.6912	-2.5642
Chorley	England	PR7	53.65	-2.6167
Brown Edge	England	PR8	53.6254	-3.0201
Churchtown	England	PR9	53.6607	-2.9821
Reading	England	RG1	51.4563	-0.9711
Twyford	England	RG10	51.4752	-0.8604
Bracknell South	England	RG12	51.4007	-0.7635
Donnington	England	RG14	51.4163	-1.3304
Avington	England	RG17	51.4	-1.4667
Hermitage	England	RG18	51.4554	-1.2682
Headley	England	RG19	51.3902	-1.2557
Whitley	England	RG2	51.4236	-0.9554
Newtown	England	RG20	51.3706	-1.3181
Basingstoke	England	RG21	51.2625	-1.0871
Kempshott	England	RG22	51.2487	-1.1244
Oakley	England	RG23	51.25	-1.1884
Hatch	England	RG24	51.2806	-1.0778
Overton	England	RG25	51.2439	-1.2615
Little London	England	RG26	51.3161	-1.1592
Church End	England	RG27	51.3009	-0.9468
Whitchurch	England	RG28	51.2323	-1.336
Long Sutton	England	RG29	51.2167	-0.9333
Reading	England	RG30	51.4515	-1.0141
Burghfield	England	RG31	51.4568	-1.0442
Cane End	England	RG4	51.4712	-0.9421
Wick Hill	England	RG40	51.3863	-0.8465
Barkham	England	RG41	51.3981	-0.8759
Hawthorn Hill	England	RG42	51.4369	-0.7581
Crowthorne	England	RG45	51.3703	-0.7922
Woodley	England	RG5	51.45	-0.8833
Reading	England	RG6	51.4396	-0.9292
Southend	England	RG7	51.396	-1.0816
Whitchurch	England	RG8	51.4927	-1.0882
Aston	England	RG9	51.5512	-0.8703
Redhill	England	RH1	51.2405	-0.1704
Worth	England	RH10	51.1293	-0.0976
Crawley	England	RH11	51.113	-0.1831
Holmbush	England	RH12	51.0765	-0.3337
Shipley	England	RH13	50.9853	-0.3709
Plaistow	England	RH14	51.0693	-0.5678
Burgess Hill	England	RH15	50.9584	-0.1329
Haywards Heath	England	RH16	50.9977	-0.1031
Brook Street	England	RH17	51.0107	-0.146
Ashurstwood	England	RH18	51.0823	0.0287
Sunnyside	England	RH19	51.1254	-0.0141
Leigh	England	RH2	51.208	-0.2499
Sutton	England	RH20	50.932	-0.6055
Buckland	England	RH3	51.2438	-0.2518
Westcott	England	RH4	51.2244	-0.372
Sutton	England	RH5	51.1912	-0.3432
Horley	England	RH6	51.1742	-0.1592
Newchapel	England	RH7	51.1926	-0.0247
Crawley	England	RH77	51.1388	-0.1698
Hurst Green	England	RH8	51.2514	0.002
Godstone	England	RH9	51.2484	-0.0678
Romford	England	RM1	51.5751	0.1858
Dagenham	England	RM10	51.55	0.1667
Hornchurch	England	RM11	51.5568	0.2166
Hornchurch	England	RM12	51.5568	0.2166
Rainham	England	RM13	51.5169	0.1943
Cranham	England	RM14	51.5657	0.2659
Aveley	England	RM15	51.4999	0.2517
Baker Street	England	RM16	51.493	0.3401
Grays	England	RM17	51.4757	0.3252
East Tilbury	England	RM18	51.4805	0.4171
Purfleet	England	RM19	51.4839	0.2425
Gidea Park	England	RM2	51.5864	0.2027
West Thurrock	England	RM20	51.4783	0.2767
Harold Hill	England	RM3	51.5946	0.2329
Abridge	England	RM4	51.6454	0.1912
Collier Row	England	RM5	51.5989	0.166
Marks Gate	England	RM6	51.5758	0.1299
Rush Green	England	RM7	51.5602	0.1792
Barking & Dagenham	England	RM8	51.5461	0.1389
Becontree	England	RM9	51.5529	0.129
Sheffield	England	S1	53.383	-1.4659
Fulwood	England	S10	53.35	-1.55
Sheffield	England	S11	53.3608	-1.5084
Highlane	England	S12	53.3485	-1.4068
Woodhouse	England	S13	53.3576	-1.3728
Sheffield	England	S14	53.3462	-1.4445
Dore	England	S17	53.3269	-1.5403
Barlow	England	S18	53.2667	-1.4833
Sheffield	England	S2	53.383	-1.4659
Sheffield	England	S20	53.3347	-1.352
Sheffield	England	S21	53.3123	-1.3394
Sheffield	England	S25	53.3656	-1.2177
Sheffield	England	S26	53.3529	-1.2915
Sheffield	England	S3	53.383	-1.4659
Sheffield	England	S32	53.2952	-1.6511
Sheffield	England	S33	53.3444	-1.7395
Chapeltown	England	S35	53.4581	-1.4974
Sheffield	England	S36	53.5052	-1.6161
Sheffield	England	S4	53.383	-1.4659
Brampton	England	S40	53.234	-1.4462
Whittington	England	S41	53.2667	-1.4
Walton	England	S42	53.2003	-1.4233
Staveley	England	S43	53.2667	-1.35
Arkwright	England	S44	53.207	-1.3178
Milltown	England	S45	53.1616	-1.4004
Chesterfield	England	S49	53.25	-1.4167
Sheffield	England	S5	53.4222	-1.4632
Stannington	England	S6	53.3931	-1.5452
Whiston	England	S60	53.4085	-1.3151
Greasbrough	England	S61	53.4567	-1.3738
Parkgate	England	S62	53.4658	-1.3476
Bolton upon Dearne	England	S63	53.5167	-1.3167
Swinton	England	S64	53.4833	-1.3167
Dalton	England	S65	53.4364	-1.3109
Stainton	England	S66	53.4333	-1.1667
Sheffield	England	S7	53.355	-1.4907
Barnsley	England	S70	53.55	-1.4833
Carlton	England	S71	53.5833	-1.45
Brierley	England	S72	53.5735	-1.3879
Brampton	England	S73	53.5243	-1.3949
Elsecar	England	S74	53.4989	-1.4259
Pilley	England	S75	53.5588	-1.5349
Norton	England	S8	53.3405	-1.4781
Whitwell	England	S80	53.2833	-1.2167
Blyth	England	S81	53.3786	-1.0625
Darnall	England	S9	53.386	-1.4097
Rotherham	England	S95	53.4301	-1.3568
Sheffield	England	S96	53.4031	-1.4273
Sheffield	England	S97	53.4991	-1.3419
Sheffield	England	S98	53.4041	-1.4313
Sheffield	England	S99	53.4042	-1.431
Bon-y-maen	Wales	SA1	51.634	-3.9485
Cadoxton	Wales	SA10	51.6878	-3.8003
Aber-pergwm	Wales	SA11	51.708	-3.6944
Aberavon	Wales	SA12	51.6118	-3.7703
Bryn	Wales	SA13	51.6164	-3.7117
Bryn	Wales	SA14	51.7337	-4.1071
Horeb	Wales	SA15	51.74	-4.1872
Burry Port	Wales	SA16	51.6844	-4.2469
Broadway	Wales	SA17	51.7571	-4.2867
Saron	Wales	SA18	51.7919	-4.0283
Felindre	Wales	SA19	51.9533	-3.9489
Dunvant	Wales	SA2	51.6253	-4.0346
Pen-y-bont	Wales	SA20	52.011	-3.7876
Newton	Wales	SA3	51.5802	-4.0515
Johnstown	Wales	SA31	51.8539	-4.3021
Felindre	Wales	SA32	51.8717	-4.1011
Broadway	Wales	SA33	51.7647	-4.4728
Cwmbach	Wales	SA34	51.9042	-4.5414
Star	Wales	SA35	51.9864	-4.5578
Hermon	Wales	SA36	51.9578	-4.6086
Newchapel	Wales	SA37	52.0333	-4.5833
Beulah	Wales	SA38	52.04	-4.4763
New Inn	Wales	SA39	52.0191	-4.2448
Pentrebach	Wales	SA4	51.6702	-4.0591
Aber	Wales	SA40	52.0843	-4.1755
Velindre	Wales	SA41	51.9965	-4.7065
Newport	Wales	SA42	52.0167	-4.8333
Aberporth	Wales	SA43	52.1325	-4.5417
Felindre	Wales	SA44	52	-4.4
Cross Inn	Wales	SA45	52.2083	-4.3582
Aberaeron	Wales	SA46	52.2425	-4.2587
Oakford	Wales	SA47	52.1922	-4.2997
Pentrefelin	Wales	SA48	52.1541	-4.1118
Felindre	Wales	SA5	51.6489	-3.9709
Clydach	Wales	SA6	51.6833	-3.9
Haverfordwest	Wales	SA61	51.8017	-4.9691
Newton	Wales	SA62	51.8411	-5.0642
Tufton	Wales	SA63	51.9189	-4.8506
Dyffryn	Wales	SA64	52.002	-5.0127
Fishguard	Wales	SA65	51.9938	-4.9763
Bletherston	Wales	SA66	51.8558	-4.8044
Bethesda	Wales	SA67	51.8281	-4.7694
Cresswell	Wales	SA68	51.7303	-4.779
Pentlepoir	Wales	SA69	51.7118	-4.7007
Birchgrove	Wales	SA7	51.6642	-3.8892
Milton	Wales	SA70	51.6911	-4.8364
Cheriton	Wales	SA71	51.6403	-4.9081
Waterloo	Wales	SA72	51.6919	-4.9356
Thornton	Wales	SA73	51.7198	-4.9834
Rhos	Wales	SA8	51.7217	-3.8478
Llansamlet Community	Wales	SA80	51.6479	-3.9243
Penrhos	Wales	SA9	51.7805	-3.77
Mynyddbach Community	Wales	SA99	51.67	-3.9454
Waterloo	England	SE1	51.5048	-0.1136
Greenwich	England	SE10	51.4779	-0.0118
Kennington	England	SE11	51.488	-0.1057
Lee	England	SE12	51.4448	0.0209
Ladywell	England	SE13	51.4643	-0.0119
Deptford	England	SE14	51.4776	-0.0261
Nunhead	England	SE15	51.4663	-0.051
Bermondsey	England	SE16	51.4979	-0.0661
Kennington	England	SE17	51.488	-0.1057
Plumstead	England	SE18	51.4833	0.0833
Crystal Palace	England	SE19	51.4193	-0.0785
Southwark	England	SE1P	51.5	-0.0833
West Heath	England	SE2	51.4869	0.1075
Anerley	England	SE20	51.4065	-0.0639
Dulwich	England	SE21	51.45	-0.0833
East Dulwich	England	SE22	51.4521	-0.0615
Forest Hill	England	SE23	51.4462	-0.0419
Herne Hill	England	SE24	51.4542	-0.0983
Woodside	England	SE25	51.3979	-0.0769
Sydenham	England	SE26	51.4262	-0.0545
Tulse Hill	England	SE27	51.4316	-0.1027
Thamesmead	England	SE28	51.5023	0.1045
Blackheath	England	SE3	51.4647	0.0079
Ladywell	England	SE4	51.461	-0.0352
Southwark	England	SE5	51.4738	-0.0916
Bellingham	England	SE6	51.4384	-0.0166
Charlton	England	SE7	51.4842	0.0339
St John's	England	SE8	51.4776	-0.0261
Avery Hill	England	SE9	51.447	0.0543
Stevenage	England	SG1	51.9022	-0.2026
Green Tye	England	SG10	51.8541	0.0719
Standon	England	SG11	51.8856	0.0189
Green End	England	SG12	51.8203	-0.009
Bayford	England	SG13	51.7596	-0.102
Stapleford	England	SG14	51.8364	-0.1033
Church End	England	SG15	52.0134	-0.2637
Henlow	England	SG16	52.0302	-0.286
Clifton	England	SG17	52.0399	-0.3005
Langford	England	SG18	52.0546	-0.2717
Sutton	England	SG19	52.1133	-0.2217
Aston	England	SG2	51.8833	-0.15
Bull's Green	England	SG3	51.8569	-0.175
Preston	England	SG4	51.9089	-0.2856
Charlton	England	SG5	51.9713	-0.2832
Norton	England	SG6	51.9944	-0.2084
Newnham	England	SG7	52.021	-0.1878
Croydon	England	SG8	52.1284	-0.0778
Buckland	England	SG9	51.9844	-0.0268
Stockport	England	SK1	53.4098	-2.1576
Tytherington	England	SK10	53.292	-2.1537
Langley	England	SK11	53.2333	-2.0833
Newtown	England	SK12	53.3516	-2.0938
Chunal	England	SK13	53.4433	-1.949
Newton	England	SK14	53.4519	-2.0566
Stalybridge	England	SK15	53.4841	-2.0591
Dukinfield	England	SK16	53.475	-2.0881
Newtown	England	SK17	53.1667	-1.9167
Heaviley	England	SK2	53.3946	-2.1329
High Peak	England	SK22	53.3733	-1.9875
Chapel-en-le-Frith	England	SK23	53.3241	-1.9129
Stockport	England	SK3	53.4098	-2.1576
Heaton Moor	England	SK4	53.4191	-2.1812
Reddish	England	SK5	53.4418	-2.161
Mellor	England	SK6	53.4	-2.0167
Woodford	England	SK7	53.3333	-2.1667
Cheadle	England	SK8	53.4	-2.2167
Alderley Edge	England	SK9	53.3039	-2.2377
Thorney	England	SL0	51.5252	-0.5161
Upton	England	SL1	51.5177	-0.6215
Farnham Common	England	SL2	51.5548	-0.6154
Horton	England	SL3	51.4732	-0.5424
Woodside	England	SL4	51.4755	-0.627
Cheapside	England	SL5	51.4036	-0.6533
Hitcham	England	SL6	51.5238	-0.7287
Windsor and Maidenhead	England	SL60	51.5186	-0.7148
Bisham	England	SL7	51.557	-0.7756
Bourne End	England	SL8	51.5786	-0.7089
Chalfont Common	England	SL9	51.5975	-0.5558
Slough	England	SL95	51.4992	-0.5391
Sutton	England	SM1	51.35	-0.2
Sutton	England	SM2	51.35	-0.2
Cheam	England	SM3	51.3579	-0.2162
Merton	England	SM4	51.3932	-0.1996
Carshalton	England	SM5	51.3683	-0.1676
Wallington	England	SM6	51.35	-0.15
Cuddington	England	SM7	51.3229	-0.2014
Swindon	England	SN1	51.558	-1.7812
Horton	England	SN10	51.3369	-1.9872
Studley	England	SN11	51.4422	-2.0497
Shaw	England	SN12	51.3723	-2.1373
Ashley	England	SN13	51.4255	-2.2106
Ford	England	SN14	51.4756	-2.1985
Preston	England	SN15	51.4721	-2.0837
Norton	England	SN16	51.5611	-2.1625
Blunsdon St Andrew	England	SN2	51.5787	-1.7833
Swindon	England	SN25	51.558	-1.7812
Swindon	England	SN26	51.6124	-1.7873
Coate	England	SN3	51.5892	-1.7194
Swindon	England	SN38	51.558	-1.7812
Hook	England	SN4	51.5301	-1.8364
Shaw	England	SN5	51.5661	-1.8396
Leigh	England	SN6	51.6167	-1.9
Buckland	England	SN7	51.6785	-1.5061
Ham	England	SN8	51.3652	-1.5259
Charlton	England	SN9	51.3033	-1.8381
Swindon	England	SN99	51.558	-1.7812
Northam	England	SO14	50.911	-1.392
Shirley	England	SO15	50.9171	-1.4248
Upton	England	SO16	50.9363	-1.4329
Portswood	England	SO17	50.927	-1.394
Bitterne	England	SO18	50.9146	-1.3587
Thornhill	England	SO19	50.8993	-1.3671
Broughton	England	SO20	51.0961	-1.562
Easton	England	SO21	51.0758	-1.3163
Littleton	England	SO22	51.0833	-1.35
Winchester	England	SO23	51.0651	-1.3187
Bradley	England	SO24	51.1713	-1.0941
Winchester	England	SO25	51.0676	-1.2973
West End	England	SO30	50.9274	-1.3328
Swanwick	England	SO31	50.8698	-1.3109
Newtown	England	SO32	50.9498	-1.2022
Newbridge	England	SO40	50.9133	-1.504
East End	England	SO41	50.7554	-1.5666
Hill Top	England	SO42	50.8121	-1.4831
Newtown	England	SO43	50.8873	-1.5869
Langley	England	SO45	50.8094	-1.3692
Eastleigh	England	SO50	50.9667	-1.35
Newtown	England	SO51	50.9953	-1.5049
North Baddesley	England	SO52	50.9775	-1.4455
Chandler's Ford	England	SO53	50.9846	-1.399
Eastleigh	England	SO97	50.9667	-1.35
Laverstock	England	SP1	51.0693	-1.7957
Charlton	England	SP10	51.222	-1.5016
Middleton	England	SP11	51.2278	-1.5154
Wilton	England	SP2	51.0793	-1.8621
Newtown	England	SP3	51.1023	-2.0104
Allington	England	SP4	51.15	-1.7
Newton	England	SP5	51.0209	-1.7739
Ashford	England	SP6	50.9364	-1.8019
Charlton	England	SP7	51.0051	-2.1841
Bourton	England	SP8	51.0744	-2.3278
North Tidworth	England	SP9	51.2333	-1.6667
Sunderland	England	SR1	54.9046	-1.3822
Hendon	England	SR2	54.887	-1.3773
Herrington	England	SR3	54.8772	-1.4168
South Hylton	England	SR4	54.9004	-1.4255
Southwick	England	SR5	54.9187	-1.402
Marsden	England	SR6	54.9667	-1.3667
Seaton	England	SR7	54.8431	-1.3835
Easington	England	SR8	54.7853	-1.3592
Sunderland	England	SR9	54.9046	-1.3822
Prittlewell	England	SS0	51.5507	0.703
Southend-on-Sea	England	SS1	51.5378	0.7143
Battlesbridge	England	SS11	51.6233	0.5686
Nevendon	England	SS12	51.5951	0.5294
Bowers Gifford	England	SS13	51.5662	0.5249
Basildon	England	SS14	51.5684	0.4578
Laindon	England	SS15	51.5763	0.4217
Dry Street	England	SS16	51.5605	0.4524
Corringham	England	SS17	51.5208	0.468
Southend	England	SS2	51.5378	0.7143
Southend-on-Sea	England	SS22	51.5378	0.7143
Churchend	England	SS3	51.5546	0.789
Rochford	England	SS4	51.582	0.7067
Hawkwell	England	SS5	51.5919	0.6735
Rayleigh	England	SS6	51.5857	0.6046
Hadleigh	England	SS7	51.5527	0.6098
Canvey Island	England	SS8	51.522	0.5809
Eastwood	England	SS9	51.5547	0.651
Southend-on-Sea	England	SS99	51.5378	0.7143
Hanley	England	ST1	53.0249	-2.1739
Whiston	England	ST10	53.0217	-1.9461
Cresswell	England	ST11	52.95	-2.0333
Barlaston	England	ST12	52.942	-2.1705
Horton	England	ST13	53.1167	-2.0833
Kingstone	England	ST14	52.867	-1.9218
Walton	England	ST15	52.9003	-2.1493
Castle Bank	England	ST16	52.8052	-2.1164
Milford	England	ST17	52.7833	-2.05
Weston	England	ST18	52.8333	-2.0333
Stretton	England	ST19	52.7	-2.1667
Milton	England	ST2	53.05	-2.15
Marston	England	ST20	52.7978	-2.278
Wootton	England	ST21	52.8724	-2.2698
Longton	England	ST3	52.9833	-2.1333
Fenton	England	ST4	53	-2.1667
Chesterton	England	ST5	53.0155	-2.2393
Silverdale	England	ST55	53.0145	-2.24
Tunstall	England	ST6	53.0577	-2.1898
Newchapel	England	ST7	53.0897	-2.2678
Newtown	England	ST8	53.1154	-2.168
Stanley	England	ST9	53.0529	-2.0974
Victoria	England	SW1	51.4962	-0.144
Chelsea	England	SW10	51.4876	-0.1694
Battersea	England	SW11	51.4747	-0.1555
Balham	England	SW12	51.4469	-0.1384
Barnes	England	SW13	51.4735	-0.2484
East Sheen	England	SW14	51.4655	-0.2669
East Putney	England	SW15	51.4567	-0.2304
Norbury	England	SW16	51.4167	-0.1167
Furzedown	England	SW17	51.4307	-0.1647
West Hill	England	SW18	51.4488	-0.1941
Merton	England	SW19	51.4238	-0.2037
Westminster Abbey	England	SW1A	51.5018	-0.1328
London	England	SW1E	51.5085	-0.1257
London	England	SW1H	51.5085	-0.1257
London	England	SW1P	51.5085	-0.1257
London	England	SW1V	51.5085	-0.1257
London	England	SW1W	51.5085	-0.1257
London	England	SW1X	51.4973	-0.1553
London	England	SW1Y	51.5085	-0.1257
Brixton	England	SW2	51.4659	-0.1065
Merton	England	SW20	51.4114	-0.226
Brompton	England	SW3	51.4881	-0.1647
Clapham	England	SW4	51.4622	-0.1376
Cromwell Road	England	SW5	51.487	-0.191
Fulham Palace Road	England	SW6	51.4803	-0.1993
Brompton	England	SW7	51.4963	-0.1769
Nine Elms	England	SW8	51.4812	-0.1372
Stockwell	England	SW9	51.474	-0.1168
Lambeth	England	SW95	51.4963	-0.1115
Shrewsbury	England	SY1	52.7101	-2.7521
Pentre	England	SY10	52.8394	-3.1236
Middleton	England	SY11	52.8695	-3.0318
Lee	England	SY12	52.8888	-2.8656
Whitchurch	England	SY13	52.9667	-2.6833
Barton	England	SY14	53.0824	-2.8263
Middleton	England	SY15	52.5539	-3.1327
Newtown	Wales	SY16	52.5167	-3.3
Rhyd	Wales	SY17	52.5197	-3.4729
Cwmbelan	Wales	SY18	52.428	-3.573
Pandy	Wales	SY19	52.5792	-3.6344
Sutton	England	SY2	52.7065	-2.7295
Furnace	Wales	SY20	52.5575	-3.8393
Marton	England	SY21	52.6167	-3.05
Four Crosses	Wales	SY22	52.75	-3.0833
Nebo	Wales	SY23	52.3358	-3.9639
Llandre	Wales	SY24	52.4733	-4.0285
Capel Betws Lleucu	Wales	SY25	52.2528	-3.9294
Shelton	England	SY3	52.699	-2.7725
Newtown	England	SY4	52.7981	-2.752
Ford	England	SY5	52.7167	-2.85
Eaton	England	SY6	52.5	-2.75
Newton	England	SY7	52.4258	-2.8872
Middleton	England	SY8	52.3833	-2.6833
Eaton	Wales	SY9	52.4981	-2.9881
Shrewsbury	England	SY99	52.7101	-2.7521
Wilton	England	TA1	51	-3.1
Drayton	England	TA10	51.0192	-2.8519
Littleton	England	TA11	51.0608	-2.7019
Stapleton	England	TA12	50.9748	-2.7733
East Lambrook	England	TA13	50.9367	-2.8123
Chiselborough	England	TA14	50.9302	-2.7572
Montacute	England	TA15	50.95	-2.7167
Merriott	England	TA16	50.9127	-2.7954
Dinnington	England	TA17	50.9119	-2.8493
Misterton	England	TA18	50.8667	-2.8
Horton	England	TA19	50.9298	-2.964
Fulford	England	TA2	51.0483	-3.0841
Forton	England	TA20	50.8736	-2.9627
Wellington	England	TA21	50.98	-3.2307
Exton	England	TA22	51.0922	-3.5328
Kingsbridge	England	TA23	51.1624	-3.353
Allerford	England	TA24	51.2116	-3.5702
Ham	England	TA3	50.9941	-3.0373
Upton	England	TA4	51.0503	-3.4372
Burton	England	TA5	51.1452	-3.102
Bridgwater	England	TA6	51.1284	-3.0036
Westham	England	TA7	51.1211	-2.9044
Berrow	England	TA8	51.2647	-3.0086
Cote	England	TA9	51.1956	-2.9367
Glendearg	Scotland	TD1	55.6666	-2.8607
Greenlaw	Scotland	TD10	55.7068	-2.4624
Preston	Scotland	TD11	55.7879	-2.3144
Downham	England	TD12	55.5633	-2.1692
Cove	Scotland	TD13	55.9315	-2.3751
Northfield	Scotland	TD14	55.863	-2.1581
Ford	England	TD15	55.6333	-2.0833
Oxton	Scotland	TD2	55.7667	-2.8
Gordon	Scotland	TD3	55.6798	-2.5647
Birkhill	Scotland	TD4	55.66	-2.6675
Linton	Scotland	TD5	55.5167	-2.3667
Newstead	Scotland	TD6	55.5993	-2.6983
Newburgh	Scotland	TD7	55.5364	-2.8734
Newton	Scotland	TD8	55.4803	-2.547
Kirkton	Scotland	TD9	55.4167	-2.7333
Wellington	England	TF1	52.7	-2.5167
Sutton	England	TF10	52.7689	-2.3882
Norton	England	TF11	52.6641	-2.3583
Barrow	England	TF12	52.6032	-2.4897
Weston	England	TF13	52.5793	-2.5809
Donnington	England	TF2	52.7041	-2.4402
Stirchley	England	TF3	52.6766	-2.4493
Dawley	England	TF4	52.6649	-2.4674
Admaston	England	TF5	52.7167	-2.55
Walton	England	TF6	52.7365	-2.5555
Madeley	England	TF7	52.6333	-2.4333
Buildwas	England	TF8	52.6343	-2.5267
Sutton	England	TF9	52.8971	-2.4704
Royal Tunbridge Wells	England	TN1	51.1325	0.2633
Higham Wood	England	TN10	51.2258	0.2802
Leigh	England	TN11	51.1968	0.2153
Marden	England	TN12	51.1748	0.4885
Chipstead	England	TN13	51.2767	0.1841
Halstead	England	TN14	51.328	0.1327
Oldbury	England	TN15	51.3058	0.2839
Biggin Hill	England	TN16	51.3133	0.0343
East End	England	TN17	51.0964	0.5364
High Street	England	TN18	51.044	0.5232
Hurst Green	England	TN19	51.0182	0.4703
Lower Green	England	TN2	51.143	0.3219
Mayfield	England	TN20	51.0201	0.2584
Little London	England	TN21	50.9521	0.2695
New Town	England	TN22	50.9798	0.0975
Great Chart	England	TN23	51.1416	0.8279
Ashford	England	TN24	51.1465	0.8738
Brook	England	TN25	51.159	0.9499
Appledore	England	TN26	51.0365	0.787
Egerton	England	TN27	51.1941	0.7281
Greatstone-on-Sea	England	TN28	50.9846	0.9522
Newchurch	England	TN29	51.0451	0.9268
Ashurst	England	TN3	51.1213	0.2489
Stone	England	TN30	51	0.7667
Broad Oak	England	TN31	50.9602	0.7006
Ewhurst	England	TN32	50.978	0.544
Battle	England	TN33	50.9173	0.4842
Hastings	England	TN34	50.8552	0.5729
Westfield	England	TN35	50.9102	0.5755
Icklesham	England	TN36	50.9158	0.6678
Hollington	England	TN37	50.8746	0.5477
St Leonards	England	TN38	50.8556	0.5452
Cooden	England	TN39	50.8519	0.4509
Bidborough	England	TN4	51.1695	0.2369
Bexhill	England	TN40	50.8502	0.471
Best Beech Hill	England	TN5	51.0544	0.3739
Boarshead	England	TN6	51.0558	0.2131
Hartwell	England	TN7	51.0954	0.1031
Marsh Green	England	TN8	51.1932	0.0983
Tonbridge	England	TN9	51.1924	0.2753
Babbacombe	England	TQ1	50.4782	-3.5176
Shipley Bridge	England	TQ10	50.421	-3.8076
Dean	England	TQ11	50.4816	-3.7833
Preston	England	TQ12	50.5287	-3.6116
Easton	England	TQ13	50.595	-3.7196
Bishopsteignton	England	TQ14	50.5519	-3.5385
Barton	England	TQ2	50.4762	-3.546
Compton	England	TQ3	50.4438	-3.576
Goodrington	England	TQ4	50.424	-3.5713
Galmpton	England	TQ5	50.3833	-3.5667
Bowden	England	TQ6	50.3444	-3.5971
Upton	England	TQ7	50.2825	-3.7841
East Portlemouth	England	TQ8	50.2322	-3.7558
Coombe	England	TQ9	50.4055	-3.6982
Malpas	England	TR1	50.2633	-5.0547
Rame	England	TR10	50.1674	-5.1185
Brill	England	TR11	50.145	-5.1094
St Martin	England	TR12	50.0312	-5.1791
Ashton	England	TR13	50.1097	-5.2864
Coombe	England	TR14	50.1983	-5.3028
Pool	England	TR15	50.233	-5.2372
Bridge	England	TR16	50.2443	-5.2304
Marazion	England	TR17	50.1256	-5.4751
Chyandour	England	TR18	50.1174	-5.5425
Bojewyan	England	TR19	50.1034	-5.6259
New Mills	England	TR2	50.2207	-4.9669
Newbridge	England	TR20	50.1317	-5.489
Hugh Town	England	TR21	49.9145	-6.3114
St. Agnes	England	TR22	49.8925	-6.3448
Bryher	England	TR23	49.9533	-6.3528
Tresco	England	TR24	49.9487	-6.3311
Higher Town	England	TR25	49.9642	-6.2933
St Ives	England	TR26	50.2086	-5.4875
Angarrack	England	TR27	50.1862	-5.3943
Baldhu	England	TR3	50.2123	-5.0984
Blackwater	England	TR4	50.2842	-5.139
Goonbell	England	TR5	50.3106	-5.1974
Bolingey	England	TR6	50.3438	-5.1556
Porth	England	TR7	50.4232	-5.0565
Holywell	England	TR8	50.385	-5.0422
Fraddon	England	TR9	50.4333	-4.9333
Middlesbrough	England	TS1	54.5762	-1.2348
Wilton	England	TS10	54.6068	-1.0695
Marske-by-the-Sea	England	TS11	54.5915	-1.0196
Skelton	England	TS12	54.5606	-0.9883
Easington	England	TS13	54.5534	-0.8506
Dunsdale	England	TS14	54.5348	-1.0561
Hilton	England	TS15	54.4967	-1.2876
Eaglescliffe	England	TS16	54.5252	-1.3504
Thornaby-on-Tees	England	TS17	54.5333	-1.3
Hartburn	England	TS18	54.5613	-1.3243
Stockton-on-Tees	England	TS19	54.5685	-1.3187
Port Clarence	England	TS2	54.587	-1.2274
Norton	England	TS20	54.5868	-1.3138
Carlton	England	TS21	54.5913	-1.3895
Brierton	England	TS22	54.6625	-1.2682
Billingham	England	TS23	54.5888	-1.2903
Middleton	England	TS24	54.6966	-1.211
Greatham	England	TS25	54.6418	-1.2381
High Throston	England	TS26	54.7	-1.25
Elwick	England	TS27	54.6833	-1.2833
Station Town	England	TS28	54.7255	-1.3751
Trimdon	England	TS29	54.6988	-1.4288
Cargo Fleet	England	TS3	54.5742	-1.1922
Middlesbrough	England	TS4	54.5762	-1.2348
Acklam	England	TS5	54.5507	-1.2521
Normanby	England	TS6	54.5659	-1.1535
Marton	England	TS7	54.5291	-1.2026
Thornton	England	TS8	54.5216	-1.2322
Grange	England	TS9	54.4662	-1.1647
Twickenham	England	TW1	51.4454	-0.3297
Ham	England	TW10	51.4362	-0.3093
Teddington	England	TW11	51.4223	-0.3305
Hampton	England	TW12	51.4133	-0.367
Hanworth	England	TW13	51.4333	-0.3833
Hatton	England	TW14	51.4528	-0.4215
Ashford	England	TW15	51.4317	-0.4576
Sunbury	England	TW16	51.4042	-0.4182
Littleton	England	TW17	51.3981	-0.4479
Laleham	England	TW18	51.4096	-0.4894
Hythe End	England	TW19	51.4564	-0.5092
Twickenham	England	TW2	51.4454	-0.3297
Thorpe	England	TW20	51.406	-0.5357
Hounslow	England	TW3	51.4684	-0.3609
Hounslow	England	TW4	51.4684	-0.3609
Cranford	England	TW5	51.4769	-0.4134
Hounslow	England	TW6	51.47	-0.4509
Isleworth	England	TW7	51.4752	-0.3425
Boston Manor	England	TW8	51.4862	-0.3083
Richmond	England	TW9	51.4601	-0.3008
Southall	England	UB1	51.509	-0.3713
Hillingdon	England	UB10	51.5329	-0.4529
Stockley Park	England	UB11	51.5112	-0.4469
Ealing	England	UB18	51.5007	-0.4027
Norwood Green	England	UB2	51.4954	-0.3763
Hayes	England	UB3	51.5158	-0.4234
Yeading	England	UB4	51.5278	-0.3984
Northolt	England	UB5	51.5486	-0.3678
Greenford	England	UB6	51.5287	-0.3551
Longford	England	UB7	51.5048	-0.4697
Cowley	England	UB8	51.5312	-0.4824
Denham	England	UB9	51.5667	-0.5
Marylebone	England	W1	51.5254	-0.1681
Ladbroke Grove	England	W10	51.523	-0.2188
Holland Park	England	W11	51.5016	-0.2133
Bedford Park	England	W12	51.505	-0.2211
Ealing	England	W13	51.5122	-0.302
Hammersmith	England	W14	51.4938	-0.2288
City of Westminster	England	W1A	51.5	-0.1167
London	England	W1B	51.5085	-0.1257
London	England	W1C	51.5085	-0.1257
London	England	W1D	51.5085	-0.1257
London	England	W1F	51.5085	-0.1257
London	England	W1G	51.5085	-0.1257
London	England	W1H	51.5176	-0.1612
London	England	W1J	51.5085	-0.1257
London	England	W1K	51.5085	-0.1257
Marylebone	England	W1M	51.5	-0.15
London	England	W1S	51.5085	-0.1257
London	England	W1T	51.5085	-0.1257
London	England	W1U	51.5085	-0.1257
London	England	W1W	51.5085	-0.1257
City of Westminster	England	W2	51.5143	-0.1905
Acton	England	W3	51.5103	-0.2686
Acton Green	England	W4	51.4927	-0.258
Ealing	England	W5	51.5122	-0.302
Fulham Palace Road	England	W6	51.4925	-0.2204
Boston Manor	England	W7	51.5118	-0.3359
Holland Park	England	W8	51.5016	-0.2133
Maida Vale	England	W9	51.5303	-0.1875
Woolston	England	WA1	53.3997	-2.5317
Eccleston	England	WA10	53.45	-2.7833
Crank	England	WA11	53.4916	-2.7477
Newton-le-Willows	England	WA12	53.45	-2.6
Broomedge	England	WA13	53.3915	-2.4651
Altrincham	England	WA14	53.3875	-2.3485
Ashley	England	WA15	53.35	-2.3333
Ollerton	England	WA16	53.284	-2.3319
Orford	England	WA2	53.4105	-2.5814
Croft	England	WA3	53.4333	-2.55
Hatton	England	WA4	53.3364	-2.5997
Burtonwood	England	WA5	53.4295	-2.6585
Warrington	England	WA55	53.3925	-2.5802
Newton	England	WA6	53.273	-2.7241
Norton	England	WA7	53.3303	-2.7042
Ditton	England	WA8	53.3429	-2.7623
Halton	England	WA88	53.368	-2.7687
Clock Face	England	WA9	53.4172	-2.7109
Holborn	England	WC1	51.5175	-0.1204
London	England	WC1A	51.5085	-0.1257
London	England	WC1B	51.5085	-0.1257
London	England	WC1E	51.5085	-0.1257
London	England	WC1H	51.5085	-0.1257
London	England	WC1N	51.5085	-0.1257
London	England	WC1R	51.5085	-0.1257
London	England	WC1V	51.5085	-0.1257
London	England	WC1X	51.5085	-0.1257
Holborn	England	WC2	51.5175	-0.1204
London	England	WC2A	51.5085	-0.1257
London	England	WC2B	51.5085	-0.1257
London	England	WC2E	51.5085	-0.1257
London	England	WC2H	51.5085	-0.1257
London	England	WC2N	51.5085	-0.1257
London	England	WC2R	51.5085	-0.1257
Watford	England	WD1	51.6553	-0.396
Watford	England	WD17	51.6553	-0.396
Watford	England	WD18	51.6553	-0.396
Watford	England	WD19	51.6553	-0.396
Abbots Langley	England	WD2	51.7057	-0.4176
Bushey	England	WD23	51.6432	-0.3605
Watford	England	WD24	51.6553	-0.396
Watford	England	WD25	51.6553	-0.396
Batchworth	England	WD3	51.6511	-0.4898
Bucks Hill	England	WD4	51.7089	-0.4706
Bedmond	England	WD5	51.7052	-0.4173
Borehamwood	England	WD6	51.6547	-0.2776
Radlett	England	WD7	51.6859	-0.3187
Watford	England	WD99	51.6553	-0.396
Outwood	England	WF1	53.7119	-1.5013
Newton	England	WF10	53.7241	-1.3464
Birkin	England	WF11	53.7348	-1.2003
Thornhill	England	WF12	53.6667	-1.6333
Ravensthorpe	England	WF13	53.6787	-1.6608
Mirfield	England	WF14	53.6734	-1.6964
Liversedge	England	WF15	53.7051	-1.6933
Heckmondwike	England	WF16	53.7065	-1.6775
Batley	England	WF17	53.7029	-1.6337
Walton	England	WF2	53.6489	-1.4658
Carlton	England	WF3	53.7406	-1.4909
Netherton	England	WF4	53.6466	-1.5202
Ossett	England	WF5	53.6798	-1.5801
Normanton	England	WF6	53.7	-1.4167
Featherstone	England	WF7	53.6769	-1.3565
Carleton	England	WF8	53.6755	-1.2924
Upton	England	WF9	53.6147	-1.2868
Wakefield	England	WF90	53.6833	-1.4977
Marylebone	England	WN1	53.553	-2.6285
Abram	England	WN2	53.5086	-2.5927
Ince-in-Makerfield	England	WN3	53.5333	-2.6167
Bryn	England	WN4	53.5	-2.65
Billinge	England	WN5	53.4979	-2.7081
Appley Bridge	England	WN6	53.5778	-2.7209
Leigh	England	WN7	53.4833	-2.5167
Dalton	England	WN8	53.5715	-2.7529
Worcester	England	WR1	52.1894	-2.22
Charlton	England	WR10	52.109	-1.987
Norton	England	WR11	52.0954	-1.9298
Buckland	England	WR12	52.0255	-1.8866
Newland	England	WR13	52.1427	-2.2956
Barnard's Green	England	WR14	52.0951	-2.3272
Newnham	England	WR15	52.3167	-2.5333
St John's	England	WR2	52.1885	-2.247
Claines	England	WR3	52.2277	-2.2194
Warndon	England	WR4	52.2038	-2.1897
Norton	England	WR5	52.1755	-2.2029
Leigh	England	WR6	52.1768	-2.3163
Churchill	England	WR7	52.1825	-2.1233
Clifton	England	WR8	52.0795	-2.2054
Tibberton	England	WR9	52.215	-2.1388
Warndon	England	WR99	52.1916	-2.1791
Walsall	England	WS1	52.5853	-1.984
Darlaston	England	WS10	52.5667	-2.0333
Four Crosses	England	WS11	52.6888	-2.0183
Huntington	England	WS12	52.7	-2.0333
Chorley	England	WS13	52.6921	-1.8208
Whittington	England	WS14	52.6833	-1.7667
Colton	England	WS15	52.7818	-1.9279
Walsall	England	WS2	52.5853	-1.984
Bloxwich	England	WS3	52.6181	-2.0043
Rushall	England	WS4	52.6	-1.95
Walsall	England	WS5	52.5853	-1.984
Cheslyn Hay	England	WS6	52.6628	-2.0111
Burntwood	England	WS7	52.6808	-1.9276
Brownhills	England	WS8	52.6333	-1.9333
Aldridge	England	WS9	52.6055	-1.9171
Wolverhampton	England	WV1	52.5855	-2.123
Featherstone	England	WV10	52.6448	-2.0932
Essington	England	WV11	52.6291	-2.0577
New Invention	England	WV12	52.606	-2.0406
Willenhall	England	WV13	52.6	-2.0333
Bradley	England	WV14	52.5573	-2.0791
Hilton	England	WV15	52.5667	-2.3167
Sutton	England	WV16	52.5642	-2.4534
Blakenhall	England	WV2	52.5741	-2.1195
Bradmore	England	WV3	52.5791	-2.1561
Penn	England	WV4	52.5616	-2.1443
Claverley	England	WV5	52.5379	-2.3065
Shipley	England	WV6	52.5969	-2.1821
Albrighton	England	WV7	52.6333	-2.2667
Bilbrook	England	WV8	52.6299	-2.2015
Lower Green	England	WV9	52.635	-2.1425
Wolverhampton	England	WV98	52.4054	-2.22
Telford	England	WV99	52.6713	-2.4203
York	England	YO1	53.9576	-1.0827
York	England	YO10	53.9576	-1.0827
Flixton	England	YO11	54.2384	-0.3917
Scalby	England	YO12	54.2999	-0.4484
Brompton	England	YO13	54.2167	-0.55
Muston	England	YO14	54.2167	-0.3167
Buckton	England	YO15	54.0939	-0.1808
Bessingby	England	YO16	54.0763	-0.2302
Norton	England	YO17	54.1175	-0.726
Middleton	England	YO18	54.25	-0.8
Deighton	England	YO19	53.9	-1.05
Castleton	England	YO21	54.45	-0.9333
Grosmont	England	YO22	54.4358	-0.7233
Acaster Malbis	England	YO23	53.9006	-1.1063
York	England	YO24	53.946	-1.1169
Church End	England	YO25	54.0044	-0.4154
Long Marston	England	YO26	53.95	-1.2333
Overton	England	YO30	53.9987	-1.1588
York	England	YO31	53.9576	-1.0827
Huntington	England	YO32	54	-1.05
Kexby	England	YO41	53.9586	-0.9402
Hayton	England	YO42	53.9	-0.75
Holme-on-Spalding-Moor	England	YO43	53.8252	-0.6414
Marton	England	YO51	54.0667	-1.3667
Bulmer	England	YO60	54.0833	-0.9167
Huby	England	YO61	54.0833	-1.1333
Sproxton	England	YO62	54.2251	-1.0662
Dalton	England	YO7	54.1833	-1.35
Highfield	England	YO8	53.8179	-0.9011
York	England	YO90	53.9576	-1.0827
Huntington	England	YO91	54	-1.05
Sound	Scotland	ZE1	60.1464	-1.2132
Belmont	Scotland	ZE2	60.6833	-0.9667
Toab	Scotland	ZE3	59.892	-1.3122
