Baroda House	Delhi	110001	28.6431	77.2197
A.G.C.R.	Delhi	110002	28.6453	77.2456
Aliganj (South Delhi)	Delhi	110003	28.5838	77.2218
Rashtrapati Bhawan	Delhi	110004	28.6455	77.205
Anand Parbat	Delhi	110005	28.6431	77.2197
Baratooti	Delhi	110006	28.7106	77.2115
Roop Nagar	Delhi	110007	28.6764	77.2074
Dada Ghosh Bhawan	Delhi	110008	28.6466	77.1701
Dr.Mukerjee Nagar	Delhi	110009	28.7121	77.206
505 A B Workshop	Delhi	110010	28.5724	77.0274
Nirman Bhawan	Delhi	110011	28.6431	77.2197
I.A.R.I.	Delhi	110012	28.6431	77.2197
Dargah Sharif	Delhi	110013	28.5878	77.2541
Hari Nagar Ashram	Delhi	110014	28.5014	77.2274
Moti Nagar	Delhi	110015	28.6553	77.0657
Green Park Market	Delhi	110016	28.5531	77.1916
Distt. Court Complex,Saket	Delhi	110017	28.5189	77.2131
Chaukhandi	Delhi	110018	28.6396	77.0884
Alaknanda	Delhi	110019	28.5014	77.2274
C R R I (South Delhi)	Delhi	110020	28.5345	77.2779
Anand Niketan	Delhi	110021	28.5818	77.1793
R K Puram Sect-1	Delhi	110022	28.5724	77.0274
Kidwai Nagar East	Delhi	110023	28.5724	77.0274
Amar Colony	Delhi	110024	28.5724	77.2365
Abul Fazal Enclave-I	Delhi	110025	28.5672	77.2725
Ashoka Park Extn.	Delhi	110026	28.6709	77.141
Janta Market	Delhi	110027	28.6553	77.0657
Naraina Industrial Estate H.O	Delhi	110028	28.5724	77.0274
Ansari Nagar	Delhi	110029	28.565	77.1972
Sultanpur	Delhi	110030	28.5724	77.0274
Gandhi Nagar (East Delhi)	Delhi	110031	28.6548	77.2752
Babarpur (North East Delhi)	Delhi	110032	28.6875	77.2856
Adrash Nagar	Delhi	110033	28.716	77.1429
Anandvas Shakurpur	Delhi	110034	28.716	77.1429
Rampura	Delhi	110035	28.6772	77.1573
Alipur	Delhi	110036	28.7986	77.1331
Gurgaon Road	Delhi	110037	28.548	77.1133
A F Rajokari	Delhi	110038	28.5724	77.0274
Barwala	Delhi	110039	28.7613	77.0628
Narela	Delhi	110040	28.8527	77.0929
Nilothi	Delhi	110041	28.6735	77.014
Samai Pur	Delhi	110042	28.7581	77.1309
Daulatpur	Delhi	110043	28.5466	76.9593
Jaitpur	Delhi	110044	28.5027	77.3084
Dabri	Delhi	110045	28.6099	77.0865
Sagarpur	Delhi	110046	28.5921	77.1056
Mandi	Delhi	110047	28.5724	77.0274
Greater Kailash	Delhi	110048	28.5614	77.2384
Andrewsganj	Delhi	110049	28.5014	77.2274
Safdarjung Sorting Delivery Office	Delhi	110050	28.5014	77.2274
Govind Pura	Delhi	110051	28.6292	77.298
Ashok Vihar H.O	Delhi	110052	28.7688	77.0869
Jagjit Nagar	Delhi	110053	28.6292	77.298
Aruna Nagar	Delhi	110054	28.6921	77.2245
A.K.Market	Delhi	110055	28.6417	77.2132
New Multan Nagar	Delhi	110056	28.7688	77.0869
Vasant Vihar-1	Delhi	110057	28.5724	77.0274
D.E.S.U. Colony	Delhi	110058	28.6553	77.0657
D. K. Mohan Garden	Delhi	110059	28.6553	77.0657
Rajender Nagar	Delhi	110060	28.6431	77.2197
Bijwasan	Delhi	110061	28.5346	77.0536
Deoli	Delhi	110062	28.5025	77.2312
Jawala Heri	Delhi	110063	28.6553	77.0657
Hari Nagar (West Delhi)	Delhi	110064	28.6553	77.0657
East Of Kailash	Delhi	110065	28.5589	77.2531
R K Puram (Main)	Delhi	110066	28.5724	77.0274
J.N.U.	Delhi	110067	28.5553	77.1743
Ignou	Delhi	110068	28.5724	77.0274
Union Public Service Commission	Delhi	110069	28.6431	77.2197
Masood Pur	Delhi	110070	28.5439	77.1523
Badusarai	Delhi	110071	28.5458	77.0784
CRPF Jharoda Kalan	Delhi	110072	28.6526	76.9521
Jafarpur	Delhi	110073	28.59	76.9205
Dera	Delhi	110074	28.5724	77.0274
Amberhai	Delhi	110075	28.5458	77.0784
Ali	Delhi	110076	28.5161	77.3099
Bagdola	Delhi	110077	28.5458	77.0784
Kakrola	Delhi	110078	28.6081	77.0193
Sangam Vihar	Delhi	110080	28.5014	77.2274
Nizampur	Delhi	110081	28.7178	76.9597
Naya Bans	Delhi	110082	28.7848	77.1046
Mangolpuri A Block	Delhi	110083	28.7441	77.0732
Jagatpur	Delhi	110084	28.7414	77.2199
Naharpur	Delhi	110085	28.7201	77.1027
Begumpur	Delhi	110086	28.7441	77.0732
Jwala Puri	Delhi	110087	28.6553	77.0657
Haiderpur	Delhi	110088	28.7219	77.159
Rohini Sector 15	Delhi	110089	28.7441	77.0732
Dayalpur	Delhi	110090	28.7077	77.274
Chilla	Delhi	110091	28.5957	77.3019
Shakarpur	Delhi	110092	28.6266	77.2794
Harsh Vihar	Delhi	110093	28.6114	77.2982
Gokal Puri	Delhi	110094	28.6114	77.2982
Dilshad Garden	Delhi	110095	28.6114	77.2982
Ghazipur	Delhi	110096	28.6114	77.2982
Kapashera.	Delhi	110097	28.5724	77.0274
AMPC Delivery	Delhi	110098	28.6109	77.214
Foreign Post Delhi IBC	Delhi	110100	28.6431	77.2197
Factory Area Faridabad	Haryana	121001	28.3327	77.3548
Bhaskola	Haryana	121002	28.4326	77.4094
Anangpur	Haryana	121003	28.4651	77.3329
Pali	Haryana	121004	28.3327	77.3548
Faridabad Sector 22	Haryana	121005	28.3327	77.3548
Faridabad Sector 7	Haryana	121006	28.3327	77.3548
Escortsnagar Faridabad	Haryana	121007	28.3327	77.3548
Faridabad Sector 29	Haryana	121008	28.3327	77.3548
Surajkund Faridabad	Haryana	121009	28.3327	77.3548
Nhpc Colony Faridabad	Haryana	121010	28.3327	77.3548
Sector-21D	Haryana	121012	28.3327	77.3548
Sec-91	Haryana	121013	28.3327	77.3548
Greater Faridabad	Haryana	121014	28.3327	77.3548
Sector 55	Haryana	121015	28.3327	77.3548
Chandpur	Haryana	121101	28.3257	77.4665
Rasulpur	Haryana	121102	28.3327	77.3548
Kot	Haryana	121103	28.3327	77.3548
Manpur	Haryana	121105	28.3327	77.3548
Sondh	Haryana	121106	28.3327	77.3548
Hassanpur	Haryana	121107	28.3327	77.3548
Arjun Nagar	Haryana	122001	28.418	76.9839
DLF QE	Haryana	122002	28.418	76.9839
Gurgaon Sector 45	Haryana	122003	28.418	76.9839
Narsinghpur	Haryana	122004	28.4135	76.9942
Air Force	Haryana	122005	28.418	76.9839
Basai	Haryana	122006	28.4592	76.985
Industrial Estate (Gurgaon)	Haryana	122007	28.418	76.9839
DLF Ph-II	Haryana	122008	28.418	76.9839
Galleria DLF-IV	Haryana	122009	28.418	76.9839
DLF Ph-III	Haryana	122010	28.4001	76.9661
Gurgaon Sector 56	Haryana	122011	28.4001	76.9661
Vatika India Sector 82 Gurgaon	Haryana	122012	28.4001	76.9661
Palam Road	Haryana	122015	28.4001	76.9661
Industrial Complex Dundahera	Haryana	122016	28.4001	76.9661
Carterpuri	Haryana	122017	28.4001	76.9661
Gurgaon South City II	Haryana	122018	28.4001	76.9661
Kasan	Haryana	122051	28.3574	76.9026
IMT Manesar	Haryana	122052	28.3553	76.9215
CRPF Kadarpur	Haryana	122098	28.4001	76.9661
Kadipur	Haryana	122101	28.3681	76.9408
Damdama	Haryana	122102	28.3681	76.9408
Ghasera	Haryana	122103	28.3681	76.9408
Bewan	Haryana	122104	28.3681	76.9408
Hasanpur	Haryana	122105	28.3681	76.9408
Akhera	Haryana	122107	28.3681	76.9408
Umra	Haryana	122108	28.3681	76.9408
Pachgaon	Haryana	122413	28.3681	76.9408
Khatauli	Haryana	122414	28.3681	76.9408
Ramgarh	Haryana	122502	28.3681	76.9408
Jamalpur	Haryana	122503	28.372	76.8387
Jatauli	Haryana	122504	28.3504	76.7545
Budhera	Haryana	122505	28.4773	76.9127
Sultanpur	Haryana	122506	28.4616	76.8708
Nai	Haryana	122508	28.3681	76.9408
Mandi	Haryana	123001	28.0444	76.1172
Tajpur	Haryana	123021	28.1729	76.1432
Akbarpur	Haryana	123023	28.1729	76.1432
Shyampura	Haryana	123024	28.4268	75.9414
Rasoolpur	Haryana	123027	28.1729	76.1432
Bairawas	Haryana	123028	28.1904	76.1312
Pali	Haryana	123029	28.1729	76.1432
CUH M.Garh	Haryana	123031	28.1729	76.1432
Dewas	Haryana	123034	28.2358	76.5433
Asiaki Gorawas	Haryana	123035	28.3371	76.6499
Khori	Haryana	123101	28.2013	76.4874
Pali	Haryana	123102	28.1642	76.4583
Mandola	Haryana	123103	28.231	76.373
Kharkhara	Haryana	123106	28.1963	76.767
Industrial Area Dharuhera	Haryana	123110	28.1937	76.5265
Jakhala	Haryana	123301	28.3848	76.5351
Jhal	Haryana	123302	28.4063	76.4363
Nayagaon	Haryana	123303	28.1729	76.1432
Mohanpur	Haryana	123401	28.0557	76.5055
Gothra	Haryana	123411	28.2955	76.4283
Rajgarh	Haryana	123412	28.0912	76.4723
Nangal	Haryana	123501	28.3378	76.408
Bus Stand	Haryana	124001	28.8917	76.6118
Dobh	Haryana	124010	28.8748	76.5296
Maina	Haryana	124021	28.8475	76.6048
Basana	Haryana	124022	28.8939	76.3718
Dujana	Haryana	124102	28.6811	76.622
Hasanpur	Haryana	124103	28.5391	76.6115
Jahangirpur	Haryana	124104	28.5773	76.7393
Ladpur	Haryana	124105	28.5553	76.7818
Jharli	Haryana	124106	28.4972	76.385
Barhana	Haryana	124107	28.7572	76.6738
Lohari	Haryana	124108	28.6048	76.6494
Darauli	Haryana	124109	28.6048	76.6494
Kharkhara	Haryana	124111	28.935	76.3645
Saman	Haryana	124112	28.9145	76.5292
Kalanaur (Rohtak)	Haryana	124113	28.9145	76.5292
Power Plant Jharli	Haryana	124141	28.9145	76.5292
Bahu	Haryana	124142	28.4539	76.3276
Akheri Madanpur	Haryana	124146	28.482	76.4931
Beri	Haryana	124201	28.7015	76.5771
Majra	Haryana	124202	28.6681	76.455
Basantpur	Haryana	124303	28.9742	76.6369
Dhamar	Haryana	124401	28.964	76.6757
Hassangarh	Haryana	124404	28.6048	76.6494
Assan	Haryana	124406	28.9046	76.8039
Anwal	Haryana	124411	28.8216	76.4457
Dharana	Haryana	124412	28.7686	76.5125
Garhi	Haryana	124501	28.8388	76.8036
Rewari Khera	Haryana	124504	28.7918	76.8258
Barahi	Haryana	124505	28.7356	76.895
Mandothi	Haryana	124506	28.691	76.8561
Bahadurgarh H.O	Haryana	124507	28.7918	76.8258
Soldha	Haryana	124508	28.6328	76.7875
Nindana	Haryana	124513	28.9642	76.4989
Chandi	Haryana	124514	29.0312	76.5027
Gju Hisar	Haryana	125001	29.0755	75.7562
Shahpur	Haryana	125004	29.1612	75.6162
Mirzapur	Haryana	125005	29.1942	75.8155
Ladwa	Haryana	125006	29.0689	75.8018
Azad Nagar Hisar	Haryana	125007	29.0251	75.6081
B.S.F Hisar	Haryana	125011	29.3034	75.7113
Sultanpur	Haryana	125033	29.0347	75.8692
Nalwa	Haryana	125037	28.9775	75.8718
Bhaklana	Haryana	125038	29.1514	76.2404
Nara	Haryana	125039	29.3407	76.1546
Kharkhara	Haryana	125042	29.1013	76.0946
Raipur	Haryana	125044	29.2151	75.8156
Gorakhpur	Haryana	125047	29.2151	75.8156
Badopal	Haryana	125048	29.4155	75.5503
Pali	Haryana	125049	29.1707	76.0798
Bangaon	Haryana	125050	29.4899	75.448
Nangal	Haryana	125051	29.5764	75.5792
Kishangarh	Haryana	125052	29.2998	75.447
Jandwala	Haryana	125053	29.3105	75.2646
Bahaudin	Haryana	125054	29.5202	75.28
Ahmedpur	Haryana	125055	29.6148	74.9015
JCD Vidyapeeth Sirsa	Haryana	125056	29.6148	74.9015
Ding	Haryana	125058	29.4597	75.2653
Rasulpur	Haryana	125060	29.6148	74.9015
Haripura	Haryana	125075	29.6148	74.9015
Rania	Haryana	125076	29.5245	74.8369
Sahuwala	Haryana	125077	29.7831	74.8784
Bhadra	Haryana	125078	29.6148	74.9015
Chautala	Haryana	125101	29.7827	74.5238
Mirzapur	Haryana	125102	29.6148	74.9015
Banwala	Haryana	125103	29.9085	74.7718
Shergarh	Haryana	125104	29.9258	74.6768
Karandi	Haryana	125106	29.7128	75.6907
Sherpura	Haryana	125110	29.4576	75.1994
Dhola	Haryana	125111	29.5764	75.5792
Khairi	Haryana	125112	29.2151	75.8156
Hassangarh	Haryana	125113	29.509	75.8891
Kanheri	Haryana	125120	29.6583	75.8678
Daulatpur	Haryana	125121	29.444	75.8649
Talwara	Haryana	125133	29.5764	75.5792
Pipli	Haryana	125201	29.8573	74.8922
Pauli	Haryana	126101	29.3073	76.3966
Bibipur	Haryana	126102	29.2444	76.2806
Ritauli	Haryana	126110	29.4354	76.3009
Khanda	Haryana	126111	29.4528	76.4603
Ram Nagar	Haryana	126112	29.3046	76.622
Dharauli	Haryana	126113	29.4354	76.3009
Baroli	Haryana	126114	29.2667	76.3581
Baroda	Haryana	126115	29.4385	76.2082
Garhi	Haryana	126116	29.7617	76.1256
Shahpur	Haryana	126125	29.4354	76.3009
Mangalpur	Haryana	126152	29.5109	76.073
Bhiwani H.O	Haryana	127021	28.6418	75.9763
Dudhwa	Haryana	127022	28.4948	76.2706
Aun	Haryana	127025	28.7792	76.3416
Badal	Haryana	127026	28.5405	76.1304
Sai	Haryana	127027	28.8839	76.2535
Obra	Haryana	127028	28.6731	75.7649
Kusumbhi	Haryana	127029	28.6252	76.0301
Bhangarh	Haryana	127030	28.6816	75.9777
Premnagar	Haryana	127031	28.8755	76.1045
Durjanpur	Haryana	127032	29.0393	76.0049
Bhurtana	Haryana	127035	28.9625	75.9572
Daryapur	Haryana	127040	28.8733	75.7391
Siwana	Haryana	127041	29.0058	76.0603
Ranila	Haryana	127042	28.7114	76.3589
Bhera	Haryana	127043	28.8237	75.6898
Barwa	Haryana	127045	28.9638	75.6054
Khera	Haryana	127046	28.9028	75.6547
Dang	Haryana	127111	28.863	76.0009
Kalinga	Haryana	127114	28.818	76.2743
Budhera	Haryana	127201	28.6178	75.7766
Samaspur	Haryana	127306	28.606	76.3017
Loharwara	Haryana	127307	28.6402	76.3867
Badhara	Haryana	127308	28.5104	75.9372
Kaila	Haryana	127309	28.8431	76.1831
Aun	Haryana	127310	28.5039	76.0992
Nandgaon	Haryana	127311	28.6771	76.112
Kadma	Haryana	127312	28.4527	76.0237
Mohana	Haryana	131001	29.034	76.8623
Baroli	Haryana	131021	29.0617	76.8795
Bhatgaon (Sonipat)	Haryana	131022	28.9972	76.9011
Nangal Kalan	Haryana	131023	28.9004	77.1349
Bohla	Haryana	131024	29.0833	76.8791
Malikpur	Haryana	131027	29.0617	76.8795
Sersa	Haryana	131028	28.8684	77.1454
Rai	Haryana	131029	28.9421	77.0973
TDI City Kundli	Haryana	131030	29.098	77.0684
Bhagan	Haryana	131039	29.098	77.0684
Rajpur	Haryana	131101	29.0789	77.025
Kailana	Haryana	131102	29.1297	76.916
Halalpur	Haryana	131103	28.8649	77.0092
Mehmoodpur	Haryana	131301	29.091	76.7386
Nizampur	Haryana	131302	29.2298	76.5063
Baroda	Haryana	131304	29.0617	76.8795
Kasandi	Haryana	131305	29.1398	76.8139
Chirana	Haryana	131306	29.1262	76.7252
Gopalpur	Haryana	131402	28.8487	76.919
Kanwali	Haryana	131403	29.0617	76.8795
Silana	Haryana	131408	28.936	76.8463
Anwali	Haryana	131409	29.0001	76.7548
Canal Colony	Haryana	132001	29.6875	76.8847
Khirajpur	Haryana	132022	29.7179	77.1083
Tikri	Haryana	132023	29.7355	77.0093
Sirsi	Haryana	132024	29.6825	76.8905
Bansa	Haryana	132036	29.603	76.835
Beejna	Haryana	132037	29.6247	77.0141
Bahari	Haryana	132039	29.503	76.5065
Ballah	Haryana	132040	29.5187	76.8496
Khanpur	Haryana	132041	29.9336	77.0559
Goli	Haryana	132046	29.4836	76.7596
Nangal	Haryana	132054	29.6875	76.8847
Jaurasi	Haryana	132101	29.2523	77.0465
Mahoti	Haryana	132102	29.1967	77.0158
Panipat City	Haryana	132103	29.3882	76.9586
Jalalpur	Haryana	132104	29.3699	77.0991
Lohari	Haryana	132105	29.359	76.8387
Binjhol	Haryana	132106	29.3326	76.9263
Shahpur	Haryana	132107	29.2448	76.8154
Diwana	Haryana	132108	29.3139	76.9717
Bhandari	Haryana	132113	29.3326	76.9263
Jamalpur	Haryana	132114	29.5282	77.0308
Hathwala	Haryana	132115	29.2269	77.1181
Sultanpur	Haryana	132116	29.748	76.9251
Sidhpur	Haryana	132117	29.8888	76.9616
Dehra	Haryana	132122	29.2076	77.0724
Babarpur	Haryana	132140	29.4489	76.9692
Palri	Haryana	132145	29.2637	76.899
Jamba	Haryana	132157	29.6875	76.8847
A.K. Line	Haryana	133001	30.2901	76.8908
Bara	Haryana	133004	30.2962	76.7995
Boh	Haryana	133005	30.2901	76.8908
Ind-estate	Haryana	133006	30.2901	76.8908
Majri	Haryana	133008	30.3935	77.0121
Defence Colony	Haryana	133010	30.3285	76.9422
Bihta (Ambala)	Haryana	133101	30.2757	76.9551
Khanpur	Haryana	133102	30.2523	76.8746
Chhappar	Haryana	133103	30.2769	77.1363
Mehmoodpur	Haryana	133104	30.3196	76.969
Barara	Haryana	133201	30.2146	77.0403
Saran	Haryana	133202	30.3285	76.9422
Dhanaura	Haryana	133203	30.261	76.8209
Mehmoodpur	Haryana	133204	30.4204	77.2306
Adhoya	Haryana	133205	30.3285	76.9422
Sarawan	Haryana	133206	30.2872	77.1801
Mullana Engineering College	Haryana	133207	30.277	77.0726
B.C.W. Suraj Pur	Haryana	133301	30.8398	76.9406
Kalka	Haryana	133302	30.8398	76.9406
Ambala  City Kucthery	Haryana	134003	30.2792	76.7113
Jandli	Haryana	134005	30.3571	76.7964
Dhulkot	Haryana	134007	30.3722	76.8048
Udaipur	Haryana	134008	30.2341	76.6257
H.M.T.Pinjore	Haryana	134101	30.7987	76.9182
Pinjore	Haryana	134102	30.7987	76.9182
I.T.B.P.  Bhanu	Haryana	134103	30.7987	76.9182
C.R.P.F. Pinjore	Haryana	134104	30.7987	76.9182
Amravati Enclave	Haryana	134105	30.7987	76.9182
Chandi Mandir	Haryana	134107	30.7987	76.9182
G.K. Panchkula	Haryana	134108	30.7987	76.9182
Railly	Haryana	134109	30.7987	76.9182
Panchkula Sector 12	Haryana	134112	30.686	76.9776
Industrial Estate  Panchkula	Haryana	134113	30.686	76.9776
Mansa  Devi Sec-5	Haryana	134114	30.686	76.9776
Sector-26 Panchkula	Haryana	134116	30.686	76.9776
Sector 20 Panchkula	Haryana	134117	30.686	76.9776
Ramgarh	Haryana	134118	30.6487	76.889
Toda	Haryana	134201	30.3285	76.9422
Shahzadpur	Haryana	134202	30.4459	77.0337
Lalpur	Haryana	134203	30.383	77.11
Haripur	Haryana	134204	30.3053	76.8641
Tikkar	Haryana	134205	30.686	76.9776
Bhatia Nagar	Haryana	135001	30.0075	77.2266
Aurangabad	Haryana	135002	30.1007	77.2371
Khera	Haryana	135003	30.172	77.2589
Kalanaur	Haryana	135004	30.0822	77.3372
Bakarwala	Haryana	135021	30.3116	77.4474
Fatehpur	Haryana	135101	30.2228	77.115
Manglore	Haryana	135102	30.2099	77.209
Ledi	Haryana	135103	30.3013	77.3945
Bhudkalan	Haryana	135106	30.2602	77.4413
Mandhar	Haryana	135133	30.2516	77.2608
Dhand	Haryana	136020	29.8764	76.6505
Sakra	Haryana	136021	29.8107	76.6864
Barsana	Haryana	136026	29.7161	76.6
Chandana	Haryana	136027	29.7489	76.3805
Thana	Haryana	136030	29.9181	76.498
Sair	Haryana	136033	29.936	76.2951
Mehmoodpur	Haryana	136034	30.0726	76.356
Kharkara	Haryana	136035	30.0099	76.2711
Amin	Haryana	136038	30.0451	76.7862
Mundri	Haryana	136042	29.7789	76.5055
Kotra	Haryana	136043	29.6358	76.4766
Jakholi	Haryana	136044	29.5838	76.4837
Haripura	Haryana	136117	29.6084	76.3941
Birla Mandir	Haryana	136118	30.1487	76.6856
Salarpur	Haryana	136119	29.919	76.8343
Malikpur	Haryana	136128	30.0451	76.7862
Chammu Kalan	Haryana	136129	30.1002	76.678
Tangore	Haryana	136130	30.1066	76.7642
Pipli	Haryana	136131	29.9776	76.893
Lohara	Haryana	136132	30.0185	76.9871
Haripur	Haryana	136135	30.0746	76.8352
Ajrawar	Haryana	136136	30.1464	76.6909
Bhagwanpur	Haryana	136156	30.0621	76.9565
Minisectt Ropar	Punjab	140001	31.0624	76.4894
Tajpura	Punjab	140101	31.0624	76.4894
Barsalpur	Punjab	140102	30.8512	76.4134
Singhpura	Punjab	140103	30.8155	76.5763
Ballamgarh	Punjab	140108	31.0624	76.4894
Khizrabad West	Punjab	140109	30.8782	76.6763
Baraudi	Punjab	140110	30.8446	76.7242
Bazidpur	Punjab	140111	30.9418	76.3799
Sandhwan	Punjab	140112	30.8692	76.3777
Malikpur	Punjab	140113	31.0624	76.4894
Bharatgarh	Punjab	140114	31.0982	76.6098
Kiratpur Sahib	Punjab	140115	31.1865	76.5691
Jhinjari	Punjab	140116	31.0624	76.4894
Thana	Punjab	140117	31.0624	76.4894
Agampur	Punjab	140118	31.0624	76.4894
Dhamana	Punjab	140119	31.0952	76.5144
Mangewal	Punjab	140123	31.2602	76.4783
Dhobeta	Punjab	140124	31.3897	76.3757
Behrampur	Punjab	140125	31.0624	76.4894
Mojowal	Punjab	140126	30.9245	76.4479
Daroli	Punjab	140133	31.0624	76.4894
Bhankarpur	Punjab	140201	30.2803	76.3516
Kharar	Punjab	140301	30.7463	76.6469
Dharamgarh	Punjab	140306	31.0624	76.4894
Bhago Majra	Punjab	140307	31.0624	76.4894
Kumbra	Punjab	140308	31.0624	76.4894
IFP Rajpura	Punjab	140401	30.2803	76.3516
Kotla	Punjab	140402	30.5446	76.5984
Badochikalan	Punjab	140405	30.615	76.3142
Adampur	Punjab	140406	30.5738	76.4069
Fatehgarh Sahib	Punjab	140407	30.5733	76.5092
Khera	Punjab	140408	30.6017	76.4877
Bazidpur	Punjab	140412	30.2883	76.3006
Bajheri	Punjab	140413	30.7197	76.5439
Gadapur	Punjab	140417	30.3995	76.7034
Dharamgarh	Punjab	140501	30.4622	76.8107
Jalalpur	Punjab	140506	30.5294	76.6819
Baroli	Punjab	140507	30.5631	76.8376
Ramgarh	Punjab	140601	30.5243	76.2485
Manakpur	Punjab	140602	30.5969	76.6315
Zirakpur	Punjab	140603	30.6562	76.8209
Baltana	Punjab	140604	30.6763	76.7411
Gopalpur	Punjab	140701	30.4521	76.5159
Ghanur	Punjab	140702	30.3867	76.4902
Amrala	Punjab	140802	30.2803	76.3516
Parol	Punjab	140901	31.0624	76.4894
Bharat Nagar (Ludhiana)	Punjab	141001	30.8047	75.8361
Model Town (Ludhiana)	Punjab	141002	30.8047	75.8361
A.P. Basti	Punjab	141003	30.8047	75.8361
P.A.U.	Punjab	141004	30.8047	75.8361
Gne College	Punjab	141006	30.8047	75.8361
Mangat	Punjab	141007	30.98	75.9144
B.R Street	Punjab	141008	30.8047	75.8361
Moti Nagar	Punjab	141010	30.8485	76.141
Rajguru Nagar	Punjab	141012	30.8485	76.141
Basant Avenue	Punjab	141013	30.8485	76.141
Daba Road	Punjab	141014	30.8646	75.9185
Karyana Kalan	Punjab	141015	30.8975	75.9316
Lohora	Punjab	141016	30.8047	75.8361
Jugiana	Punjab	141017	30.8549	75.9405
Pandori	Punjab	141101	30.8297	75.6417
Hassanpur	Punjab	141102	30.8722	75.7053
Khandur	Punjab	141103	30.7984	75.7216
Akalgarh	Punjab	141104	30.7595	75.6457
Abbowal	Punjab	141105	30.8047	75.8361
Halwara Aerodrome	Punjab	141106	30.9228	75.6892
Nurpur	Punjab	141107	30.9562	75.7133
Rajgarh	Punjab	141108	30.8047	75.8361
Tajpura	Punjab	141109	30.8047	75.8361
Chak Kalan	Punjab	141110	30.8047	75.8361
Jandiali	Punjab	141112	30.8671	75.9938
Uppal	Punjab	141113	30.8535	76.0863
Nagra	Punjab	141114	30.7996	76.1564
Hambowal	Punjab	141115	30.9516	76.2508
Gill	Punjab	141116	30.8	75.8529
Sihar	Punjab	141117	30.8047	75.8361
Lehra	Punjab	141118	30.8047	75.8361
Babarpur	Punjab	141119	30.8047	75.8361
Nandpur	Punjab	141120	30.8414	75.9658
Behlolpur	Punjab	141121	30.9575	75.9386
Sangowal	Punjab	141122	30.8289	75.8919
Ramgarh (Ludhiana)	Punjab	141123	30.9575	75.9386
Kotala	Punjab	141125	30.9568	76.2755
Junewal	Punjab	141126	30.9641	76.1085
Rattangarh	Punjab	141127	30.8047	75.8361
Kila Raipur	Punjab	141201	30.8047	75.8361
Ballowal	Punjab	141202	30.7705	75.7476
Lohgarh	Punjab	141203	30.8047	75.8361
Khera	Punjab	141204	30.9587	76.2178
Bahrampur	Punjab	141205	30.8047	75.8361
Khanpur	Punjab	141206	30.7998	75.9055
Amloh Road(Khanna)	Punjab	141401	30.6946	76.1262
Bhari	Punjab	141411	30.6421	76.3768
Mohanpur	Punjab	141412	30.7286	76.1566
Nizampur	Punjab	141413	30.6547	76.0252
Hoal	Punjab	141414	30.6891	76.1244
Rauni	Punjab	141415	30.5969	76.0894
Barmalipur	Punjab	141416	30.7531	76.0743
Goh	Punjab	141417	30.752	76.2573
Begowal	Punjab	141418	30.8107	76.0627
Ghaloti	Punjab	141419	30.6861	76.151
Rajgarh	Punjab	141421	30.8047	75.8361
Bopa Rai Kalan (Ludhiana)	Punjab	141422	30.803	75.6673
Rattangarh	Punjab	141801	30.2803	76.3516
Gtr Moga	Punjab	142001	30.7625	75.1742
Budh Singh Wala	Punjab	142002	30.7625	75.1742
Rauli	Punjab	142003	30.7625	75.1742
Dhurkot	Punjab	142011	30.7811	75.2246
Baddowal	Punjab	142021	30.8611	75.7469
Dev Nagar	Punjab	142022	30.8509	75.8048
Kular	Punjab	142023	30.7923	75.5889
Sangatpura	Punjab	142024	30.8867	75.5388
Bharowal	Punjab	142025	30.8047	75.8361
Jagraon City	Punjab	142026	30.8567	75.6153
Malakpur	Punjab	142027	30.9287	75.7403
New Rajguru Nagar	Punjab	142028	30.8567	75.6153
Dhaipai	Punjab	142029	30.8047	75.8361
Kamalpura	Punjab	142030	30.7002	75.8747
Hathur	Punjab	142031	30.6391	75.4472
Bassian	Punjab	142032	30.6559	75.5389
Jandi	Punjab	142033	30.895	75.5027
Akhara	Punjab	142034	30.7461	75.4866
Rasulpur	Punjab	142035	30.8875	75.513
Sherpur Kalan	Punjab	142036	30.89	75.8962
Malliana	Punjab	142037	30.6913	75.3539
Kaleke	Punjab	142038	30.7625	75.1742
Lohara	Punjab	142039	30.8762	75.1817
Butter	Punjab	142040	30.6913	75.3539
Bhinder (Firozpur)	Punjab	142041	30.9492	74.7637
Kaila	Punjab	142042	30.9751	75.2234
Lohara	Punjab	142043	30.8762	75.1817
Behak Gujjaran	Punjab	142044	30.9492	74.7637
Kishan Garh	Punjab	142045	30.7625	75.1742
Dina	Punjab	142046	30.5206	75.2377
Valtoha	Punjab	142047	30.9492	74.7637
Darapur	Punjab	142048	30.8421	74.9636
Guru Teg Bahadur Garh	Punjab	142049	30.7625	75.1742
Haraj	Punjab	142050	30.8676	74.8952
Dhindsa	Punjab	142052	30.8871	74.7515
Ajitwal	Punjab	142053	30.8157	75.3383
Chugawan	Punjab	142054	30.8456	75.3307
Saidoke	Punjab	142055	30.5267	75.2867
Ranian	Punjab	142056	30.7625	75.1742
Sangatpura	Punjab	142057	30.597	75.1028
Indergarh	Punjab	142058	30.8778	75.0738
Gill	Punjab	142060	30.8042	74.8793
Amritsar G.P.O.	Punjab	143001	31.5729	75.0058
Khalsa College	Punjab	143002	31.6029	74.8732
Nodal Delivery Office Amritsar	Punjab	143003	31.6029	74.8732
Guru Nanak Dev University	Punjab	143005	31.6029	74.8732
Basti Ram Dhab	Punjab	143006	31.6035	74.909
Gumtala	Punjab	143008	31.665	74.8542
Bohru	Punjab	143009	31.5641	74.8187
Rataul	Punjab	143022	31.7061	74.9005
Bagga	Punjab	143101	31.7226	75.1587
Mohar	Punjab	143102	31.7715	74.863
Kamalpur	Punjab	143103	31.7061	74.9005
Dhand	Punjab	143105	31.7061	74.9005
Padri	Punjab	143107	31.635	74.6677
Mode	Punjab	143108	31.6364	74.5804
Kohala	Punjab	143109	31.688	74.6569
Lohgarh	Punjab	143111	31.5658	75.2064
Uppal	Punjab	143112	31.3369	74.8418
Raipur Kalan	Punjab	143113	31.6578	75.0447
Mehta	Punjab	143114	31.8824	74.8858
Taragarh	Punjab	143115	31.5508	75.0636
Akalgarh Dhupaian	Punjab	143116	31.6496	75.2025
Bharowal	Punjab	143117	31.3964	75.0725
Jalalabad	Punjab	143118	31.4503	75.1934
Bagga	Punjab	143119	31.7226	75.1587
Tangra	Punjab	143149	31.5638	75.1216
Beas	Punjab	143201	31.5173	75.2997
Dhianpur	Punjab	143202	31.561	75.2381
Khanpur	Punjab	143203	31.6029	75.3505
Bal Sarai	Punjab	143204	31.5764	75.3312
Butter Sivya	Punjab	143205	31.6069	75.2749
Panjwar	Punjab	143301	31.7061	74.9005
Sohal	Punjab	143302	31.7061	74.9005
Singhpura	Punjab	143303	31.7061	74.9005
Bhagwanpura	Punjab	143304	31.9739	74.8814
Basarke	Punjab	143305	31.7061	74.9005
Tarn Taran H.O	Punjab	143401	31.427	75.0451
Naurangabad	Punjab	143402	31.7061	74.9005
Deo	Punjab	143406	31.4873	75.0132
Khawaspur	Punjab	143407	31.3369	74.8418
Chamba Kalan	Punjab	143408	31.2077	75.0103
Mohanpura	Punjab	143409	31.7061	74.9005
Khara	Punjab	143410	31.7061	74.9005
Lalpura	Punjab	143411	31.3369	74.8418
Alipur	Punjab	143412	31.2132	74.928
Bundala (Amritsar)	Punjab	143413	31.5326	74.98
Chahal	Punjab	143414	31.7061	74.9005
Nandpur	Punjab	143415	31.4135	75.1835
Saidpur	Punjab	143416	31.3369	74.8418
Manawan	Punjab	143419	31.7061	74.9005
Dhunda	Punjab	143422	31.3408	75.124
Nizampura	Punjab	143501	31.8256	74.9245
Jaintipur	Punjab	143502	31.779	75.1063
Bhilowal	Punjab	143504	31.6825	75.0989
Batala City	Punjab	143505	31.9161	75.2937
Chahal	Punjab	143506	31.7658	75.2217
Marar	Punjab	143507	31.9161	75.2937
Bhagowal	Punjab	143511	31.9161	75.2937
Dalelpur	Punjab	143512	32.0352	75.5547
Bhole Ke	Punjab	143513	31.9099	75.0159
Dakoha	Punjab	143514	31.6759	75.3395
Ballarwal	Punjab	143515	31.6323	75.4147
Dhandal	Punjab	143516	31.8622	75.4136
Bhattian	Punjab	143517	31.8604	75.4588
Ghuman Kalan	Punjab	143518	31.8711	75.2845
Kalyanpur	Punjab	143519	31.9539	75.3028
Sohal	Punjab	143520	31.9797	75.3505
Gurdaspur H.O	Punjab	143521	31.9507	75.3623
Marara	Punjab	143525	32.1775	75.3929
Islampur	Punjab	143526	32.1269	75.3065
Beri	Punjab	143527	31.9161	75.2937
Chak Sharif	Punjab	143528	31.9168	75.4981
Babri	Punjab	143529	31.9595	75.3769
Ghot	Punjab	143530	32.016	75.4512
Jangal	Punjab	143531	31.9448	75.4959
Behrampur	Punjab	143532	31.9837	75.2554
Gharota	Punjab	143533	32.1491	75.5795
Rattangarh	Punjab	143534	31.9161	75.2937
Jalalpura	Punjab	143601	31.7677	74.9877
Khaira	Punjab	143602	32.0073	75.2672
Jatta	Punjab	143603	31.9954	74.9001
Singhpura	Punjab	143604	31.9865	74.939
Dhianpur	Punjab	143605	31.9238	75.0721
Sangatpura	Punjab	143606	31.7996	74.9131
Bazar Shahidan	Punjab	144001	31.2121	75.5684
Kohala	Punjab	144002	31.2958	75.4566
Wadala	Punjab	144003	31.2121	75.5684
Nurpur	Punjab	144004	31.1384	75.4127
Jalandhar Cantt H.O	Punjab	144005	31.2121	75.5684
BSF Campus	Punjab	144006	31.2121	75.5684
Ladhewali	Punjab	144007	31.2121	75.5684
Bazar Nauhrian	Punjab	144008	31.2121	75.5684
Chogitti	Punjab	144009	31.2121	75.5684
Dhanowali	Punjab	144010	31.1191	75.487
R.E.C. Jalandhar	Punjab	144011	31.1191	75.487
Reru	Punjab	144012	31.1191	75.487
Udhopur	Punjab	144020	31.2357	75.6186
Mand	Punjab	144021	31.2121	75.5684
Mithapur	Punjab	144022	31.2121	75.5684
Dakoha	Punjab	144023	31.2121	75.5684
Sansarpur	Punjab	144024	31.2121	75.5684
Madar	Punjab	144025	31.3766	75.6506
Kalyanpur	Punjab	144026	31.2121	75.5684
Suranussi	Punjab	144027	31.2121	75.5684
Chitti	Punjab	144028	31.2377	75.4766
Sheikhupur	Punjab	144029	31.1104	76.1547
Kalra	Punjab	144030	31.3976	75.777
Rurka Kalan	Punjab	144031	31.1228	75.6996
Samrai	Punjab	144032	31.1788	75.6323
Bhangala	Punjab	144033	31.1447	75.597
Bhardwajian	Punjab	144034	31.1278	75.643
Kang Arryan	Punjab	144035	31.1797	75.6257
Mowai	Punjab	144036	31.0499	75.6544
Nagra	Punjab	144037	31.0792	75.6924
Shadipur	Punjab	144039	31.0558	75.5996
Nurpur	Punjab	144040	31.1384	75.4127
Shahpur	Punjab	144041	31.054	75.4695
Chak Kalan	Punjab	144042	31.1784	75.5352
Sarih	Punjab	144043	31.1416	75.5623
Bath Kalan	Punjab	144044	31.1428	75.477
Parasrampur	Punjab	144101	31.4104	75.6611
Isharwal	Punjab	144102	31.2121	75.5684
Adampur AD	Punjab	144103	31.422	75.7564
Daroli Kalan	Punjab	144104	31.4104	75.6611
Badla Mahi	Punjab	144105	31.6259	75.86
Kotla	Punjab	144106	31.507	75.7343
Rajpur	Punjab	144201	31.5879	75.6304
Jalalpur	Punjab	144202	31.6654	75.5478
Saidpur	Punjab	144204	31.6355	75.6517
Dasuya H.O	Punjab	144205	31.646	75.7136
Bahera	Punjab	144206	31.7546	75.9505
Bhana	Punjab	144207	31.7686	75.7114
Baghpur	Punjab	144208	31.5851	75.8909
Patial	Punjab	144209	31.7101	75.9433
Darapur	Punjab	144210	31.5273	75.9139
Mansoorpur	Punjab	144211	31.9805	75.6005
Budhipind	Punjab	144212	31.6866	75.6812
Sansarpur	Punjab	144213	31.8237	75.8165
Umarpur	Punjab	144214	31.6259	75.86
Rajwal	Punjab	144216	31.911	75.8889
Hajipur	Punjab	144221	31.6615	75.7781
Fatehpur	Punjab	144222	31.5806	75.8123
Badla	Punjab	144223	31.4027	75.9066
Dharampur	Punjab	144224	31.8232	75.78
Kishangarh	Punjab	144301	31.2121	75.5684
Kishanpur	Punjab	144302	31.2121	75.5684
Jalowal	Punjab	144303	31.2121	75.5684
Berchha	Punjab	144305	31.779	75.6751
Bhangala	Punjab	144306	32.022	75.61
Dhesian Kahna	Punjab	144311	31.1479	75.692
Banga Road Phagwara	Punjab	144401	31.2326	75.7895
Pandori	Punjab	144402	31.5177	75.505
Bohani	Punjab	144403	31.2121	75.5684
Khanaura	Punjab	144404	31.3948	75.8162
Bhagana	Punjab	144405	31.2121	75.5684
Baddon	Punjab	144406	31.3584	75.8943
Bhabiana	Punjab	144407	31.2121	75.5684
Panchhat	Punjab	144408	31.2326	75.7895
Mahal	Punjab	144409	31.14	75.7897
Khaira	Punjab	144410	31.0644	75.7861
Raipur	Punjab	144411	31.3531	75.4034
Lassara	Punjab	144415	31.1104	76.1547
Mandi	Punjab	144416	31.0793	75.8957
Aur	Punjab	144417	31.0684	76.0024
Samrai	Punjab	144418	31.1788	75.6323
Bharsingpura	Punjab	144419	31.0531	75.8628
Mehmoodpur	Punjab	144421	31.0921	76.0376
Bhakhlaur	Punjab	144422	31.1104	76.1547
Jasso Mazara	Punjab	144501	31.1941	75.8422
Lehal	Punjab	144502	31.164	75.8672
Bharoli	Punjab	144503	31.1667	75.9643
Behram	Punjab	144504	31.1104	76.1547
Chak Kalan	Punjab	144505	31.1104	76.1547
Surapur	Punjab	144506	31.2039	76.0803
Jagatpur	Punjab	144507	31.1358	75.9338
Malpur	Punjab	144508	31.1582	76.0725
Khanpur	Punjab	144509	31.1578	75.934
Rampur	Punjab	144510	31.2525	75.9881
Dosanjh Khurd	Punjab	144511	31.1104	76.1547
Bhin	Punjab	144512	31.1104	76.1547
Rasulpur	Punjab	144513	31.1346	76.0251
Saloh	Punjab	144514	31.1058	76.1318
Jadla	Punjab	144515	31.0805	76.2185
Daulatpur	Punjab	144516	31.1041	76.2133
Bahloor Kalan	Punjab	144517	31.0628	76.11
Bazidpur	Punjab	144518	31.0486	76.0539
Behbalpur	Punjab	144519	31.5032	75.8355
Aiman Jattan	Punjab	144520	31.2893	75.9947
Balachaur	Punjab	144521	31.0606	76.3017
Bharthala	Punjab	144522	31.1104	76.1547
Bhawanipur	Punjab	144523	31.6259	75.86
Begumpur	Punjab	144524	31.1104	76.1547
Mallewal	Punjab	144525	31.6259	75.86
Mohar	Punjab	144526	31.1104	76.1547
Khanpur	Punjab	144527	31.2354	76.1818
Birampur	Punjab	144528	31.587	75.6952
Bharowal	Punjab	144529	31.6259	75.86
Fateh Pur Kothi	Punjab	144530	31.3466	76.1487
Moranwali	Punjab	144531	31.2422	76.0523
Chak Singha	Punjab	144532	31.3714	76.0627
Rel	Punjab	144533	30.9985	76.4689
Amrit Bazar(Kapurthala)	Punjab	144601	31.3801	75.3811
Rail Coach Factory	Punjab	144602	31.3536	75.3683
Ahmedpur	Punjab	144603	31.3288	75.4193
Bhawanipur	Punjab	144606	31.3875	75.327
Mahabalipur	Punjab	144620	31.319	75.3491
Akbarpur	Punjab	144621	31.6389	75.5336
Ramgarh	Punjab	144622	31.4933	75.488
Rahimpur	Punjab	144623	31.2344	75.4158
Mirzapur	Punjab	144624	31.5507	75.3947
Kular	Punjab	144625	31.3531	75.4034
Kabirpur	Punjab	144626	31.2157	75.1089
Saidpur	Punjab	144628	31.3196	75.2137
Nahal	Punjab	144629	31.2121	75.5684
Rasulpur Kalan	Punjab	144630	31.2121	75.5684
Miani Bhagopurian	Punjab	144631	31.3531	75.4034
Birk	Punjab	144632	31.3531	75.4034
Lakhanpal	Punjab	144633	31.1791	75.6582
Malupur	Punjab	144701	31.2121	75.5684
Sindher	Punjab	144702	31.1476	75.2636
Bagga	Punjab	144703	31.2121	75.5684
Rahimpur	Punjab	144801	31.2344	75.4158
Lakhan Kalan	Punjab	144802	31.4283	75.4172
Dialpur	Punjab	144803	31.3531	75.4034
Butala	Punjab	144804	31.3531	75.4034
CRPF Campus Sarai Khas	Punjab	144805	31.2121	75.5684
Khusropur	Punjab	144806	31.2121	75.5684
Maqsoodpur	Punjab	144819	31.4389	75.4181
Karoli	Punjab	145001	31.9161	75.2937
Bhanguri	Punjab	145022	31.9161	75.2937
Ranipur	Punjab	145023	31.9161	75.2937
Madhopur (Gurdaspur)	Punjab	145024	32.3679	75.6049
Bharoli	Punjab	145025	31.9161	75.2937
Fatehpur	Punjab	145026	31.9161	75.2937
Bamial	Punjab	145027	32.286	75.3752
Kot	Punjab	145029	31.9161	75.2937
Nangal	Punjab	145101	31.9161	75.2937
Bahadurpur Chowk	Punjab	146001	31.5344	75.8827
Nara	Punjab	146021	31.5796	75.9875
Taragarh	Punjab	146022	31.4968	75.802
Shergarh	Punjab	146023	31.4976	75.9295
Bhagowal	Punjab	146024	31.6151	75.7648
Nangal Khurd	Punjab	146101	31.6259	75.86
Singhpur	Punjab	146102	31.9032	75.6938
Bham	Punjab	146103	31.3678	75.9406
Patti	Punjab	146104	31.4435	75.9331
Bahowal	Punjab	146105	31.3534	75.9805
Khera	Punjab	146106	31.4299	75.9207
Kharaudi	Punjab	146107	31.3209	75.9863
Kharar Achharwal	Punjab	146108	31.3262	75.9508
Jandiala	Punjab	146109	31.6259	75.86
Mehlanwali	Punjab	146110	31.5131	75.9834
Saleempur	Punjab	146111	31.4623	75.8422
Badla	Punjab	146112	31.4027	75.9066
Sikri	Punjab	146113	31.6281	75.7546
Khanpur	Punjab	146114	31.5795	75.7357
Begumpur Jandiala	Punjab	146115	31.1104	76.1547
Ghorewaha	Punjab	146116	31.6161	75.6998
Bahera Road Patiala	Punjab	147001	30.3793	76.1644
University(Patiala)	Punjab	147002	30.3793	76.1644
D C W	Punjab	147003	30.3793	76.1644
Govt. Printing Press	Punjab	147004	30.4562	76.4223
Kalyan	Punjab	147005	30.2803	76.3516
Allowal	Punjab	147006	30.4361	76.2884
Wazidpur	Punjab	147007	30.4458	76.1322
Chappar	Punjab	147021	30.3561	76.5128
Kamalpur	Punjab	147101	30.1338	76.2815
Kakrala	Punjab	147102	30.2789	76.31
Bhankher	Punjab	147103	30.3018	76.4579
Chinarthal Kalan	Punjab	147104	30.4962	76.3221
Shergarh	Punjab	147105	29.8302	76.1407
Devinagar	Punjab	147111	30.1918	76.3088
Ramgarh	Punjab	147201	30.5243	76.2485
Fatehpur	Punjab	147202	30.5234	76.1475
Noorpur	Punjab	147203	30.2803	76.3516
Shahpur	Punjab	147301	30.6608	76.2341
Mini Secteriate Sangrur	Punjab	148001	30.2298	75.8488
Bahadurpur	Punjab	148002	30.2576	75.7459
Harchandpur	Punjab	148017	30.3341	75.9337
Bagrian	Punjab	148018	30.4283	76.0346
Bhogiwal	Punjab	148019	30.3742	75.9806
Kothala	Punjab	148020	30.2128	75.87
Rohira	Punjab	148021	30.2128	75.87
Jhall	Punjab	148022	30.4891	76.0076
Khanpur	Punjab	148023	30.1506	75.9924
Badshahpur	Punjab	148024	30.39	75.7706
Sherpur	Punjab	148025	30.4406	75.7066
Nagra	Punjab	148026	30.1722	75.9569
Mandvi	Punjab	148027	29.8027	76.042
Dharamgarh	Punjab	148028	30.0507	76.0431
Shahpur	Punjab	148029	30.2989	76.1611
Nangla	Punjab	148030	30.0428	75.7978
Sangatpura	Punjab	148031	30.2128	75.87
Hamirgarh	Punjab	148033	30.2128	75.87
Hassanpur	Punjab	148034	30.4297	75.9985
Kamalpur	Punjab	148035	30.1119	76.048
Ramgarh	Punjab	148100	30.5148	75.3905
Raisar	Punjab	148101	30.476	75.4957
Bhadaur (Sangrur)	Punjab	148102	30.2128	75.87
Jodhpur	Punjab	148103	30.3799	75.4556
Kurar	Punjab	148104	30.3865	75.5007
Dangarh	Punjab	148105	30.3865	75.5007
Badbar	Punjab	148106	30.2548	75.665
Dhurkot	Punjab	148107	30.2856	75.4602
Daraj	Punjab	148108	30.33	75.3877
Karamgarh	Punjab	148109	30.4147	75.6104
Bathinda H.O	Punjab	151001	30.1826	75.0416
Deon	Punjab	151002	30.1826	75.0416
Nfl Bathinda	Punjab	151003	30.1826	75.0416
Bathinda Cantt	Punjab	151004	30.1826	75.0416
Mehta	Punjab	151005	30.1826	75.0416
Sema	Punjab	151101	30.2682	75.0676
Govind Pura	Punjab	151102	29.9082	75.4399
Dhade	Punjab	151103	30.2739	75.2399
Raiya	Punjab	151104	29.8145	75.1174
Bhaini Kani	Punjab	151105	30.2974	75.176
Bhai Rupa	Punjab	151106	30.4324	75.2186
Aklia Jalal	Punjab	151108	30.4822	75.2043
Ghtp Lehra Mohabbat	Punjab	151111	30.2974	75.176
Ganga	Punjab	151201	30.3638	74.8236
Chaina	Punjab	151202	30.4046	74.8737
Faridkot H.O	Punjab	151203	30.4846	74.8746
Sarawan	Punjab	151204	30.6102	74.7817
Wara Bhai Ka	Punjab	151205	30.4707	75.0165
Hamirgarh	Punjab	151206	30.4783	75.1361
Aulakh	Punjab	151207	30.6482	74.9147
Wandar	Punjab	151208	30.5699	74.7368
Sandhwan	Punjab	151209	30.6103	74.8025
Pakki	Punjab	151210	30.1663	74.3557
Lohara	Punjab	151211	29.9675	74.6396
Bihle Wala	Punjab	151212	30.7018	74.6233
Pipli	Punjab	151213	30.7345	74.7355
Raman	Punjab	151301	29.9504	74.9785
Sekhpura	Punjab	151302	30.0518	75.152
Bandi	Punjab	151401	30.0547	74.7621
Bahadurpur	Punjab	151501	29.9082	75.4399
Ahmedpur	Punjab	151502	30.0094	75.6795
Alampur Mandra	Punjab	151503	30.0715	75.3545
Matti	Punjab	151504	30.1194	75.5234
Khara	Punjab	151505	29.933	75.4427
Fatehpur	Punjab	151506	29.7758	75.3986
Karandi	Punjab	151507	29.667	75.274
Tamkot	Punjab	151508	29.9082	75.4399
Ram Nagar	Punjab	151509	30.1826	75.0416
Joga	Punjab	151510	29.9082	75.4399
Cantt Railway Station Ferozepu	Punjab	152001	30.8628	74.6316
Mehma	Punjab	152002	30.9951	74.6612
Canal Colony Ferozepur	Punjab	152003	30.9175	74.5863
Bazidpur	Punjab	152004	30.9492	74.7637
Bharana	Punjab	152005	30.9709	74.8244
Railway Road Mandi Ladhuka	Punjab	152020	30.3262	74.1889
Kamal Wala	Punjab	152021	31.0619	74.8228
Jandwala	Punjab	152022	30.7475	74.8601
Karma	Punjab	152023	30.9492	74.7637
Amir Khas	Punjab	152024	30.9492	74.7637
Khara	Punjab	152025	30.5322	74.7137
Akalgarh	Punjab	152026	30.298	74.5407
Awan	Punjab	152028	30.7625	75.1742
Bhullar	Punjab	152031	30.4205	74.6031
Sotha	Punjab	152032	30.3824	74.5548
Ratta Khera	Punjab	152033	30.9364	74.81
Daula	Punjab	152101	30.2081	74.699
Bhagwanpura	Punjab	152107	30.218	74.4611
Gurusar	Punjab	152112	30.1481	74.3914
Badal	Punjab	152113	30.0794	74.6673
Dhaula	Punjab	152114	30.1629	74.5708
Bhaika Khera	Punjab	152115	30.0734	74.4317
Ramsara	Punjab	152116	30.9492	74.7637
Ramgarh	Punjab	152117	30.9177	75.0267
Rampura	Punjab	152118	30.9492	74.7637
Kamal Wala	Punjab	152121	30.9492	74.7637
Bazidpur Kattianwali	Punjab	152122	30.9492	74.7637
Rana	Punjab	152123	30.9492	74.7637
Arniwala Sheikh Subhan	Punjab	152124	30.9492	74.7637
Haripura	Punjab	152128	30.9492	74.7637
Shergarh	Punjab	152132	30.9492	74.7637
High Court (Chandigarh)	Chandigarh	160001	30.7465	76.7417
Hallomajra	Chandigarh	160002	30.7465	76.7417
Aerodrome	Chandigarh	160003	30.7465	76.7417
Airforce Highground	Chandigarh	160004	30.7465	76.7417
IBC Chandigarh	Chandigarh	160005	30.7465	76.7417
Sector 8(Chandgarh)	Chandigarh	160009	30.7465	76.7417
Sector 10 (Chandigarh)	Chandigarh	160011	30.7301	76.7815
Engg College	Chandigarh	160012	30.7301	76.7815
Behlolpur	Punjab	160014	31.0624	76.4894
Sector 15 Chandigarh	Chandigarh	160015	30.7301	76.7815
Nodal Delivery Office Chandigarh	Chandigarh	160016	30.7301	76.7815
Chandigarh G.P.O.	Chandigarh	160017	30.7301	76.7815
Govt Press Chandigarh	Chandigarh	160018	30.7301	76.7815
Raj Bhawan (Chandigarh)	Chandigarh	160019	30.7301	76.7815
Sector 20 (Chandigarh)	Chandigarh	160020	30.7465	76.7417
Sector 21 (Chandigarh)	Chandigarh	160022	30.7465	76.7417
Sector 23 ( Chandigarh)	Chandigarh	160023	30.7465	76.7417
Maloya Colony	Chandigarh	160025	30.7465	76.7417
Sector 29 (Chandigarh)	Chandigarh	160030	30.7325	76.7341
Badheri	Chandigarh	160036	30.7325	76.7341
District Court Sector-43,Chandigar	Chandigarh	160043	30.708	76.7621
Burail	Chandigarh	160047	30.708	76.7621
Balongi	Punjab	160055	31.0624	76.4894
Chandigarh Sector 59	Punjab	160059	30.6763	76.7411
Chandigarh Sector 61	Punjab	160062	30.6763	76.7411
Chandigarh Sector 71	Punjab	160071	30.6763	76.7411
Kishangarh	Chandigarh	160101	30.7465	76.7417
Raipur Kalan	Chandigarh	160102	30.7465	76.7417
Naya Gaon (Mohali)	Punjab	160103	30.6763	76.7411
Dhakaoli	Punjab	160104	30.6763	76.7411
Busstand	Himachal Pradesh	171001	31.1167	77.1684
HP.Sectt.	Himachal Pradesh	171002	31.1167	77.1684
Bharari	Himachal Pradesh	171003	31.1256	77.1766
Ambedkarchowk	Himachal Pradesh	171004	31.1167	77.1684
Chaili	Himachal Pradesh	171005	31.1152	77.2781
Kamlanagar	Himachal Pradesh	171006	31.0928	77.1229
Durgapur	Himachal Pradesh	171007	31.1669	77.1746
Jutogh	Himachal Pradesh	171008	31.1	77.1167
Rajhana	Himachal Pradesh	171009	31.0769	77.1856
Tara Devi	Himachal Pradesh	171010	31.1781	77.2374
Badehari	Himachal Pradesh	171011	31.1616	77.0922
Koti	Himachal Pradesh	171012	31.1225	77.2558
Mehli	Himachal Pradesh	171013	31.1781	77.2374
Kanda	Himachal Pradesh	171014	31.1242	77.0881
Baldeyan	Himachal Pradesh	171015	31.1781	77.2374
Khera	Himachal Pradesh	171018	31.205	77.3226
Himri	Himachal Pradesh	171019	31.2235	77.2774
Nagaon	Himachal Pradesh	171102	30.982	77.137
Sainj	Himachal Pradesh	171103	31.1478	77.2861
Chikar	Himachal Pradesh	171201	31.197	77.6324
Gumma	Himachal Pradesh	171202	31.1251	77.4872
Tikkar	Himachal Pradesh	171203	31.2779	77.4962
Panog	Himachal Pradesh	171204	31.1245	77.5258
Dhar	Himachal Pradesh	171205	31.1086	77.6996
Nandpur	Himachal Pradesh	171206	31.0868	77.7468
Kui	Himachal Pradesh	171207	31.3214	77.4138
Rohal	Himachal Pradesh	171208	31.197	77.6324
Cheog	Himachal Pradesh	171209	31.0532	77.3166
Bour	Himachal Pradesh	171210	30.9753	77.4764
Sarain	Himachal Pradesh	171211	31.1073	77.4875
Bharana	Himachal Pradesh	171212	31.1661	77.3555
Jahu	Himachal Pradesh	171213	31.132	77.3305
Thana	Himachal Pradesh	171214	31.1491	77.503
Mandhole	Himachal Pradesh	171215	31.0683	77.4259
Bholad	Himachal Pradesh	171216	31.101	77.8293
Majholi	Himachal Pradesh	171217	31.1045	77.4948
Junga	Himachal Pradesh	171218	31.0245	77.1913
Anandpur	Himachal Pradesh	171219	31.197	77.6324
Sainj	Himachal Pradesh	171220	31.0733	77.3906
Dodra	Himachal Pradesh	171221	31.1885	77.3245
Chikar	Himachal Pradesh	171222	31.197	77.6324
Arhal	Himachal Pradesh	171223	31.2094	77.6999
Summer Kot	Himachal Pradesh	171224	31.3085	77.7038
Baghi (Shimla)	Himachal Pradesh	171225	31.2399	77.5556
Sari	Himachal Pradesh	171226	30.9352	77.4698
Chaba	Himachal Pradesh	171301	31.2304	77.1621
Duttnagar	Himachal Pradesh	172001	31.197	77.6324
Sarahan	Himachal Pradesh	172002	31.5499	77.5378
Danawali	Himachal Pradesh	172021	31.3047	77.5838
Darkali	Himachal Pradesh	172022	31.197	77.6324
Koil	Himachal Pradesh	172023	31.4314	77.5725
Kotla	Himachal Pradesh	172024	31.3268	77.4162
Dehar	Himachal Pradesh	172025	31.9045	77.4002
Deori	Himachal Pradesh	172026	31.9045	77.4002
Baragaon (Shimla)	Himachal Pradesh	172027	31.3433	77.3736
Delath	Himachal Pradesh	172028	31.3401	77.5429
Jar	Himachal Pradesh	172029	31.3133	77.431
Bhutti	Himachal Pradesh	172030	31.3318	77.5279
Jarol	Himachal Pradesh	172031	31.2909	77.4976
Jaon	Himachal Pradesh	172032	31.9045	77.4002
Tandi	Himachal Pradesh	172033	31.384	77.4902
Bonda	Himachal Pradesh	172034	31.197	77.6324
Chaura	Himachal Pradesh	172101	31.5968	78.4126
Majauli	Himachal Pradesh	172102	31.197	77.6324
Nichar	Himachal Pradesh	172103	31.5276	78.0946
Panvi	Himachal Pradesh	172104	31.5225	78.0935
Brua	Himachal Pradesh	172105	31.5005	78.1631
Chitkul	Himachal Pradesh	172106	31.3531	78.4355
Kothi	Himachal Pradesh	172107	31.5512	78.2665
Duni	Himachal Pradesh	172108	31.5551	78.2602
Jangi	Himachal Pradesh	172109	31.6118	78.4305
Ropa	Himachal Pradesh	172110	31.5968	78.4126
Chango	Himachal Pradesh	172111	31.9148	78.5854
Hango	Himachal Pradesh	172112	31.8271	78.5398
Mane	Himachal Pradesh	172113	32.4805	77.6161
Hansa	Himachal Pradesh	172114	32.1586	78.1313
Bari	Himachal Pradesh	172115	31.5968	78.4126
Akpa	Himachal Pradesh	172116	31.5856	78.391
Gulling	Himachal Pradesh	172117	31.7922	78.1648
Katgaon	Himachal Pradesh	172118	31.5932	78.0371
Gaura	Himachal Pradesh	172201	31.4809	77.7175
Kolar	Himachal Pradesh	173001	30.5022	77.4197
Kotribyas	Himachal Pradesh	173021	30.4913	77.5302
Jamu	Himachal Pradesh	173022	30.6192	77.4769
Sainj	Himachal Pradesh	173023	30.6483	77.353
Mangarh	Himachal Pradesh	173024	30.7505	77.2516
Rajpur	Himachal Pradesh	173025	30.5436	77.7267
Kw Bhood	Himachal Pradesh	173026	30.7366	77.4636
Jarwa	Himachal Pradesh	173027	30.7494	77.5983
Jamna	Himachal Pradesh	173029	30.7433	77.5695
Trilokpur	Himachal Pradesh	173030	30.5402	77.2091
Dhualakuan	Himachal Pradesh	173031	30.5667	77.3474
Shivpur	Himachal Pradesh	173032	30.4797	77.6736
Dahan	Himachal Pradesh	173101	30.7385	77.3152
Punner	Himachal Pradesh	173104	30.7728	77.406
Garkhal	Himachal Pradesh	173201	30.9014	76.9819
Sanawar	Himachal Pradesh	173202	30.8997	76.9945
Kasauli	Himachal Pradesh	173204	30.8986	76.9659
Thana	Himachal Pradesh	173205	30.9755	76.8067
Haripur	Himachal Pradesh	173206	30.9295	76.8789
Koti	Himachal Pradesh	173207	30.8912	76.8833
Arki	Himachal Pradesh	173208	31.152	76.9668
Kanda	Himachal Pradesh	173209	30.9284	77.0074
Dagshai	Himachal Pradesh	173210	30.8843	77.0523
Ghatti	Himachal Pradesh	173211	31.0429	76.9095
Gaura	Himachal Pradesh	173212	31.0429	76.9095
Basal	Himachal Pradesh	173213	30.9348	77.0938
Kasauli MT	Himachal Pradesh	173214	30.9635	77.1628
Kandaghat	Himachal Pradesh	173215	30.9675	77.1078
Nagali	Himachal Pradesh	173217	30.9534	77.2115
Badhalag	Himachal Pradesh	173218	30.9022	77.2256
Nayagram	Himachal Pradesh	173220	30.8254	77.0052
Balera	Himachal Pradesh	173221	31.0387	77.0186
Mamlig	Himachal Pradesh	173222	31.0455	77.034
Sanora	Himachal Pradesh	173223	30.9378	77.3549
Kot	Himachal Pradesh	173225	30.9693	77.0565
Sultanpur	Himachal Pradesh	173229	30.8618	77.0972
Nauni	Himachal Pradesh	173230	31.0429	76.9095
Patta	Himachal Pradesh	173233	30.9585	76.91
Basha	Himachal Pradesh	173234	31.0011	77.0814
Dhundan	Himachal Pradesh	173235	31.0429	76.9095
Rampur	Himachal Pradesh	173236	30.974	76.9621
Lakhanpur	Himachal Pradesh	174001	30.9923	76.672
Majri	Himachal Pradesh	174002	31.0964	76.6648
Majhwar	Himachal Pradesh	174003	31.4577	76.7672
Chandpur	Himachal Pradesh	174004	30.5052	77.5419
Raghunath Pura	Himachal Pradesh	174005	31.2082	76.9419
Jamli	Himachal Pradesh	174011	30.892	76.9362
Bauhat Kasol	Himachal Pradesh	174012	31.3976	76.8336
Nanawan	Himachal Pradesh	174013	31.6869	76.8866
Behal	Himachal Pradesh	174015	31.7634	76.4481
Salwar	Himachal Pradesh	174017	31.3441	76.9643
Amarpur	Himachal Pradesh	174021	31.6316	76.6939
Dangar	Himachal Pradesh	174023	31.512	76.6494
Rishikesh	Himachal Pradesh	174024	31.4957	76.7008
Talwara	Himachal Pradesh	174026	31.9376	75.8866
Gahar	Himachal Pradesh	174027	31.3875	76.8324
Kot	Himachal Pradesh	174028	31.4277	76.8201
Baloh	Himachal Pradesh	174029	31.4227	76.7998
Gharan	Himachal Pradesh	174030	32.4761	75.9907
Balghar	Himachal Pradesh	174031	31.068	77.3977
Soldha	Himachal Pradesh	174032	31.2583	76.8377
Makri	Himachal Pradesh	174033	31.1919	77.0175
Dahad	Himachal Pradesh	174034	30.8634	77.0951
Bharoli Kalan	Himachal Pradesh	174035	32.2701	75.6156
Harnora	Himachal Pradesh	174036	31.3879	76.8782
Rajpura	Himachal Pradesh	174101	31.043	76.6852
Baila	Himachal Pradesh	174102	31.0429	76.9095
Surajpur	Himachal Pradesh	174103	30.9193	76.8744
Makri	Himachal Pradesh	174201	31.3197	76.8122
Khanpur	Himachal Pradesh	174301	31.5807	76.2101
Badoli	Himachal Pradesh	174302	31.5807	76.2101
Basoli	Himachal Pradesh	174303	31.4789	76.3174
Loharda	Himachal Pradesh	174304	31.4647	76.5531
Baliah Khurd	Himachal Pradesh	174305	31.4647	76.5531
Badehar	Himachal Pradesh	174306	31.425	76.3329
Hatli	Himachal Pradesh	174307	31.5807	76.2101
Chamiari	Himachal Pradesh	174308	31.5807	76.2101
Nara	Himachal Pradesh	174309	30.9636	76.9105
Janali	Himachal Pradesh	174310	31.306	76.5364
Kohdra	Himachal Pradesh	174311	31.1899	76.8708
Karsai	Himachal Pradesh	174312	31.3387	76.7107
Ambehra Dhiraj	Himachal Pradesh	174314	31.5807	76.2101
Bhatoli	Himachal Pradesh	174315	31.5807	76.2101
Bhera	Himachal Pradesh	174316	31.5807	76.2101
Bhadsali	Himachal Pradesh	174317	31.5807	76.2101
Marwari	Himachal Pradesh	174319	31.7954	75.9829
Talmehra	Himachal Pradesh	174320	31.5807	76.2101
Mandli	Himachal Pradesh	174321	31.5807	76.2101
Mair	Himachal Pradesh	174405	31.3667	76.7277
Kuthar Beet	Himachal Pradesh	174503	31.5807	76.2101
Changar	Himachal Pradesh	174505	30.9154	77.1172
Nangal Khurd	Himachal Pradesh	174507	31.5807	76.2101
Pali	Himachal Pradesh	175001	31.8179	76.9395
Bhojpur (Mandi)	Himachal Pradesh	175002	31.5363	76.8577
Kot	Himachal Pradesh	175003	31.2699	77.1092
Bhambla	Himachal Pradesh	175004	31.5913	76.7833
Kamand	Himachal Pradesh	175005	31.3391	77.2718
Tikkar	Himachal Pradesh	175006	31.4067	77.1506
Gopalpur (Mandi)	Himachal Pradesh	175007	31.6481	76.7529
Galma	Himachal Pradesh	175008	31.5983	76.8749
Sakra	Himachal Pradesh	175009	31.2364	77.1584
Kanda	Himachal Pradesh	175010	31.3271	77.2421
Seri	Himachal Pradesh	175011	31.3674	77.2739
Ropa	Himachal Pradesh	175012	31.6242	77.0743
Baragraon	Himachal Pradesh	175013	32.1088	76.3177
Drubbal	Himachal Pradesh	175014	31.6386	76.9886
Bassi	Himachal Pradesh	175015	31.8009	76.8786
Basona	Himachal Pradesh	175016	31.9063	76.7548
Batwara	Himachal Pradesh	175017	31.6383	76.9929
Jarol	Himachal Pradesh	175018	31.4571	76.8637
Kanaid	Himachal Pradesh	175019	31.6386	76.9886
Mandal	Himachal Pradesh	175021	31.6282	76.9212
Ghambhar Khad	Himachal Pradesh	175023	31.6009	76.8514
Fatehpur	Himachal Pradesh	175024	31.6383	76.9929
Sari	Himachal Pradesh	175025	31.66	76.988
Khoda	Himachal Pradesh	175026	31.5444	76.9627
Lohara	Himachal Pradesh	175027	31.5898	76.947
Kot	Himachal Pradesh	175028	31.3583	77.1369
Bara	Himachal Pradesh	175029	31.4054	77.0421
Baroti	Himachal Pradesh	175030	31.4419	76.8086
Chowki	Himachal Pradesh	175031	31.4489	77.0434
Gangoti	Himachal Pradesh	175032	31.9287	76.8597
Chowk	Himachal Pradesh	175033	31.6383	76.9929
Kot	Himachal Pradesh	175034	31.4277	76.8201
Kandha	Himachal Pradesh	175035	31.6307	77.0662
Kothi	Himachal Pradesh	175036	31.5629	77.1721
Cholthra	Himachal Pradesh	175037	31.5695	76.906
Balag	Himachal Pradesh	175038	31.473	76.8631
Jachh	Himachal Pradesh	175039	31.4122	77.1022
Kot	Himachal Pradesh	175040	31.4277	76.8201
Basantpur	Himachal Pradesh	175042	31.6383	76.9929
Badhu	Himachal Pradesh	175045	31.3473	76.9636
Katwachi	Himachal Pradesh	175046	31.6383	76.9929
Bihani	Himachal Pradesh	175047	31.4974	77.2162
Jarol	Himachal Pradesh	175048	31.4571	76.8637
Tikkar	Himachal Pradesh	175049	31.6968	76.8164
Binga	Himachal Pradesh	175050	31.6383	76.9929
Seoh	Himachal Pradesh	175051	31.7733	76.7405
Baloh	Himachal Pradesh	175052	31.7068	76.8972
Bari	Himachal Pradesh	175101	31.4048	77.3881
Bhutti	Himachal Pradesh	175102	31.9045	77.4002
Barua	Himachal Pradesh	175103	31.9045	77.4002
Archandi	Himachal Pradesh	175104	31.9266	77.1544
Dhara	Himachal Pradesh	175105	31.8409	77.245
Kotla	Himachal Pradesh	175106	31.6769	76.9747
Balu	Himachal Pradesh	175121	31.4407	77.2746
Larji	Himachal Pradesh	175122	31.7256	77.225
Kalwari	Himachal Pradesh	175123	31.9045	77.4002
Deori	Himachal Pradesh	175124	31.719	77.0873
Jia	Himachal Pradesh	175125	31.6383	76.9929
Kharihar	Himachal Pradesh	175126	31.9045	77.4002
Raison	Himachal Pradesh	175128	31.9045	77.4002
Baragaon	Himachal Pradesh	175129	31.9045	77.4002
Raman	Himachal Pradesh	175130	32.1381	77.1739
Bran	Himachal Pradesh	175131	32.2574	77.1748
Tandi	Himachal Pradesh	175132	32.5564	76.9749
Jobrang	Himachal Pradesh	175133	32.6141	76.9047
Sainj	Himachal Pradesh	175134	31.7672	77.3022
Karjan	Himachal Pradesh	175136	31.9045	77.4002
Neoli	Himachal Pradesh	175138	31.9045	77.4002
Jahalman	Himachal Pradesh	175139	32.6588	76.7833
Gondhla	Himachal Pradesh	175140	32.4739	77.13
Dyar	Himachal Pradesh	175141	31.9045	77.4002
Udaipur	Himachal Pradesh	175142	32.7269	76.6623
Jagatsukh	Himachal Pradesh	175143	32.1961	77.2045
Mandal	Himachal Pradesh	176001	32.1534	76.3158
Tanda	Himachal Pradesh	176002	32.1094	76.3046
Maira	Himachal Pradesh	176021	31.8796	75.9642
Ram Nagar	Himachal Pradesh	176022	32.0076	76.3224
Jawali	Himachal Pradesh	176023	32.1422	76.0138
Sathana	Himachal Pradesh	176025	31.9736	75.9202
Bhater	Himachal Pradesh	176026	31.8879	76.3503
Amlela	Himachal Pradesh	176027	32.0759	76.0837
Bangoli	Himachal Pradesh	176028	32.0305	76.1354
Palera	Himachal Pradesh	176029	32.0348	76.2263
Dola Khariana	Himachal Pradesh	176030	31.913	76.3847
Baggi	Himachal Pradesh	176031	32.0353	76.4
Tihri	Himachal Pradesh	176032	31.8609	76.3744
Bilaspur	Himachal Pradesh	176033	32.025	76.1502
Bharoli	Himachal Pradesh	176036	31.8372	76.261
Balol	Himachal Pradesh	176037	32.0254	76.305
Jalari	Himachal Pradesh	176038	32.0521	76.2698
Loharli	Himachal Pradesh	176039	31.3017	77.2597
Balh Bihal	Himachal Pradesh	176040	31.8786	76.5511
Beri	Himachal Pradesh	176041	30.6054	77.7109
Baroti	Himachal Pradesh	176042	31.4419	76.8086
Jharlog	Himachal Pradesh	176043	31.8698	76.9289
Karohta	Himachal Pradesh	176044	31.8786	76.5511
Bhoranj	Himachal Pradesh	176045	31.6426	76.6426
Barana	Himachal Pradesh	176047	32.0477	76.3801
Badehar	Himachal Pradesh	176048	31.8786	76.5511
Baragoan	Himachal Pradesh	176049	31.8786	76.5511
Bari	Himachal Pradesh	176051	32.0358	75.9695
Narwana	Himachal Pradesh	176052	32.1781	76.3961
Lohara	Himachal Pradesh	176053	32.057	75.9115
Kandi	Himachal Pradesh	176054	32.0077	76.0168
Barikalan	Himachal Pradesh	176055	32.076	76.1726
Rajiana	Himachal Pradesh	176056	32.1026	76.3365
Dari	Himachal Pradesh	176057	32.1992	76.3403
Nangal	Himachal Pradesh	176058	31.8623	76.1737
Gopalpur	Himachal Pradesh	176059	32.1466	76.4549
Darang	Himachal Pradesh	176060	31.8742	76.3242
Rajpur	Himachal Pradesh	176061	32.1088	76.3177
Auc Palampur	Himachal Pradesh	176062	31.9605	76.5313
Majherna	Himachal Pradesh	176063	31.9605	76.5313
Paraur	Himachal Pradesh	176064	32.0928	76.4924
Gadiara	Himachal Pradesh	176065	31.9935	76.4765
Ghallour	Himachal Pradesh	176066	31.9605	76.5313
Bhullanaso	Himachal Pradesh	176071	32.1088	76.3177
Bairhgat	Himachal Pradesh	176073	31.9051	76.4947
Duhak	Himachal Pradesh	176075	32.1088	76.3177
Kailashpur	Himachal Pradesh	176076	32.1088	76.3177
Bir (Kangra)	Himachal Pradesh	176077	32.0478	76.7256
Badiarkhar	Himachal Pradesh	176081	31.8981	76.5453
Jangal	Himachal Pradesh	176082	31.8641	76.4961
Bari	Himachal Pradesh	176083	32.0198	76.4947
Chowki	Himachal Pradesh	176084	32.1088	76.3177
Raipur	Himachal Pradesh	176085	32.0658	76.4817
Khera	Himachal Pradesh	176086	32.1088	76.3177
Bhoura	Himachal Pradesh	176087	32.1088	76.3177
Kothi	Himachal Pradesh	176088	32.0371	76.5366
Maila	Himachal Pradesh	176089	32.0213	76.6571
Cholangarh	Himachal Pradesh	176090	31.8021	76.6319
Harsi	Himachal Pradesh	176091	31.8287	76.3485
Marhoon	Himachal Pradesh	176092	31.9818	76.4579
Kona	Himachal Pradesh	176093	32.1088	76.3177
Ashapuri	Himachal Pradesh	176094	32.1088	76.3177
Vijaypur	Himachal Pradesh	176095	32.1088	76.3177
Talwar	Himachal Pradesh	176096	31.9126	76.4971
Barram Khurd	Himachal Pradesh	176097	32.1088	76.3177
Bhatwan	Himachal Pradesh	176098	31.8642	76.4645
Dain	Himachal Pradesh	176101	32.0035	76.4422
Thakurdwara	Himachal Pradesh	176102	32.0509	76.5587
Bharwana	Himachal Pradesh	176103	32.0319	76.5893
Sai	Himachal Pradesh	176107	31.9397	76.4504
Bhaleth	Himachal Pradesh	176108	32.1133	76.633
Kheri	Himachal Pradesh	176109	31.4253	76.8806
Thana	Himachal Pradesh	176110	31.9148	76.4601
Chauri	Himachal Pradesh	176111	31.4988	76.8538
Haded	Himachal Pradesh	176115	32.0697	76.6393
Thara	Himachal Pradesh	176125	32.0256	76.6545
Khopa	Himachal Pradesh	176128	32.134	76.3051
Bhadwar	Himachal Pradesh	176200	32.1088	76.3177
Baranda	Himachal Pradesh	176201	32.2589	75.7916
Nurpur	Himachal Pradesh	176202	32.3015	75.8848
Chowki	Himachal Pradesh	176203	32.1088	76.3177
Gangtha	Himachal Pradesh	176204	32.2225	75.8275
Mastgarh	Himachal Pradesh	176205	32.2199	75.9986
Boh	Himachal Pradesh	176206	32.3084	76.1831
Tikri	Himachal Pradesh	176207	32.4392	76.5485
Dhaneta	Himachal Pradesh	176208	32.167	76.2123
Bagli	Himachal Pradesh	176209	32.1578	76.2998
Dhar	Himachal Pradesh	176210	31.9204	76.3801
Khawara	Himachal Pradesh	176211	32.3713	75.9072
Sakoh	Himachal Pradesh	176213	32.1755	75.9124
Bassi	Himachal Pradesh	176214	32.126	76.2244
Dharamsala H.O	Himachal Pradesh	176215	32.1259	76.2119
Kareri	Himachal Pradesh	176216	32.2798	76.281
Tharu	Himachal Pradesh	176217	31.9194	76.2766
Khaniara	Himachal Pradesh	176218	32.1259	76.2119
Bhagsu Nath	Himachal Pradesh	176219	32.2396	76.3255
Bagga	Himachal Pradesh	176225	32.215	76.0566
Bharari	Himachal Pradesh	176301	32.6775	76.3542
Raipur	Himachal Pradesh	176302	32.3857	76.0318
Garh	Himachal Pradesh	176303	32.6987	76.1133
Dalhousie	Himachal Pradesh	176304	32.5522	75.9466
Dalhousie Cantt	Himachal Pradesh	176305	32.6775	76.3542
Sherpur	Himachal Pradesh	176306	32.585	75.9533
Matti	Himachal Pradesh	176308	32.676	76.0263
Chanhouta	Himachal Pradesh	176309	32.461	76.4737
Chamba H.O	Himachal Pradesh	176310	32.3441	76.3487
Samra	Himachal Pradesh	176311	32.4063	76.4045
Moda	Himachal Pradesh	176312	32.6775	76.3542
Awan	Himachal Pradesh	176313	32.4521	75.9588
Udaipur	Himachal Pradesh	176314	32.5916	76.1001
Seri	Himachal Pradesh	176315	32.4714	76.5893
Bairagarh	Himachal Pradesh	176316	32.844	76.0347
Surangani	Himachal Pradesh	176317	32.3441	76.3487
Rajpura	Himachal Pradesh	176318	32.5981	76.1046
Dugli	Himachal Pradesh	176319	32.3285	76.5398
Bhandal	Himachal Pradesh	176320	32.6715	76.0778
Dehra	Himachal Pradesh	176321	32.653	76.1602
Kothi	Himachal Pradesh	176323	32.587	76.246
Gehra	Himachal Pradesh	176324	32.4484	76.3303
Baggi Kanged	Himachal Pradesh	176325	32.5095	76.3507
Bharari	Himachal Pradesh	176326	32.6775	76.3542
Chanaur	Himachal Pradesh	176401	32.1481	75.6863
Bhojpur	Himachal Pradesh	176402	32.2078	75.7122
Basantpur	Himachal Pradesh	176403	32.1474	76.018
Amroh	Himachal Pradesh	176501	32.1088	76.3177
Bari	Himachal Pradesh	176502	31.9412	75.9883
Beetan	Himachal Pradesh	176601	31.5807	76.2101
Bari	Himachal Pradesh	177001	31.4048	77.3881
Govt Degree College Hamirpur	Himachal Pradesh	177005	31.5927	76.9517
Kashmir	Himachal Pradesh	177006	31.3364	77.175
Chabutra	Himachal Pradesh	177007	31.7683	76.4887
Amroh	Himachal Pradesh	177020	31.8658	75.9414
Bagwara	Himachal Pradesh	177021	31.6428	76.6112
Bhater	Himachal Pradesh	177022	31.8633	76.4354
Barara	Himachal Pradesh	177023	30.6851	77.3986
Amroh	Himachal Pradesh	177024	31.8658	75.9414
Tikkar	Himachal Pradesh	177025	31.6968	76.8164
Bahal	Himachal Pradesh	177026	31.752	76.4764
Karara	Himachal Pradesh	177027	31.1949	77.0044
Bherda	Himachal Pradesh	177028	30.9127	77.0822
Baloh	Himachal Pradesh	177029	31.321	76.7625
Chulhari	Himachal Pradesh	177031	31.4738	76.4066
Bela	Himachal Pradesh	177033	31.7802	76.3565
Tikkar	Himachal Pradesh	177034	31.9462	76.3561
Sera	Himachal Pradesh	177038	31.2575	76.9518
Sohari	Himachal Pradesh	177039	31.5807	76.2101
Kangoo	Himachal Pradesh	177040	31.8074	76.4424
Dhaneta	Himachal Pradesh	177041	31.8074	76.4424
Fatehpur	Himachal Pradesh	177042	32.2065	76.3685
Chauli	Himachal Pradesh	177043	31.8059	76.2691
Choru	Himachal Pradesh	177044	32.1136	76.5859
Rail	Himachal Pradesh	177045	31.9303	76.0215
Dangri	Himachal Pradesh	177048	30.9332	77.076
Dehra H.O	Himachal Pradesh	177101	31.8558	76.2205
Bagli	Himachal Pradesh	177103	32.1578	76.2998
Bara	Himachal Pradesh	177104	32.2076	76.101
Beh	Himachal Pradesh	177105	32.0185	75.9459
Rail	Himachal Pradesh	177106	31.9303	76.0215
Lag Baliana	Himachal Pradesh	177107	31.8214	76.2119
Sehri	Himachal Pradesh	177108	32.1088	76.3177
Lohara	Himachal Pradesh	177109	31.7565	76.1323
Nari	Himachal Pradesh	177110	31.759	76.1941
Kanpur	Himachal Pradesh	177111	31.863	76.2871
Tipri	Himachal Pradesh	177112	31.8204	76.4549
Chanour	Himachal Pradesh	177113	31.863	76.2871
Bankhandi	Himachal Pradesh	177114	31.9557	76.3618
Barwara	Himachal Pradesh	177117	31.873	76.1519
Bahanwin	Himachal Pradesh	177118	31.863	76.2871
Biar	Himachal Pradesh	177119	31.863	76.2871
Badoh	Himachal Pradesh	177201	31.5807	76.2101
Mubarikpur	Himachal Pradesh	177202	31.5807	76.2101
Andora	Himachal Pradesh	177203	31.5807	76.2101
Amboa	Himachal Pradesh	177204	31.7493	75.9841
Ambota	Himachal Pradesh	177205	31.5807	76.2101
Kuthera Jaswalan	Himachal Pradesh	177206	31.5807	76.2101
Ispur	Himachal Pradesh	177207	31.5025	76.1532
Jadla	Himachal Pradesh	177208	31.5807	76.2101
Saloh	Himachal Pradesh	177209	31.5807	76.2101
Jawar	Himachal Pradesh	177210	31.5807	76.2101
Nandpur	Himachal Pradesh	177211	31.5807	76.2101
Deoli	Himachal Pradesh	177212	31.5807	76.2101
Bhanjal	Himachal Pradesh	177213	31.7649	76.08
Kuneran	Himachal Pradesh	177219	31.5807	76.2101
Dharampur	Himachal Pradesh	177220	31.5807	76.2101
Basaral	Himachal Pradesh	177301	32.023	76.5925
Tal	Himachal Pradesh	177401	31.1325	77.0439
Parol	Himachal Pradesh	177501	32.1493	76.3334
Badhani	Himachal Pradesh	177601	31.7015	76.4927
Bakshinagar	Jammu & Kashmir	180001	32.7625	74.7884
Sangrampur	Jammu & Kashmir	180002	32.7625	74.7884
Mandal	Jammu & Kashmir	180003	32.6964	74.7888
Gandhinagar H.O	Jammu & Kashmir	180004	32.7625	74.7884
Karan Nagar (Jammu)	Jammu & Kashmir	180005	32.7625	74.7884
New Fruit Market	Jammu & Kashmir	180006	32.7625	74.7884
Janipur	Jammu & Kashmir	180007	32.7625	74.7884
SKUAST(CHATHA)	Jammu & Kashmir	180009	32.7625	74.7884
Gangyal	Jammu & Kashmir	180010	32.6572	74.9017
Greater Kailash	Jammu & Kashmir	180011	32.7155	74.951
New Fruit Market	Jammu & Kashmir	180012	32.7155	74.951
Roopnagar Jammu Tawi	Jammu & Kashmir	180013	32.7155	74.951
Chani Himat	Jammu & Kashmir	180015	32.7155	74.951
General Bus Stand (Jammu)	Jammu & Kashmir	180016	32.7155	74.951
Aitham	Jammu & Kashmir	180017	32.7737	75.0004
Udheywala	Jammu & Kashmir	180018	32.7155	74.951
Sidhra Housing Colony	Jammu & Kashmir	180019	32.7155	74.951
Trikuta Nagar	Jammu & Kashmir	180020	32.8652	74.9247
Bhour Camp	Jammu & Kashmir	181101	32.634	74.8191
Gharana	Jammu & Kashmir	181102	32.5877	74.7138
Rathana	Jammu & Kashmir	181111	32.5784	74.7732
A.G.Office	Jammu & Kashmir	181121	32.8598	74.7831
Kot	Jammu & Kashmir	181122	32.8755	74.6961
Raipur	Jammu & Kashmir	181123	32.806	74.8304
Bsf Camp Paloura	Jammu & Kashmir	181124	32.8598	74.7831
Kalyana	Jammu & Kashmir	181131	32.513	74.7793
Deoli	Jammu & Kashmir	181132	32.59	74.8431
Birpur	Jammu & Kashmir	181133	32.6617	74.9518
Nandpur	Jammu & Kashmir	181141	32.5137	74.8811
Gurah Salathia	Jammu & Kashmir	181143	32.6242	74.8637
Mandal	Jammu & Kashmir	181145	32.6964	74.7888
Bathindi	Jammu & Kashmir	181152	32.6562	74.8391
Bala	Jammu & Kashmir	181201	32.9778	74.7514
Devipur	Jammu & Kashmir	181202	32.8551	74.6509
Nathal	Jammu & Kashmir	181203	32.7625	74.7884
Bardoh	Jammu & Kashmir	181204	32.7625	74.7884
Muthi	Jammu & Kashmir	181205	32.7625	74.7884
Dumana	Jammu & Kashmir	181206	32.7942	74.7083
Gura Manhasan	Jammu & Kashmir	181207	32.7625	74.7884
Nadore	Jammu & Kashmir	181221	32.8083	74.8958
Kishanpur	Jammu & Kashmir	181224	32.7717	74.5605
Bali	Jammu & Kashmir	182101	32.894	75.3276
PTC Udhampur	Jammu & Kashmir	182104	32.894	75.3276
Tikri	Jammu & Kashmir	182121	32.9425	74.9859
Bari	Jammu & Kashmir	182122	32.894	75.3276
Dhandal	Jammu & Kashmir	182124	33.1008	75.6497
Ladha	Jammu & Kashmir	182125	33.0265	75.1977
Bainsta	Jammu & Kashmir	182126	32.894	75.3276
Battal	Jammu & Kashmir	182127	32.894	75.3276
Basantgarh	Jammu & Kashmir	182128	32.8089	75.5445
Bain	Jammu & Kashmir	182141	32.894	75.3276
Madha	Jammu & Kashmir	182142	33.0725	75.2873
Baggar	Jammu & Kashmir	182143	33.1183	75.3089
Bhatni	Jammu & Kashmir	182144	33.1008	75.6497
Khari	Jammu & Kashmir	182145	33.1008	75.6497
Nowgam	Jammu & Kashmir	182146	33.1008	75.6497
Dhandal	Jammu & Kashmir	182147	33.1608	75.4705
Kainthi	Jammu & Kashmir	182148	33.1008	75.6497
Bapp	Jammu & Kashmir	182161	33.0515	75.1435
Dhara	Jammu & Kashmir	182201	33.1781	75.6526
Jodhpur	Jammu & Kashmir	182202	33.1394	75.6395
Chilli	Jammu & Kashmir	182203	33.0133	75.603
Padar	Jammu & Kashmir	182204	33.0452	75.8258
Dachhan	Jammu & Kashmir	182205	33.1008	75.6497
Dul Hasti Project	Jammu & Kashmir	182206	33.1447	75.6972
Bhalla	Jammu & Kashmir	182221	33.0207	75.6915
Bhaderwah	Jammu & Kashmir	182222	32.9794	75.7172
Mangal	Jammu & Kashmir	182301	32.894	75.3276
Vijaypur	Jammu & Kashmir	182311	32.894	75.3276
Salal	Jammu & Kashmir	182312	32.894	75.3276
Juda	Jammu & Kashmir	182313	32.894	75.3276
Gulabgarh	Jammu & Kashmir	182315	32.894	75.3276
Kakriyal	Jammu & Kashmir	182320	33.2074	74.8223
Kathua H.O	Jammu & Kashmir	184101	32.4925	75.2689
Krishnanagar	Jammu & Kashmir	184102	32.5663	75.5938
Kothera	Jammu & Kashmir	184104	32.3749	75.4741
Jakh	Jammu & Kashmir	184120	32.9995	74.787
Sarna	Jammu & Kashmir	184121	32.7625	74.7884
Ghagwal	Jammu & Kashmir	184141	32.5663	75.5938
Sherpur	Jammu & Kashmir	184142	32.3768	75.4675
Palli	Jammu & Kashmir	184143	32.4299	75.4581
Hamirpur	Jammu & Kashmir	184144	32.4468	75.3783
Chiliari	Jammu & Kashmir	184145	32.5663	75.5938
Khanpur	Jammu & Kashmir	184148	32.5663	75.5938
Saidpur	Jammu & Kashmir	184151	32.3262	75.4239
Basantpur	Jammu & Kashmir	184152	32.5148	75.2971
Basoli	Jammu & Kashmir	184201	32.5012	75.8142
Raipur	Jammu & Kashmir	184202	32.5663	75.5938
Mandli	Jammu & Kashmir	184203	32.5732	75.5683
Malhar	Jammu & Kashmir	184204	32.6354	75.4251
Nagrota Gujroo	Jammu & Kashmir	184205	32.5663	75.5938
Fatehpur	Jammu & Kashmir	184206	32.5663	75.5938
Nagrota Gujroo	Jammu & Kashmir	184210	32.7625	74.7884
Shahpur	Jammu & Kashmir	185101	33.8273	74.1881
Fatehpur	Jammu & Kashmir	185102	33.7574	74.2281
Madana	Jammu & Kashmir	185121	33.6648	74.2844
Muradpur	Jammu & Kashmir	185131	33.3102	74.3988
Kandi	Jammu & Kashmir	185132	33.3887	74.5099
Fatehpur	Jammu & Kashmir	185133	33.4224	74.3076
Chowkian	Jammu & Kashmir	185135	33.3894	74.312
Kheri	Jammu & Kashmir	185151	33.3102	74.3988
Dehra	Jammu & Kashmir	185152	33.2519	74.216
Barnara	Jammu & Kashmir	185153	33.3986	74.2566
Kanheri	Jammu & Kashmir	185154	32.7625	74.7884
Bhawani	Jammu & Kashmir	185155	33.3102	74.3988
Dhar	Jammu & Kashmir	185156	33.4719	74.2264
Gonda	Jammu & Kashmir	185201	33.1479	74.4168
Dali	Jammu & Kashmir	185202	33.2281	74.4421
Dhanwan	Jammu & Kashmir	185203	32.894	75.3276
Sagra	Jammu & Kashmir	185211	33.6409	74.056
Rajdhani	Jammu & Kashmir	185212	33.4572	74.2213
Kewal	Jammu & Kashmir	185233	33.358	74.6359
Baba Ghulam Shah Badshah University	Jammu & Kashmir	185234	33.3102	74.3988
Badyar Balla	Jammu & Kashmir	190001	34.1758	74.9148
Fateh Kadal	Jammu & Kashmir	190002	34.0889	74.8083
Abi Karlpora	Jammu & Kashmir	190003	34.1758	74.9148
Batwara	Jammu & Kashmir	190004	34.1758	74.9148
Sanat Nagar	Jammu & Kashmir	190005	33.89	74.663
Basurbagh	Jammu & Kashmir	190006	34.1621	74.8647
Sk Airport	Jammu & Kashmir	190007	33.89	74.663
Rajbagh	Jammu & Kashmir	190008	34.0672	74.8257
Central Market	Jammu & Kashmir	190009	34.1758	74.9148
Court Road	Jammu & Kashmir	190010	34.14	74.7964
Anchar	Jammu & Kashmir	190011	34.14	74.7964
Zainakote	Jammu & Kashmir	190012	34.14	74.7964
Hyderpora	Jammu & Kashmir	190014	33.89	74.663
Nowgam	Jammu & Kashmir	190015	33.89	74.663
Bashipora	Jammu & Kashmir	190017	34.14	74.7964
Bemina	Jammu & Kashmir	190018	34.14	74.7964
Kralpora	Jammu & Kashmir	190019	33.89	74.663
Bachpora	Jammu & Kashmir	190020	34.1286	74.8108
Hamhama	Jammu & Kashmir	190021	33.89	74.663
Lal Bazar	Jammu & Kashmir	190023	34.1286	74.8108
Zakoora	Jammu & Kashmir	190024	34.1286	74.8108
Skuast	Jammu & Kashmir	190025	34.1286	74.8108
Balhama	Jammu & Kashmir	191101	34.0331	74.9398
Wuyan	Jammu & Kashmir	191102	34.0246	74.966
Khrew	Jammu & Kashmir	191103	34.0333	74.9251
Arath	Jammu & Kashmir	191111	33.9245	74.6725
Abhama	Jammu & Kashmir	191112	33.8605	74.8026
Bandipora	Jammu & Kashmir	191113	33.89	74.663
Harwan	Jammu & Kashmir	191121	34.1568	74.8931
Saloora	Jammu & Kashmir	191131	34.1758	74.9148
Rangreth	Jammu & Kashmir	191132	33.89	74.663
Manigam	Jammu & Kashmir	191201	34.1758	74.9148
Akhal	Jammu & Kashmir	191202	34.2581	74.8713
Sonamarg	Jammu & Kashmir	191203	34.1642	74.8544
Anantnag H.O	Jammu & Kashmir	192101	33.7392	75.147
Khanda	Jammu & Kashmir	192121	33.8152	75.3575
Barsoo	Jammu & Kashmir	192122	33.8152	75.3575
Batagund	Jammu & Kashmir	192123	33.9509	75.0932
Panzgam	Jammu & Kashmir	192124	33.8152	75.3575
Nambal	Jammu & Kashmir	192125	34.256	74.4807
Laripora	Jammu & Kashmir	192126	33.8152	75.3575
Salia	Jammu & Kashmir	192129	33.8312	75.3407
Nowgam	Jammu & Kashmir	192201	33.6634	75.2282
Sangam	Jammu & Kashmir	192202	33.8297	75.075
Dialgam	Jammu & Kashmir	192210	33.6809	75.1654
Dooru	Jammu & Kashmir	192211	33.8159	75.1293
Nowgam	Jammu & Kashmir	192212	33.8152	75.3575
Kund	Jammu & Kashmir	192221	33.933	75.0373
Chanderwadi (Sessional)	Jammu & Kashmir	192230	33.8152	75.3575
Devsar	Jammu & Kashmir	192231	33.8152	75.3575
Tarigam	Jammu & Kashmir	192232	33.8152	75.3575
Manzgam	Jammu & Kashmir	192233	33.8152	75.3575
Koil	Jammu & Kashmir	192301	33.8741	74.8995
Ahagam	Jammu & Kashmir	192302	33.933	75.0373
Batpora	Jammu & Kashmir	192303	33.933	75.0373
Ratnipora	Jammu & Kashmir	192304	33.933	75.0373
Litter	Jammu & Kashmir	192305	33.8152	75.3575
Rajpora	Jammu & Kashmir	192306	33.933	75.0373
Beerwara	Jammu & Kashmir	192401	33.8152	75.3575
Rajghat	Jammu & Kashmir	193101	34.1699	74.4714
Singhpora	Jammu & Kashmir	193103	34.1699	74.4714
Athoora	Jammu & Kashmir	193108	34.1699	74.4714
Sultanpora	Jammu & Kashmir	193109	34.1699	74.4714
Pattan	Jammu & Kashmir	193121	34.1612	74.5563
Mohara	Jammu & Kashmir	193122	34.1627	74.4634
Jabla	Jammu & Kashmir	193123	34.1627	74.4634
Dooru	Jammu & Kashmir	193201	34.3229	74.4722
Kandi	Jammu & Kashmir	193221	34.456	74.3325
Batpora	Jammu & Kashmir	193222	34.55	74.2173
Lalpora	Jammu & Kashmir	193223	34.5276	74.3949
Aloosa	Jammu & Kashmir	193224	34.5319	74.2661
Tad	Jammu & Kashmir	193225	34.5319	74.2661
Balhama	Jammu & Kashmir	193301	34.1627	74.4634
Nowgam	Jammu & Kashmir	193302	34.5319	74.2661
Nandigam	Jammu & Kashmir	193303	34.2319	74.5435
Rajpora	Jammu & Kashmir	193306	33.933	75.0373
Magam	Jammu & Kashmir	193401	34.0516	74.5859
Babareshi	Jammu & Kashmir	193402	34.0589	74.4228
Gulmarg	Jammu & Kashmir	193403	34.0536	74.3819
Kralweth	Jammu & Kashmir	193404	34.0531	74.5247
Beerwah	Jammu & Kashmir	193411	34.0124	74.5956
Nowgam	Jammu & Kashmir	193501	34.2665	74.5995
Bandipora	Jammu & Kashmir	193502	34.2952	74.5267
Gujran	Jammu & Kashmir	193503	34.6378	74.774
Asham	Jammu & Kashmir	193504	34.2517	74.6259
Aloosa	Jammu & Kashmir	193505	34.4383	74.5575
Chuchul	Jammu & Kashmir	194101	34.3669	75.5907
Bhimbat	Jammu & Kashmir	194102	34.3669	75.5907
Akchamal	Jammu & Kashmir	194103	34.3669	75.5907
Chuchot Gongma	Jammu & Kashmir	194104	34.3669	75.5907
Baroo	Jammu & Kashmir	194105	34.3669	75.5907
Khalsi	Jammu & Kashmir	194106	34.3669	75.5907
Likir	Jammu & Kashmir	194107	34.3669	75.5907
Karamba	Jammu & Kashmir	194109	34.3669	75.5907
Sakti	Jammu & Kashmir	194201	33.8599	75.5778
Chumathang	Jammu & Kashmir	194202	33.8599	75.5778
Barsoo	Jammu & Kashmir	194301	33.9666	76.4845
Cha Lungnak	Jammu & Kashmir	194302	33.4666	76.8849
Namsuru	Jammu & Kashmir	194303	33.9666	76.4845
Bogdang	Jammu & Kashmir	194401	33.8599	75.5778
Ashok Nagar (Ghaziabad)	Uttar Pradesh	201001	28.7643	77.4856
Rajapur	Uttar Pradesh	201002	28.7643	77.4856
Morta	Uttar Pradesh	201003	28.7238	77.4553
Hindon Air Field	Uttar Pradesh	201004	28.7643	77.4856
Bhopura	Uttar Pradesh	201005	28.6988	77.3334
Chikamberpur	Uttar Pradesh	201006	28.7643	77.4856
Mohan Nagar (Ghaziabad)	Uttar Pradesh	201007	28.7643	77.4856
Bisara	Uttar Pradesh	201008	28.4014	77.535
Kaila	Uttar Pradesh	201009	28.6608	77.4164
Bharat Nagar (Ghaziabad)	Uttar Pradesh	201010	28.7643	77.4856
Chander Nagar	Uttar Pradesh	201011	28.7643	77.4856
Kaushambi	Uttar Pradesh	201012	28.6106	79.7992
Govindpuram	Uttar Pradesh	201013	28.7643	77.4856
Makanpur	Uttar Pradesh	201014	28.6369	77.3562
Hassanpur	Uttar Pradesh	201015	28.6921	77.5562
Crossing Republik	Uttar Pradesh	201016	28.7643	77.4856
Raj Nagar Extension	Uttar Pradesh	201017	28.7039	77.433
Model Town	Uttar Pradesh	201018	28.7643	77.4856
Vaishali	Uttar Pradesh	201019	28.7643	77.4856
Khora	Uttar Pradesh	201020	28.7643	77.4856
Loni	Uttar Pradesh	201102	28.7514	77.2902
Tronica City	Uttar Pradesh	201103	28.7643	77.4856
Saidpur	Uttar Pradesh	201201	28.8652	77.6433
Shahjahanpur	Uttar Pradesh	201204	28.838	77.6202
Shahpur	Uttar Pradesh	201206	28.7392	77.4448
Noida H.O	Uttar Pradesh	201301	28.5569	77.528
Noida Sector 30	Uttar Pradesh	201303	28.5569	77.528
Baraula	Uttar Pradesh	201304	28.4014	77.535
Nagla Charandas	Uttar Pradesh	201305	28.5401	77.4077
Bisrakh	Uttar Pradesh	201306	28.569	77.4372
Noida Sector 34	Uttar Pradesh	201307	28.5929	77.4021
Chhajarsi	Uttar Pradesh	201309	28.6302	77.3918
Ghori	Uttar Pradesh	201310	28.4793	77.5734
Pali	Uttar Pradesh	201311	28.5183	77.5518
Kasna	Uttar Pradesh	201312	28.4373	77.5392
Amity University	Uttar Pradesh	201313	28.4014	77.535
Kot	Uttar Pradesh	201314	28.5128	77.6132
Gurjinder Vihar	Uttar Pradesh	201315	28.4014	77.535
Sector-122 Noida	Uttar Pradesh	201316	28.4014	77.535
Sector-128 Noida	Uttar Pradesh	201317	28.4014	77.535
Sector-1,Greater Noida PO	Uttar Pradesh	201318	28.4014	77.535
Naurangabad	Uttar Pradesh	202001	27.9169	78.0637
Kamalpur	Uttar Pradesh	202002	27.8469	78.1181
Dabha	Uttar Pradesh	202121	27.9169	78.0637
Aligarh Dairy Farm	Uttar Pradesh	202122	27.9625	78.0797
Gonda	Uttar Pradesh	202123	27.8313	77.8791
Salempur	Uttar Pradesh	202124	28.0421	78.1897
Barotha	Uttar Pradesh	202125	27.9378	78.1855
Barauli	Uttar Pradesh	202126	28.0888	78.0577
Kasimpur	Uttar Pradesh	202127	27.9169	78.0637
Changeri	Uttar Pradesh	202128	27.9169	78.0637
Barla	Uttar Pradesh	202129	27.9104	78.3231
Bhikampur	Uttar Pradesh	202130	27.9213	78.0256
Pipari	Uttar Pradesh	202131	27.9169	78.0637
Amritpur	Uttar Pradesh	202132	28.0783	77.906
Ramnagar	Uttar Pradesh	202133	27.8619	78.3804
Majhola	Uttar Pradesh	202134	27.8609	78.4305
Madanpur	Uttar Pradesh	202135	27.9398	77.7227
Kanoi	Uttar Pradesh	202136	28.0423	78.3887
Jalalpur	Uttar Pradesh	202137	27.9257	78.3258
Bisara	Uttar Pradesh	202138	28.015	77.8679
Sikur	Uttar Pradesh	202139	27.9169	78.0637
Ismailpur	Uttar Pradesh	202140	27.9699	77.9252
Rajpur	Uttar Pradesh	202141	28.0475	77.5086
Udaipur	Uttar Pradesh	202142	27.9169	78.0637
Deopur	Uttar Pradesh	202143	28.0542	77.9284
Gorai	Uttar Pradesh	202145	27.6976	77.8319
Mangalayatan University	Uttar Pradesh	202146	27.9303	77.9381
Tatarpur	Uttar Pradesh	202150	27.9459	78.5367
Jalalpur	Uttar Pradesh	202155	27.9257	78.3258
Bena	Uttar Pradesh	202165	27.9169	78.0637
Bijaigarh	Uttar Pradesh	202170	27.7204	78.2261
Atrauli	Uttar Pradesh	202280	28.0296	78.2857
Salarpur	Uttar Pradesh	202281	27.9169	78.0637
Jamuna	Uttar Pradesh	202282	27.9169	78.0637
Salempur	Uttar Pradesh	203001	28.2038	77.9393
Ag  School	Uttar Pradesh	203002	28.336	77.8354
Karora	Uttar Pradesh	203129	28.2075	77.9919
Meerpur	Uttar Pradesh	203131	28.3492	77.997
Sarangpur	Uttar Pradesh	203132	28.209	77.7664
Jewar	Uttar Pradesh	203135	28.122	77.5573
Hasanpur	Uttar Pradesh	203141	28.4014	77.535
Manglore	Uttar Pradesh	203150	28.3492	77.997
Bankapur	Uttar Pradesh	203155	28.1546	77.6479
Nawada	Uttar Pradesh	203201	28.38	77.5801
Bilaspur	Uttar Pradesh	203202	28.3492	77.997
Jhajhar	Uttar Pradesh	203203	28.4014	77.535
Bharana	Uttar Pradesh	203205	28.5215	77.7133
Industrial Estate Sikandrabad	Uttar Pradesh	203206	28.3492	77.997
Dadri	Uttar Pradesh	203207	28.5526	77.554
Ronija	Uttar Pradesh	203209	28.4014	77.535
Rampur	Uttar Pradesh	203389	28.1646	78.3636
Bhopatpur	Uttar Pradesh	203390	28.2972	78.2841
Bhaipur	Uttar Pradesh	203391	28.2231	77.723
Muradpur	Uttar Pradesh	203392	28.2213	78.1661
Pilkhana	Uttar Pradesh	203393	28.2122	78.3372
Jatpura	Uttar Pradesh	203394	28.3537	77.9211
Sarawa	Uttar Pradesh	203395	28.341	78.0106
Dighi	Uttar Pradesh	203396	28.1894	78.0314
Behlolpur	Uttar Pradesh	203397	28.3492	77.997
Mawai	Uttar Pradesh	203398	28.5294	78.1868
Jargawan	Uttar Pradesh	203399	28.3492	77.997
Aurangabad (Bulandshahr)	Uttar Pradesh	203401	28.5543	78.0581
Benipur	Uttar Pradesh	203402	28.666	77.9721
Jalalpur	Uttar Pradesh	203403	28.6352	78.1455
Kamalpur	Uttar Pradesh	203405	28.5293	78.1235
Bihra	Uttar Pradesh	203407	28.56	77.9176
Kota	Uttar Pradesh	203408	28.524	77.755
Balka	Uttar Pradesh	203409	28.447	77.9942
Tajpur	Uttar Pradesh	203411	28.6248	77.8524
Siyana	Uttar Pradesh	203412	28.6272	78.0606
Arjunpur	Uttar Pradesh	204101	27.5775	78.1621
Salempur	Uttar Pradesh	204102	27.4572	78.0624
Pipalgaon	Uttar Pradesh	204211	27.5775	78.1621
Gangapur	Uttar Pradesh	204212	27.5546	78.2678
Kota	Uttar Pradesh	204213	27.563	77.9986
Basgoi	Uttar Pradesh	204214	27.6994	78.0091
Bazidpur	Uttar Pradesh	204215	27.5775	78.1621
Dwarikapur	Uttar Pradesh	204216	27.5775	78.1621
Daulatpur	Uttar Pradesh	205001	27.114	79.0111
Darwah	Uttar Pradesh	205119	27.1589	78.9192
Shahjahanpur	Uttar Pradesh	205121	27.2211	78.7794
Sugaon	Uttar Pradesh	205247	27.1154	79.1459
Talibpur	Uttar Pradesh	205261	27.0993	78.8999
Aghar	Uttar Pradesh	205262	27.2031	79.2121
Achalpur	Uttar Pradesh	205263	27.34	78.8141
Chandpura	Uttar Pradesh	205264	26.9957	78.8644
Salempur	Uttar Pradesh	205265	27.4092	79.035
Sahara	Uttar Pradesh	205267	27.0782	79.2908
Ranipur	Uttar Pradesh	205268	26.9867	78.9767
Joga	Uttar Pradesh	205301	27.226	79.2945
Saman	Uttar Pradesh	205303	27.0256	79.1899
Ramnagar	Uttar Pradesh	205304	27.0684	79.3478
Dhanua	Uttar Pradesh	206001	26.7651	79.0932
Sarangpura	Uttar Pradesh	206002	26.7651	79.0932
Chitbhawan	Uttar Pradesh	206003	26.7933	79.0805
Pilkhana	Uttar Pradesh	206120	26.7011	79.2455
Badera	Uttar Pradesh	206121	26.6609	79.4832
Khanpur	Uttar Pradesh	206122	26.6248	79.4922
Kadampur	Uttar Pradesh	206123	26.9731	79.2882
Sherpur	Uttar Pradesh	206124	26.8736	79.0896
Rajpur	Uttar Pradesh	206125	26.8466	79.1169
Chandanpur	Uttar Pradesh	206126	26.7663	79.0841
Nandgaon	Uttar Pradesh	206127	26.7651	79.0932
Jagannathpur	Uttar Pradesh	206128	26.998	79.1751
Mahmoodpur	Uttar Pradesh	206129	26.6609	79.4832
Ginja	Uttar Pradesh	206130	26.9566	78.9346
Ajabpur	Uttar Pradesh	206131	26.7354	78.9044
Bansi	Uttar Pradesh	206241	26.7078	79.4498
Bharthana	Uttar Pradesh	206242	26.7592	79.2229
Alipur	Uttar Pradesh	206243	26.8051	79.569
Umri	Uttar Pradesh	206244	26.6451	79.5617
Vijaypura	Uttar Pradesh	206245	26.8965	78.8638
Madhwapur	Uttar Pradesh	206246	26.6609	79.4832
Ata	Uttar Pradesh	206247	26.6609	79.4832
Narainpur	Uttar Pradesh	206248	26.6609	79.4832
Masoodpur	Uttar Pradesh	206249	26.6609	79.4832
Deoraon	Uttar Pradesh	206250	26.7109	79.4896
Mahoo	Uttar Pradesh	206251	26.7683	79.4989
Umrain	Uttar Pradesh	206252	26.9203	79.3649
Sirsa	Uttar Pradesh	206253	26.5578	79.0627
Jalalpur	Uttar Pradesh	206255	26.7659	79.6616
Collectorate Compound	Uttar Pradesh	207001	27.485	78.8736
Rajpur	Uttar Pradesh	207002	27.5255	78.9123
Manikpur	Uttar Pradesh	207003	27.4457	78.9458
Barai	Uttar Pradesh	207120	27.6487	78.5459
Angadpur	Uttar Pradesh	207121	27.4746	78.7556
Manora	Uttar Pradesh	207122	27.598	78.461
Behta	Uttar Pradesh	207123	27.5097	78.7097
Jakhera	Uttar Pradesh	207124	27.5097	78.7097
Achalpur	Uttar Pradesh	207125	27.6824	78.691
Abhaipura	Uttar Pradesh	207241	27.5097	78.7097
Mohanpur	Uttar Pradesh	207242	27.582	78.554
Aurangabad	Uttar Pradesh	207243	27.5097	78.7097
Bijora	Uttar Pradesh	207244	27.5097	78.7097
Jahangirpur	Uttar Pradesh	207245	27.4181	79.1999
Sultanpur	Uttar Pradesh	207246	27.3864	79.1954
Kaila	Uttar Pradesh	207247	27.537	79.145
Datauli	Uttar Pradesh	207248	27.5724	78.9772
Barna	Uttar Pradesh	207249	27.4463	78.9729
Alipur	Uttar Pradesh	207250	27.3946	79.1842
Basundhara	Uttar Pradesh	207301	27.4223	78.4351
Berni	Uttar Pradesh	207302	27.4586	78.2135
Bahadurpur	Uttar Pradesh	207401	27.6537	78.6268
Neoli	Uttar Pradesh	207402	27.5097	78.7097
Malikpur	Uttar Pradesh	207403	27.5097	78.7097
Bibipur	Uttar Pradesh	208001	26.4377	79.8586
Agriculture College	Uttar Pradesh	208002	26.5989	80.2289
Anwarganj	Uttar Pradesh	208003	26.3891	80.2124
Kanpur Cantt. H.O	Uttar Pradesh	208004	26.5989	80.2289
Hns Nagar	Uttar Pradesh	208005	26.5989	80.2289
Govind Nagar (Kanpur Nagar)	Uttar Pradesh	208006	26.5989	80.2289
Cambridge Road	Uttar Pradesh	208007	26.5989	80.2289
CAT	Uttar Pradesh	208008	26.4608	80.3792
Armapore	Uttar Pradesh	208009	26.5989	80.2289
J K Puri	Uttar Pradesh	208010	26.3891	80.2124
Anand Nagar (Kanpur Nagar)	Uttar Pradesh	208011	26.3891	80.2124
D O Oil Mill	Uttar Pradesh	208012	26.3891	80.2124
COD (Kanpur Nagar)	Uttar Pradesh	208013	26.3891	80.2124
Juhi Colony	Uttar Pradesh	208014	26.3891	80.2124
New Pac Lines	Uttar Pradesh	208015	26.3891	80.2124
Iit	Uttar Pradesh	208016	26.3891	80.2124
Avas Vikas Yojna No. 3	Uttar Pradesh	208017	26.3891	80.2124
Rawatpur	Uttar Pradesh	208019	26.4756	80.2763
Panki (Kanpur Nagar)	Uttar Pradesh	208020	26.4731	80.2407
Naubasta	Uttar Pradesh	208021	26.4092	80.3149
Ratan Lal Nagar	Uttar Pradesh	208022	26.418	80.298
Munshipurwa	Uttar Pradesh	208023	26.418	80.298
Bima Vihar	Uttar Pradesh	208024	26.418	80.298
Naveen Nagar	Uttar Pradesh	208025	26.3891	80.2124
Indira Nagar (Kanpur Nagar)	Uttar Pradesh	208026	26.418	80.298
Barra	Uttar Pradesh	208027	26.4302	80.2963
Lalpur	Uttar Pradesh	209101	26.3255	79.96
Chowki	Uttar Pradesh	209111	26.4377	79.8586
Shekhpur	Uttar Pradesh	209112	26.2309	79.7477
Kamalpur	Uttar Pradesh	209115	26.5156	79.7945
Lohari	Uttar Pradesh	209121	26.4377	79.8586
Dharampur	Uttar Pradesh	209125	26.6093	79.7984
Rahimpur	Uttar Pradesh	209202	26.4377	79.8586
Ghanshyampur	Uttar Pradesh	209203	26.4377	79.8586
Bhiwan	Uttar Pradesh	209204	26.5912	79.9943
Chhatarpur	Uttar Pradesh	209205	26.4377	79.8586
Ratanpur	Uttar Pradesh	209206	26.6222	79.8102
Katri	Uttar Pradesh	209208	26.4377	79.8586
Umri	Uttar Pradesh	209209	26.4377	79.8586
Boramau	Uttar Pradesh	209210	26.4377	79.8586
Udaipur	Uttar Pradesh	209214	26.3891	80.2124
Tikra	Uttar Pradesh	209217	26.3612	80.4073
Nandpur	Uttar Pradesh	209301	26.3662	79.7976
Ban	Uttar Pradesh	209302	26.5837	79.6574
Kashipur	Uttar Pradesh	209303	26.5656	79.9325
Rania	Uttar Pradesh	209304	26.4377	79.8586
Bhairampur	Uttar Pradesh	209305	26.3891	80.2124
Makrandpur	Uttar Pradesh	209306	26.5719	79.9735
Pratappur	Uttar Pradesh	209307	26.4377	79.8586
Patara	Uttar Pradesh	209308	26.3891	80.2124
Khanpur	Uttar Pradesh	209310	26.5136	79.7807
Bara	Uttar Pradesh	209311	26.4127	79.9717
Jalalpur	Uttar Pradesh	209312	26.3363	79.9881
Gopalpur	Uttar Pradesh	209401	26.4155	80.2523
Salempur	Uttar Pradesh	209402	26.3516	80.4731
Kurar	Uttar Pradesh	209501	27.4304	79.462
Raipur	Uttar Pradesh	209502	27.3714	79.5476
Kisrauli	Uttar Pradesh	209503	27.5028	79.4061
Harsinghpur Goa	Uttar Pradesh	209504	27.4304	79.462
Bilsari	Uttar Pradesh	209505	27.5867	79.2325
Sarah	Uttar Pradesh	209601	27.3218	79.7184
Jaitpur	Uttar Pradesh	209602	27.3437	79.5531
Sabalpur	Uttar Pradesh	209621	27.4497	79.6298
Hariharpur	Uttar Pradesh	209622	27.5114	79.6255
Kila	Uttar Pradesh	209625	27.4304	79.462
Tajpur	Uttar Pradesh	209651	27.2395	79.4854
Arjunpur	Uttar Pradesh	209652	27.3171	79.2908
Hariharpur	Uttar Pradesh	209720	26.966	79.8
Akbarpur	Uttar Pradesh	209721	27.6301	79.2573
Ismailpur	Uttar Pradesh	209722	27.1678	79.7712
Bhagwantpur	Uttar Pradesh	209723	26.8476	79.8614
Chiyasar	Uttar Pradesh	209724	27.2288	79.6531
Chhipatti	Uttar Pradesh	209725	27.0552	79.9188
Makrand Nagar	Uttar Pradesh	209726	27.0121	79.6888
Barauli	Uttar Pradesh	209727	26.9593	79.9472
Nizampur	Uttar Pradesh	209728	26.9295	79.8297
Nauli	Uttar Pradesh	209729	27.1608	79.6069
Salempur	Uttar Pradesh	209731	27.1489	79.7756
Basta	Uttar Pradesh	209732	26.9536	79.854
Fatehpur	Uttar Pradesh	209733	27.0244	79.9156
Patti	Uttar Pradesh	209734	26.98	79.9471
Rohili	Uttar Pradesh	209735	27.1258	79.657
Hamirpur	Uttar Pradesh	209736	26.7828	79.7853
Khanpur	Uttar Pradesh	209738	26.8316	79.7237
Jarari	Uttar Pradesh	209739	27.2051	79.5797
Madanpur	Uttar Pradesh	209743	27.3722	79.5204
Barai	Uttar Pradesh	209745	27.506	79.5004
Salempur	Uttar Pradesh	209747	27.1489	79.7756
Bhojpur	Uttar Pradesh	209749	27.2945	79.639
Thana	Uttar Pradesh	209801	26.6094	80.5596
Kanchanpur	Uttar Pradesh	209821	26.5413	80.905
Bhopatpur	Uttar Pradesh	209825	26.4846	80.7929
Dubeypur	Uttar Pradesh	209827	26.6094	80.5596
Jaitipur	Uttar Pradesh	209831	26.6094	80.5596
Hasanganj	Uttar Pradesh	209841	26.7745	80.6371
Kusumbhi	Uttar Pradesh	209859	26.6094	80.5596
Ranipur	Uttar Pradesh	209860	26.622	80.8102
Devra Kalan	Uttar Pradesh	209861	26.4783	80.9347
Akrampur	Uttar Pradesh	209862	25.3887	82.9177
Rampur	Uttar Pradesh	209863	26.5216	79.8832
Bhagwant Nagar	Uttar Pradesh	209864	26.6094	80.5596
Pali	Uttar Pradesh	209865	26.6094	80.5596
Gaura	Uttar Pradesh	209866	26.3213	80.8537
Akbarpur	Uttar Pradesh	209867	26.6094	80.5596
Rajepur	Uttar Pradesh	209868	26.6094	80.5596
Kalwari	Uttar Pradesh	209869	26.6094	80.5596
Kotra	Uttar Pradesh	209870	26.415	80.8488
Darauli	Uttar Pradesh	209871	26.6094	80.5596
Mohan	Uttar Pradesh	209881	26.7801	80.675
Jamalpur	Uttar Pradesh	210001	25.5503	80.3811
Mahua	Uttar Pradesh	210120	25.3958	80.4229
Jalalpur	Uttar Pradesh	210121	25.6725	80.6932
Palra	Uttar Pradesh	210123	25.7007	80.4664
Narayanpur	Uttar Pradesh	210125	25.5286	80.9731
Rampur	Uttar Pradesh	210126	25.2367	80.4988
Benda	Uttar Pradesh	210128	25.6988	80.6252
Chandwara	Uttar Pradesh	210129	25.8853	80.4588
Pachokhar	Uttar Pradesh	210201	25.2415	80.5243
Hariharpur	Uttar Pradesh	210202	25.2034	81.0894
Ranipur	Uttar Pradesh	210203	25.4152	80.8248
Khohi	Uttar Pradesh	210204	25.2034	81.0894
Raipura	Uttar Pradesh	210205	25.2303	81.1394
Chaura	Uttar Pradesh	210206	25.382	80.9291
Bhadedu	Uttar Pradesh	210207	25.4377	81.1375
Saraiya	Uttar Pradesh	210208	25.2034	81.0894
Ram Nagar	Uttar Pradesh	210209	25.2034	81.0894
Hamirpur H.O	Uttar Pradesh	210301	25.9195	80.156
Deogaon	Uttar Pradesh	210341	25.7461	79.871
Garha	Uttar Pradesh	210421	25.3549	79.7193
Islampur	Uttar Pradesh	210422	25.8122	79.5529
Tikaria	Uttar Pradesh	210423	25.3602	79.3723
Garha	Uttar Pradesh	210424	25.7143	80.3281
Kuwan	Uttar Pradesh	210425	25.7461	79.871
Ladpur	Uttar Pradesh	210426	25.3549	79.7193
Paswara	Uttar Pradesh	210427	25.2985	79.957
Nauranga	Uttar Pradesh	210428	25.6267	79.4556
Umari	Uttar Pradesh	210429	25.3549	79.7193
Amgaon	Uttar Pradesh	210430	25.66	79.5769
Saidpur	Uttar Pradesh	210431	25.3549	79.7193
Jalalpur	Uttar Pradesh	210432	25.8604	79.8054
Salarpur	Uttar Pradesh	210433	25.2129	79.8501
Umari	Uttar Pradesh	210501	25.789	79.9241
Chandpura	Uttar Pradesh	210502	25.7461	79.871
Rewan	Uttar Pradesh	210504	25.3549	79.7193
Para	Uttar Pradesh	210505	25.9154	79.9729
Chilli	Uttar Pradesh	210506	25.6547	79.6524
Garha	Uttar Pradesh	210507	25.7143	80.3281
Allahabad H.O	Uttar Pradesh	211001	25.5211	81.954
Kamlanagar	Uttar Pradesh	211002	25.5868	81.938
Ahmadganj	Uttar Pradesh	211003	25.3031	81.9614
Cavellary Lines	Uttar Pradesh	211004	25.4608	81.8162
Allahabad Fort	Uttar Pradesh	211005	25.4608	81.8162
Allahpur	Uttar Pradesh	211006	25.4526	81.8751
Agriculture Institute	Uttar Pradesh	211007	25.4608	81.8162
Chaka	Uttar Pradesh	211008	25.3848	81.8578
Deys Medical Tiraha	Uttar Pradesh	211010	25.5625	81.7615
Begumsarai	Uttar Pradesh	211011	25.4975	81.418
Shergarh	Uttar Pradesh	211012	25.7087	81.7537
Jagdishpur	Uttar Pradesh	211013	25.5419	81.908
C D A (P)	Uttar Pradesh	211014	25.5625	81.7615
Subedarganj	Uttar Pradesh	211015	25.4333	81.8
G T B Nagar	Uttar Pradesh	211016	25.5625	81.7615
Allahabad High Court	Uttar Pradesh	211017	25.5625	81.7615
Public Service Commission	Uttar Pradesh	211018	25.5625	81.7615
Chhatnag	Uttar Pradesh	211019	25.407	81.9152
Rajarshi Tandon Open University Pha	Uttar Pradesh	211021	25.5156	81.7868
C.R.P.F Group Centre Ismailganj	Uttar Pradesh	211022	25.5156	81.7868
Manda	Uttar Pradesh	212104	25.098	82.2628
Chheoki	Uttar Pradesh	212105	25.3828	81.861
Chhapar	Uttar Pradesh	212106	25.0269	81.7708
Bara	Uttar Pradesh	212107	25.2531	81.7168
Basahra Uparhar	Uttar Pradesh	212108	25.1407	81.6634
Kamlanagar	Uttar Pradesh	212109	25.5868	81.938
Karma	Uttar Pradesh	212111	25.2976	81.845
Bamrauli	Uttar Pradesh	212201	25.3031	81.9614
Jayantipur	Uttar Pradesh	212202	25.3969	81.5753
Badagaon	Uttar Pradesh	212203	25.4975	81.418
Daranagar (Allahabad)	Uttar Pradesh	212204	25.3031	81.9614
Kara	Uttar Pradesh	212205	25.6968	81.3648
Karari	Uttar Pradesh	212206	25.4524	81.4268
Shahpur	Uttar Pradesh	212207	25.4168	81.6457
Sallahpur	Uttar Pradesh	212208	25.3031	81.9614
Manauri AF	Uttar Pradesh	212212	25.3031	81.9614
Gauspur	Uttar Pradesh	212213	25.3031	81.9614
Katari	Uttar Pradesh	212214	25.4975	81.418
Dharampur	Uttar Pradesh	212216	25.4975	81.418
Tanda	Uttar Pradesh	212217	25.7502	81.2594
Newada	Uttar Pradesh	212218	25.6155	81.8883
Deora	Uttar Pradesh	212301	25.6276	81.982
Dari	Uttar Pradesh	212302	25.1369	82.0785
Bharari	Uttar Pradesh	212303	25.1805	82.1633
Ramnagar	Uttar Pradesh	212305	25.2476	82.1194
Ramgarh	Uttar Pradesh	212306	25.3026	82.0088
Birpur	Uttar Pradesh	212307	25.2797	82.0095
NTPC Kohdar Meja	Uttar Pradesh	212308	25.2656	82.1608
Newada	Uttar Pradesh	212401	25.3705	81.603
Pratappur	Uttar Pradesh	212402	25.2872	81.5532
Babuganj	Uttar Pradesh	212404	25.6107	81.9876
Basna	Uttar Pradesh	212405	25.5549	82.1505
Chandpur	Uttar Pradesh	212502	25.6374	81.8253
Mukundpur	Uttar Pradesh	212503	25.6925	81.7553
Newada	Uttar Pradesh	212507	25.3705	81.603
Umari	Uttar Pradesh	212601	25.8736	80.8074
Tikar	Uttar Pradesh	212620	25.7892	80.9277
Kusumbhi	Uttar Pradesh	212621	25.8342	80.8355
Aurai	Uttar Pradesh	212622	25.7988	80.9774
Chandpur	Uttar Pradesh	212631	25.9344	80.3611
Lalpur	Uttar Pradesh	212635	25.8161	80.5996
Jam	Uttar Pradesh	212641	25.5855	81.2196
Haswa	Uttar Pradesh	212645	25.8727	80.9158
Salempur	Uttar Pradesh	212650	25.9406	81.0196
Mawai	Uttar Pradesh	212651	25.9737	81.0083
Shahpur	Uttar Pradesh	212652	25.8452	81.1491
Allipur	Uttar Pradesh	212653	25.9894	80.751
Naugaon	Uttar Pradesh	212654	26.0288	80.9646
Amaon	Uttar Pradesh	212655	25.7296	81.2211
Kot	Uttar Pradesh	212656	25.5201	81.1002
Bara	Uttar Pradesh	212657	25.9135	80.4265
Paharpur	Uttar Pradesh	212658	25.8428	80.7322
Alampur	Uttar Pradesh	212659	25.8579	81.0094
Gauri	Uttar Pradesh	212661	25.9265	80.6365
Baragaon	Uttar Pradesh	212663	25.7989	80.6659
Kalyanpur	Uttar Pradesh	212664	25.9611	80.6652
Shadipur	Uttar Pradesh	212665	25.9205	80.7977
Gaighat	Uttar Pradesh	221001	25.3887	82.9177
39 Gtd	Uttar Pradesh	221002	25.4584	82.8226
Sarsawan	Uttar Pradesh	221003	25.3887	82.9177
D.L.W.	Uttar Pradesh	221004	25.4584	82.8226
Bhagwanpur	Uttar Pradesh	221005	25.4394	82.8237
Kaithauli	Uttar Pradesh	221006	25.4709	82.8421
Sultanpur	Uttar Pradesh	221007	25.3946	83.0428
Kateshar	Uttar Pradesh	221008	25.4584	82.8226
Sahupuri	Uttar Pradesh	221009	25.1377	83.261
Sigra	Uttar Pradesh	221010	25.3188	82.983
Tikari	Uttar Pradesh	221011	25.3887	82.9177
Kustha Seva Ashram	Uttar Pradesh	221012	25.3179	82.9271
Rajapur	Uttar Pradesh	221101	25.4674	82.9701
Manduadih	Uttar Pradesh	221103	25.442	82.9045
Narainpur	Uttar Pradesh	221104	25.5201	82.8811
Jamalpur	Uttar Pradesh	221105	25.4148	82.8742
Kandawa	Uttar Pradesh	221106	25.3171	82.9751
Mangalpur	Uttar Pradesh	221107	25.3359	82.8968
Rohana	Uttar Pradesh	221108	25.3887	82.9177
Jayapur	Uttar Pradesh	221109	25.2116	82.8208
Basant Nagar	Uttar Pradesh	221110	25.4079	82.9617
Barain	Uttar Pradesh	221112	25.3883	83.0738
Chhapara	Uttar Pradesh	221115	25.3887	82.9177
Kaithi	Uttar Pradesh	221116	25.4908	83.1593
Akorha	Uttar Pradesh	221201	25.3963	82.7086
Rajpur	Uttar Pradesh	221202	25.4898	82.8866
Rasoolpur	Uttar Pradesh	221204	25.4396	82.8022
Kanakpur	Uttar Pradesh	221206	25.4973	82.8612
Tari	Uttar Pradesh	221207	25.4775	82.7448
Marui	Uttar Pradesh	221208	25.5216	82.933
Pipargaon	Uttar Pradesh	221301	25.3181	82.5195
Jagatpur	Uttar Pradesh	221302	25.2748	82.9123
Bhawanipur	Uttar Pradesh	221303	26.1194	82.445
Pali	Uttar Pradesh	221304	25.3836	82.4286
Jayapur	Uttar Pradesh	221305	25.2116	82.8208
Koilara	Uttar Pradesh	221306	25.4424	82.3477
Gorai	Uttar Pradesh	221307	25.3887	82.9177
Birampur	Uttar Pradesh	221308	25.3866	82.3784
Baripur	Uttar Pradesh	221309	25.2772	82.2821
Baragaon	Uttar Pradesh	221310	25.3352	82.3805
Kashipur	Uttar Pradesh	221311	25.4964	82.9009
Domaila	Uttar Pradesh	221313	25.2942	82.7068
Dwarikapur	Uttar Pradesh	221314	25.3244	82.505
Bhadohi	Uttar Pradesh	221401	25.3953	82.5703
Parsipur	Uttar Pradesh	221402	25.3673	82.6404
Bhikhampur	Uttar Pradesh	221403	25.3335	82.7549
Gaura	Uttar Pradesh	221404	26.0728	82.3521
Basantpur	Uttar Pradesh	221405	25.3368	82.8303
Purani Bazar	Uttar Pradesh	221406	25.8999	82.4453
Kukarauthi	Uttar Pradesh	221409	25.4265	82.5944
Aura	Uttar Pradesh	221502	25.3031	81.9614
Jagdishpur	Uttar Pradesh	221503	25.5419	81.908
Jagatpur	Uttar Pradesh	221505	25.3031	81.9614
Umari	Uttar Pradesh	221507	25.4489	81.9364
Chaka	Uttar Pradesh	221508	25.3848	81.8578
Parasia	Uttar Pradesh	221601	26.1836	83.7974
Rampur	Uttar Pradesh	221602	26.2549	83.5044
Nathupur	Uttar Pradesh	221603	26.0405	83.5749
Gopalpur	Uttar Pradesh	221701	25.9952	83.8078
Umapur	Uttar Pradesh	221705	26.0405	83.5749
Mauri	Uttar Pradesh	221706	26.0462	83.0798
Khari	Uttar Pradesh	221709	25.9602	83.9219
Sultanpur	Uttar Pradesh	221711	25.8859	83.8506
Rampur	Uttar Pradesh	221712	26.0591	83.6884
Daulatpur	Uttar Pradesh	221713	25.686	83.9838
Akhop	Uttar Pradesh	221715	26.1199	83.808
Govindpur	Uttar Pradesh	221716	25.6057	83.9894
Deokali	Uttar Pradesh	221717	26.0431	83.9375
Khandwa	Uttar Pradesh	221718	26.0527	83.8471
Jaunpur H.O	Uttar Pradesh	222001	25.7382	82.6399
Jagdishpur	Uttar Pradesh	222002	25.818	82.613
Khalilpur	Uttar Pradesh	222003	25.7058	82.6584
Madarpur	Uttar Pradesh	222105	26.0471	82.4719
Birbhanpur	Uttar Pradesh	222109	25.8774	82.5191
Shahpur	Uttar Pradesh	222125	25.9154	82.4948
Jamua	Uttar Pradesh	222127	25.6608	82.5218
Bhawaniganj	Uttar Pradesh	222128	25.7461	82.5759
Hariharpur	Uttar Pradesh	222129	25.8234	82.6992
Shahpur	Uttar Pradesh	222131	25.7756	82.4621
Shambhuganj	Uttar Pradesh	222132	25.7708	82.6002
Umari	Uttar Pradesh	222133	25.8142	82.5803
Damarua	Uttar Pradesh	222135	25.715	82.5105
Lalpur	Uttar Pradesh	222136	25.6199	82.776
Aura	Uttar Pradesh	222137	25.7461	82.5759
Gopipur	Uttar Pradesh	222138	25.6579	82.7028
Kalapur	Uttar Pradesh	222139	25.946	82.6324
Khalishpur	Uttar Pradesh	222141	25.8299	82.5043
Deokali	Uttar Pradesh	222142	25.836	82.6716
Kotwa	Uttar Pradesh	222143	25.8247	82.4715
Baraipar	Uttar Pradesh	222144	25.7719	82.43
Rajapur	Uttar Pradesh	222145	25.8667	82.695
Haripur	Uttar Pradesh	222146	25.6167	82.8049
Koilari	Uttar Pradesh	222148	25.6635	83.0325
Taraon	Uttar Pradesh	222149	25.6411	83.059
Mainpur	Uttar Pradesh	222161	25.6029	82.5703
Manapur	Uttar Pradesh	222162	25.5176	82.5579
Manikapur	Uttar Pradesh	222165	25.7461	82.5759
Amara	Uttar Pradesh	222170	25.6293	82.3975
Thakurganj	Uttar Pradesh	222175	25.954	82.3568
Bibipur	Uttar Pradesh	222180	25.9504	82.5333
Barain	Uttar Pradesh	222181	25.5938	82.7057
Sultanpur	Uttar Pradesh	222201	25.7812	82.3261
Raipur	Uttar Pradesh	222202	25.7525	82.4349
Hariharpur	Uttar Pradesh	222203	25.6021	82.6557
Sohansa	Uttar Pradesh	222204	25.619	82.1851
Ramganj Bazar	Uttar Pradesh	222301	26.0489	82.0256
Raipur	Uttar Pradesh	222302	26.1591	82.2137
Rampur	Uttar Pradesh	222303	26.2119	82.1181
Takha	Uttar Pradesh	223101	26.0883	82.6901
Rasulpur	Uttar Pradesh	223102	26.0129	82.5535
Jamunia	Uttar Pradesh	223103	26.0557	82.6065
Ranipur	Uttar Pradesh	223104	25.9133	82.5981
Ramnagar	Uttar Pradesh	223105	25.8211	82.3439
Khajuri	Uttar Pradesh	223221	26.2202	82.9118
Malgaon	Uttar Pradesh	223222	26.0518	82.806
Lohara	Uttar Pradesh	223223	26.0462	83.0798
Karui	Uttar Pradesh	223224	25.9613	82.799
Faridpur	Uttar Pradesh	223225	26.1733	82.8297
Ishapur	Uttar Pradesh	223226	26.0462	83.0798
Badagaon	Uttar Pradesh	223227	26.9097	79.1935
Gopalpur	Uttar Pradesh	224001	26.559	82.2111
Khairi	Uttar Pradesh	224116	26.6537	81.999
Mawai	Uttar Pradesh	224117	26.7397	81.5872
Sherpur	Uttar Pradesh	224118	26.6939	81.6201
Jakhauli	Uttar Pradesh	224119	26.8141	81.6602
Shahpur	Uttar Pradesh	224120	26.7552	81.7282
Dharauli	Uttar Pradesh	224121	26.6537	81.999
Jagdishpur	Uttar Pradesh	224122	26.4201	82.6708
Raiganj	Uttar Pradesh	224123	26.4947	82.3284
Mirzapur	Uttar Pradesh	224125	26.4181	82.5197
Hajipur	Uttar Pradesh	224126	26.7892	81.8584
Kadipur	Uttar Pradesh	224127	26.5299	82.1109
Lakhanpur	Uttar Pradesh	224129	26.5019	82.7839
Bangaon	Uttar Pradesh	224132	26.4272	82.2972
Dabha Samer	Uttar Pradesh	224133	26.6537	81.999
Dhrampur	Uttar Pradesh	224135	26.4201	82.6708
Ahirauli Ranimau	Uttar Pradesh	224137	26.341	83.0214
Neori	Uttar Pradesh	224139	26.3703	82.8653
Ramapur	Uttar Pradesh	224141	26.2983	82.8607
Manikpur	Uttar Pradesh	224143	26.3518	82.4905
Naipura	Uttar Pradesh	224145	26.4378	82.5085
Saidapur	Uttar Pradesh	224146	26.3876	82.6061
Kalyanpur	Uttar Pradesh	224147	26.4387	82.6503
Fatehpur	Uttar Pradesh	224149	26.3114	82.5012
Karampur	Uttar Pradesh	224151	26.6415	82.4855
Arjunpur	Uttar Pradesh	224152	26.4948	82.4055
Deogaon	Uttar Pradesh	224153	26.5694	81.7139
Bhidur	Uttar Pradesh	224155	26.4201	82.6708
Ahirauli	Uttar Pradesh	224157	26.4201	82.6708
Khanpur	Uttar Pradesh	224158	26.7178	82.0681
Khajuri	Uttar Pradesh	224159	26.4298	82.3342
Dalpatpur	Uttar Pradesh	224161	26.4201	82.6708
Chitaura	Uttar Pradesh	224164	26.6537	81.999
Nasirpur	Uttar Pradesh	224168	26.3345	82.419
Deogarh	Uttar Pradesh	224171	26.4201	82.6708
Jagdishpur	Uttar Pradesh	224172	26.4201	82.6708
Bankata Bujurg	Uttar Pradesh	224176	26.3028	83.0636
Sarawan	Uttar Pradesh	224181	26.4201	82.6708
Nawada	Uttar Pradesh	224182	26.6672	81.6639
Majgaon	Uttar Pradesh	224183	26.4201	82.6708
Sultangarh	Uttar Pradesh	224186	26.4059	82.6814
Meerpur	Uttar Pradesh	224188	26.7234	82.0469
Tandwa	Uttar Pradesh	224189	26.4569	82.6363
Debipur	Uttar Pradesh	224190	26.4201	82.6708
Tikari	Uttar Pradesh	224195	26.6537	81.999
Narainpur	Uttar Pradesh	224201	26.6537	81.999
Naipura	Uttar Pradesh	224202	26.6617	82.1248
Baraon	Uttar Pradesh	224203	26.4201	82.6708
Gaura	Uttar Pradesh	224204	26.5003	82.2209
Pachgawan	Uttar Pradesh	224205	26.4293	82.2062
Basantpur	Uttar Pradesh	224206	26.562	82.1413
Dehriyawan	Uttar Pradesh	224207	26.5224	82.0888
Sonbarsa	Uttar Pradesh	224208	26.4201	82.6708
Benipur	Uttar Pradesh	224209	26.4769	82.1121
Daudpur	Uttar Pradesh	224210	26.4067	82.6698
Mawai Kalan	Uttar Pradesh	224225	26.6537	81.999
Maharajganj	Uttar Pradesh	224227	26.4795	82.617
Aghiyari	Uttar Pradesh	224228	26.3842	82.8107
Kumarganj	Uttar Pradesh	224229	26.6537	81.999
Chandpur	Uttar Pradesh	224230	26.5224	82.4575
Bela	Uttar Pradesh	224231	26.4052	82.3096
Hakeem Pur	Uttar Pradesh	224232	26.3626	82.4642
Lalpur	Uttar Pradesh	224234	26.6305	82.4174
Naugaon	Uttar Pradesh	224235	26.4201	82.6708
Vidhut Nagar	Uttar Pradesh	224238	26.3626	82.4642
Astikaan	Uttar Pradesh	224284	26.4201	82.6708
Shahabpur	Uttar Pradesh	225001	26.9512	81.2471
Barabanki Sugar Mill	Uttar Pradesh	225002	26.9377	81.3341
Madhopur	Uttar Pradesh	225003	27.1696	80.9647
Dayalpur	Uttar Pradesh	225119	26.7009	81.291
Usmanpur	Uttar Pradesh	225120	26.676	81.2985
Manpur	Uttar Pradesh	225121	27.1372	81.1491
Laxmanpur	Uttar Pradesh	225122	26.851	81.3155
Banwa	Uttar Pradesh	225123	26.9377	81.3341
Khanpur	Uttar Pradesh	225124	26.6349	81.4756
Islampur	Uttar Pradesh	225125	26.62	81.5537
Bara	Uttar Pradesh	225126	26.6374	81.4163
Mallapur	Uttar Pradesh	225201	26.9377	81.3341
Burhwal Sugar Mill	Uttar Pradesh	225202	26.9377	81.3341
Darhara	Uttar Pradesh	225203	26.9599	81.2325
Baragaon	Uttar Pradesh	225204	27.2071	81.1046
Madhawapur	Uttar Pradesh	225205	27.0704	81.397
Pyarepur	Uttar Pradesh	225206	26.847	81.5145
Khajuri	Uttar Pradesh	225207	26.9398	81.4791
Budhera	Uttar Pradesh	225208	27.0492	81.3019
Rasoolpur	Uttar Pradesh	225301	27.1661	81.1426
Rasoolpur	Uttar Pradesh	225302	27.047	81.2857
Basauli	Uttar Pradesh	225303	27.2002	81.2936
Daulatpur	Uttar Pradesh	225304	27.2601	81.3156
Dharampur	Uttar Pradesh	225305	27.1555	81.0441
Salempur	Uttar Pradesh	225306	27.146	81.3028
Rasoolpur	Uttar Pradesh	225401	27.0636	81.0746
Tarapur	Uttar Pradesh	225403	26.9425	81.4763
Patulki	Uttar Pradesh	225404	26.8472	81.5865
Ghazipur	Uttar Pradesh	225405	26.8717	81.4732
Shahpur	Uttar Pradesh	225409	26.8672	81.3664
Ahmadpur	Uttar Pradesh	225412	27.1139	81.2696
Dhanaura	Uttar Pradesh	225413	26.8004	81.4201
Daulatpur	Uttar Pradesh	225414	27.087	81.0669
Panapur	Uttar Pradesh	225415	26.9377	81.3341
Dhanauli	Uttar Pradesh	225416	26.6704	81.4713
Canal Colony	Uttar Pradesh	226001	26.7686	81.0295
Barauna	Uttar Pradesh	226002	26.761	81.0138
Naubasta	Uttar Pradesh	226003	26.9117	81.0295
A N L Colony	Uttar Pradesh	226004	26.8346	80.9249
Barha	Uttar Pradesh	226005	26.8416	80.9069
Mahanagar	Uttar Pradesh	226006	26.8416	80.9069
Nadwa	Uttar Pradesh	226007	26.8416	80.9069
Amausi	Uttar Pradesh	226008	26.7462	80.8089
Amausi Ad	Uttar Pradesh	226009	26.7686	81.0295
Gomtinagar	Uttar Pradesh	226010	26.8288	81.0147
Manaknagar	Uttar Pradesh	226011	26.8416	80.9069
Aashiana	Uttar Pradesh	226012	26.8416	80.9069
Diguria	Uttar Pradesh	226013	26.8416	80.9069
Sgpgi	Uttar Pradesh	226014	26.8416	80.9069
Cimap	Uttar Pradesh	226015	26.8416	80.9069
Ghazipur (Lucknow)	Uttar Pradesh	226016	26.8416	80.9069
Alamnagar	Uttar Pradesh	226017	26.8416	80.9069
Aminabad Park	Uttar Pradesh	226018	27.0205	80.573
Industria Area Chinhat	Uttar Pradesh	226019	26.8416	80.9069
Navinmandi	Uttar Pradesh	226020	26.8717	81.0729
Batha Sabauli	Uttar Pradesh	226021	26.8717	81.0729
Kalyanpur (Lucknow)	Uttar Pradesh	226022	26.8717	81.0729
32 Bn PAC	Uttar Pradesh	226023	26.8717	81.0729
Chandganj	Uttar Pradesh	226024	26.8717	81.0729
B R A University	Uttar Pradesh	226025	26.8717	81.0729
Behta	Uttar Pradesh	226026	26.8416	80.9069
U P Governer Camp	Uttar Pradesh	226027	26.8717	81.0729
Amraigaon	Uttar Pradesh	226028	26.9128	81.0233
Vrinda Van Colony	Uttar Pradesh	226029	26.8717	81.0729
Sushant Golf City	Uttar Pradesh	226030	26.8585	80.9719
Jankipuram Extension	Uttar Pradesh	226031	26.8585	80.9719
Baragaon	Uttar Pradesh	226101	26.8416	80.9069
Kahla	Uttar Pradesh	226102	26.8416	80.9069
Daulatpur	Uttar Pradesh	226103	27.0515	80.9317
Raghunathpur	Uttar Pradesh	226104	27.0731	81.0181
Jagdishpur	Uttar Pradesh	226201	26.8416	80.9069
Kathwara	Uttar Pradesh	226202	27.018	80.8487
Paharpur	Uttar Pradesh	226203	27.044	80.9394
Bhilampur	Uttar Pradesh	226301	26.6179	80.9445
Dayalpur	Uttar Pradesh	226302	26.8416	80.9069
Bahrauli	Uttar Pradesh	226303	26.6903	81.1852
Bhatgaon	Uttar Pradesh	226401	26.7054	80.7804
Salempur	Uttar Pradesh	226501	26.728	81.2005
Ranipur	Uttar Pradesh	227304	26.0853	82.21
Ram Nagar	Uttar Pradesh	227405	26.2425	82.2267
Bhadar	Uttar Pradesh	227406	26.2425	82.2267
Ramgarh	Uttar Pradesh	227407	26.1446	82.1324
Tikari	Uttar Pradesh	227408	26.2425	82.2267
Mau	Uttar Pradesh	227409	26.2425	82.2267
Kunda	Uttar Pradesh	227411	26.2425	82.2267
Darpipur	Uttar Pradesh	227412	26.2425	82.2267
Karaundi	Uttar Pradesh	227413	26.2425	82.2267
Mawai	Uttar Pradesh	227801	26.2425	82.2267
Unchgaon	Uttar Pradesh	227805	26.3352	81.8533
Bhakhari	Uttar Pradesh	227806	26.244	82.0986
Pindara	Uttar Pradesh	227807	26.2425	82.2267
Shahpur	Uttar Pradesh	227808	26.2425	82.2267
Rasulpur	Uttar Pradesh	227809	26.2425	82.2267
Pali	Uttar Pradesh	227811	26.4909	82.018
Baranpur	Uttar Pradesh	227812	26.2425	82.2267
Para	Uttar Pradesh	227813	26.2425	82.2267
Deora	Uttar Pradesh	227814	26.2425	82.2267
Pipari	Uttar Pradesh	227815	26.2425	82.2267
Kalyanpur	Uttar Pradesh	227816	26.0768	82.194
Jagdishpur Industrial Area	Uttar Pradesh	227817	26.3291	81.8058
Bahadurpur	Uttar Pradesh	228001	26.3512	82.0621
Angnakol	Uttar Pradesh	228118	26.2425	82.2267
Hayatnagar	Uttar Pradesh	228119	26.2568	82.1541
Damodarpur	Uttar Pradesh	228120	26.2359	82.2268
Agai	Uttar Pradesh	228121	26.3966	81.9858
Mahmoodpur	Uttar Pradesh	228125	26.2425	82.2267
Bani	Uttar Pradesh	228131	26.3216	82.3895
Dhema	Uttar Pradesh	228132	26.2425	82.2267
Basupur	Uttar Pradesh	228133	26.2224	82.2151
Birsinghpur	Uttar Pradesh	228141	26.2425	82.2267
Chorma	Uttar Pradesh	228142	26.3718	82.2689
Kadipur	Uttar Pradesh	228145	26.1678	82.3703
Gaura	Uttar Pradesh	228151	26.2425	82.2267
Bansi	Uttar Pradesh	228155	26.3161	82.0273
Piparpur	Uttar Pradesh	228159	26.2425	82.2267
Narayanpur	Uttar Pradesh	228161	26.2666	82.2199
Faridpur	Uttar Pradesh	228171	26.2349	82.5703
Harpur	Uttar Pradesh	228178	26.2145	82.6486
Rasulpur	Uttar Pradesh	229001	26.3029	81.3925
Rahi	Uttar Pradesh	229010	26.2389	81.3031
Alipur	Uttar Pradesh	229103	26.483	81.2755
Rail Coach Factory Lalganj(Raebareli)	Uttar Pradesh	229120	26.1768	81.3318
Hasnapur	Uttar Pradesh	229121	26.3211	81.1165
Tala	Uttar Pradesh	229122	26.366	81.2327
Bala	Uttar Pradesh	229123	26.3765	81.1728
Gopalpur	Uttar Pradesh	229124	26.0812	81.4696
Ghurwara	Uttar Pradesh	229125	26.2031	81.191
Sikandarpur	Uttar Pradesh	229126	26.4133	81.3871
Rasoolpur	Uttar Pradesh	229127	26.0475	81.44
Semra	Uttar Pradesh	229128	26.2031	81.191
Bara	Uttar Pradesh	229129	26.0722	81.5491
Hazipur	Uttar Pradesh	229130	26.2031	81.191
Khara	Uttar Pradesh	229135	26.2031	81.191
Hasnapur	Uttar Pradesh	229201	26.3211	81.1165
Daulatpur	Uttar Pradesh	229202	26.0533	81.3071
Bahai	Uttar Pradesh	229203	26.129	80.9991
Alawalpur	Uttar Pradesh	229204	26.0644	81.2101
Baraundi	Uttar Pradesh	229205	26.3017	80.9003
Ajitpur	Uttar Pradesh	229206	26.2469	80.9648
Balbhadrapur	Uttar Pradesh	229207	26.2031	81.191
Mubarakpur	Uttar Pradesh	229208	26.279	81.2012
Sheopuri	Uttar Pradesh	229209	26.059	80.9017
Atarhar	Uttar Pradesh	229210	26.3209	80.8754
Deogaon	Uttar Pradesh	229211	26.1845	81.0515
Ibrahimpur	Uttar Pradesh	229212	26.1926	81.2185
Raipur	Uttar Pradesh	229215	25.9657	81.3537
Musapur	Uttar Pradesh	229216	26.0817	80.8872
Gurha	Uttar Pradesh	229301	26.2031	81.191
Sarwan	Uttar Pradesh	229302	26.2375	81.3709
Ganga Ganj	Uttar Pradesh	229303	26.2031	81.191
Singhpur	Uttar Pradesh	229304	26.2031	81.191
Kasimpur	Uttar Pradesh	229305	26.2471	81.3295
Chandapur	Uttar Pradesh	229306	26.3692	81.3316
Mau	Uttar Pradesh	229307	26.1946	81.4503
Kumbhi	Uttar Pradesh	229308	26.2031	81.191
Fatehpur	Uttar Pradesh	229309	26.2031	81.191
Jagdishpur	Uttar Pradesh	229310	25.97	81.3331
Dostpur	Uttar Pradesh	229311	26.5219	81.0818
Ahiyapur	Uttar Pradesh	229316	26.2031	81.191
Kusumi	Uttar Pradesh	229401	26.2031	81.191
Shankarpur	Uttar Pradesh	229402	26.0582	81.2876
Daulatpur	Uttar Pradesh	229404	26.0533	81.3071
Bhadokhar	Uttar Pradesh	229405	26.1575	81.2769
Khurrampur	Uttar Pradesh	229406	25.924	81.3187
Alapur	Uttar Pradesh	229408	25.7262	81.4299
Bhatni	Uttar Pradesh	229410	25.826	81.8271
Anapur	Uttar Pradesh	229411	25.6211	81.6877
Mubarakpur	Uttar Pradesh	229412	25.5227	81.7274
Biharia	Uttar Pradesh	229413	25.2199	81.55
Kotwa	Uttar Pradesh	229801	26.4668	81.3458
Basantpur	Uttar Pradesh	229802	26.2031	81.191
Bhangwa Ki Chungi	Uttar Pradesh	230001	25.8728	81.8316
Mohanganj	Uttar Pradesh	230002	25.8927	81.9041
Chhatauna	Uttar Pradesh	230121	25.7739	81.8258
Dhaurahra	Uttar Pradesh	230124	25.9135	81.7918
Rajapur	Uttar Pradesh	230125	25.9657	82.0624
Babuganj	Uttar Pradesh	230126	25.8902	81.739
Kadipur	Uttar Pradesh	230127	25.9076	82.0208
Ram Nagar	Uttar Pradesh	230128	25.8728	81.8316
Naubasta	Uttar Pradesh	230129	25.8543	81.9704
Laxmanpur (Pratapgarh)	Uttar Pradesh	230130	25.9822	81.9339
Rajgarh	Uttar Pradesh	230131	25.8419	81.9515
Khajuri	Uttar Pradesh	230132	26.0188	81.7458
Bhagwanpur	Uttar Pradesh	230133	25.7785	81.8814
Barari	Uttar Pradesh	230134	25.8337	82.1811
Fatehpur	Uttar Pradesh	230135	26.0082	81.9217
Paharpur	Uttar Pradesh	230136	25.9696	81.7555
Kataiya	Uttar Pradesh	230137	25.9475	81.8723
Manapur	Uttar Pradesh	230138	25.8728	81.8316
Mustafabad	Uttar Pradesh	230139	26.0279	81.5428
Ramapur	Uttar Pradesh	230141	25.8781	81.467
Ahiyapur	Uttar Pradesh	230142	25.8728	81.8316
Babaganj	Uttar Pradesh	230143	25.8333	81.8725
Ajgara	Uttar Pradesh	230144	25.8996	81.8602
Samaspur	Uttar Pradesh	230201	25.8728	81.8316
Tiwaripur	Uttar Pradesh	230202	25.7611	81.5642
Tajpur	Uttar Pradesh	230204	25.7332	81.5461
Sultanpur	Uttar Pradesh	230301	25.7308	82.0718
Garapur	Uttar Pradesh	230302	25.9737	81.7457
Shahpur	Uttar Pradesh	230304	25.7584	82.027
Kailidih	Uttar Pradesh	230306	25.7064	82.1492
Shahpur	Uttar Pradesh	230401	25.9257	81.6223
Kalyanpur	Uttar Pradesh	230402	26.0051	81.9135
Madhupur	Uttar Pradesh	230403	25.9908	82.0584
Bhikhnapur	Uttar Pradesh	230404	25.765	81.9447
Deokali	Uttar Pradesh	230405	26.0227	82.1063
Umari	Uttar Pradesh	230501	25.939	81.6871
Bhadausi	Uttar Pradesh	230502	25.9906	81.9085
Khajuri	Uttar Pradesh	230503	26.0188	81.7458
Ganesh Ganj (Mirzapur)	Uttar Pradesh	231001	24.9583	82.8492
Badgaon	Uttar Pradesh	231205	24.4083	83.053
Cherui	Uttar Pradesh	231206	24.4083	83.053
Kota	Uttar Pradesh	231207	24.4464	83.1306
Pakari	Uttar Pradesh	231208	24.1801	83.309
Gurma Markundi	Uttar Pradesh	231209	24.6418	83.1354
Rajgarh	Uttar Pradesh	231210	24.8589	82.8597
Pipra	Uttar Pradesh	231211	24.9417	82.4007
Sundari	Uttar Pradesh	231212	24.1029	83.2984
Rampur	Uttar Pradesh	231213	24.703	82.8304
Jamgaon	Uttar Pradesh	231215	24.6912	82.9536
Karma	Uttar Pradesh	231216	24.4083	83.053
Belhatthi	Uttar Pradesh	231217	24.2164	83.0358
Khajura	Uttar Pradesh	231218	24.2824	82.8583
Panari	Uttar Pradesh	231219	24.4083	83.053
Beena Project	Uttar Pradesh	231220	24.3821	83.1862
Turra	Uttar Pradesh	231221	24.2007	83.0304
Khadia Project	Uttar Pradesh	231222	24.3821	83.1862
Pindari	Uttar Pradesh	231223	24.4942	83.3165
Kakari Project	Uttar Pradesh	231224	24.3821	83.1862
Anpara Tps	Uttar Pradesh	231225	24.3471	82.9998
Dhuma	Uttar Pradesh	231226	24.5068	83.336
Ghatampur	Uttar Pradesh	231301	25.0716	83.0318
Jamalpur	Uttar Pradesh	231302	25.2414	82.801
Kalna	Uttar Pradesh	231303	25.1568	82.3907
Bhawanipur	Uttar Pradesh	231304	25.1997	82.9518
Shahpur	Uttar Pradesh	231305	25.1706	83.0262
Khanpur	Uttar Pradesh	231306	25.1458	82.8407
Rajapur	Uttar Pradesh	231307	25.1327	82.5374
Kotwa	Uttar Pradesh	231309	25.1039	82.6673
Chunar Cement Factory	Uttar Pradesh	231311	25.1989	82.5273
Kamasin	Uttar Pradesh	231312	25.1713	82.5806
Gaura	Uttar Pradesh	231313	25.1148	82.9553
Jamua (Mirzapur)	Uttar Pradesh	231314	25.2474	82.7716
Jalalpur	Uttar Pradesh	231501	25.158	82.5996
Alampur	Uttar Pradesh	232101	25.2779	83.156
Gauri	Uttar Pradesh	232102	25.2399	83.1169
Gaighat	Uttar Pradesh	232103	25.0533	83.1027
Dharauli	Uttar Pradesh	232104	25.1719	83.346
Amara	Uttar Pradesh	232105	25.4313	83.3075
Jalalpur	Uttar Pradesh	232106	25.3742	83.2476
Ballipur	Uttar Pradesh	232107	25.3887	82.9177
Maniyarpur	Uttar Pradesh	232108	25.2849	83.2142
Balua	Uttar Pradesh	232109	25.3832	82.7686
Rampur	Uttar Pradesh	232110	25.2228	83.1476
Amdaha	Uttar Pradesh	232111	25.3887	82.9177
Amaon	Uttar Pradesh	232118	25.1154	83.292
Kori	Uttar Pradesh	232120	25.2992	83.1881
Bara (Ghazipur)	Uttar Pradesh	232325	25.7187	83.803
Mohammadpur	Uttar Pradesh	232326	25.6226	83.5562
Bhataura	Uttar Pradesh	232327	25.5534	83.2148
Gaura	Uttar Pradesh	232328	25.6347	83.2442
Bahadurpur	Uttar Pradesh	232329	25.4157	83.5867
Dhanarhi	Uttar Pradesh	232330	25.4303	83.7073
Gaighat	Uttar Pradesh	232331	25.3172	83.5491
Tarighat	Uttar Pradesh	232332	25.4414	83.5185
Dewal	Uttar Pradesh	232333	25.4103	83.7789
Bhagirathpur	Uttar Pradesh	232336	25.6402	83.3573
Deokali	Uttar Pradesh	232339	25.5378	83.3285
Saidabad	Uttar Pradesh	232340	25.4634	83.5956
Degree College (Ghazipur)	Uttar Pradesh	233001	25.7007	83.4551
Noorpur	Uttar Pradesh	233002	25.7007	83.4551
Belhari	Uttar Pradesh	233221	25.5868	83.0978
Gangauli	Uttar Pradesh	233222	25.7398	83.6855
Khanpur	Uttar Pradesh	233223	25.5609	83.1264
Sikandarpur	Uttar Pradesh	233224	25.4631	83.4554
Gandhinagar	Uttar Pradesh	233225	25.7225	83.8811
Barahi	Uttar Pradesh	233226	25.7616	83.5443
Balapur	Uttar Pradesh	233227	25.6318	83.7794
Patar	Uttar Pradesh	233228	25.7241	83.9112
Narainpur	Uttar Pradesh	233229	25.8011	83.398
Khetabpur	Uttar Pradesh	233230	25.7659	83.6994
Birpur	Uttar Pradesh	233231	25.5252	83.8598
Puraina	Uttar Pradesh	233232	25.4369	83.528
Deoria	Uttar Pradesh	233233	25.6679	83.8744
Ranipur	Uttar Pradesh	233300	25.7247	83.2338
Rajapur	Uttar Pradesh	233301	25.7918	83.7251
Chandipur	Uttar Pradesh	233302	25.4983	83.4052
Para	Uttar Pradesh	233303	25.6593	83.6384
Daulatpur	Uttar Pradesh	233304	25.5724	83.2599
Manpur	Uttar Pradesh	233305	25.6727	83.587
Deokali	Uttar Pradesh	233306	25.5378	83.3285
Bikrampur	Uttar Pradesh	233307	25.6055	83.1864
Chaura	Uttar Pradesh	233310	25.642	83.4617
Sihori	Uttar Pradesh	233311	25.57	83.4015
Sakatpur	Uttar Pradesh	241001	27.4237	80.0428
Barkherwa	Uttar Pradesh	241121	27.26	80.0293
Baghauli	Uttar Pradesh	241122	27.329	80.1629
Kamalpur	Uttar Pradesh	241123	27.417	80.0016
Harrai	Uttar Pradesh	241124	27.6297	80.2195
Manpur	Uttar Pradesh	241125	27.4881	79.9873
Gajoo	Uttar Pradesh	241126	27.1459	80.2879
Sandila I. Estate	Uttar Pradesh	241127	27.4083	79.9617
Bahlolpur	Uttar Pradesh	241201	27.329	80.1629
Majhigawan	Uttar Pradesh	241202	27.329	80.1629
Majhigawan	Uttar Pradesh	241203	27.329	80.1629
Atrauli	Uttar Pradesh	241204	27.1319	80.7691
Dabha	Uttar Pradesh	241301	27.25	80.022
Gaura	Uttar Pradesh	241302	27.1386	80.7121
Bansa	Uttar Pradesh	241303	27.0805	80.2053
Raipur	Uttar Pradesh	241304	27.2368	80.6331
Nayagaon	Uttar Pradesh	241305	27.0776	80.2364
Simariya	Uttar Pradesh	241401	27.329	80.1629
Arjunpur	Uttar Pradesh	241402	27.3604	79.7006
Adampur	Uttar Pradesh	241403	27.2037	80.5221
Hariharpur	Uttar Pradesh	241404	27.1794	80.1787
Mansoor Nagar	Uttar Pradesh	241405	27.545	80.1533
Para	Uttar Pradesh	241406	27.5652	80.1358
Rasoolpur	Uttar Pradesh	241407	27.329	80.1629
Tikri	Uttar Pradesh	242001	27.9903	79.8888
I.A. Babrala	Uttar Pradesh	242021	28.0801	79.0399
Mohiuddinpur	Uttar Pradesh	242042	27.7505	79.8799
Sultanpur	Uttar Pradesh	242123	27.7315	79.7274
Khajuri	Uttar Pradesh	242127	27.797	79.4108
Raghunathpur	Uttar Pradesh	242220	27.4973	79.7135
Shahpur	Uttar Pradesh	242221	27.7688	79.5593
Amora	Uttar Pradesh	242223	27.9599	79.829
Jamaur	Uttar Pradesh	242226	27.8413	79.8474
Jaitipur	Uttar Pradesh	242301	27.9958	79.5702
Govindpur	Uttar Pradesh	242303	27.9599	79.829
Jalalpur	Uttar Pradesh	242305	27.7964	79.9345
Bartara	Uttar Pradesh	242306	27.8357	80.0174
Rudrapur	Uttar Pradesh	242307	27.8278	79.8887
Baragaon	Uttar Pradesh	242401	28.0488	80.0698
Lalpur	Uttar Pradesh	242405	27.8502	79.8767
Chandapur	Uttar Pradesh	242406	27.7721	79.8957
Deoria	Uttar Pradesh	242407	27.9231	79.7415
Bareilly Cantt	Uttar Pradesh	243001	28.3035	79.3254
Air Force Station Bareilly	Uttar Pradesh	243002	28.3035	79.3254
Kila	Uttar Pradesh	243003	28.274	79.1652
Kareli	Uttar Pradesh	243004	28.3152	79.3985
Old City	Uttar Pradesh	243005	28.3035	79.3254
Mahanagar	Uttar Pradesh	243006	28.4535	79.4237
Biharman Nagla	Uttar Pradesh	243122	28.4535	79.4237
Mohanpur	Uttar Pradesh	243123	28.3261	79.4614
Bhuta	Uttar Pradesh	243126	28.4535	79.4237
Rasoolpur	Uttar Pradesh	243201	28.6901	79.5215
Khanpur	Uttar Pradesh	243202	28.5202	79.3967
Chathia	Uttar Pradesh	243203	28.4535	79.4237
Tanda	Uttar Pradesh	243301	28.2171	79.1963
Kalyanpur	Uttar Pradesh	243302	28.3819	79.1619
Basantpur	Uttar Pradesh	243303	28.4517	79.1889
Sirohi	Uttar Pradesh	243401	28.1899	79.2929
Himmatpur	Uttar Pradesh	243402	28.1798	79.4197
Iffcotownship	Uttar Pradesh	243403	28.3173	79.4194
Baraur	Uttar Pradesh	243407	28.6149	79.5812
Bhitaura	Uttar Pradesh	243501	28.2413	79.67
Khalilpur	Uttar Pradesh	243502	28.3658	79.3475
Faridpur	Uttar Pradesh	243503	28.21	79.5415
Samaspur	Uttar Pradesh	243504	28.4535	79.4237
Shergarh	Uttar Pradesh	243505	28.6513	79.3682
Bargawan	Uttar Pradesh	243506	28.4535	79.4237
Jalalpur	Uttar Pradesh	243601	27.9142	79.0506
Bhatauli	Uttar Pradesh	243630	28.1753	79.1917
Chitaura	Uttar Pradesh	243631	27.9321	79.2766
Laxmipur	Uttar Pradesh	243632	28.1069	78.8852
Paharpur	Uttar Pradesh	243633	28.1434	79.0145
Beor	Uttar Pradesh	243634	28.3595	78.7228
Salempur	Uttar Pradesh	243635	27.9722	79.2621
Bondri	Uttar Pradesh	243636	27.9311	78.9656
Kakrala	Uttar Pradesh	243637	27.8927	79.1945
Bhamori	Uttar Pradesh	243638	28.2199	78.9694
Garhi	Uttar Pradesh	243639	28.0587	79.0104
Bhundi	Uttar Pradesh	243641	27.7456	79.2229
Bhanpur	Uttar Pradesh	243720	28.2516	78.9072
Kashipur	Uttar Pradesh	243722	28.0801	79.0399
Kotha	Uttar Pradesh	243723	28.2386	78.6965
Karanpur	Uttar Pradesh	243724	28.3055	78.8401
Katgaon	Uttar Pradesh	243725	28.2717	79.0314
Beoli	Uttar Pradesh	243726	28.2043	79.0264
Neora	Uttar Pradesh	243727	28.0801	79.0399
Mehmoodpur	Uttar Pradesh	243751	28.0801	79.0399
Noorpur	Uttar Pradesh	244001	28.8501	78.8297
Khaspur	Uttar Pradesh	244102	28.9142	78.7854
Majhola (Moradabad)	Uttar Pradesh	244103	28.8572	78.8125
Ganeshpur	Uttar Pradesh	244104	28.9698	78.8309
Kazipura	Uttar Pradesh	244105	29.1689	78.6666
Gularia	Uttar Pradesh	244221	28.8932	78.4383
Didauli	Uttar Pradesh	244222	28.8297	78.5297
Bhartiya Gram	Uttar Pradesh	244223	28.8917	78.4022
Sherpur	Uttar Pradesh	244225	28.9809	78.1373
Dhanaura	Uttar Pradesh	244231	28.8651	78.5124
Bijaura	Uttar Pradesh	244235	28.7585	78.1851
Khajuri	Uttar Pradesh	244236	28.808	78.347
Burawali	Uttar Pradesh	244241	28.8122	78.3298
Bajnaura	Uttar Pradesh	244242	28.6778	78.3725
Kundan Nagar	Uttar Pradesh	244245	28.6822	78.3158
Makhdoompur	Uttar Pradesh	244251	28.9697	78.3699
Adampur	Uttar Pradesh	244255	28.5216	78.3706
Barahi	Uttar Pradesh	244301	28.9142	78.7854
Bhawanipur	Uttar Pradesh	244302	28.9142	78.7854
Sherpur	Uttar Pradesh	244303	28.9142	78.7854
Manota	Uttar Pradesh	244304	28.9142	78.7854
Aliabad	Uttar Pradesh	244401	29.0479	78.7599
Chandpur	Uttar Pradesh	244402	29.0036	78.8461
Rampura	Uttar Pradesh	244410	28.9142	78.7854
Jalalpur	Uttar Pradesh	244411	28.9142	78.7854
Mai	Uttar Pradesh	244412	28.9142	78.7854
Haryana	Uttar Pradesh	244413	28.6709	78.7941
Sarthal	Uttar Pradesh	244414	28.5262	78.6878
Narainpur	Uttar Pradesh	244415	29.0576	78.892
Kanth	Uttar Pradesh	244501	29.0594	78.6295
Modha	Uttar Pradesh	244504	28.9369	78.717
Thakurdwara	Uttar Pradesh	244601	29.192	78.8615
Darapur	Uttar Pradesh	244602	29.1915	78.7861
Khamaria	Uttar Pradesh	244701	28.7944	79.1232
Raipur	Uttarakhand	244712	29.2937	78.8022
Sultanpur	Uttarakhand	244713	29.1568	79.0566
Karanpur	Uttarakhand	244715	29.3809	79.0908
Thari	Uttarakhand	244716	29.0275	79.5235
S.M. Nadehi	Uttarakhand	244717	29.0275	79.5235
Nipania	Uttar Pradesh	244901	28.7944	79.1232
Ratanpura	Uttar Pradesh	244921	29.0429	79.1002
Tanda	Uttar Pradesh	244922	28.4946	79.0473
Godhi	Uttar Pradesh	244923	28.8846	78.8316
Manpur	Uttar Pradesh	244924	28.9493	78.9432
Manpur	Uttar Pradesh	244925	28.9493	78.9432
Modipur	Uttar Pradesh	244926	28.7944	79.1232
Kashipur	Uttar Pradesh	244927	28.8574	79.0571
Kemri (Rampur)	Uttar Pradesh	244928	28.8067	79.2048
Raghunathpur	Uttar Pradesh	245101	28.7643	77.4856
Rasulpur	Uttar Pradesh	245201	28.6944	77.5107
Salarpur	Uttar Pradesh	245205	28.7643	77.4856
Khaspur	Uttar Pradesh	245206	28.8192	77.7723
Dhana	Uttar Pradesh	245207	28.7643	77.4856
Alamnagar	Uttar Pradesh	245208	28.7643	77.4856
Dehra	Uttar Pradesh	245301	28.7643	77.4856
Bhojpur	Uttar Pradesh	245304	28.7929	77.6284
Girgaon	Uttarakhand	246001	30.2019	78.7516
Bedgaon	Uttarakhand	246113	30.0307	78.7243
Khera	Uttarakhand	246121	29.938	78.5505
Goda	Uttarakhand	246123	30.0576	78.8971
Dadamandi	Uttarakhand	246124	29.8629	78.6093
Dehalchauri	Uttarakhand	246125	29.9325	78.6704
Fatehpur	Uttarakhand	246127	29.8237	78.6176
Diusa	Uttarakhand	246128	29.9356	78.6634
Kandai	Uttarakhand	246129	29.8659	78.8241
Gadoli	Uttarakhand	246130	29.9294	79.0546
Simar	Uttarakhand	246131	29.9663	78.8344
Chaura	Uttarakhand	246141	30.5303	79.0589
Kalagarh	Uttarakhand	246142	29.4778	78.7845
Mandai	Uttarakhand	246144	29.8529	78.5576
Diusa	Uttarakhand	246146	29.9766	78.657
Jakh	Uttarakhand	246147	30.0308	78.7929
Jhanjhar	Uttarakhand	246148	29.9403	78.6724
Kishanpur	Uttarakhand	246149	29.8929	78.7696
Padampur Sukhro	Uttarakhand	246150	29.9029	78.9302
Dabri	Uttarakhand	246155	29.7883	78.8377
Ghiri	Uttarakhand	246159	30.039	78.7987
Chamara	Uttarakhand	246161	29.6731	78.999
Gadigaon	Uttarakhand	246162	29.9067	78.7579
Kingorikhal	Uttarakhand	246163	29.9953	78.7245
Tal	Uttarakhand	246164	30.0797	78.8945
Molthi	Uttarakhand	246165	30.0659	78.7829
Pali	Uttarakhand	246166	30.0278	78.7842
Barsu	Uttarakhand	246167	30.0193	78.8559
Pand	Uttarakhand	246169	29.6117	78.9728
Kandai	Uttarakhand	246171	30.5303	79.0589
Naini	Uttarakhand	246172	29.9763	78.648
Kandi	Uttarakhand	246173	29.6771	79.0082
Dungripanth	Uttarakhand	246174	30.2139	78.8041
Barkot	Uttarakhand	246175	29.8929	78.7696
Toli	Uttarakhand	246176	30.0281	78.8131
Kasani	Uttarakhand	246177	29.8893	79.0029
Srikot	Uttarakhand	246178	29.9527	78.8586
Dwari	Uttarakhand	246179	29.6972	78.9255
Jahrikhal (B)	Uttarakhand	246193	29.8929	78.7696
Kamalpur	Uttarakhand	246194	29.8929	78.7696
Jaspur	Uttarakhand	246275	29.9648	79.0585
Bara	Uttarakhand	246276	29.8285	78.993
Ason	Uttarakhand	246277	29.8929	78.7696
Bangar	Uttarakhand	246278	29.8913	79.0232
Sankarpur	Uttarakhand	246279	29.6921	79.1013
Bhira	Uttarakhand	246285	29.984	79.0276
Mandal	Uttarakhand	246401	30.1569	79.3705
Bareth	Uttarakhand	246419	30.5303	79.0589
Silli	Uttarakhand	246421	30.5089	79.1813
Mana	Uttarakhand	246422	30.7683	79.4951
Ropa	Uttarakhand	246424	30.0941	79.3237
Basti	Uttarakhand	246425	30.286	78.953
Chhinka	Uttarakhand	246426	30.173	79.3997
Ban	Uttarakhand	246427	30.6729	79.8621
Gaul	Uttarakhand	246428	30.4953	79.5787
Sari	Uttarakhand	246429	30.5152	79.2159
Beena Lohba	Uttarakhand	246431	29.955	79.3709
Ghat	Uttarakhand	246435	30.2563	79.4479
Kalimath	Uttarakhand	246439	30.5616	79.1727
Kheti	Uttarakhand	246440	30.4953	79.5787
Chiringa	Uttarakhand	246441	30.0281	79.6026
Agar	Uttarakhand	246442	30.5303	79.0589
Baragaon	Uttarakhand	246443	30.5719	79.6073
Bhatoli	Uttarakhand	246444	30.4953	79.5787
Kedarnath Seasional	Uttarakhand	246445	30.5303	79.0589
Ali	Uttarakhand	246446	30.4953	79.5787
Maikoti	Uttarakhand	246448	30.5303	79.0589
Sema	Uttarakhand	246449	30.4953	79.5787
Chopta	Uttarakhand	246453	30.4953	79.5787
Naini	Uttarakhand	246455	30.4953	79.5787
Sari	Uttarakhand	246469	30.5152	79.2159
Rampur	Uttarakhand	246471	30.5303	79.0589
Mayapur	Uttarakhand	246472	30.4953	79.5787
Salna	Uttarakhand	246473	30.4953	79.5787
Gairoli	Uttarakhand	246474	30.4953	79.5787
Kanda	Uttarakhand	246475	30.5016	79.2236
Kurar	Uttarakhand	246481	30.0892	79.5643
Burjola	Uttarakhand	246482	30.0494	79.5626
Tapoban	Uttarakhand	246483	30.4893	79.6249
Lambagar	Uttarakhand	246486	30.6542	79.5188
Malai	Uttarakhand	246487	30.4953	79.5787
Kimoli	Uttarakhand	246488	30.4953	79.5787
Chopra (Rudraprayag)	Uttarakhand	246495	30.5303	79.0589
Prithvipur	Uttar Pradesh	246701	29.0862	78.2373
Narayanpur	Uttar Pradesh	246721	29.3288	78.3284
Udaipur	Uttar Pradesh	246722	29.3386	78.7235
Balawali	Uttar Pradesh	246723	29.6205	78.1532
Barkhera	Uttar Pradesh	246724	29.1255	78.3004
Chandpur	Uttar Pradesh	246725	29.3386	78.7235
Bilai	Uttar Pradesh	246726	29.3251	78.3008
Bishanpur	Uttar Pradesh	246727	29.39	78.3985
Khari	Uttar Pradesh	246728	29.347	78.2072
Maseet	Uttar Pradesh	246729	29.2132	78.285
Bhojpur	Uttar Pradesh	246731	29.5531	78.2085
Jalpur	Uttar Pradesh	246732	29.6653	78.2274
Mahua	Uttar Pradesh	246733	29.39	78.3985
Noorpur	Uttar Pradesh	246734	29.1263	78.4041
Bhogpur	Uttar Pradesh	246735	29.1505	78.544
Basantpur	Uttar Pradesh	246736	29.0836	78.1393
Rahu Nagli	Uttar Pradesh	246737	29.1618	78.3754
Mehmoodpur	Uttar Pradesh	246745	29.1143	78.5912
Daultabad	Uttar Pradesh	246746	29.4547	78.3533
Mirzapur	Uttar Pradesh	246747	29.2935	78.5875
Mohanpur	Uttar Pradesh	246749	29.3524	78.2915
Umri	Uttar Pradesh	246761	29.3862	78.2793
Bhagwanpur	Uttar Pradesh	246762	29.4176	78.5015
Fazalpur	Uttar Pradesh	246763	29.5908	78.2758
Shadipur	Uttar Pradesh	246764	29.2636	78.4078
Hassanpur	Uttar Pradesh	247001	29.9487	77.5487
Ptc	Uttar Pradesh	247002	29.9487	77.5487
Babail Buzurg	Uttar Pradesh	247120	30.1109	77.6188
Raipur	Uttar Pradesh	247121	30.2474	77.5799
Badshahi Bagh	Uttar Pradesh	247122	29.9487	77.5487
Sansarpur	Uttar Pradesh	247129	29.9487	77.5487
Bartha Kayastha	Uttar Pradesh	247231	30.0843	77.5774
Raipur	Uttar Pradesh	247232	30.173	77.6709
Dhorala	Uttar Pradesh	247340	29.7906	77.4242
Mohanpura	Uttar Pradesh	247341	29.8365	77.2634
Hassanpur	Uttar Pradesh	247342	29.8429	77.239
Titron	Uttar Pradesh	247343	29.6682	77.3239
Sherpur	Uttar Pradesh	247451	29.6455	77.524
Bargaon	Uttar Pradesh	247452	29.9487	77.5487
Bahera	Uttar Pradesh	247453	29.6638	77.5569
Paharpur	Uttar Pradesh	247551	29.9487	77.5487
Babupur	Uttar Pradesh	247554	29.6551	77.7135
Mundlana	Uttarakhand	247656	29.7414	77.9155
Sikroda	Uttarakhand	247661	29.6573	78.073
Lashkarpur	Uttar Pradesh	247662	29.9487	77.5487
Khanpur	Uttarakhand	247663	29.7174	78.1337
Landhaura	Uttarakhand	247664	29.8041	77.9328
Jhabrera	Uttarakhand	247665	29.8098	77.7768
Bijholi	Uttarakhand	247666	29.838	77.8998
Ganeshpur	Uttarakhand	247667	29.8605	77.8756
Bhalswagaj	Uttarakhand	247668	29.8698	77.7922
Chauradev	Uttar Pradesh	247669	29.9487	77.5487
Rajupur	Uttarakhand	247670	29.7701	77.98
Bhikampur	Uttarakhand	247671	29.6883	78.0892
Nala	Uttar Pradesh	247771	29.4146	77.7433
Budha Khera	Uttar Pradesh	247772	29.4146	77.7433
Tana	Uttar Pradesh	247773	29.4146	77.7433
Uncha Gaon	Uttar Pradesh	247774	29.4146	77.7433
Kiwana	Uttar Pradesh	247775	29.4146	77.7433
Karoda	Uttar Pradesh	247776	29.4146	77.7433
Khanpur	Uttar Pradesh	247777	29.3414	77.4901
Toda	Uttar Pradesh	247778	29.2717	77.5548
Karanpur	Uttarakhand	248001	30.3268	78.0625
Clementtown	Uttarakhand	248002	30.2796	78.1467
Dakra	Uttarakhand	248003	30.3637	78.0468
Nawada	Uttarakhand	248005	30.2635	78.0589
I.N.C.	Uttarakhand	248006	30.2796	78.1467
Nayagaon	Uttarakhand	248007	30.3591	78.0558
Tapovan	Uttarakhand	248008	30.4635	77.9732
Bhagwantpur	Uttarakhand	248009	30.4085	78.0722
Selaqui	Uttarakhand	248011	30.2743	78.1823
Defence Colony	Uttarakhand	248012	30.2798	78.0545
Kandoli	Uttarakhand	248013	30.4635	77.9732
Nehrugram	Uttarakhand	248014	30.2852	78.083
Sudhowala	Uttarakhand	248015	30.2743	78.1823
Jollygrant	Uttarakhand	248016	30.2743	78.1823
Mehunwala	Uttarakhand	248018	30.4819	77.8114
Ajabpur	Uttarakhand	248121	30.6713	77.8947
Barlowganj	Uttarakhand	248122	30.4409	78.0892
Lohari	Uttarakhand	248123	30.7516	77.8132
Kota	Uttarakhand	248124	30.7171	77.9535
Ambari	Uttarakhand	248125	30.4957	77.8146
Khairi	Uttarakhand	248140	30.2175	78.0492
Timli	Uttarakhand	248142	30.3699	77.7299
Dharkot	Uttarakhand	248143	30.271	78.2146
Dandi	Uttarakhand	248145	30.3541	78.0315
Seemadwar	Uttarakhand	248146	30.3104	77.9941
Lohari	Uttarakhand	248158	30.7516	77.8132
Haripur	Uttarakhand	248159	30.4462	77.7369
Koti	Uttarakhand	248165	30.6454	77.8499
Kanwali	Uttarakhand	248171	30.2937	78.0035
Hathipaon	Uttarakhand	248179	30.4395	78.0793
I.P.E.	Uttarakhand	248195	30.4311	77.9824
Kothi	Uttarakhand	248196	30.6813	77.8311
Rampur	Uttarakhand	248197	30.5838	77.9559
Pachhmiwala	Uttarakhand	248198	30.4604	77.7894
Anu	Uttarakhand	248199	30.8621	77.8182
Gyansoo	Uttarakhand	249001	30.4374	78.537
Toli	Uttarakhand	249121	30.4374	78.537
Kundri	Uttarakhand	249122	30.4374	78.537
Tipri	Uttarakhand	249123	30.4374	78.537
Bhagirathipuram	Uttarakhand	249124	30.3394	78.5401
Bhatgaon	Uttarakhand	249125	30.4374	78.537
Bhallegaon	Uttarakhand	249126	30.3394	78.5401
Dharkot	Uttarakhand	249127	30.4374	78.537
Jakholi	Uttarakhand	249128	30.9731	78.6039
Pali	Uttarakhand	249130	30.5012	77.9578
Kamand	Uttarakhand	249131	30.4374	78.537
Lawani	Uttarakhand	249132	30.4374	78.537
Barsu	Uttarakhand	249135	30.9731	78.6039
Gangotri	Uttarakhand	249136	30.9959	78.9432
Dhalwala	Uttarakhand	249137	30.4985	78.7071
Gadoli	Uttarakhand	249141	30.4374	78.537
Bahera	Uttarakhand	249145	30.3471	78.2406
Kothi	Uttarakhand	249146	30.4374	78.537
Dunda	Uttarakhand	249151	30.4488	78.1377
Bangaon	Uttarakhand	249152	30.9731	78.6039
Malgaon	Uttarakhand	249155	30.4374	78.537
Badon	Uttarakhand	249161	30.4374	78.537
Raika	Uttarakhand	249165	30.364	78.674
Naugaon	Uttarakhand	249171	30.9731	78.6039
Agar	Uttarakhand	249175	30.4374	78.537
Bangar	Uttarakhand	249180	30.4374	78.537
Mandar	Uttarakhand	249181	30.4374	78.537
Devjani	Uttarakhand	249185	30.8746	78.0773
Tikri	Uttarakhand	249186	30.4374	78.537
Mundala	Uttarakhand	249192	30.4374	78.537
Manpur	Uttarakhand	249193	30.9731	78.6039
Maneri	Uttarakhand	249194	30.7404	78.5315
Mahidanda	Uttarakhand	249195	30.9731	78.6039
Kyari	Uttarakhand	249196	30.9731	78.6039
Kyari	Uttarakhand	249199	30.4374	78.537
Rishikesh	Uttarakhand	249201	30.1078	78.2925
Nirmal Block	Uttarakhand	249202	30.0712	78.2819
Pashulok	Uttarakhand	249203	30.0482	78.2513
Chhiddarwala	Uttarakhand	249204	30.0482	78.2513
Haripur Kalan	Uttarakhand	249205	29.9952	78.2016
Kundi	Uttarakhand	249301	29.8929	78.7696
Laxmanjhula (B)	Uttarakhand	249302	29.9082	78.5863
Mala	Uttarakhand	249304	29.9522	78.4147
Chila Colony	Uttarakhand	249306	29.9082	78.5863
Bhimgoda	Uttarakhand	249401	29.9431	78.1581
Ibrahimpur	Uttarakhand	249402	29.8985	78.0685
Adm Block(BHEL)	Uttarakhand	249403	29.9035	78.0797
Sarai	Uttarakhand	249404	29.901	78.0995
Daulatpur	Uttarakhand	249405	29.9311	77.9795
Arya Nagar (Haridwar)	Uttarakhand	249407	29.8573	77.9933
Shyampur	Uttarakhand	249408	29.8668	78.1805
Sadhubela Bhupatwala	Uttarakhand	249410	29.9035	78.0797
Shantikunj	Uttarakhand	249411	29.9035	78.0797
Rajpura	Uttar Pradesh	250001	28.8027	77.8112
Malyana	Uttar Pradesh	250002	28.9605	77.7279
Meerut Kutchery	Uttar Pradesh	250003	28.987	77.7263
Datawali	Uttar Pradesh	250004	29.0356	77.7949
MIET	Uttar Pradesh	250005	29.0356	77.7949
Baragaon	Uttar Pradesh	250101	29.0555	77.3117
Partapur	Uttar Pradesh	250103	28.9168	77.6377
Shahjahanpur	Uttar Pradesh	250104	28.8548	77.9622
Paswara	Uttar Pradesh	250106	28.9352	77.8939
Dulhera	Uttar Pradesh	250110	29.066	77.6945
Mohiuddinpur	Uttar Pradesh	250205	28.8846	77.6149
Alipur	Uttar Pradesh	250221	29.1326	77.6609
Mel	Uttar Pradesh	250222	29.1312	77.7791
Dadri	Uttar Pradesh	250223	29.0356	77.7949
Bahadurpur	Uttar Pradesh	250341	28.8831	77.6385
Khera	Uttar Pradesh	250342	29.2261	77.5888
Bhooni	Uttar Pradesh	250344	29.1314	77.5042
Fazalpur	Uttar Pradesh	250345	29.0606	77.3833
Bhainsa	Uttar Pradesh	250401	29.1098	77.8802
Dhikauli	Uttar Pradesh	250402	25.3887	82.9177
Ganeshpur	Uttar Pradesh	250404	29.1429	77.9616
Manpur	Uttar Pradesh	250406	28.9521	77.8581
Khanpur	Uttar Pradesh	250501	28.8717	77.7061
Kalyanpur	Uttar Pradesh	250502	29.1837	78.1383
Garhi	Uttar Pradesh	250601	29.1958	77.4186
Ram Nagar	Uttar Pradesh	250606	29.0555	77.3117
Khatta	Uttar Pradesh	250609	28.9154	77.3313
Bazidpur	Uttar Pradesh	250611	29.0982	77.3051
Dhikauli	Uttar Pradesh	250615	29.0555	77.3117
Nangal	Uttar Pradesh	250617	29.0114	77.6012
Gauripur	Uttar Pradesh	250619	28.946	77.3075
Bamnauli	Uttar Pradesh	250620	29.1447	77.3485
Jalalpur	Uttar Pradesh	250621	29.1255	77.2994
Palri	Uttar Pradesh	250622	29.1758	77.4093
Basauli	Uttar Pradesh	250623	29.1753	77.2622
Tikri	Uttar Pradesh	250625	29.2291	77.3548
Duttnagar	Uttar Pradesh	250626	28.937	77.4658
Rampur	Uttar Pradesh	251001	29.2811	77.655
Khala Par	Uttar Pradesh	251002	29.4146	77.7433
Jaroda	Uttar Pradesh	251003	29.4146	77.7433
Barsoo	Uttar Pradesh	251201	29.4146	77.7433
Baheri	Uttar Pradesh	251202	29.5689	77.6845
Bahadurpur	Uttar Pradesh	251203	29.2536	77.8653
Alipur Kheri	Uttar Pradesh	251301	29.4371	77.5913
Babri	Uttar Pradesh	251305	29.4146	77.7433
Mandi	Uttar Pradesh	251306	29.4361	77.5766
Rai	Uttar Pradesh	251307	29.5593	77.7277
Malpura	Uttar Pradesh	251308	29.4563	77.8881
Baroda	Uttar Pradesh	251309	29.4146	77.7433
Basera	Uttar Pradesh	251310	29.5558	77.8522
Khusropur	Uttar Pradesh	251311	29.5119	77.5805
Salarpur	Uttar Pradesh	251314	29.3216	77.8898
Miranpur	Uttar Pradesh	251315	29.2903	77.9494
Morna	Uttar Pradesh	251316	29.4649	77.9362
Palri	Uttar Pradesh	251318	29.2894	77.7857
Shikarpur	Uttar Pradesh	251319	29.3685	77.4927
Hassanpur	Uttar Pradesh	251320	29.3245	77.6731
Sherpur	Uttar Pradesh	251327	29.3245	77.6731
Mirzapur	Uttar Pradesh	261001	27.3122	80.9778
Umari	Uttar Pradesh	261121	27.6989	80.4488
Sonari	Uttar Pradesh	261125	27.3376	80.8818
Ashrafpur	Uttar Pradesh	261131	27.256	81.0685
Shahpur	Uttar Pradesh	261135	27.4254	81.1562
Lalpur	Uttar Pradesh	261136	27.3692	81.161
Baragaon	Uttar Pradesh	261141	27.7486	80.5021
Munderi	Uttar Pradesh	261145	27.5088	80.8698
Bargawan	Uttar Pradesh	261151	27.5178	80.8575
Kotra	Uttar Pradesh	261201	27.5178	80.8575
Khanpur	Uttar Pradesh	261202	27.6504	81.1558
Chandpur	Uttar Pradesh	261203	27.4191	81.1128
Bahadurganj	Uttar Pradesh	261204	27.3114	81.3312
Shankarpur	Uttar Pradesh	261205	27.299	81.3525
Babupur	Uttar Pradesh	261206	27.3459	81.0615
Mubarakpur	Uttar Pradesh	261207	27.2814	81.1631
Mallapur	Uttar Pradesh	261208	27.7427	80.8569
Saidapur	Uttar Pradesh	261301	27.2345	80.9218
Hasnapur	Uttar Pradesh	261302	27.4618	80.9797
Bari	Uttar Pradesh	261303	27.2664	80.8123
Kishunpur	Uttar Pradesh	261401	27.5178	80.8575
Atwa	Uttar Pradesh	261402	27.3744	80.5967
Ramgarh	Uttar Pradesh	261403	27.3218	80.6269
Parsada	Uttar Pradesh	261404	27.4931	80.6393
Fateh Nagar	Uttar Pradesh	261405	27.4349	80.6137
Alipur	Uttar Pradesh	261501	27.8523	81.0918
Raipur	Uttar Pradesh	261502	27.7882	81.1794
Nayagaon	Uttar Pradesh	261505	28.1221	80.6672
Gaura	Uttar Pradesh	261506	27.8127	81.2377
Lalpur	Uttar Pradesh	262001	28.5011	79.9702
Bhadsara	Uttar Pradesh	262121	28.8392	79.7718
Sherpur	Uttar Pradesh	262122	28.5124	80.1878
Jamunia	Uttar Pradesh	262124	28.5348	79.9752
Madhopur	Uttar Pradesh	262201	28.3593	79.9057
Harrai	Uttar Pradesh	262202	28.2052	79.8696
Bahadurpur	Uttar Pradesh	262203	28.4777	79.7959
Sunpahar	Uttar Pradesh	262302	28.5348	79.9752
Pandari	Uttar Pradesh	262305	28.5348	79.9752
Chakarpur	Uttarakhand	262308	29.151	79.1537
Tanakpur	Uttarakhand	262309	29.2988	80.0697
Chandani	Uttarakhand	262310	29.2988	80.0697
Pratappur	Uttarakhand	262311	28.8747	79.8096
Bannakhera	Uttarakhand	262401	29.1595	79.1739
Bindhukhatta	Uttarakhand	262402	29.0721	79.5148
Pandari	Uttarakhand	262405	28.9817	79.727
Parasrampur	Uttar Pradesh	262406	28.4535	79.4237
Chandak	Uttarakhand	262501	30.1119	80.3477
Bisharh	Uttarakhand	262502	30.1119	80.3477
Bilai	Uttarakhand	262520	30.1119	80.3477
Baralu	Uttarakhand	262521	30.1119	80.3477
Boyal	Uttarakhand	262522	30.1119	80.3477
Neer	Uttarakhand	262523	29.3708	79.9264
Banku	Uttarakhand	262524	29.4683	79.9696
Mau	Uttarakhand	262525	29.2988	80.0697
Jhulaghat	Uttarakhand	262526	29.5882	80.3817
Kothera	Uttarakhand	262527	29.2988	80.0697
Kanakote	Uttarakhand	262528	29.3301	79.9497
Toli	Uttarakhand	262529	30.1119	80.3477
Aincholi	Uttarakhand	262530	30.1119	80.3477
Naini	Uttarakhand	262531	29.7141	79.9431
Bankote	Uttarakhand	262532	29.7305	79.9366
Chausala	Uttarakhand	262533	30.1119	80.3477
Agar	Uttarakhand	262534	29.6798	79.9934
Bhulgaon	Uttarakhand	262540	30.1119	80.3477
Dungri	Uttarakhand	262541	30.1119	80.3477
Chamu	Uttarakhand	262542	29.6921	80.2063
Baira	Uttarakhand	262543	30.1119	80.3477
Toli	Uttarakhand	262544	30.1119	80.3477
Khela	Uttarakhand	262545	29.9618	80.5906
Gunji	Uttarakhand	262546	30.1795	80.8575
Kailash	Uttarakhand	262547	29.8473	80.5369
Narayan Nagar	Uttarakhand	262550	30.1119	80.3477
Jaurasi	Uttarakhand	262551	30.1119	80.3477
Bhatigaon	Uttarakhand	262552	30.1119	80.3477
Girgaon	Uttarakhand	262553	30.0368	80.1716
Sain	Uttarakhand	262554	30.1119	80.3477
Dungri	Uttarakhand	262555	30.1119	80.3477
Pati	Uttarakhand	262561	30.1119	80.3477
Bhandarigaon	Uttarakhand	262572	30.1119	80.3477
Kalika	Uttarakhand	262576	30.1119	80.3477
Gagar	Uttarakhand	262580	29.4613	79.8947
Ganeshpur	Uttar Pradesh	262701	27.8773	81.1969
Gopalapur	Uttar Pradesh	262702	28.1221	80.6672
Ambarsot	Uttar Pradesh	262721	27.8521	80.8034
Sherpur	Uttar Pradesh	262722	27.8781	81.0834
Basantapur	Uttar Pradesh	262723	27.9799	81.0623
Semri	Uttar Pradesh	262724	28.1221	80.6672
Motipur	Uttar Pradesh	262725	27.8501	80.7581
Badagaon	Uttar Pradesh	262726	28.1221	80.6672
Birampur	Uttar Pradesh	262727	27.8264	80.1495
Sarsawa	Uttar Pradesh	262728	27.9176	81.066
Hazaratpur	Uttar Pradesh	262801	28.1221	80.6672
Raipur	Uttar Pradesh	262802	27.7882	81.1794
Mailani	Uttar Pradesh	262803	28.2909	80.3438
Kumbhi	Uttar Pradesh	262804	27.9485	80.3581
Kotwa	Uttar Pradesh	262805	28.1221	80.6672
Bhanpur	Uttar Pradesh	262901	27.8705	80.8531
Ataria	Uttar Pradesh	262902	28.1221	80.6672
Daulatpur	Uttar Pradesh	262903	27.7589	80.3072
Ram Nagar	Uttar Pradesh	262904	28.1221	80.6672
Motipur	Uttar Pradesh	262905	27.8501	80.7581
Raipur	Uttar Pradesh	262906	27.7639	80.3795
Sujanpur	Uttar Pradesh	262907	27.9834	80.401
Puraina	Uttar Pradesh	262908	28.1221	80.6672
Nalni	Uttarakhand	263001	29.3127	79.4547
Amritpur	Uttarakhand	263126	29.2959	79.5588
Chopra	Uttarakhand	263127	29.5423	79.5944
Bel	Uttarakhand	263128	29.3127	79.4547
Nai	Uttarakhand	263132	29.391	79.734
Haldiyani	Uttarakhand	263134	29.5694	79.3523
Garampani	Uttarakhand	263135	29.4816	79.46
Pokhari	Uttarakhand	263136	29.3127	79.4547
Supi	Uttarakhand	263137	29.4544	79.6178
Dhyari	Uttarakhand	263138	29.3127	79.4547
Daulatpur	Uttarakhand	263139	29.1622	79.5972
Dewalchaur	Uttarakhand	263140	29.3004	79.2876
Halduchaur	Uttarakhand	263142	29.0983	79.3622
Haldi (Udham Singh Nagar)	Uttarakhand	263145	28.8314	79.9012
Narayanpur	Uttarakhand	263148	29.2641	78.8523
D.F. Nagla	Uttarakhand	263149	29.0983	79.3622
Kelakhera	Uttarakhand	263150	29.0275	79.5235
Shaktifarm	Uttarakhand	263151	29.0275	79.5235
Premnagar	Uttarakhand	263152	29.0275	79.5235
Khanpur	Uttarakhand	263153	29.0076	79.3061
Ghorakhal	Uttarakhand	263156	29.3158	79.385
Deoli	Uttarakhand	263157	29.3106	79.7804
Devdwar	Uttarakhand	263158	29.4587	79.5489
Saur	Uttarakhand	263159	29.4586	79.3803
Kalinagar	Uttarakhand	263160	29.0511	79.3202
Patia	Uttarakhand	263601	29.6892	79.5019
Chaura	Uttarakhand	263619	29.7585	79.79
Kausani Estate	Uttarakhand	263620	29.6474	79.688
Binta	Uttarakhand	263621	29.7822	79.4896
Pokhari	Uttarakhand	263622	29.6892	79.5019
Naini	Uttarakhand	263623	29.6475	79.7085
Sainj	Uttarakhand	263624	29.5492	79.5729
Jakh	Uttarakhand	263625	29.5225	79.803
Basantpur	Uttarakhand	263626	29.6892	79.5019
Bauri	Uttarakhand	263628	29.7399	79.8069
Chanoda	Uttarakhand	263629	29.6474	79.688
Billori	Uttarakhand	263630	29.9911	79.8596
Kanda	Uttarakhand	263631	29.8307	79.9324
Baghar	Uttarakhand	263632	30.0351	79.8986
Kanoli	Uttarakhand	263633	29.9911	79.8596
Baira	Uttarakhand	263634	29.9911	79.8596
Jakhera	Uttarakhand	263635	29.9689	79.6772
Barsimi	Uttarakhand	263636	29.6681	79.6175
Someshwar	Uttarakhand	263637	29.781	79.6057
Pokhari	Uttarakhand	263638	29.6892	79.5019
Lakhani	Uttarakhand	263639	29.6892	79.5019
Jakhani	Uttarakhand	263640	29.875	79.9008
Bheta	Uttarakhand	263641	29.8864	79.6048
Are	Uttarakhand	263642	29.8518	79.7612
Jeoli	Uttarakhand	263643	29.6565	79.3934
Haldiyani	Uttarakhand	263645	29.6892	79.5019
Jakh	Uttarakhand	263646	29.7635	79.5221
Chaubattia	Uttarakhand	263651	29.615	79.4568
Aina	Uttarakhand	263652	29.7018	79.5278
Paithani	Uttarakhand	263653	29.7284	79.367
Bainskhet	Uttarakhand	263655	29.8149	79.4137
Rampur	Uttarakhand	263656	29.9296	79.3506
Naula	Uttarakhand	263658	29.7408	79.2527
Barangal	Uttarakhand	263659	29.9306	79.2398
Daula	Uttarakhand	263660	29.7899	79.3112
Basai	Uttarakhand	263661	29.8401	79.1808
Kotar	Uttarakhand	263663	29.597	79.3939
Kanoli	Uttarakhand	263664	29.8414	79.3286
Airari Bisht	Uttarakhand	263665	29.7793	79.3125
Dabhra	Uttarakhand	263667	29.7113	79.2668
Amdhar	Uttarakhand	263676	29.685	79.1655
Suri	Uttarakhand	263678	29.5719	79.5178
Bharari	Uttarakhand	263679	29.9911	79.8596
Pali	Uttarakhand	263680	29.7891	79.2991
Civil Line (Gonda)	Uttar Pradesh	271001	27.1328	81.9744
Babhani Kanoongo	Uttar Pradesh	271002	27.1842	81.9826
Madhopur	Uttar Pradesh	271003	27.0625	81.9444
Mallapur	Uttar Pradesh	271122	27.0842	82.0256
Chandipur	Uttar Pradesh	271123	27.0023	82.0065
Achalpur	Uttar Pradesh	271124	27.0007	82.1006
Balpur	Uttar Pradesh	271125	27.0995	82.1354
B.B..Singh	Uttar Pradesh	271126	27.0916	81.7989
Kotha	Uttar Pradesh	271129	26.9422	82.1662
Deoria	Uttar Pradesh	271201	27.3117	82.373
Ranipur	Uttar Pradesh	271202	27.2495	82.0797
Ganeshpur	Uttar Pradesh	271203	27.3235	82.2367
Ashidha	Uttar Pradesh	271204	27.3473	82.0015
Badalpur	Uttar Pradesh	271205	27.1537	82.301
Ram Nagar	Uttar Pradesh	271206	27.4906	82.3745
Udaipur	Uttar Pradesh	271207	27.2122	82.2674
Dharampur	Uttar Pradesh	271208	27.4906	82.3745
Janki Nagar	Uttar Pradesh	271209	27.0842	82.0256
Sonpur	Uttar Pradesh	271210	27.4169	82.0901
Manpur	Uttar Pradesh	271215	27.4737	82.557
Rajapur	Uttar Pradesh	271301	27.0802	82.2664
Deoria	Uttar Pradesh	271302	27.1207	82.2366
Durjanpur	Uttar Pradesh	271303	27.2263	81.864
Nawabganj S F	Uttar Pradesh	271304	26.9139	82.2282
Gaighat	Uttar Pradesh	271305	27.0021	82.3999
Datauli	Uttar Pradesh	271306	27.4906	82.3745
Achalpur Kaithawalia	Uttar Pradesh	271307	27.0842	82.0256
Iti Mankapur	Uttar Pradesh	271308	26.9139	82.2282
Gauhani	Uttar Pradesh	271309	26.9375	82.0423
Majhgaon	Uttar Pradesh	271310	27.2275	81.9871
Gurwalia	Uttar Pradesh	271311	27.0842	82.0256
Narharpur	Uttar Pradesh	271312	27.0479	82.529
Mandap	Uttar Pradesh	271313	27.2142	81.727
Haribashpur	Uttar Pradesh	271319	26.9445	82.1007
Adampur	Uttar Pradesh	271401	26.93	81.881
Barauli	Uttar Pradesh	271402	26.9372	81.8151
Ranipur	Uttar Pradesh	271403	26.9956	81.9838
Mohammadpur	Uttar Pradesh	271502	27.0842	82.0256
Bangaon	Uttar Pradesh	271503	26.8336	81.9884
Rajapur	Uttar Pradesh	271504	26.9947	81.736
Bishunpur Bairiya	Uttar Pradesh	271601	27.1718	82.0632
Bangai Barwar	Uttar Pradesh	271602	27.123	81.8295
Rajapur	Uttar Pradesh	271603	27.1358	81.916
Khajuria	Uttar Pradesh	271604	27.4169	82.3816
Mahuwa	Uttar Pradesh	271607	27.1546	82.2922
Chamrupur	Uttar Pradesh	271609	27.3026	82.337
Bahraich City	Uttar Pradesh	271801	27.5293	81.814
Diha	Uttar Pradesh	271802	27.5671	81.6486
Amrahwa	Uttar Pradesh	271803	27.651	82.0709
Hasnapur	Uttar Pradesh	271804	27.6924	81.8466
Mahdeiya	Uttar Pradesh	271805	27.7213	81.8999
Lalpur	Uttar Pradesh	271806	27.442	81.7597
Puraina	Uttar Pradesh	271821	27.3951	81.8801
Sikandarpur	Uttar Pradesh	271824	27.595	81.3795
Newada	Uttar Pradesh	271825	27.7006	81.4946
Manikpur	Uttar Pradesh	271830	27.7882	81.472
Kotwa	Uttar Pradesh	271831	27.5871	81.9341
Katha	Uttar Pradesh	271835	27.5768	81.7744
Shankarpur	Uttar Pradesh	271840	27.5713	81.7487
Bichhiya	Uttar Pradesh	271841	27.7006	81.4946
Ganeshpur	Uttar Pradesh	271845	27.6192	82.0091
Raipur	Uttar Pradesh	271851	27.5647	81.6073
Dharampur	Uttar Pradesh	271855	27.4212	81.6859
Bankatwa	Uttar Pradesh	271861	27.2678	82.292
Gaighat	Uttar Pradesh	271865	27.9921	81.4233
Hariharpur	Uttar Pradesh	271870	27.4307	81.5085
Laukahi	Uttar Pradesh	271871	27.3737	81.7331
Khanpur	Uttar Pradesh	271872	27.3837	81.6792
Raipur	Uttar Pradesh	271875	27.7103	81.3846
Jalalpur	Uttar Pradesh	271881	27.3617	81.7263
Bhopatpur	Uttar Pradesh	271882	27.7215	81.5484
Bhartha	Uttar Pradesh	271901	27.3252	81.6439
Raipura	Uttar Pradesh	271902	27.4587	81.5315
Umari	Uttar Pradesh	271903	27.7006	81.4946
Mustafabad	Uttar Pradesh	271904	27.1422	81.5166
Basti H.O	Uttar Pradesh	272001	26.7927	82.7679
Raghunathpur	Uttar Pradesh	272002	26.8378	82.7035
Pagar	Uttar Pradesh	272123	26.7254	82.7103
Rampur	Uttar Pradesh	272124	26.649	82.7615
Chhata	Uttar Pradesh	272125	26.849	82.9449
Hatwa	Uttar Pradesh	272126	26.7083	82.838
Sangrampur	Uttar Pradesh	272127	26.7725	82.4301
Roopgarh	Uttar Pradesh	272128	26.8212	82.6172
Shankarpur	Uttar Pradesh	272129	26.6936	82.498
Lalpur	Uttar Pradesh	272130	26.8559	82.3385
Garha	Uttar Pradesh	272131	26.7218	82.5747
Chauri Khurd	Uttar Pradesh	272148	27.0276	82.8889
Ambari	Uttar Pradesh	272150	26.9289	82.8347
Sagra	Uttar Pradesh	272151	26.8212	82.6172
Gopalpur	Uttar Pradesh	272152	27.0246	82.977
Basantpur	Uttar Pradesh	272153	26.6985	82.5953
Khajuri	Uttar Pradesh	272154	27.06	83.0544
Mahrajganj	Uttar Pradesh	272155	26.8894	82.3566
Barhya	Uttar Pradesh	272161	26.8212	82.6172
Madhopur	Uttar Pradesh	272162	26.5815	83.0413
Shivpur	Uttar Pradesh	272163	26.8212	82.6172
Govindpur	Uttar Pradesh	272164	26.7882	83.0228
Tanda	Uttar Pradesh	272165	26.7882	83.0228
Newari	Uttar Pradesh	272171	26.6792	82.8493
Siswania	Uttar Pradesh	272172	26.586	82.9561
Padaria	Uttar Pradesh	272173	26.5772	82.8764
Madhopur	Uttar Pradesh	272175	26.8204	83.0562
Gaighat	Uttar Pradesh	272176	26.5929	83.0523
Kharka	Uttar Pradesh	272177	26.8212	82.6172
Sanda	Uttar Pradesh	272178	26.7706	82.8559
Belbharia Ram Gulam	Uttar Pradesh	272181	26.8212	82.6172
Sansarpur	Uttar Pradesh	272182	26.7179	82.4285
Shahpur	Uttar Pradesh	272189	27.2209	82.6577
Bishunpurwa	Uttar Pradesh	272190	26.8212	82.6172
Manoharpur	Uttar Pradesh	272191	27.1488	82.6836
Govindpur	Uttar Pradesh	272192	27.2734	82.8635
Sikta	Uttar Pradesh	272193	27.0724	82.8435
Ramnagar	Uttar Pradesh	272194	26.7155	82.7929
Shankarpur	Uttar Pradesh	272195	27.0889	82.8024
Bhagwanpur	Uttar Pradesh	272199	26.8916	83.0639
Ramnagar	Uttar Pradesh	272201	27.1968	82.9923
Bishunpurwa	Uttar Pradesh	272202	27.0433	82.9582
Birdpur No.13	Uttar Pradesh	272203	27.302	83.0963
Ahri	Uttar Pradesh	272204	27.2734	82.8635
Dabra	Uttar Pradesh	272205	27.1482	82.933
Ramnagar	Uttar Pradesh	272206	27.2734	82.8635
Harraiya	Uttar Pradesh	272207	27.1058	83.0044
Madanpur	Uttar Pradesh	272208	27.2127	83.0953
Narayanpur	Uttar Pradesh	272270	26.965	83.0551
Bhatauli	Uttar Pradesh	272271	26.9561	83.0409
Gaighat	Uttar Pradesh	272301	26.6254	82.7557
Bahadurpur	Uttar Pradesh	272302	26.6864	82.687
Alinagar	Uttar Pradesh	273001	27.057	83.3442
Gopalpur	Uttar Pradesh	273002	26.7179	83.1971
Arogyamandir	Uttar Pradesh	273003	26.7899	83.32
Ashok Nagar (Gorakhpur)	Uttar Pradesh	273004	26.783	83.3852
Rajghat	Uttar Pradesh	273005	26.6579	83.3614
Gita Vatika	Uttar Pradesh	273006	26.7899	83.32
Mirpur	Uttar Pradesh	273007	26.8358	83.2535
Kunraghat H.O	Uttar Pradesh	273008	26.7899	83.32
Gorakhpur University	Uttar Pradesh	273009	26.7899	83.32
Raiganj	Uttar Pradesh	273010	26.6732	83.4629
GR Railway Station	Uttar Pradesh	273012	26.7339	83.3717
Chargaon	Uttar Pradesh	273013	26.6579	83.3614
Jangle Dhushar	Uttar Pradesh	273014	26.7339	83.3717
Dohariya Bazar	Uttar Pradesh	273015	26.8341	83.1569
Rampur	Uttar Pradesh	273016	26.7143	83.3932
Siddharth Enclave	Uttar Pradesh	273017	26.7339	83.3717
Narayanpur	Uttar Pradesh	273151	26.9776	83.4483
Parasurampur	Uttar Pradesh	273152	26.7462	83.4565
Ramnagar	Uttar Pradesh	273155	27.1786	83.3037
Lalpur	Uttar Pradesh	273157	27.2035	83.5328
Rajpur	Uttar Pradesh	273158	27.0325	83.3001
Mahdewa	Uttar Pradesh	273161	27.1094	83.285
Basantpur	Uttar Pradesh	273162	27.2008	83.4004
Chainpur	Uttar Pradesh	273163	27.2293	83.5538
Ramnagar	Uttar Pradesh	273164	27.0408	83.3905
Kalyanpur	Uttar Pradesh	273165	26.6678	83.2514
Sonbarsa	Uttar Pradesh	273201	26.6364	83.1515
Rajdhani	Uttar Pradesh	273202	26.5922	83.5129
Brahmpur (Gorakhpur)	Uttar Pradesh	273203	26.6579	83.3614
Sonbarsa	Uttar Pradesh	273207	27.1105	83.3527
Pali	Uttar Pradesh	273209	26.5102	83.3464
Barigaon	Uttar Pradesh	273211	26.5402	83.4469
Khajuri	Uttar Pradesh	273212	26.4484	83.3988
Alawalpur	Uttar Pradesh	273213	26.3964	83.253
Bashia Buzurg	Uttar Pradesh	273301	26.9596	83.6418
Balua	Uttar Pradesh	273302	27.0836	83.4649
Khajuria	Uttar Pradesh	273303	27.1127	83.3773
Bali	Uttar Pradesh	273304	27.2035	83.5328
Pipra	Uttar Pradesh	273305	27.1275	83.3635
Jainpur	Uttar Pradesh	273306	26.6579	83.3614
Sonauli	Uttar Pradesh	273308	27.2035	83.5328
Kamharia Buzurg	Uttar Pradesh	273309	27.2035	83.5328
Paniyara	Uttar Pradesh	273310	26.998	83.4665
Orwalliya	Uttar Pradesh	273311	26.998	83.4665
Bhiti	Uttar Pradesh	273401	26.3414	83.3699
Tanda	Uttar Pradesh	273402	26.6579	83.3614
Pali	Uttar Pradesh	273403	26.5102	83.3464
Shankarpur	Uttar Pradesh	273404	26.461	83.1192
Bishunpura	Uttar Pradesh	273405	26.6367	83.2167
Bhatauli	Uttar Pradesh	273406	26.5877	83.314
Shahpur	Uttar Pradesh	273407	26.8077	83.1665
Gopalpur	Uttar Pradesh	273408	26.3745	83.324
Harpur	Uttar Pradesh	273409	26.4213	83.301
Salarpur	Uttar Pradesh	273411	26.4731	83.4185
Newada	Uttar Pradesh	273412	26.6579	83.3614
Dandi	Uttar Pradesh	273413	26.5398	83.3572
Deoria H.O	Uttar Pradesh	274001	26.4227	83.8366
Asana	Uttar Pradesh	274149	26.8618	83.9348
Bhaluani	Uttar Pradesh	274182	26.4227	83.8366
Baitalpur	Uttar Pradesh	274201	26.5617	83.736
Deogaon	Uttar Pradesh	274202	26.6051	83.6833
Narainpur	Uttar Pradesh	274203	26.773	83.7227
Fatehpur	Uttar Pradesh	274204	26.4191	83.6476
Baraon	Uttar Pradesh	274205	26.3551	83.642
Sahbajpur	Uttar Pradesh	274206	26.8618	83.9348
Pakari	Uttar Pradesh	274207	26.8618	83.9348
Saraon	Uttar Pradesh	274208	26.4421	83.5095
Singari	Uttar Pradesh	274301	26.868	83.7022
Bishunpura	Uttar Pradesh	274302	26.9056	83.7732
Laxmipur	Uttar Pradesh	274303	26.8104	84.0562
Padrauna H.O	Uttar Pradesh	274304	26.8057	83.6937
Naurangia	Uttar Pradesh	274305	26.8618	83.9348
Puraini	Uttar Pradesh	274306	26.8457	83.7962
Babuiya Harpur	Uttar Pradesh	274307	26.8057	83.6937
Dharampur	Uttar Pradesh	274308	26.7961	83.7467
Parsauni	Uttar Pradesh	274309	26.8021	83.7639
Gurwalia	Uttar Pradesh	274401	26.8618	83.9348
Mainpur	Uttar Pradesh	274402	26.8618	83.9348
Kushinagar	Uttar Pradesh	274403	26.8618	83.9348
Baghara	Uttar Pradesh	274404	26.4227	83.8366
Gaura	Uttar Pradesh	274405	26.2801	83.7048
Gauri Ibrahim	Uttar Pradesh	274406	26.6969	84.2219
Bagahi	Uttar Pradesh	274407	26.8618	83.9348
Kanchanpur	Uttar Pradesh	274408	26.4227	83.8366
Bahadur Pur	Uttar Pradesh	274409	26.6158	84.259
Jaitpura	Uttar Pradesh	274501	26.2451	84.056
Naini	Uttar Pradesh	274502	26.213	83.9499
Bagaha	Uttar Pradesh	274505	26.4227	83.8366
Mahuja	Uttar Pradesh	274506	26.4227	83.8366
Pindi	Uttar Pradesh	274508	26.1566	83.9622
Srinagar	Uttar Pradesh	274509	26.4672	83.5815
Sonari	Uttar Pradesh	274601	26.4788	83.6566
Israuli	Uttar Pradesh	274602	26.1595	83.9127
Mirjapur	Uttar Pradesh	274603	26.4227	83.8366
Tikar	Uttar Pradesh	274604	26.4505	83.5865
Dumari	Uttar Pradesh	274701	26.4227	83.8366
Sarya	Uttar Pradesh	274702	26.4227	83.8366
Rahimpur	Uttar Pradesh	274703	26.3288	84.1383
Balua	Uttar Pradesh	274704	26.576	83.7356
Balua Afgan	Uttar Pradesh	274705	26.4162	84.0229
Chhitauni	Uttar Pradesh	274801	26.8618	83.9348
Khairi	Uttar Pradesh	274802	26.8618	83.9348
Majhgawan	Uttar Pradesh	274806	26.4636	83.7397
Bariarpur	Uttar Pradesh	274807	26.4227	83.8366
Chero	Uttar Pradesh	274808	26.4227	83.8366
Mau H.O	Uttar Pradesh	275101	26.0405	83.5749
Alinagar	Uttar Pradesh	275102	25.8283	83.375
Khiriya	Uttar Pradesh	275103	26.0405	83.5749
Kalyanpur	Uttar Pradesh	275105	26.0627	83.5582
Ramgarh	Uttar Pradesh	275201	25.6556	83.4763
Baragaon	Uttar Pradesh	275202	25.6602	83.2127
Burhanpur	Uttar Pradesh	275203	25.7703	83.323
Raipur	Uttar Pradesh	275204	25.7524	83.2682
Manihari	Uttar Pradesh	275205	25.6732	83.4183
Amila	Uttar Pradesh	275301	26.0405	83.5749
Bhopaura	Uttar Pradesh	275302	26.0813	83.4519
Mahula	Uttar Pradesh	275303	26.0405	83.5749
Jamdih	Uttar Pradesh	275304	26.0462	83.0798
Faizullahpur	Uttar Pradesh	275305	26.0157	83.5186
Bandi Ghat	Uttar Pradesh	275306	26.102	83.7395
Lalitpur	Uttar Pradesh	275307	26.0405	83.5749
Azamgarh City	Uttar Pradesh	276001	26.0099	82.975
Gaddopur	Uttar Pradesh	276121	26.1523	82.7776
Matia	Uttar Pradesh	276122	26.0287	83.2237
Bangaon	Uttar Pradesh	276123	25.9098	82.8058
Jagdishpur	Uttar Pradesh	276124	25.8761	82.8187
Bankat	Uttar Pradesh	276125	26.1872	82.9479
Singhpur	Uttar Pradesh	276126	25.8061	83.1421
Ramgarh	Uttar Pradesh	276127	25.7096	83.0326
Deeha	Uttar Pradesh	276128	25.9874	82.9688
Sherpur	Uttar Pradesh	276129	26.0672	83.057
Koilari	Uttar Pradesh	276131	25.9884	83.1493
Bibipur	Uttar Pradesh	276135	26.1717	82.888
Bankatia	Uttar Pradesh	276136	26.2726	83.0806
Shivpur	Uttar Pradesh	276137	26.0462	83.0798
Khalispur	Uttar Pradesh	276138	26.3586	82.9177
Singhwara	Uttar Pradesh	276139	26.2662	83.2128
Chaklal Chand	Uttar Pradesh	276140	26.1539	83.3351
Newada	Uttar Pradesh	276141	25.9023	83.2912
Gaura	Uttar Pradesh	276142	25.8772	83.0993
Mittupur	Uttar Pradesh	276143	26.2529	82.7214
Bahadur Pur	Uttar Pradesh	276201	26.0405	83.5749
Salempur	Uttar Pradesh	276202	25.7477	83.045
Sidhauna	Uttar Pradesh	276203	25.7005	83.0676
Gopalpur	Uttar Pradesh	276204	25.8896	82.9541
Jamalpur	Uttar Pradesh	276205	26.1085	82.6847
Bairampur	Uttar Pradesh	276206	26.1162	82.9933
Koilari	Uttar Pradesh	276207	26.0462	83.0798
Ora	Uttar Pradesh	276208	26.0462	83.0798
Galib Pur	Uttar Pradesh	276288	26.0937	82.8479
Ahirauli	Uttar Pradesh	276301	25.8075	82.8698
Dayalpur	Uttar Pradesh	276302	25.9641	82.9958
Irani	Uttar Pradesh	276303	25.86	82.9209
Jagdishpur	Uttar Pradesh	276304	25.8761	82.8187
Mirja Pur	Uttar Pradesh	276305	25.9595	82.9004
Rasoolpur	Uttar Pradesh	276306	26.0405	83.5749
Fatehpur	Uttar Pradesh	276402	26.0405	83.5749
Ranipur	Uttar Pradesh	276403	25.9139	83.4244
Amilo	Uttar Pradesh	276404	26.0462	83.0798
Bara	Uttar Pradesh	276405	25.9793	83.6007
Lohara	Uttar Pradesh	276406	26.0462	83.0798
Deokali	Uttar Pradesh	277001	25.7813	84.1347
Shahpur	Uttar Pradesh	277121	25.8695	83.9778
Sawan	Uttar Pradesh	277123	25.9008	83.976
Pakari	Uttar Pradesh	277124	25.8752	84.1052
Chandpur	Uttar Pradesh	277201	25.9107	84.207
Rajpur	Uttar Pradesh	277202	25.855	84.2142
Salempur	Uttar Pradesh	277203	25.9219	83.9336
Ram Nagar	Uttar Pradesh	277204	25.8752	84.1052
Gangapur	Uttar Pradesh	277205	25.7745	84.3972
Rampur	Uttar Pradesh	277207	25.9507	84.1516
Jamalpur	Uttar Pradesh	277208	25.8435	84.2304
Gaighat	Uttar Pradesh	277209	25.8752	84.1052
Chhata (Ballia)	Uttar Pradesh	277210	25.8261	84.2461
Bigahi	Uttar Pradesh	277211	25.7888	84.2948
Sakarpura	Uttar Pradesh	277213	25.9162	84.1732
Chand Diar	Uttar Pradesh	277214	25.8886	84.2917
Semaria	Uttar Pradesh	277216	25.8752	84.1052
Husainabad	Uttar Pradesh	277219	25.8848	84.2828
Suryapura	Uttar Pradesh	277301	25.9657	84.0826
Asan	Uttar Pradesh	277302	25.8863	84.0862
Balupur	Uttar Pradesh	277303	26.008	84.1071
Dhanauti	Uttar Pradesh	277304	25.8952	84.1394
Hariharpur	Uttar Pradesh	277401	25.8295	83.9736
Rudrapur	Uttar Pradesh	277402	25.7611	84.3395
Kanchanpur	Uttar Pradesh	277403	25.8027	84.3737
Ramgarh	Uttar Pradesh	277501	25.6087	83.944
Chaura	Uttar Pradesh	277502	25.6799	83.9944
Singhpur	Uttar Pradesh	277503	25.8752	84.1052
Surahi	Uttar Pradesh	277504	25.8752	84.1052
Middha	Uttar Pradesh	277506	25.7738	84.1155
Jait	Uttar Pradesh	281001	27.5821	77.6092
Prem Nagar	Uttar Pradesh	281003	27.5971	77.628
Maholi	Uttar Pradesh	281004	27.5971	77.628
Dhangaon	Uttar Pradesh	281005	27.4128	77.6473
Aurangabad	Uttar Pradesh	281006	27.4427	77.7055
Rasgaon	Uttar Pradesh	281104	27.5775	78.1621
Brij Accadamy	Uttar Pradesh	281121	27.581	77.6966
Beri	Uttar Pradesh	281122	27.3226	77.6827
Son	Uttar Pradesh	281123	27.3955	77.5701
Parasoli	Uttar Pradesh	281201	27.5971	77.628
Jabra	Uttar Pradesh	281202	27.5971	77.628
Raipur	Uttar Pradesh	281203	27.9103	77.5542
Panigaon	Uttar Pradesh	281204	27.5635	77.7232
Hasanpur	Uttar Pradesh	281205	27.4257	77.8814
Gajoo	Uttar Pradesh	281206	27.5537	77.8761
Daulatpur	Uttar Pradesh	281301	27.358	77.8081
Mai	Uttar Pradesh	281302	27.684	77.6649
Gokul	Uttar Pradesh	281303	27.4393	77.7202
Kishanpur	Uttar Pradesh	281305	27.4645	77.7873
Salempur	Uttar Pradesh	281306	27.4572	78.0624
Arti	Uttar Pradesh	281307	27.4871	78.116
Nasirpur	Uttar Pradesh	281308	27.3503	78.0085
Khaira	Uttar Pradesh	281401	27.8146	77.7951
Lalpur	Uttar Pradesh	281403	27.6049	77.8291
Naugaon	Uttar Pradesh	281404	27.5971	77.628
Hathia	Uttar Pradesh	281405	27.5971	77.628
Akbarpur	Uttar Pradesh	281406	27.7267	77.7383
Aring	Uttar Pradesh	281501	27.4837	77.5267
Neemgaon	Uttar Pradesh	281502	27.5802	77.4448
Badhauta	Uttar Pradesh	281504	27.5559	77.5212
Namner	Uttar Pradesh	282001	27.0374	78.0809
Gokulpura	Uttar Pradesh	282002	26.8993	78.4599
Agra Chauk	Uttar Pradesh	282003	27.213	78.1858
Agra University	Uttar Pradesh	282004	27.213	78.1858
Jaganpur	Uttar Pradesh	282005	27.2163	78.013
Chhalesar	Uttar Pradesh	282006	27.2227	78.0973
Panwari	Uttar Pradesh	282007	27.2069	77.8919
I. A. F.	Uttar Pradesh	282008	27.213	78.1858
Deori	Uttar Pradesh	282009	27.0818	78.0373
Bhogipura	Uttar Pradesh	282010	27.1748	77.9785
Rampur	Uttar Pradesh	283101	26.9761	78.2307
Dhanoli	Uttar Pradesh	283102	27.0463	77.9844
Husainpur	Uttar Pradesh	283103	27.2353	78.3431
Bamrauli	Uttar Pradesh	283104	27.0621	78.3061
Sunari	Uttar Pradesh	283105	27.1913	77.918
Nagar	Uttar Pradesh	283110	27.1865	77.8629
Rasoolpur	Uttar Pradesh	283111	27.0512	78.2467
Kheria	Uttar Pradesh	283112	26.8741	78.412
Bitholi	Uttar Pradesh	283113	26.882	78.5069
Mau	Uttar Pradesh	283114	26.8014	78.7455
Noni	Uttar Pradesh	283115	26.8992	77.6711
Barwar	Uttar Pradesh	283119	27.0374	78.0809
Rasoolpur	Uttar Pradesh	283121	26.9597	77.8586
Salemabad	Uttar Pradesh	283122	27.0732	78.012
Barenda	Uttar Pradesh	283123	26.8504	78.2651
Birai	Uttar Pradesh	283124	26.9779	77.9441
Samsabad	Uttar Pradesh	283125	27.0374	78.0809
Hasanpur	Uttar Pradesh	283126	27.2871	78.0689
Kadipur	Uttar Pradesh	283130	27.1813	78.5405
Mandai	Uttar Pradesh	283135	27.13	78.655
Salempur	Uttar Pradesh	283136	27.2218	78.6728
Gurha	Uttar Pradesh	283141	26.9874	78.6196
Balipur	Uttar Pradesh	283142	26.9883	78.6843
Pratappur	Uttar Pradesh	283145	27.2442	78.2428
Madanpur	Uttar Pradesh	283151	27.0256	78.6445
Gopalpur	Uttar Pradesh	283152	27.4578	78.595
Khanda	Uttar Pradesh	283201	27.3657	78.1556
Behrampur	Uttar Pradesh	283202	27.0374	78.0809
Jalalpur	Uttar Pradesh	283203	27.2476	78.5234
Salempur	Uttar Pradesh	283204	27.3048	78.2338
Collectorate -firozabad	Uttar Pradesh	283205	27.1813	78.5405
Bartara	Uttar Pradesh	283206	27.2488	78.4353
Kaitha	Uttar Pradesh	283207	27.3565	78.4578
Chauraha Municipal Board	Uttar Pradesh	284001	25.4688	78.6335
Subhashganj	Uttar Pradesh	284002	25.4623	79.1116
Karari	Uttar Pradesh	284003	25.5255	78.5204
BHEL (Jhansi)	Uttar Pradesh	284120	25.5043	78.952
Sarol	Uttar Pradesh	284121	25.4776	78.8394
Jamalpur	Uttar Pradesh	284122	24.9244	78.4816
Baghaura	Uttar Pradesh	284123	24.6545	78.5624
Sirsi	Uttar Pradesh	284124	24.8667	78.341
Lake-view-camp	Uttar Pradesh	284125	25.0315	78.5931
Pawa	Uttar Pradesh	284126	25.0907	78.4754
Simraha	Uttar Pradesh	284127	25.5043	78.952
Bundelkhand University	Uttar Pradesh	284128	25.5043	78.952
Bijauli	Uttar Pradesh	284135	25.3731	78.545
Bangawan Kalan	Uttar Pradesh	284136	25.0693	78.3811
Barwasagar	Uttar Pradesh	284201	25.5043	78.952
Nagra	Uttar Pradesh	284202	25.6566	79.1258
Rampura	Uttar Pradesh	284203	25.8471	79.1469
Bonda	Uttar Pradesh	284204	25.1511	79.0497
Bangra	Uttar Pradesh	284205	25.5249	79.2563
Barhwar	Uttar Pradesh	284206	25.5043	78.952
Ram Nagar	Uttar Pradesh	284301	25.5043	78.952
Patha	Uttar Pradesh	284302	25.6936	79.1199
Shahjahanpur	Uttar Pradesh	284303	25.7658	78.8362
Badokhari	Uttar Pradesh	284304	25.8401	78.9351
Parichha Thermal Power Project	Uttar Pradesh	284305	25.7648	78.9863
Amgaon	Uttar Pradesh	284306	25.8088	78.9838
Manpura	Uttar Pradesh	284401	25.5043	78.952
Udaipura	Uttar Pradesh	284402	24.7893	78.6796
Pali	Uttar Pradesh	284403	24.5872	78.7586
Saidpur	Uttar Pradesh	284404	24.4594	78.7433
Gurha	Uttar Pradesh	284405	24.5819	78.8381
Patna	Uttar Pradesh	284406	24.947	79.271
Rajapur	Uttar Pradesh	284419	25.488	79.148
Deori	Uttar Pradesh	284501	24.3715	78.6757
Baragaon	Uttar Pradesh	285001	25.9561	79.3891
Gopalpura	Uttar Pradesh	285121	26.0939	79.3828
Mohana	Uttar Pradesh	285122	25.8247	79.4507
Sarawan	Uttar Pradesh	285123	26.2446	79.2881
Bahadurpur	Uttar Pradesh	285124	26.368	79.2992
Daulatpur	Uttar Pradesh	285125	26.3939	79.4068
Dhamna	Uttar Pradesh	285126	26.2836	79.2189
Pachokhara	Uttar Pradesh	285127	25.8796	79.2602
Bhaoupura	Uttar Pradesh	285128	26.0939	79.3828
Gohan	Uttar Pradesh	285129	26.2973	79.2707
Jakha	Uttar Pradesh	285130	26.295	79.4616
Akorhi	Uttar Pradesh	285201	26.0168	79.6242
Shahjahanpur	Uttar Pradesh	285202	26.09	79.6185
Alipur	Uttar Pradesh	285203	26.0532	79.8485
Mahewa	Uttar Pradesh	285204	26.1568	79.6351
Deogaon	Uttar Pradesh	285205	25.9576	79.0633
Nadigaon	Uttar Pradesh	285206	26.1078	79.0228
Binaura	Uttar Pradesh	285223	26.1239	79.4694
Akbarpur	Rajasthan	301001	27.4471	76.53
MOTIDOONGRI	Rajasthan	301002	27.5236	76.661
Khazuri Bass	Rajasthan	301018	27.4365	76.6535
Bhiwari Ind. Area. Alwar	Rajasthan	301019	27.4365	76.6535
Karoda	Rajasthan	301020	27.8653	76.3927
Nibhera	Rajasthan	301021	27.5915	76.606
Suratgarh	Rajasthan	301022	27.5915	76.606
Shahpur	Rajasthan	301023	27.6652	76.5731
Garhi	Rajasthan	301024	27.4483	76.3115
Mubarikpur	Rajasthan	301025	27.5229	76.9336
Malpur	Rajasthan	301026	27.5644	76.9146
Agar	Rajasthan	301027	27.5915	76.606
Bahadurpur	Rajasthan	301028	27.6661	76.7351
Bahala	Rajasthan	301030	27.533	76.7266
Khoh	Rajasthan	301035	27.1814	76.3795
Basni	Rajasthan	301401	27.9698	76.6274
Ratanpura	Rajasthan	301402	27.5557	76.2294
Mirjapur	Rajasthan	301403	27.8323	76.6184
Ismailpur	Rajasthan	301404	27.7654	76.6959
Gothra	Rajasthan	301405	27.5915	76.606
Jamalpur	Rajasthan	301406	27.3856	76.6604
Chandpur	Rajasthan	301407	27.8953	76.4999
Thana	Rajasthan	301408	27.2549	76.5944
Karanpura	Rajasthan	301409	27.5915	76.606
Khoh	Rajasthan	301410	27.1814	76.3795
Bilaspur	Rajasthan	301411	27.8924	76.8349
Bamanwas	Rajasthan	301412	27.7549	76.469
Gothra	Rajasthan	301413	27.5915	76.606
Patan	Rajasthan	301414	27.3095	76.6981
Neemla	Rajasthan	301415	27.5177	76.6788
Rampur (Alwar)	Rajasthan	301416	27.5177	76.6788
Rajwara	Rajasthan	301427	27.8976	76.4471
Dongri	Rajasthan	301604	27.5915	76.606
Sherpur	Rajasthan	301701	27.87	76.2761
Ladpur	Rajasthan	301702	28.0116	76.7458
Talwana	Rajasthan	301703	27.908	76.4616
Partapur	Rajasthan	301704	28.1555	76.3143
Gheelot	Rajasthan	301705	28.0072	76.3747
Shahjahanpur	Rajasthan	301706	27.9974	76.4491
Maseet	Rajasthan	301707	28.0575	76.8949
Kutina	Rajasthan	301708	28.0704	76.4426
Basai	Rajasthan	301709	28.0445	76.3761
Anantpura	Rajasthan	301713	27.5915	76.606
Bahror Jat	Rajasthan	301714	27.9495	76.4225
C.P.M.G	Rajasthan	302001	26.9196	75.7878
Amer Road	Rajasthan	302002	26.9196	75.7878
Ramganj Bazar	Rajasthan	302003	26.9196	75.7878
Arjun Lal Sethi Nagar	Rajasthan	302004	26.9196	75.7878
High Court (Jaipur)	Rajasthan	302005	26.9196	75.7878
Ajmer Road	Rajasthan	302006	26.9196	75.7878
Kishanpura	Rajasthan	302012	26.7673	75.6894
Akhepura	Rajasthan	302013	27.0261	75.8138
Barkat Nagar	Rajasthan	302015	26.755	75.5831
Bani Park	Rajasthan	302016	26.9258	75.787
Jagatpura	Rajasthan	302017	26.8378	75.8256
Durgapura	Rajasthan	302018	26.8468	75.7924
Shyam Nagar (Jaipur)	Rajasthan	302019	26.755	75.5831
Mansarovar	Rajasthan	302020	26.8626	75.7633
Heerapura	Rajasthan	302021	26.9126	75.7441
Bilwa	Rajasthan	302022	26.9295	75.7962
Mahapura	Rajasthan	302026	26.8471	75.6693
Indergarh	Rajasthan	302027	26.9972	75.929
Dhand	Rajasthan	302028	27.0737	75.9368
Lakhana	Rajasthan	302029	26.8218	75.6987
Sumel	Rajasthan	302031	26.9805	75.7243
Pratap Nagar Housing Board	Rajasthan	302033	26.7602	76.0868
Panchyawala	Rajasthan	302034	26.7602	76.0868
Jaisinghpura Khore	Rajasthan	302036	26.7602	76.0868
Mahindra World City (Jaipur)	Rajasthan	302037	26.7602	76.0868
Kookas	Rajasthan	302038	26.7602	76.0868
Murlipura	Rajasthan	302039	26.966	75.7632
Nangal Jaisabohara	Rajasthan	302040	26.8805	75.6577
Bindayaka.	Rajasthan	302041	26.9162	75.66
Bad ke Balaji	Rajasthan	302042	26.8805	75.6577
Muhana	Rajasthan	302043	26.7965	75.728
Raipur	Rajasthan	303001	26.9805	75.7243
Kant	Rajasthan	303002	27.1615	75.9274
Paldi	Rajasthan	303003	26.9805	75.7243
Patan	Rajasthan	303004	26.8561	76.5139
Mandi	Rajasthan	303005	26.9805	75.7243
Gopalpura	Rajasthan	303006	26.8679	75.782
Ajairajpura	Rajasthan	303007	26.6959	75.719
Harsoli	Rajasthan	303008	26.6204	75.1796
Dhamana	Rajasthan	303009	26.9805	75.7243
Burthal	Rajasthan	303012	27.1085	75.7702
Beelwadi	Rajasthan	303102	27.3479	75.9858
Rampura	Rajasthan	303103	26.8975	75.6188
Nawalpura	Rajasthan	303104	26.9805	75.7243
Beri	Rajasthan	303105	27.6828	76.0534
Rampura	Rajasthan	303106	26.8975	75.6188
Raghunathpura	Rajasthan	303107	27.1177	75.5997
Gopalpura	Rajasthan	303108	26.8679	75.782
Raisar	Rajasthan	303109	27.1528	76.1188
Karoli	Rajasthan	303110	27.5497	76.2056
Antela	Rajasthan	303119	27.5074	76.041
Tala	Rajasthan	303120	27.1106	75.8962
NIMS University	Rajasthan	303121	27.0598	75.4623
Vedaant Gyan Valley	Rajasthan	303122	27.0598	75.4623
Harsoli	Rajasthan	303123	26.6204	75.1796
Deogaon	Rajasthan	303301	26.9805	75.7243
Anantpura	Rajasthan	303302	26.9805	75.7243
Surajpura	Rajasthan	303303	26.6354	76.2065
Dubbi	Rajasthan	303304	26.9329	76.5191
Rajpura	Rajasthan	303305	26.6801	76.0536
Pratappura	Rajasthan	303313	26.8561	76.5139
Alipur	Rajasthan	303315	26.8561	76.5139
Chandera	Rajasthan	303323	26.8561	76.5139
Badoli	Rajasthan	303325	26.5619	76.2759
Bhandari	Rajasthan	303326	26.8561	76.5139
Baswa (Dausa)	Rajasthan	303327	27.1496	76.5834
Hingonia	Rajasthan	303328	26.5339	75.8702
A C Jobner	Rajasthan	303329	26.7169	76.0256
Akoda	Rajasthan	303338	26.9805	75.7243
Marwa	Rajasthan	303348	26.7975	74.9506
Gothra	Rajasthan	303501	26.8561	76.5139
Achalpura	Rajasthan	303502	26.4236	76.3897
Deoli	Rajasthan	303503	26.8561	76.5139
Kishorpura	Rajasthan	303504	26.7486	76.3192
Manpura	Rajasthan	303505	26.6483	76.34
Mundghisya	Rajasthan	303506	26.7575	76.4428
Bishanpura	Rajasthan	303507	26.8561	76.5139
Kalwan	Rajasthan	303508	26.9176	76.6916
Chandera	Rajasthan	303509	26.8561	76.5139
Amrabad	Rajasthan	303510	26.6053	76.2739
Nizampura	Rajasthan	303511	26.6469	76.2899
Nayan	Rajasthan	303601	27.3375	75.8315
Kishanpura	Rajasthan	303602	26.7673	75.6894
Bagawas	Rajasthan	303603	26.9805	75.7243
Kazipura	Rajasthan	303604	26.9805	75.7243
Raghunathpura	Rajasthan	303701	27.1177	75.5997
Sirsali	Rajasthan	303702	27.1386	75.6663
Anantpura	Rajasthan	303704	26.9805	75.7243
Bhamori	Rajasthan	303706	26.9599	75.6161
Malikpur	Rajasthan	303712	27.2283	75.6477
Raithal	Rajasthan	303801	26.9805	75.7243
Kariri	Rajasthan	303803	27.3323	75.6958
Amarpura	Rajasthan	303804	26.7931	75.6751
Daulatpura	Rajasthan	303805	26.7658	75.6413
Bansa	Rajasthan	303806	27.1759	75.6712
Udaipuria	Rajasthan	303807	27.0306	75.8084
Thali	Rajasthan	303901	26.9805	75.7243
Chandlai	Rajasthan	303903	26.6864	75.8773
Heerapura	Rajasthan	303904	26.7675	75.7412
Mohanpura	Rajasthan	303905	26.8215	75.7379
Ramnagar	Rajasthan	303908	26.8209	75.8674
Bharni	Rajasthan	304001	25.9713	75.6589
Khandwa	Rajasthan	304021	26.1458	75.6719
Jodhpuria	Rajasthan	304022	26.4417	75.8656
Deoli	Rajasthan	304023	25.7573	75.3799
Sureli	Rajasthan	304024	26.1527	75.7288
Nayagaon	Rajasthan	304025	26.4261	76.0853
Ranipura	Rajasthan	304026	26.1458	75.6719
Chandsen	Rajasthan	304501	26.3104	75.45
Rajpura	Rajasthan	304502	26.203	75.4325
Jharli	Rajasthan	304503	26.2016	75.1893
Dholi	Rajasthan	304504	26.1458	75.6719
Bassi	Rajasthan	304505	26.2856	76.0516
Hisampur	Rajasthan	304507	26.1458	75.6719
Kashipura	Rajasthan	304801	26.1458	75.6719
Kanwara	Rajasthan	304802	25.8003	75.6736
Panwar	Rajasthan	304803	25.7814	75.4431
Kaseer	Rajasthan	304804	26.1458	75.6719
Ajmer H.O	Rajasthan	305001	26.4475	74.6288
Adarsh Nagar (Ajmer)	Rajasthan	305002	26.3963	74.6646
Dorai	Rajasthan	305003	26.3948	74.6282
Nosar	Rajasthan	305004	26.4887	74.6034
Ajaiser	Rajasthan	305005	26.4475	74.6288
Gc Road Ajmer	Rajasthan	305007	26.4475	74.6288
Mds University Ajmer	Rajasthan	305009	26.4475	74.6288
Hatundi	Rajasthan	305012	26.4793	74.659
Khori	Rajasthan	305021	26.5731	74.5913
Kishanpura	Rajasthan	305022	26.4944	74.4895
Gagwana	Rajasthan	305023	26.5368	74.7501
Nareli	Rajasthan	305024	26.4695	74.7165
Danta	Rajasthan	305025	26.3697	74.7216
Thanwala	Rajasthan	305026	27.064	74.1879
Leswa	Rajasthan	305201	26.2866	74.5031
Piplaj	Rajasthan	305202	25.7544	75.0912
Bhimpura	Rajasthan	305203	26.2628	74.5789
Budhwara	Rajasthan	305204	26.3764	74.4329
Bithur	Rajasthan	305205	26.2716	74.6262
Dumara	Rajasthan	305206	26.3711	74.5777
Alipura	Rajasthan	305207	26.2737	74.4014
Nandla	Rajasthan	305401	26.2769	74.6963
Jhadol	Rajasthan	305402	26.3182	74.944
Bhagwan Pura	Rajasthan	305403	26.2299	74.7752
Ajgara	Rajasthan	305404	26.0143	75.0998
Piplaj	Rajasthan	305405	25.7544	75.0912
Hingonia	Rajasthan	305406	26.066	75.1309
Gulgaon	Rajasthan	305407	25.8287	75.194
Para	Rajasthan	305408	25.8782	75.1881
Manoharpura	Rajasthan	305412	26.2299	74.7752
Deogaon	Rajasthan	305415	26.1043	75.2989
Motipura	Rajasthan	305601	26.1593	74.8002
Kumharia	Rajasthan	305621	26.1674	74.742
Bhinai	Rajasthan	305622	26.0518	74.7718
Shergarh	Rajasthan	305623	26.0792	74.2441
Badi	Rajasthan	305624	25.9799	74.7098
Hanutia	Rajasthan	305625	26.2299	74.7752
Jotayan	Rajasthan	305627	26.142	74.7892
Badla	Rajasthan	305628	26.2299	74.7752
Champaneri	Rajasthan	305629	25.9664	74.8474
Begliawas	Rajasthan	305630	26.1365	74.5892
Ramgarh	Rajasthan	305631	25.9727	74.4526
Barna	Rajasthan	305801	26.5142	74.9262
Dhan Mandi - Kishan Garh	Rajasthan	305802	26.5266	74.8525
Narwar	Rajasthan	305811	26.6098	74.6912
Buharu	Rajasthan	305812	26.6819	74.9555
Dang	Rajasthan	305813	26.3462	74.8826
Roopnagar	Rajasthan	305814	26.2299	74.7752
Salemabad	Rajasthan	305815	26.7171	74.7956
Patan	Rajasthan	305816	26.61	74.9835
Central University of Rajasthan,Bandar Sindari	Rajasthan	305817	26.596	74.9684
Amarpura	Rajasthan	305819	26.1665	74.6789
Malpura	Rajasthan	305901	26.0556	74.3367
Bhim	Rajasthan	305921	25.738	74.0801
Anakar	Rajasthan	305922	25.9399	74.2287
Lotiyana	Rajasthan	305923	25.881	74.1934
Malto Ki Ber	Rajasthan	305924	25.6911	73.9721
Shahpura	Rajasthan	305925	25.9944	74.2874
Banjari	Rajasthan	305926	25.7743	74.0341
Kotra	Rajasthan	305927	26.0224	74.2134
Karadi	Rajasthan	306001	25.7927	73.5283
Isali	Rajasthan	306021	25.5678	73.6503
Bhagora	Rajasthan	306022	25.7079	73.5206
Saran	Rajasthan	306023	25.7097	73.8368
Sumel	Rajasthan	306101	25.7079	73.5206
Amarpura	Rajasthan	306102	25.8463	74.0789
Manda	Rajasthan	306103	25.7606	73.7435
Mandla	Rajasthan	306104	25.9639	73.7194
Bar	Rajasthan	306105	26.0791	74.1013
Kelwad	Rajasthan	306114	25.891	73.8884
Mandal	Rajasthan	306115	25.4206	73.2709
Dhani	Rajasthan	306116	25.7756	73.8768
Jawali	Rajasthan	306119	25.4763	73.3952
Bera	Rajasthan	306126	25.0007	73.1769
Lambiya	Rajasthan	306301	26.395	74.0635
Deoria	Rajasthan	306302	26.164	73.8784
Asarlai	Rajasthan	306303	26.214	74.0381
Haripur	Rajasthan	306304	25.7079	73.5206
Kushalpura	Rajasthan	306305	26.0971	73.9562
Basna	Rajasthan	306306	25.975	73.7508
Sabalpura	Rajasthan	306307	26.0912	74.2281
Balunda	Rajasthan	306308	26.3181	73.9439
Dari	Rajasthan	306401	25.7079	73.5206
Kharda	Rajasthan	306421	25.4332	73.4594
Dhola	Rajasthan	306422	25.4352	73.2254
Khairwa	Rajasthan	306501	26.0119	73.7934
Bagol	Rajasthan	306502	25.3808	73.6446
Sodawas	Rajasthan	306503	25.6215	73.383
Bhandar	Rajasthan	306504	24.9647	73.1433
Bijowa	Rajasthan	306601	25.3579	73.3454
Anoppura	Rajasthan	306602	25.5345	73.1318
Kotri	Rajasthan	306603	25.3359	73.4479
Bali	Rajasthan	306701	25.1973	73.2912
Barod	Rajasthan	306702	25.2787	73.4021
Sumer	Rajasthan	306703	25.3328	73.6194
Dudapura	Rajasthan	306704	25.2483	73.5206
Morkha	Rajasthan	306705	25.1888	73.3763
Barwa	Rajasthan	306706	25.13	73.3049
Sewari	Rajasthan	306707	25.0965	73.2986
Pawa	Rajasthan	306708	25.4241	73.079
Balada	Rajasthan	306709	25.2435	73.3073
Korta	Rajasthan	306901	25.1799	72.9618
Netra	Rajasthan	306902	25.6373	73.648
Balana	Rajasthan	306912	25.7079	73.5206
Rampura	Rajasthan	307001	24.7912	72.5215
Basantgarh	Rajasthan	307019	24.7589	72.7743
Sanwara	Rajasthan	307022	24.596	72.9732
Kachholi	Rajasthan	307023	24.7589	72.7743
Paba	Rajasthan	307024	24.4727	72.9664
Khajuria	Rajasthan	307025	24.4769	73.1448
Bahadurpura	Rajasthan	307026	24.7589	72.7743
Badgaon	Rajasthan	307027	24.7589	72.7743
Chuli	Rajasthan	307028	24.7589	72.7743
Bala	Rajasthan	307029	25.0978	72.2119
Umedpur	Rajasthan	307030	25.0978	72.2119
Amli	Rajasthan	307031	24.8394	73.1245
Deldar	Rajasthan	307032	25.0225	72.6905
Andore	Rajasthan	307043	24.7589	72.7743
Delwara	Rajasthan	307501	24.6084	72.7231
Achpura	Rajasthan	307510	24.6916	72.8039
Malgaon	Rajasthan	307511	24.6469	72.6898
Amlari	Rajasthan	307512	24.7729	72.5475
Raipur	Rajasthan	307513	24.7589	72.7743
Padar	Rajasthan	307514	24.4869	72.4747
Golana	Rajasthan	307515	25.0978	72.2119
Jawal	Rajasthan	307801	24.9919	72.7486
Madia	Rajasthan	307802	24.8731	72.562
Chandur	Rajasthan	307803	25.0978	72.2119
Azad Nagar (Bhilwara)	Rajasthan	311001	25.519	74.6228
Kanda	Rajasthan	311011	25.48	74.7291
Badla	Rajasthan	311021	25.7688	75.0278
Hurda	Rajasthan	311022	25.8214	74.7254
Arwar	Rajasthan	311023	25.48	74.7291
Motipur	Rajasthan	311024	25.2902	74.2398
Pipli	Rajasthan	311025	25.48	74.7291
Bhagwanpura	Rajasthan	311026	25.5389	74.4412
Dabla	Rajasthan	311030	25.723	74.7383
Tikar	Rajasthan	311201	25.7167	75.4297
Lasadia	Rajasthan	311202	25.7918	75.0204
Khajuri	Rajasthan	311203	25.48	74.7291
Dantra	Rajasthan	311204	25.5178	75.0227
Ratanpura	Rajasthan	311301	25.8078	75.0043
Rampura	Rajasthan	311302	25.768	74.7858
Sardarnagar	Rajasthan	311401	25.402	75.0023
Leswa	Rajasthan	311402	25.3569	74.3732
Baori	Rajasthan	311403	25.8709	74.8579
Borda	Rajasthan	311404	25.48	74.7291
Deoriya	Rajasthan	311407	25.8247	74.9726
Bamnia	Rajasthan	311408	25.48	74.7291
Kishangarh	Rajasthan	311601	25.48	74.7291
Gopalpura	Rajasthan	311602	25.4457	74.7213
Borda	Rajasthan	311603	25.48	74.7291
Srinagar	Rajasthan	311604	25.48	74.7291
Rajgarh	Rajasthan	311605	25.48	74.7291
Shyampura	Rajasthan	311606	25.48	74.7291
Ganeshpura	Rajasthan	311801	25.349	74.3674
Deoli	Rajasthan	311802	25.7573	75.3799
Umari	Rajasthan	311803	25.48	74.7291
Thana	Rajasthan	311804	25.6819	74.1045
Deoria	Rajasthan	311805	25.803	74.8692
Sahada	Rajasthan	311806	25.1321	74.214
Deori	Rajasthan	312001	24.8287	74.7797
Barodia	Rajasthan	312021	24.8684	75.724
Gopalpura	Rajasthan	312022	25.096	74.9658
Daulatpura	Rajasthan	312023	25.1265	74.8492
Leswa	Rajasthan	312024	24.8287	74.7797
Senthi	Rajasthan	312025	24.8287	74.7797
Chikarada	Rajasthan	312027	24.8287	74.7797
Surpur	Rajasthan	312201	24.8287	74.7797
Dhamana	Rajasthan	312202	24.8287	74.7797
Harnathpur	Rajasthan	312203	25.0649	74.3938
Palasia	Rajasthan	312204	24.8287	74.7797
Tana	Rajasthan	312205	24.6966	74.1975
Rewara	Rajasthan	312206	25.1351	74.367
Narela	Rajasthan	312207	25.1421	74.5957
Mahuda	Rajasthan	312401	24.8287	74.7797
Biloda	Rajasthan	312402	24.8287	74.7797
Laxmipura	Rajasthan	312403	24.9559	74.6593
Alod	Rajasthan	312404	24.8287	74.7797
Bari	Rajasthan	312601	24.5132	74.6614
Asawara	Rajasthan	312602	24.6795	74.5094
Punawali	Rajasthan	312603	24.8287	74.7797
Ganeshpura	Rajasthan	312604	25.1322	74.6225
Kalyanpura	Rajasthan	312605	24.8287	74.7797
Kanera	Rajasthan	312606	24.9632	74.6857
Jalampura	Rajasthan	312612	24.8287	74.7797
Chiksi	Rajasthan	312613	24.9246	74.7337
Bhagwanpura	Rajasthan	312614	25.0999	74.9835
Kotri	Rajasthan	312615	24.8287	74.7797
Bori	Rajasthan	312616	24.8287	74.7797
Kailash  Nagar	Rajasthan	312617	24.5627	74.6449
Raipur	Rajasthan	312619	24.8287	74.7797
Udpura	Rajasthan	312620	24.8287	74.7797
Adityapuram	Rajasthan	312622	24.7737	74.756
Kheda	Rajasthan	312623	24.8287	74.7797
Bori	Rajasthan	312624	24.8287	74.7797
Bhojpur	Rajasthan	312625	24.8287	74.7797
Gopalpura	Rajasthan	312626	25.096	74.9658
Raghunathpura	Rajasthan	312627	25.1755	74.7515
Borda	Rajasthan	312901	24.9769	74.5523
Fatehpur	Rajasthan	313001	24.4077	73.7064
Udaipur H Magri	Rajasthan	313002	24.7078	73.6695
Kanpur	Rajasthan	313003	24.6534	73.9448
Udaipur H.O	Rajasthan	313004	24.7078	73.6695
Badgaon	Rajasthan	313011	24.1612	73.9105
Kharwa	Rajasthan	313015	24.4221	73.7958
Khedi	Rajasthan	313022	24.4077	73.7064
Sakroda	Rajasthan	313024	24.5691	73.8561
Baroda	Rajasthan	313026	24.4077	73.7064
Malpur	Rajasthan	313027	24.4824	73.4604
Nai	Rajasthan	313031	24.5508	73.6365
Manpur	Rajasthan	313038	23.9995	74.24
Chandesara	Rajasthan	313201	24.6985	73.8372
Rama	Rajasthan	313202	25.2163	73.8923
Gadoli	Rajasthan	313203	24.765	73.9786
Mahuda	Rajasthan	313204	24.5928	73.9119
Badgaon	Rajasthan	313205	24.1612	73.9105
Morath	Rajasthan	313206	25.2163	73.8923
Gilund	Rajasthan	313207	25.2163	73.8923
Rajpura	Rajasthan	313211	24.9755	74.1288
Karoli	Rajasthan	313301	25.2163	73.8923
Pipla	Rajasthan	313321	25.2163	73.8923
Sema	Rajasthan	313322	24.9248	73.6834
Akodara	Rajasthan	313323	24.9204	73.9711
Boraj	Rajasthan	313324	25.1017	73.8351
Oda	Rajasthan	313325	25.2163	73.8923
Jetpura	Rajasthan	313327	25.9859	74.3868
Khandel	Rajasthan	313328	25.1126	74.0965
Sadri	Rajasthan	313329	25.0055	74.0652
Sakroda	Rajasthan	313330	25.1457	73.9794
Pipli	Rajasthan	313331	25.5907	73.8728
Tikar	Rajasthan	313332	25.3908	73.9189
Bansa	Rajasthan	313333	25.3136	73.7344
Jhanjhar	Rajasthan	313334	25.2163	73.8923
Mandawar	Rajasthan	313341	25.202	73.8109
Bhatoli	Rajasthan	313342	25.0133	73.9339
Karanpur	Rajasthan	313601	24.4077	73.7064
Barodia	Rajasthan	313602	24.4077	73.7064
Badgaon	Rajasthan	313603	24.1612	73.9105
Anjani	Rajasthan	313604	24.4077	73.7064
Manpur	Rajasthan	313701	24.2488	73.2961
Dewas	Rajasthan	313702	24.513	73.5035
Jagat	Rajasthan	313703	24.3777	73.8907
Bhanpura	Rajasthan	313704	25.2163	73.8923
Modi	Rajasthan	313705	24.4077	73.7064
Gudli	Rajasthan	313706	24.4077	73.7064
Pipla	Rajasthan	313708	24.4077	73.7064
Kaya	Rajasthan	313801	24.4077	73.7064
Balua	Rajasthan	313802	24.111	73.6013
Badla	Rajasthan	313803	24.4077	73.7064
Nayagaon	Rajasthan	313804	24.4077	73.7064
Deopura	Rajasthan	313901	24.3051	73.7923
Bana Khurd	Rajasthan	313902	24.5714	73.8199
Kalyanpur	Rajasthan	313903	24.4077	73.7064
Thana	Rajasthan	313904	24.2209	73.8251
Badgaon	Rajasthan	313905	24.1612	73.9105
Beerothi	Rajasthan	313906	24.4776	73.3462
Sundarpur	Rajasthan	314001	23.8619	73.6512
Bara	Rajasthan	314011	23.9144	73.8482
Gol	Rajasthan	314021	23.7325	73.8551
Gamdi	Rajasthan	314022	23.7325	73.8551
Mowai	Rajasthan	314023	23.7884	73.9815
Karada	Rajasthan	314024	23.7325	73.8551
Sagwara	Rajasthan	314025	23.6795	74.0201
Galiakot	Rajasthan	314026	23.52	74.0203
Ambada	Rajasthan	314027	23.6618	73.5295
Kolkhanda	Rajasthan	314028	23.8133	73.941
Nogama	Rajasthan	314029	23.7325	73.8551
Ambada	Rajasthan	314030	23.7325	73.8551
Jethana	Rajasthan	314031	23.6429	74.0608
Saroda	Rajasthan	314032	23.8503	73.9548
Ganeshpur	Rajasthan	314034	23.9326	73.9182
Bhamai	Rajasthan	314035	23.7325	73.8551
Pagara	Rajasthan	314036	23.8759	73.8277
Balota	Rajasthan	314037	23.7589	73.8131
Baroda	Rajasthan	314038	23.903	74.056
Obri	Rajasthan	314401	23.6402	73.8955
Gandhwa	Rajasthan	314402	23.5897	73.7666
Mandli	Rajasthan	314403	23.534	73.6427
Pagara	Rajasthan	314404	23.8759	73.8277
Rajpur	Rajasthan	314406	23.8557	73.7008
Ratanpur	Rajasthan	314801	23.7325	73.8551
Bori	Rajasthan	314804	23.8277	73.6786
Sunari	Rajasthan	321001	27.1725	77.5819
Pipla	Rajasthan	321021	27.2553	77.6041
Musepur	Rajasthan	321022	27.6974	77.2323
Nonera	Rajasthan	321023	27.2457	77.2788
Jalalpur	Rajasthan	321024	27.5509	77.0003
Takha	Rajasthan	321025	27.3424	77.5313
Dehra	Rajasthan	321026	27.2457	77.2788
Lakhanpur	Rajasthan	321028	26.9582	77.4573
Pala	Rajasthan	321201	27.2457	77.2788
Awar	Rajasthan	321202	27.2457	77.2788
Khoh	Rajasthan	321203	27.5282	77.2511
Bhonri	Rajasthan	321204	27.7731	77.1115
Bhatpura	Rajasthan	321205	27.5029	76.8984
Hingota	Rajasthan	321206	27.2457	77.2788
Bansi	Rajasthan	321301	27.1887	77.6083
Andhiyari	Rajasthan	321302	27.0501	77.4639
Mahua	Rajasthan	321303	27.3506	77.3145
Shergarh	Rajasthan	321401	26.8916	77.2833
Baroda	Rajasthan	321402	27.7102	77.1815
Banshi Paharpur	Rajasthan	321403	26.9324	77.4513
Nayagaon	Rajasthan	321404	26.9426	77.2647
Kot	Rajasthan	321405	26.8038	77.4322
Baroli	Rajasthan	321406	26.9989	77.5102
Newada	Rajasthan	321407	27.2457	77.2788
Lakhanpur	Rajasthan	321408	26.9582	77.4573
Jasupura	Rajasthan	321409	27.2457	77.2788
Naroli	Rajasthan	321410	27.2457	77.2788
Madanpur	Rajasthan	321411	27.2457	77.2788
Pali	Rajasthan	321601	27.6259	77.0423
Karai	Rajasthan	321602	27.0101	77.6871
Tikri	Rajasthan	321605	27.5915	76.606
Kalwari	Rajasthan	321606	27.2934	76.7897
Ramnagar	Rajasthan	321607	27.4183	76.993
Ramgarh	Rajasthan	321608	26.6226	76.2602
Kot	Rajasthan	321609	26.8561	76.5139
Bhajeda	Rajasthan	321610	26.9777	76.842
Mirzapur	Rajasthan	321611	26.9042	76.8525
Gazipura	Rajasthan	321612	26.8561	76.5139
Barkhera	Rajasthan	321613	26.8561	76.5139
Nayabas	Rajasthan	321614	26.9232	77.3266
Alipur	Rajasthan	321615	27.5399	77.2143
Berla	Rajasthan	321633	27.3816	76.7679
Gudawali	Rajasthan	321642	27.2457	77.2788
Daulatpura	Rajasthan	322001	25.8869	76.5235
Alanpur	Rajasthan	322021	26.0136	76.3522
Lakhanpur	Rajasthan	322023	26.3314	76.1889
Gambhira	Rajasthan	322024	26.2503	76.3527
Gothra	Rajasthan	322025	25.9442	76.6198
Dangarwada	Rajasthan	322026	26.2169	76.4679
Sunari	Rajasthan	322027	26.2169	76.4679
Morpa	Rajasthan	322028	26.3259	76.5215
Chharoda	Rajasthan	322029	26.2169	76.4679
Nimod	Rajasthan	322030	26.3594	76.4155
Fatehpur	Rajasthan	322033	26.2075	76.6461
Padana	Rajasthan	322034	26.1871	76.5177
Ahmadpur	Rajasthan	322201	26.5201	76.6895
Salempur	Rajasthan	322202	26.438	76.6988
Baroda Gajrajpal	Rajasthan	322203	26.4028	76.7029
Bagor	Rajasthan	322204	26.6356	76.6496
Mahanandpur	Rajasthan	322205	26.5854	76.8043
Kakrala	Rajasthan	322211	26.5888	76.497
Amavragarh	Rajasthan	322212	26.6106	76.4425
Rajpura	Rajasthan	322213	26.5207	76.9639
Kherli	Rajasthan	322214	26.4921	76.5209
Dalpura	Rajasthan	322215	26.7403	76.6391
Badagaon	Rajasthan	322216	26.5207	76.9639
Kalyanpura	Rajasthan	322218	26.1759	76.7738
Raipur	Rajasthan	322219	26.6028	76.9349
Ranoli	Rajasthan	322220	26.7316	76.8629
Salempur	Rajasthan	322230	26.5207	76.9639
Kotri	Rajasthan	322234	26.4626	77.1919
Pali	Rajasthan	322236	26.5207	76.9639
Pahadi	Rajasthan	322238	26.5207	76.9639
Dhand	Rajasthan	322240	26.8561	76.5139
Fatehpur	Rajasthan	322241	26.2075	76.6461
Gurda	Rajasthan	322242	26.5207	76.9639
Lohara	Rajasthan	322243	26.5207	76.9639
Bahadurpur	Rajasthan	322249	26.384	77.0316
Ranipura	Rajasthan	322251	26.3418	76.72
Tali	Rajasthan	322252	26.7581	77.2014
Mohammedpur	Rajasthan	322254	26.5207	76.9639
Jahangirpur	Rajasthan	322255	26.3843	76.7006
Lorwara	Rajasthan	322701	26.2169	76.4679
Binjari	Rajasthan	322702	26.2169	76.4679
Ancher	Rajasthan	322703	26.2169	76.4679
Mahapura	Rajasthan	322704	26.2169	76.4679
Ramnagar	Rajasthan	323001	25.3957	75.5651
Laxmipura	Rajasthan	323021	25.2745	75.6318
Amli	Rajasthan	323022	25.3314	75.5795
Chatarganj	Rajasthan	323023	25.5394	75.5285
Basoli	Rajasthan	323024	25.5104	75.4996
Thana	Rajasthan	323025	25.5395	75.4091
Borda	Rajasthan	323026	25.5617	75.6944
Hingonia	Rajasthan	323301	25.47	75.7775
Anushakti	Rajasthan	323303	24.8287	74.7797
Gopalpura	Rajasthan	323304	25.096	74.9658
Rawatbhatta  Bazar	Rajasthan	323305	24.8287	74.7797
Rajpura	Rajasthan	323306	24.8219	75.4422
Mohana	Rajasthan	323307	24.7954	75.7351
Kesoraipatan	Rajasthan	323601	25.2867	75.7981
Songar	Rajasthan	323602	25.47	75.7775
Ajanda	Rajasthan	323603	25.6199	75.8493
Mohanpura	Rajasthan	323613	25.47	75.7775
Daulatpura	Rajasthan	323614	25.47	75.7775
Lakheri Gaon	Rajasthan	323615	25.4915	75.7079
Mani	Rajasthan	323616	25.47	75.7775
Bamangaon	Rajasthan	323801	25.7895	75.9598
Bansi	Rajasthan	323802	25.47	75.7775
Nayagaon	Rajasthan	323803	25.5021	75.5291
Borabas	Rajasthan	324001	25.0237	75.6957
Borkheda	Rajasthan	324002	25.1241	76.1293
Industerial Estate Kota	Rajasthan	324003	25.0025	76.1032
Udyog Puri Kota	Rajasthan	324004	25.0025	76.1032
Mahaveer Nagar Kota	Rajasthan	324005	25.0025	76.1032
Kaithuni Pole Kota	Rajasthan	324006	25.1825	75.8391
Chhawni Ram Chandra Pura	Rajasthan	324007	25.1901	76.1223
Girdharpura	Rajasthan	324008	25.0697	76.1447
Dadabari Kota	Rajasthan	324009	25.0025	76.1032
Engineering College Kota	Rajasthan	324010	25.0025	76.1032
Khajuri	Rajasthan	325001	25.0137	76.0931
Gopalpura	Rajasthan	325003	24.9296	76.1384
Itawa	Rajasthan	325004	25.5393	76.3782
Borda	Rajasthan	325009	24.9208	76.3363
Digod	Rajasthan	325201	24.9113	76.3414
Anta	Rajasthan	325202	25.15	76.3
Haripura	Rajasthan	325203	25.0713	76.17
Amarpura	Rajasthan	325204	25.1241	76.1293
Fatehpur	Rajasthan	325205	24.9952	76.7566
Badgaon	Rajasthan	325206	24.9952	76.7566
Khedia	Rajasthan	325207	24.9952	76.7566
Bambori	Rajasthan	325208	24.6298	76.0666
Badwa	Rajasthan	325209	24.8587	76.6109
Ayana	Rajasthan	325214	25.4446	76.4405
Ramgarh	Rajasthan	325215	25.3167	76.6
Garda	Rajasthan	325216	24.9952	76.7566
Rajpur	Rajasthan	325217	25.2778	77.0966
Patna	Rajasthan	325218	24.8066	76.6517
Kundi	Rajasthan	325219	24.9952	76.7566
Pali	Rajasthan	325220	24.5413	76.943
Deori	Rajasthan	325221	25.2815	77.2521
Hingonia	Rajasthan	325222	25.2607	76.4694
Shergarh	Rajasthan	325223	24.7078	76.541
Balda	Rajasthan	325224	25.1006	76.8671
Shyampura	Rajasthan	325601	24.9485	76.2206
Hingonia	Rajasthan	325602	25.1241	76.1293
Mandawar	Rajasthan	326001	24.5749	76.2433
Barodia	Rajasthan	326021	24.3289	76.1968
Modi	Rajasthan	326022	24.4857	76.4556
Deori	Rajasthan	326023	24.3069	76.2842
KSTPP Jhalawar	Rajasthan	326024	24.588	76.1935
Mishroli	Rajasthan	326033	24.4313	76.4904
Kotri	Rajasthan	326034	24.4632	76.4488
Sarola	Rajasthan	326035	24.6	76.4167
Piplod	Rajasthan	326036	24.4038	76.3168
Chandipur	Rajasthan	326037	24.3779	76.7657
Bhagwanpura	Rajasthan	326038	24.8004	76.3377
Gopalpura	Rajasthan	326039	24.5981	76.1333
Rajpura	Rajasthan	326501	24.3289	76.1968
Ganeshpura	Rajasthan	326502	24.8191	76.2418
Singhpur	Rajasthan	326512	24.3289	76.1968
Gadia	Rajasthan	326513	24.3289	76.1968
Nandpur	Rajasthan	326514	24.4142	76.3149
Berla	Rajasthan	326515	24.3289	76.1968
Rampura	Rajasthan	326516	24.7975	76.3343
Kamalpura	Rajasthan	326517	25.1241	76.1293
Deoli	Rajasthan	326518	25.1241	76.1293
Undwa	Rajasthan	326519	25.1241	76.1293
Aditya Nagar	Rajasthan	326520	24.6596	75.9307
Goyanda	Rajasthan	326529	24.6596	75.9307
Salawad Khurd	Rajasthan	326530	24.6461	76.0417
Bari	Rajasthan	327001	23.4752	74.3639
Borda	Rajasthan	327021	23.4752	74.3639
Bori	Rajasthan	327022	23.5778	74.1088
Jagpura	Rajasthan	327023	23.8633	74.3545
Kheda	Rajasthan	327024	23.4752	74.3639
Gamdi	Rajasthan	327025	23.4752	74.3639
Badgun	Rajasthan	327026	23.4752	74.3639
Dungariya	Rajasthan	327027	23.4752	74.3639
Chandwara	Rajasthan	327031	23.4752	74.3639
Kesharpura	Rajasthan	327032	23.3404	74.1774
Naugama	Rajasthan	327034	23.4453	74.2148
Shergarh	Rajasthan	327601	23.3425	74.1709
Jalampura	Rajasthan	327602	23.3914	74.1934
Patan	Rajasthan	327603	23.4926	74.3083
Barodia	Rajasthan	327604	23.4262	74.3493
Luharia	Rajasthan	327605	23.4018	74.2169
Mahudi	Rajasthan	327606	23.3512	74.2851
Ramgarh	Rajasthan	327801	23.1494	74.4776
Kasimpur	Rajasthan	328001	26.8086	77.5606
Bahadurpur	Rajasthan	328021	26.6808	77.7033
Salempur	Rajasthan	328022	26.7521	77.5956
Kharagpur	Rajasthan	328023	26.9008	77.8602
Jalalpur	Rajasthan	328024	26.8404	77.9324
Nagar	Rajasthan	328025	26.8897	78.0829
Madanpur	Rajasthan	328026	26.4793	77.3596
Chitora	Rajasthan	328027	26.6808	77.7033
Kotra	Rajasthan	328028	26.73	77.4802
Jetpur	Rajasthan	328029	26.6808	77.7033
Manpur	Rajasthan	328030	26.8037	77.8436
Sanora	Rajasthan	328031	26.5862	77.4592
Kurenda	Rajasthan	328041	26.7358	77.6684
Khandwa	Rajasthan	331001	28.4666	74.7876
Meghsar	Rajasthan	331021	28.2008	74.9147
Loha	Rajasthan	331022	28.0039	74.6125
Jaitpura	Rajasthan	331023	28.4985	75.3972
Nethwa	Rajasthan	331024	28.1651	74.9253
Rampura	Rajasthan	331025	28.2689	75.3184
Badet	Rajasthan	331026	28.3655	75.1699
Patoda	Rajasthan	331027	28.1549	75.1382
Malsisar	Rajasthan	331028	28.3536	75.2975
Rajpura	Rajasthan	331029	28.5371	75.1406
Bhikhansar	Rajasthan	331030	28.1999	75.0473
Raipuria	Rajasthan	331031	28.3455	74.6986
Biran	Rajasthan	331301	28.5828	75.5891
Meghsar	Rajasthan	331302	28.7965	74.9413
Jaswantpura	Rajasthan	331303	28.4405	75.4541
Taranagar	Rajasthan	331304	28.6686	75.0321
Neema	Rajasthan	331305	28.4658	75.5294
Derajsar	Rajasthan	331402	28.3436	74.6188
Kalyanpura	Rajasthan	331403	28.4548	74.5012
Bhojasar	Rajasthan	331411	28.5435	74.3804
Dariba	Rajasthan	331501	28.3455	74.6986
Chhapar	Rajasthan	331502	27.819	74.4394
Gopalpura	Rajasthan	331503	27.762	74.392
Kangar	Rajasthan	331504	28.2151	74.6398
Bhojasar	Rajasthan	331505	28.2395	74.4293
Khuri	Rajasthan	331506	27.8345	74.699
Malsisar	Rajasthan	331507	27.7471	74.5832
Reda	Rajasthan	331517	28.3455	74.6986
Bagsara	Rajasthan	331518	27.5391	73.9842
Kanjan	Rajasthan	331701	28.7916	75.2323
Aadsar	Rajasthan	331801	28.2766	74.1156
Jetasar	Rajasthan	331802	28.0644	74.4418
Bana	Rajasthan	331803	28.0699	74.072
Sanwatsar	Rajasthan	331811	28.0736	73.8161
Devipura	Rajasthan	332001	27.6366	75.2875
Nagwa	Rajasthan	332002	27.4938	74.9859
Chandpura	Rajasthan	332021	27.6366	75.2875
Rajpura	Rajasthan	332023	27.6366	75.2875
Kudli	Rajasthan	332024	27.6366	75.2875
Jana	Rajasthan	332025	27.4274	74.9322
Kumas	Rajasthan	332026	27.6366	75.2875
Chainpura	Rajasthan	332027	27.6366	75.2875
Shahpura	Rajasthan	332028	27.6366	75.2875
Bochi	Rajasthan	332029	27.6366	75.2875
Sujanpura	Rajasthan	332030	27.6366	75.2875
Beri	Rajasthan	332031	27.6366	75.2875
Shyampura	Rajasthan	332041	27.6366	75.2875
Dugoli	Rajasthan	332042	27.6366	75.2875
Bari	Rajasthan	332301	27.5593	74.9201
Palas	Rajasthan	332302	28.1436	74.904
Almas	Rajasthan	332303	27.6366	75.2875
Hudera	Rajasthan	332304	28.0085	74.8372
Dabri	Rajasthan	332305	28.0234	75.103
Thimoli	Rajasthan	332307	28.1283	75.0957
Bagri	Rajasthan	332311	27.6366	75.2875
Bhojasar	Rajasthan	332312	27.6366	75.2875
Jasrasar	Rajasthan	332315	27.6366	75.2875
Khinwasar	Rajasthan	332316	27.6366	75.2875
Bibipur	Rajasthan	332317	27.6366	75.2875
Bhooma Bada	Rajasthan	332318	27.7593	74.7795
Rajpura	Rajasthan	332401	27.6366	75.2875
Govindpura	Rajasthan	332402	27.6366	75.2875
Raipura	Rajasthan	332403	27.6366	75.2875
Lakhani	Rajasthan	332404	27.6366	75.2875
Baral	Rajasthan	332405	27.6366	75.2875
Mohanpura	Rajasthan	332406	27.6366	75.2875
Malikpur	Rajasthan	332411	27.6366	75.2875
Ladpur	Rajasthan	332601	27.6366	75.2875
Aloda	Rajasthan	332602	27.6366	75.2875
Gudha	Rajasthan	332603	27.6366	75.2875
Kishorepura	Rajasthan	332701	27.6366	75.2875
Danta	Rajasthan	332702	27.2964	75.1867
Bhurdonkabas	Rajasthan	332703	27.6366	75.2875
Toda	Rajasthan	332705	27.6366	75.2875
Thikariya	Rajasthan	332706	27.6908	75.6361
Haripura	Rajasthan	332707	27.6366	75.2875
Bhadwari	Rajasthan	332708	27.6366	75.2875
Rampura	Rajasthan	332709	27.5255	75.7609
Shyampura	Rajasthan	332710	27.6366	75.2875
Makri	Rajasthan	332711	27.6366	75.2875
Ratanpura	Rajasthan	332712	27.6366	75.2875
Kotra	Rajasthan	332713	27.6366	75.2875
Bhagwanpura	Rajasthan	332714	27.6366	75.2875
Kanchanpur	Rajasthan	332715	27.6366	75.2875
Hardia	Rajasthan	332716	28.0919	75.5524
Raipur	Rajasthan	332718	27.7398	75.959
Rampura	Rajasthan	332719	27.5255	75.7609
Rajpura	Rajasthan	332721	27.6366	75.2875
Nimera	Rajasthan	332722	27.5187	75.5296
Bharija	Rajasthan	332742	27.6366	75.2875
Doodwa	Rajasthan	332746	28.0919	75.5524
Nand	Rajasthan	333001	28.1568	75.2822
Kharkhari	Rajasthan	333011	28.1867	75.3365
Khatkar	Rajasthan	333012	28.0919	75.5524
Bishanpura	Rajasthan	333021	28.236	75.7638
Jaitpura	Rajasthan	333022	28.0919	75.5524
Lalpur	Rajasthan	333023	28.2344	75.4116
Mohanpura	Rajasthan	333024	28.172	75.5716
Dabri	Rajasthan	333025	28.2926	75.3947
Rasoolpur	Rajasthan	333026	27.9274	75.7736
Sari	Rajasthan	333027	28.1627	75.6047
Padampura	Rajasthan	333028	28.0983	75.615
Raghunathpura	Rajasthan	333029	28.2894	75.7146
Bhobia	Rajasthan	333030	28.3503	75.7155
Beri	Rajasthan	333031	28.4926	75.6279
Bhorki	Rajasthan	333032	28.3044	75.7587
Berla	Rajasthan	333033	28.2894	75.8446
Jaitpura	Rajasthan	333034	28.0919	75.5524
Badangarh	Rajasthan	333035	28.2866	75.5605
Rampura	Rajasthan	333036	28.2689	75.3184
Bhojasar	Rajasthan	333041	28.0228	75.242
Dhania	Rajasthan	333042	28.0919	75.5524
Newari	Rajasthan	333053	28.0919	75.5524
Mandawara	Rajasthan	333302	28.0919	75.5524
Chirana	Rajasthan	333303	28.0919	75.5524
Barwa	Rajasthan	333304	28.3287	75.2729
Kari	Rajasthan	333305	28.0919	75.5524
Kot	Rajasthan	333307	28.0919	75.5524
Dhamora	Rajasthan	333308	28.0919	75.5524
Madhogarh	Rajasthan	333501	28.0919	75.5524
Sirsala	Rajasthan	333502	28.2242	75.8102
Badalwas	Rajasthan	333503	28.0794	75.3934
Dhana	Rajasthan	333504	28.3396	75.941
Kharkhara	Rajasthan	333514	28.0395	75.7563
Gunti	Rajasthan	333515	28.0919	75.5524
Khanpur	Rajasthan	333516	28.1388	75.8151
Churiajitgarh	Rajasthan	333701	28.0919	75.5524
Dundlod	Rajasthan	333702	27.9022	75.2256
Hanumanpura	Rajasthan	333704	28.0336	75.2007
Balaria	Rajasthan	333705	27.9521	75.2243
Deogaon	Rajasthan	333707	28.0919	75.5524
Bagoli	Rajasthan	333801	28.0919	75.5524
Amarpura	Rajasthan	334001	28.2577	72.8516
Pawanpuri (Bikaner)	Rajasthan	334003	28.146	73.2033
Bangalanagar	Rajasthan	334004	28.146	73.2033
Bichhwal Ind.Area	Rajasthan	334006	28.146	73.2033
Dandi	Rajasthan	334021	28.625	73.5079
Ridmalsar	Rajasthan	334022	28.0997	73.419
17 K.Y.D.	Rajasthan	334023	28.7063	72.5924
Gajroopdesar	Rajasthan	334201	27.9169	73.5689
Badhnu	Rajasthan	334202	27.9169	73.5689
Kotri	Rajasthan	334302	28.1777	73.1774
Bhanekagaon	Rajasthan	334303	27.6444	72.4485
Barsalpur	Rajasthan	334305	28.1856	72.2447
Gangashahar	Rajasthan	334401	27.8622	73.3056
Ambasar	Rajasthan	334402	27.8806	73.3484
Bhinasar	Rajasthan	334403	27.8622	73.3056
Khara	Rajasthan	334601	28.2021	73.3886
Kharda	Rajasthan	334602	28.1777	73.1774
Sui	Rajasthan	334603	28.7446	74.1068
Jaitpur	Rajasthan	334604	28.877	74.0643
Parwa	Rajasthan	334801	27.7037	73.374
Kakra	Rajasthan	334802	28.1777	73.1774
Raisar	Rajasthan	334803	28.0508	73.4817
Nathusar	Rajasthan	334804	28.3564	73.9715
Delitalai	Rajasthan	334808	27.6826	73.7978
Mohanpura	Rajasthan	335001	29.3955	73.5632
Govindpura	Rajasthan	335002	29.3955	73.5632
Bishanpura	Rajasthan	335021	29.3955	73.5632
Chak 11 G Choti	Rajasthan	335022	29.8101	73.728
Chak 2 X	Rajasthan	335023	29.3955	73.5632
Rajpura	Rajasthan	335024	29.9433	74.1837
9 Ml	Rajasthan	335025	29.7142	73.8832
Gurusar	Rajasthan	335027	29.3955	73.5632
Panniwali	Rajasthan	335037	29.7819	74.0035
Daulatpura	Rajasthan	335038	30.0237	73.7378
Dabla	Rajasthan	335039	29.4667	73.6309
Srinagar	Rajasthan	335040	29.3955	73.5632
Padampur	Rajasthan	335041	29.7089	73.6254
Shyamgarh	Rajasthan	335051	29.3379	73.5209
Ratanpura	Rajasthan	335061	29.3955	73.5632
Alipura	Rajasthan	335062	29.3955	73.5632
Ratanpura	Rajasthan	335063	29.1416	75.2011
Inderpura	Rajasthan	335064	29.7517	74.273
Daulatpura	Rajasthan	335065	29.2714	74.549
Badopal	Rajasthan	335073	29.3955	73.5632
Bhadra	Rajasthan	335501	29.103	75.1714
Kalana	Rajasthan	335502	28.9966	75.1397
Dabri	Rajasthan	335503	29.0448	75.4124
Ramgarh	Rajasthan	335504	29.1851	74.9748
Sherpura	Rajasthan	335511	29.2714	74.549
Nawan	Rajasthan	335512	29.2714	74.549
Jhamber	Rajasthan	335513	29.2714	74.549
Ratanpura	Rajasthan	335523	29.1416	75.2011
Khoda	Rajasthan	335524	29.215	74.2628
Silwala Kalan	Rajasthan	335525	29.0409	74.5576
Munda	Rajasthan	335526	29.4718	74.4088
Banda	Rajasthan	335701	29.3955	73.5632
Raghunathgarh	Rajasthan	335702	29.3955	73.5632
15blda	Rajasthan	335703	29.3955	73.5632
Raghunathpura	Rajasthan	335704	29.2139	73.6005
Sardargarh	Rajasthan	335705	29.3754	73.7447
1 Sm	Rajasthan	335707	29.3955	73.5632
Satrana	Rajasthan	335711	29.3955	73.5632
Fatehgarh	Rajasthan	335801	29.51	74.2438
Ayalki	Rajasthan	335802	29.6297	74.0534
Dhaba	Rajasthan	335803	29.2714	74.549
Rampura	Rajasthan	335804	29.6608	73.946
Somasar	Rajasthan	335805	29.3955	73.5632
Kotha	Rajasthan	335901	30.1491	73.9526
Rohini	Rajasthan	341001	27.4527	73.7172
Basni	Rajasthan	341021	27.1723	73.6452
Chhapara	Rajasthan	341022	27.338	74.3306
Rajod	Rajasthan	341023	26.8438	74.0068
Arwar	Rajasthan	341024	27.064	74.1879
Nagari	Rajasthan	341025	27.064	74.1879
Bhadana	Rajasthan	341026	27.2718	73.8157
Gagwana	Rajasthan	341027	27.165	73.9281
Bhadora	Rajasthan	341028	26.8209	74.2134
Sewari	Rajasthan	341029	27.064	74.1879
Rohina	Rajasthan	341030	27.1018	74.1678
Sathana	Rajasthan	341031	27.064	74.1879
Kasari	Rajasthan	341301	27.3845	74.8454
Pawa	Rajasthan	341302	27.064	74.1879
Daulatpura	Rajasthan	341303	27.3815	74.644
Dholia	Rajasthan	341304	27.064	74.1879
Kerap	Rajasthan	341305	27.2985	74.3938
Sunari	Rajasthan	341306	27.064	74.1879
Malgaon	Rajasthan	341316	27.2577	74.838
Dhingasari	Rajasthan	341317	27.3928	74.378
Kharesh	Rajasthan	341318	27.3835	74.4565
Chandi	Rajasthan	341319	27.064	74.1879
Badu (Nagaur)	Rajasthan	341501	26.9144	74.2273
Kalwa	Rajasthan	341502	27.0521	74.6231
Barana	Rajasthan	341503	27.064	74.1879
Jaswantpura	Rajasthan	341504	27.064	74.1879
Barwala	Rajasthan	341505	27.064	74.1879
Bansa	Rajasthan	341506	27.064	74.1879
Shyamgarh	Rajasthan	341507	27.064	74.1879
Sabalpura	Rajasthan	341508	27.064	74.1879
Bhagwanpura	Rajasthan	341509	27.064	74.1879
Bargaon	Rajasthan	341510	27.064	74.1879
Dhawa	Rajasthan	341511	26.8227	73.936
Khanpur	Rajasthan	341512	27.064	74.1879
Ladpura	Rajasthan	341513	27.064	74.1879
Punas	Rajasthan	341514	26.8821	74.0446
Harsore	Rajasthan	341515	26.7324	74.475
Bhadasar	Rajasthan	341516	27.064	74.1879
Bhadlia	Rajasthan	341517	26.6374	74.5327
Liliya	Rajasthan	341518	26.4627	74.0564
Daulatpura	Rajasthan	341519	27.3815	74.644
Sabalpura	Rajasthan	341520	27.064	74.1879
Mithri	Rajasthan	341533	27.06	74.9172
Bidiad	Rajasthan	341542	26.9693	74.698
Ganeshpura	Rajasthan	341551	27.064	74.1879
Barli	Rajasthan	342001	26.7508	72.788
Jalori Gate	Rajasthan	342003	26.7508	72.788
Jodhpur K.U.M. Bhagat Ki Kothi	Rajasthan	342005	26.7508	72.788
Jodhpur Kachery	Rajasthan	342006	26.3065	73.0423
Jodhpur K.U.M. Mandore Road	Rajasthan	342007	26.7508	72.788
Nandanwan	Rajasthan	342008	26.7508	72.788
Jodhpur Aerodrame	Rajasthan	342011	26.281	73.0293
Boranada	Rajasthan	342012	26.1717	72.924
Jhalamand	Rajasthan	342013	26.2074	73.0658
Pal	Rajasthan	342014	26.2218	72.9587
Nandri	Rajasthan	342015	26.7508	72.788
Pabusar	Rajasthan	342021	26.7508	72.788
Garha	Rajasthan	342022	26.7508	72.788
Belwa	Rajasthan	342023	26.4529	72.5582
Beru	Rajasthan	342024	26.7508	72.788
Asarlai	Rajasthan	342025	26.7508	72.788
Jodhpur BSF Trg Centre	Rajasthan	342026	26.2896	73.0486
Bisalpur	Rajasthan	342027	26.2315	73.3144
Siyada	Rajasthan	342028	26.3837	72.3389
Dhanari Kallan	Rajasthan	342029	26.7082	73.2987
Netra	Rajasthan	342037	26.6524	73.2421
Malar	Rajasthan	342301	27.203	72.3827
Palli	Rajasthan	342302	26.9044	72.6027
Dabri	Rajasthan	342303	26.7508	72.788
Surpura	Rajasthan	342304	26.7101	73.478
Mathania	Rajasthan	342305	26.5303	72.9794
Chamu	Rajasthan	342306	26.6545	72.5791
Kanasar	Rajasthan	342307	27.4477	72.1147
Amla	Rajasthan	342308	26.7508	72.788
Bher	Rajasthan	342309	26.8406	72.5313
Nokh	Rajasthan	342310	27.5631	72.2502
Bhojasar	Rajasthan	342311	27.2285	72.8047
Rohina	Rajasthan	342312	27.3417	73.0648
Burkiya	Rajasthan	342314	26.8199	72.3406
Pipar	Rajasthan	342601	26.3844	73.5439
Barna	Rajasthan	342602	26.1101	73.7561
Birai	Rajasthan	342603	26.5931	73.2938
Patel Nagar	Rajasthan	342604	26.4711	73.8019
Bala	Rajasthan	342605	26.1843	73.5354
Malar	Rajasthan	342606	27.203	72.3827
Sar	Rajasthan	342801	26.7508	72.788
Kakani	Rajasthan	342802	25.9862	72.9843
Asop	Rajasthan	342901	26.7949	73.5824
Gotan	Rajasthan	342902	26.6555	73.7371
Keshwana	Rajasthan	343001	25.2918	72.8598
I.A.Jalore	Rajasthan	343002	25.2918	72.8598
Dangra	Rajasthan	343021	25.0978	72.2119
Asana	Rajasthan	343022	25.4192	72.0539
Dhansa	Rajasthan	343023	25.1992	72.2728
Chandana	Rajasthan	343024	25.0978	72.2119
Degaon	Rajasthan	343025	25.2348	72.5025
Amli	Rajasthan	343027	25.0978	72.2119
Basda Dhanji	Rajasthan	343028	25.1843	72.4304
Khanpur	Rajasthan	343029	25.0978	72.2119
Sewari	Rajasthan	343030	25.0978	72.2119
Surana	Rajasthan	343032	25.2351	72.1375
Puran	Rajasthan	343039	24.7787	72.2868
Ratanpur	Rajasthan	343040	25.0978	72.2119
Dungri	Rajasthan	343041	25.0978	72.2119
Sarana	Rajasthan	343042	25.4192	72.0539
Dhamseen	Rajasthan	343048	25.0978	72.2119
Kori	Rajasthan	343049	25.0978	72.2119
Para	Rajasthan	344001	25.7356	71.4733
Nand	Rajasthan	344011	25.7356	71.4733
Akoda	Rajasthan	344012	25.7356	71.4733
Rampura	Rajasthan	344021	25.7356	71.4733
Sarana	Rajasthan	344022	25.7356	71.4733
Jasol	Rajasthan	344024	25.8167	72.2167
Mewanagar	Rajasthan	344025	25.8005	72.7208
Neori	Rajasthan	344026	25.7356	71.4733
Kharwa	Rajasthan	344027	25.7356	71.4733
Ratanpura	Rajasthan	344031	25.7356	71.4733
Khardi	Rajasthan	344032	25.7356	71.4733
Nosar	Rajasthan	344033	25.7356	71.4733
Bhojasar	Rajasthan	344034	25.7356	71.4733
Bandra	Rajasthan	344035	26.1416	70.588
Jakhada	Rajasthan	344037	26.1047	71.8791
Kundal	Rajasthan	344043	25.7356	71.4733
Deora	Rajasthan	344044	25.7356	71.4733
Panchala	Rajasthan	344501	25.7356	71.4733
Kharchi	Rajasthan	344502	25.7356	71.4733
Kotra	Rajasthan	344701	25.7356	71.4733
Antia	Rajasthan	344702	25.1851	71.2647
Borwa	Rajasthan	344703	25.7356	71.4733
Khari	Rajasthan	344704	25.7356	71.4733
Gunga	Rajasthan	344705	26.2356	71.2142
Bhalgaon	Rajasthan	344706	24.9663	71.0708
Sanawara	Rajasthan	344708	25.5606	71.6244
Bhata	Rajasthan	344801	25.4698	72.1372
Deora	Rajasthan	345001	26.3648	70.9187
Mandla	Rajasthan	345021	27.0774	70.9034
Raghwa	Rajasthan	345022	27.5845	70.4259
Khara	Rajasthan	345023	26.6639	69.7135
Madwa	Rajasthan	345024	26.6603	71.8893
Padampura	Rajasthan	345025	27.0774	70.9034
Rajgarh	Rajasthan	345026	27.0774	70.9034
Kunda	Rajasthan	345027	27.0774	70.9034
Bahala	Rajasthan	345028	27.0774	70.9034
Chandan	Rajasthan	345031	27.03	71.6145
Hamira	Rajasthan	345033	26.9958	71.0741
Kotri	Rajasthan	345034	25.7472	73.7288
Rajkot City	Gujarat	360001	22.02	70.7455
Kherdi	Gujarat	360002	22.02	70.7455
Sanosara	Gujarat	360003	22.4673	70.8241
Vavdi	Gujarat	360004	22.02	70.7455
Raiya	Gujarat	360005	22.02	70.7455
Madhapar	Gujarat	360006	22.02	70.7455
Rajkot  Raiya Road	Gujarat	360007	22.02	70.7455
Samadhiyala	Gujarat	360020	22.02	70.7455
Khirsara	Gujarat	360021	21.9103	71.0896
Dholara	Gujarat	360022	22.2344	70.819
Magharvada	Gujarat	360023	21.9103	71.0896
Pardi	Gujarat	360024	22.02	70.7455
Haripar	Gujarat	360025	22.0615	71.1629
Sapar (Veraval)	Gujarat	360026	21.9103	71.0896
Khareda	Gujarat	360030	22.0669	70.8869
Chandli	Gujarat	360035	22.1456	70.5885
Jasapar	Gujarat	360040	21.9843	71.1032
Shivrajpur	Gujarat	360050	22.02	70.7455
Pipardi	Gujarat	360055	22.02	70.7455
Kothi	Gujarat	360060	22.0493	71.0642
Dalia	Gujarat	360070	22.0873	70.6799
Hadmatiya	Gujarat	360110	22.4342	70.4791
Ambardi	Gujarat	360311	22.02	70.7455
Navagam	Gujarat	360320	22.02	70.7455
Bandra	Gujarat	360330	21.9157	70.8459
Akala	Gujarat	360360	22.02	70.7455
Samadhiyala	Gujarat	360370	22.02	70.7455
Navagadh	Gujarat	360375	22.02	70.7455
Virpur	Gujarat	360380	21.847	70.6974
Vavdi	Gujarat	360405	22.02	70.7455
Pipaliya	Gujarat	360410	22.02	70.7455
Bhadajalia	Gujarat	360421	22.1238	70.9469
Chichod	Gujarat	360430	22.1238	70.9469
Nani Vavdi	Gujarat	360440	21.7623	70.3772
Vadali	Gujarat	360450	22.1953	70.8832
Dadar	Gujarat	360452	22.0253	70.5655
Dhank	Gujarat	360460	21.777	70.1311
Rabarika	Gujarat	360470	21.7936	70.2225
Paneli	Gujarat	360480	21.8717	70.1557
Samadhiyala	Gujarat	360490	22.004	70.7119
Navagam	Gujarat	360510	22.4968	70.0823
Sanosara	Gujarat	360515	22.3145	70.2038
Jasapar	Gujarat	360520	22.3145	70.2038
Patan	Gujarat	360530	22.3145	70.2038
Kalyanpur	Gujarat	360531	22.3145	70.2038
Bamangam	Gujarat	360540	22.3145	70.2038
Adityana	Gujarat	360545	21.7168	69.6901
Dharampur	Gujarat	360550	21.6531	69.7798
Amar	Gujarat	360570	21.6084	69.7871
Porbandar Bhojeshwar	Gujarat	360575	21.61	69.6824
Bhad	Gujarat	360576	21.5095	69.8515
Porbandar G.I.D.C.	Gujarat	360577	21.61	69.6824
Chhaya	Gujarat	360578	21.61	69.6824
Degam	Gujarat	360579	21.7008	69.5977
Bharvada	Gujarat	360590	21.4279	69.9417
Jamnagar H.O	Gujarat	361001	22.4762	70.0173
Bedeshwar	Gujarat	361002	22.4762	70.0173
Aerodromme	Gujarat	361003	22.4762	70.0173
GIDC Phase-II Jamnagar	Gujarat	361004	22.4762	70.0173
Ranjit Nagar	Gujarat	361005	22.4762	70.0173
Navagam	Gujarat	361006	22.4968	70.0823
Vibhapar	Gujarat	361007	22.4762	70.0173
Medical Campus	Gujarat	361008	22.4968	70.0823
Bedi	Gujarat	361009	22.5014	70.0436
Bharana	Gujarat	361010	22.3145	70.2038
Limbuda	Gujarat	361011	22.3145	70.2038
Changa	Gujarat	361012	22.3145	70.2038
Haripar	Gujarat	361013	22.3145	70.2038
Bada	Gujarat	361110	22.3145	70.2038
Jambuda	Gujarat	361120	22.5208	70.2054
Varna	Gujarat	361130	22.2286	70.3853
Digvijaygram	Gujarat	361140	22.2286	70.3853
Sikka Tps	Gujarat	361141	22.2286	70.3853
Reliance Greens	Gujarat	361142	22.2286	70.3853
Valsura	Gujarat	361150	22.2286	70.3853
Navagam	Gujarat	361160	22.4968	70.0823
Anandpur	Gujarat	361162	22.3145	70.2038
Dharampur	Gujarat	361170	22.3145	70.2038
Vankiya	Gujarat	361210	22.567	70.4177
Jasapar	Gujarat	361220	22.6415	70.593
Sachana	Gujarat	361230	22.3145	70.2038
Madhapar	Gujarat	361240	22.3145	70.2038
Badanpar	Gujarat	361250	22.3145	70.2038
Pipli	Gujarat	361280	22.3145	70.2038
Haripar	Gujarat	361305	22.4208	70.06
Chhapar	Gujarat	361306	22.3145	70.2038
Beh	Gujarat	361310	22.3145	70.2038
Lamba	Gujarat	361315	22.3145	70.2038
Haripar	Gujarat	361320	22.3145	70.2038
Khirasara	Gujarat	361325	22.3145	70.2038
Bet	Gujarat	361330	22.3145	70.2038
Kalyanpur	Gujarat	361335	22.3145	70.2038
Arambhada	Gujarat	361345	22.3145	70.2038
Surajkaradi	Gujarat	361347	22.3145	70.2038
Okha	Gujarat	361350	22.3145	70.2038
Junagadh Agri Campus	Gujarat	362001	21.3729	70.4136
Dhandhusar	Gujarat	362002	21.3729	70.4136
Junagadh Bhavnath	Gujarat	362004	21.3729	70.4136
Goladhar	Gujarat	362011	21.3729	70.4136
Vijapur	Gujarat	362015	21.3729	70.4136
Umrali	Gujarat	362020	21.3729	70.4136
Khambhaliya	Gujarat	362030	21.3729	70.4136
Dolatpara	Gujarat	362037	21.3729	70.4136
Virpur	Gujarat	362110	21.3729	70.4136
Dadar	Gujarat	362120	21.3419	70.6971
Jambuda	Gujarat	362130	21.3729	70.4136
Chitrod	Gujarat	362135	21.3729	70.4136
Hadmatiya	Gujarat	362140	21.3729	70.4136
Haripur	Gujarat	362150	21.3729	70.4136
Koyali	Gujarat	362205	21.3729	70.4136
Bhatiya	Gujarat	362215	21.3729	70.4136
Pipli	Gujarat	362220	21.3729	70.4136
Mangalpur	Gujarat	362222	21.3729	70.4136
Sultanpur	Gujarat	362225	21.3729	70.4136
Mangrol Bundar	Gujarat	362226	21.3729	70.4136
Rangpur	Gujarat	362227	21.3729	70.4136
Kaneri	Gujarat	362229	21.2644	70.3551
Madhavpur	Gujarat	362230	21.2552	69.966
Shardagram	Gujarat	362235	21.3729	70.4136
Antroli	Gujarat	362240	21.3729	70.4136
Dudhala	Gujarat	362245	21.3729	70.4136
Khera	Gujarat	362250	21.3729	70.4136
Vavdi	Gujarat	362255	21.3729	70.4136
Manpur	Gujarat	362260	21.3729	70.4136
Anandpur	Gujarat	362263	21.3729	70.4136
Veraval	Gujarat	362265	21.3729	70.4136
Dari	Gujarat	362266	21.3729	70.4136
Rangpur	Gujarat	362268	21.3729	70.4136
Dhamlej	Gujarat	362275	21.3729	70.4136
Siddhigram	Gujarat	362276	21.3729	70.4136
Chokli	Gujarat	362310	21.3729	70.4136
Choki	Gujarat	362315	21.3729	70.4136
Paldi	Gujarat	362510	21.3729	70.4136
Diu	Dadra and Nagar Haveli and Daman and Diu	362520	20.7141	70.9822
Fatsar	Gujarat	362530	21.3729	70.4136
Ghoghla	Dadra and Nagar Haveli and Daman and Diu	362540	20.7209	70.9399
Motha	Gujarat	362550	21.3729	70.4136
Kansari	Gujarat	362560	21.3729	70.4136
Ambala	Gujarat	362565	21.3729	70.4136
Bucharvada	Dadra and Nagar Haveli and Daman and Diu	362570	20.7209	70.9399
Dungri	Gujarat	362610	21.3729	70.4136
Bhalgam	Gujarat	362620	21.5131	70.0323
Ambalia	Gujarat	362625	21.5131	70.0323
Tikar	Gujarat	362630	21.3729	70.4136
Khadia	Gujarat	362640	21.5846	70.1405
Mandva	Gujarat	362650	21.6531	69.7798
Chhachhar	Gujarat	362710	21.3729	70.4136
Ambujanagar	Gujarat	362715	21.3729	70.4136
Devli	Gujarat	362720	21.3729	70.4136
Arnej	Gujarat	362725	21.3729	70.4136
Bhada	Gujarat	362730	21.4216	71.2534
Surendranagar H.O	Gujarat	363001	22.505	72.0805
Surendranagar M.P.S.C.	Gujarat	363002	22.505	72.0805
Kherali	Gujarat	363020	22.6912	71.6025
Bala	Gujarat	363030	22.772	71.592
Wadhwancity Ind. Estate	Gujarat	363035	22.772	71.592
Nagra	Gujarat	363040	22.772	71.592
Vana	Gujarat	363110	22.8734	71.7076
Karela	Gujarat	363115	22.772	71.592
Vavdi	Gujarat	363310	22.772	71.592
Pratappur	Gujarat	363320	22.772	71.592
Devaliya	Gujarat	363330	22.772	71.592
Charadva	Gujarat	363331	22.9264	71.0255
Isanpur	Gujarat	363351	22.772	71.592
Minapur	Gujarat	363410	22.927	71.6246
Vadod	Gujarat	363421	22.5526	71.8666
Balol	Gujarat	363423	22.5391	72.1254
Hadalabhal	Gujarat	363425	22.608	71.9267
Parali	Gujarat	363427	22.783	71.9481
Vadia	Gujarat	363430	22.5493	71.4832
Rampura	Gujarat	363435	22.772	71.592
Samadhiyala	Gujarat	363440	22.3925	71.3623
Jasapar	Gujarat	363510	22.772	71.592
Sanosara	Gujarat	363520	22.772	71.592
Morthala	Gujarat	363530	22.5742	71.1994
Kothi	Gujarat	363621	22.02	70.7455
Sultanpur	Gujarat	363630	21.7674	70.8645
Khakhrechi	Gujarat	363635	21.7674	70.8645
Kherda	Gujarat	363641	22.02	70.7455
Pipli	Gujarat	363642	22.02	70.7455
Sakat Sanala PO	Gujarat	363643	22.02	70.7455
Jivapar	Gujarat	363650	22.02	70.7455
Bela	Gujarat	363655	22.3145	70.2038
Pipaliya	Gujarat	363660	22.02	70.7455
Navagam	Gujarat	363670	22.02	70.7455
Bhavnagar Collectorate	Gujarat	364001	21.7343	72.1126
Malanka	Gujarat	364002	21.6959	72.1525
Bhavnagar Para	Gujarat	364003	21.7343	72.1126
Nari	Gujarat	364004	21.7726	72.0728
Bhavnagar Anandnagar	Gujarat	364005	21.7343	72.1126
Bhavnagar Kumbharwada	Gujarat	364006	21.7343	72.1126
Bhandariya	Gujarat	364050	21.5864	72.1309
Bhojpara	Gujarat	364060	21.5717	71.9007
Lakhanka	Gujarat	364070	21.6031	72.2689
Alang SBY	Gujarat	364081	21.5717	71.9007
Thordi	Gujarat	364110	21.6881	72.2763
Navagam	Gujarat	364120	21.5717	71.9007
Borda	Gujarat	364130	21.5717	71.9007
Kerala	Gujarat	364135	21.5717	71.9007
Hajipur	Gujarat	364140	21.5717	71.9007
Dharai	Gujarat	364145	21.5717	71.9007
Bela	Gujarat	364150	21.5717	71.9007
Vav	Gujarat	364210	21.5717	71.9007
Vavdi	Gujarat	364230	21.5717	71.9007
Khari	Gujarat	364240	21.5717	71.9007
Navagam	Gujarat	364250	21.5717	71.9007
Gundala	Gujarat	364260	21.5717	71.9007
Dudhala	Gujarat	364265	21.5717	71.9007
Bahadurpur	Gujarat	364270	21.5717	71.9007
Mandvi	Gujarat	364275	21.5717	71.9007
Karla	Gujarat	364280	21.5717	71.9007
Bhadra	Gujarat	364290	21.5717	71.9007
Khari	Gujarat	364295	21.5717	71.9007
Kalyanpur	Gujarat	364310	21.5717	71.9007
Navagam	Gujarat	364313	21.5717	71.9007
Samadhiyala	Gujarat	364320	21.8657	71.7448
Vavdi	Gujarat	364330	21.5717	71.9007
Derdi Kumbaji	Gujarat	364465	21.8211	70.9454
Dhudasiya	Gujarat	364470	21.7674	70.8645
Devla	Gujarat	364485	21.8211	70.9454
Meghpar	Gujarat	364490	21.848	70.9858
Luvara	Gujarat	364505	21.502	71.9202
Sanala	Gujarat	364510	21.4022	71.6853
Dhar	Gujarat	364515	21.3373	71.3035
Borala	Gujarat	364521	21.4216	71.2534
Luvara	Gujarat	364522	21.4216	71.2534
Virdi	Gujarat	364525	21.4216	71.2534
Chikhali	Gujarat	364530	21.4216	71.2534
Salaiya	Gujarat	364710	21.5717	71.9007
Bodi	Gujarat	364720	21.5717	71.9007
Gundala	Gujarat	364730	21.5717	71.9007
Jalalpur	Gujarat	364740	21.5717	71.9007
Vavdi	Gujarat	364750	21.5717	71.9007
Pati	Gujarat	364760	21.5717	71.9007
Pipaliya	Gujarat	364765	21.5717	71.9007
Haripur	Gujarat	365220	21.4216	71.2534
Dharai	Gujarat	365410	21.8236	71.2478
Khambhala	Gujarat	365421	21.7352	71.2742
Rampur	Gujarat	365430	21.4216	71.2534
Virpur	Gujarat	365435	21.4216	71.2534
Bhalgam	Gujarat	365440	21.4854	70.9807
Amarpur	Gujarat	365450	21.4216	71.2534
Jangar	Gujarat	365455	21.4216	71.2534
Khari	Gujarat	365456	21.4216	71.2534
Devgam	Gujarat	365460	21.3025	71.1809
Rampur	Gujarat	365480	21.4216	71.2534
Amba	Gujarat	365535	21.4216	71.2534
Babarkot	Gujarat	365540	21.6823	71.3701
Kovaya	Gujarat	365541	21.6823	71.3701
Dudhala	Gujarat	365545	21.6823	71.3701
Jamka	Gujarat	365550	21.4837	71.0063
Mandal	Gujarat	365555	21.4216	71.2534
Dhareshwar	Gujarat	365560	20.9852	71.449
Bavada	Gujarat	365565	20.9852	71.449
Fatepur	Gujarat	365601	21.4216	71.2534
Sanosara	Gujarat	365610	21.7806	71.109
Ankadia-nana	Gujarat	365620	21.7365	71.2012
Kerala	Gujarat	365630	21.4264	71.1936
Anida	Gujarat	365635	21.3298	71.177
Govindpur	Gujarat	365640	21.4216	71.2534
Bhader	Gujarat	365645	21.3574	70.9044
Borala	Gujarat	365650	21.4216	71.2534
Dudhala	Gujarat	365660	21.6823	71.3701
Dhori	Gujarat	370001	23.6241	69.9589
Haripar	Gujarat	370015	23.2719	69.6957
Madhapar	Gujarat	370020	23.2395	69.6695
Sanosara	Gujarat	370030	23.2032	69.4192
Deshalpar	Gujarat	370040	23.2719	69.6957
Hajapar	Gujarat	370105	23.1847	69.81
Kumbharia	Gujarat	370110	23.6241	69.9589
Navagam	Gujarat	370115	23.6241	69.9589
Loharia	Gujarat	370130	23.0632	69.9166
Adhoi	Gujarat	370135	23.3961	70.5116
Ner	Gujarat	370140	23.3471	70.3131
Kumbharia	Gujarat	370145	23.6241	69.9589
Sikarpur	Gujarat	370150	23.2212	70.5668
Moda	Gujarat	370155	23.6304	70.9146
Bhimasar	Gujarat	370160	23.5399	70.873
Bela	Gujarat	370165	23.8734	70.8039
Ganeshnagar	Gujarat	370201	23.0833	70.1333
Udaynagar	Gujarat	370203	22.9959	70.3401
Adipur	Gujarat	370205	23.0717	70.0895
Kandla Port	Gujarat	370210	22.9833	70.2167
Kandla Free Trade Zone	Gujarat	370230	23.6241	69.9589
Padana	Gujarat	370240	23.6241	69.9589
Beraja	Gujarat	370405	22.982	69.6074
Gundala	Gujarat	370410	22.9013	69.7646
Toda	Gujarat	370415	23.6241	69.9589
Mundra	Gujarat	370421	22.8392	69.7219
Lakhapar	Gujarat	370425	23.6241	69.9589
Bharapar	Gujarat	370427	23.6241	69.9589
Kera	Gujarat	370430	23.0786	69.5977
Tumbadi	Gujarat	370435	22.9199	69.4955
Mau	Gujarat	370445	22.8698	69.63
Bhojay	Gujarat	370450	22.831	69.4845
Baug	Gujarat	370455	22.831	69.4845
Talwana	Gujarat	370460	23.6241	69.9589
Durgapur	Gujarat	370465	23.6241	69.9589
Bada	Gujarat	370475	22.9029	69.148
Pundi	Gujarat	370485	22.8698	69.63
Dumara	Gujarat	370490	23.0523	68.9775
Khari	Gujarat	370510	23.0747	70.1726
Baranda	Gujarat	370511	23.5556	68.678
Guvar Moti	Gujarat	370601	23.1943	69.0819
ATPS Nani Chher	Gujarat	370602	23.1943	69.0819
Nara	Gujarat	370605	23.6241	69.9589
Anandpar	Gujarat	370610	23.3431	69.2669
Nakhatrana	Gujarat	370615	23.3431	69.2669
Netra	Gujarat	370620	23.4125	69.0541
Haripar	Gujarat	370625	23.4435	68.9365
Lakhapar	Gujarat	370627	23.428	68.9953
Paneli	Gujarat	370630	23.6241	69.9589
Lala	Gujarat	370640	23.2192	68.7149
Khirsara	Gujarat	370645	23.1348	68.9359
Chiyasar	Gujarat	370650	23.3129	68.7574
Aida	Gujarat	370655	23.3129	68.7574
Tera	Gujarat	370660	23.2864	68.9389
Hirapar	Gujarat	370665	23.3833	69.2667
Kadia Mota	Gujarat	370670	23.4167	69.1167
Bhadli	Gujarat	370675	23.6241	69.9589
Khadia	Gujarat	380001	23.0256	72.5769
N C Market	Gujarat	380002	23.0333	72.6181
Delivery Hub Ahmedabad	Gujarat	380003	23.0333	72.6181
Cantonment	Gujarat	380004	23.0333	72.6181
Kabir Chowk	Gujarat	380005	23.0833	72.6667
Ellisbridge	Gujarat	380006	23.0333	72.6181
Anandnagar (Ahmedabad)	Gujarat	380007	23.0333	72.6181
Daxini Society	Gujarat	380008	22.9911	72.6108
Ashram Road P.O	Gujarat	380009	23.0333	72.6181
Vadaj	Gujarat	380013	22.9764	72.836
Navjivan	Gujarat	380014	22.9764	72.836
Azad Society	Gujarat	380015	22.9764	72.836
Asarwa Chakla	Gujarat	380016	22.9764	72.836
Saraspur	Gujarat	380018	22.9764	72.836
D Cabin	Gujarat	380019	22.9764	72.836
Gomtipur	Gujarat	380021	22.9764	72.836
Behrampura	Gujarat	380022	22.9764	72.836
Rakhial	Gujarat	380023	22.9764	72.836
Asarwa Ext South	Gujarat	380024	22.9764	72.836
Amraiwadi	Gujarat	380026	22.9764	72.836
Gandhi Ashram (Ahmedabad)	Gujarat	380027	22.9764	72.836
Bhairavnath Road	Gujarat	380028	22.9764	72.836
Nikol	Gujarat	380049	22.9764	72.836
Ghodasar (Ahmedabad)	Gujarat	380050	22.7611	72.2477
Jivraj Park	Gujarat	380051	22.7611	72.2477
Memnagar	Gujarat	380052	23.0522	72.5338
Bodakdev	Gujarat	380054	22.7611	72.2477
Juhapura	Gujarat	380055	22.7611	72.2477
Ambli	Gujarat	380058	22.7611	72.2477
Shilaj	Gujarat	380059	23.0489	72.5123
Sola	Gujarat	380060	22.9764	72.836
Ghatlodia	Gujarat	380061	22.9764	72.836
Sola H B C	Gujarat	380063	22.9764	72.836
(Gandhinagar) Sector 6	Gujarat	382006	23.1505	72.6399
Koba	Gujarat	382007	23.1505	72.6399
BPC Gandhinagar	Gujarat	382010	23.0976	72.8913
(Gandhinagar) Sector 16	Gujarat	382016	23.0976	72.8913
(Gandhinagar) Sector 19	Gujarat	382021	23.0976	72.8913
(Gandhinagar) Sector 23	Gujarat	382024	23.0976	72.8913
(Gandhinagar) Sector 28	Gujarat	382028	23.0976	72.8913
(Gandhinagar) Sector 29	Gujarat	382030	23.0976	72.8913
Thermal Power Station	Gujarat	382041	23.2529	72.6986
Alampur	Gujarat	382042	23.2529	72.6986
BSF GANDHINAGAR	Gujarat	382045	23.2529	72.6986
Kundal	Gujarat	382110	22.7611	72.2477
Andej	Gujarat	382115	23.0222	72.4071
Gunjala	Gujarat	382120	22.7611	72.2477
Navagam	Gujarat	382130	22.7611	72.2477
Bhadana	Gujarat	382140	22.7611	72.2477
Bamroli	Gujarat	382145	22.7611	72.2477
Shahpur	Gujarat	382150	22.7611	72.2477
Dharampur	Gujarat	382165	23.6085	72.4661
Khoda	Gujarat	382170	22.7611	72.2477
Bakrol	Gujarat	382210	22.7611	72.2477
Matoda	Gujarat	382213	22.7611	72.2477
Sari	Gujarat	382220	23.0714	72.4824
Rampur	Gujarat	382225	22.7611	72.2477
Durgi	Gujarat	382230	22.815	72.3099
Dholi	Gujarat	382240	22.7611	72.2477
Rajpura	Gujarat	382245	22.7611	72.2477
Shahpur	Gujarat	382250	22.7611	72.2477
Gunda	Gujarat	382255	22.7611	72.2477
Kavitha	Gujarat	382260	22.7611	72.2477
Varna	Gujarat	382265	22.5684	72.4303
Karoli	Gujarat	382305	23.2529	72.6986
Motipura	Gujarat	382308	23.2529	72.6986
Khanpur	Gujarat	382315	23.2529	72.6986
Sadra	Gujarat	382320	23.3442	72.729
Chandrala	Gujarat	382321	23.3356	72.7873
Medra	Gujarat	382330	23.0704	72.657
Kubernagar	Gujarat	382340	22.9579	72.8231
Krishnanagar (Ahmedabad)	Gujarat	382345	22.9579	72.8231
Khodiyarnagar	Gujarat	382350	22.9868	72.5632
Shahpur	Gujarat	382355	23.2529	72.6986
Gyaspur	Gujarat	382405	22.7611	72.2477
Odhav	Gujarat	382415	22.9942	72.6633
Vastral	Gujarat	382418	22.9942	72.6633
Ambapur	Gujarat	382421	23.2529	72.6986
Tintoda	Gujarat	382422	23.2529	72.6986
Jamiyatpura	Gujarat	382423	23.2529	72.6986
Chandkheda	Gujarat	382424	23.1116	72.5722
Vasai	Gujarat	382425	22.7611	72.2477
Koba	Gujarat	382426	23.1505	72.6399
Ode	Gujarat	382427	22.9049	72.5965
Bhat	Gujarat	382428	23.2529	72.6986
Bakrol	Gujarat	382430	22.7611	72.2477
Vadod	Gujarat	382433	22.7611	72.2477
Hirapur	Gujarat	382435	22.7611	72.2477
Isanpur	Gujarat	382443	22.7611	72.2477
Vivekanand Nagar	Gujarat	382445	22.7611	72.2477
Ramol	Gujarat	382449	22.7611	72.2477
Rampura	Gujarat	382450	22.195	71.8883
Dholera	Gujarat	382455	22.2481	72.1962
Vasna	Gujarat	382460	22.7611	72.2477
Kadipur	Gujarat	382463	22.7611	72.2477
Pipli	Gujarat	382465	22.7611	72.2477
Jagatpur	Gujarat	382470	22.7611	72.2477
Sardarnagar	Gujarat	382475	22.7611	72.2477
Ranip	Gujarat	382480	23.0801	72.5718
Gota	Gujarat	382481	22.7611	72.2477
Piplaj	Gujarat	382610	23.2631	72.6739
Randheja	Gujarat	382620	23.2529	72.6986
Rupal	Gujarat	382630	23.3145	72.6011
Adrajmoti	Gujarat	382640	23.2529	72.6986
Vasan	Gujarat	382650	23.2529	72.6986
Ganeshpura	Gujarat	382705	24.0647	72.7848
Punasan	Gujarat	382710	23.5194	72.4137
Rajpur	Gujarat	382715	24.0024	72.7733
Ramnagar	Gujarat	382721	23.2529	72.6986
Jaspur	Gujarat	382725	23.2529	72.6986
Manipur	Gujarat	382728	23.1307	72.377
Chhatral	Gujarat	382729	23.2529	72.6986
Meu	Gujarat	382730	23.4387	72.5126
Dhanali	Gujarat	382732	23.6085	72.4661
Kotha	Gujarat	382735	23.2529	72.6986
Pansar	Gujarat	382740	23.2529	72.6986
Degam	Gujarat	382745	22.772	71.592
Vadgam	Gujarat	382750	23.3657	71.7822
Fatepur	Gujarat	382755	22.772	71.592
Kharaghoda	Gujarat	382760	22.772	71.592
Bamanva	Gujarat	382765	22.772	71.592
Devaliya	Gujarat	382775	22.772	71.592
Adariyana	Gujarat	382780	22.772	71.592
Chadasana	Gujarat	382810	23.5247	72.6522
Gavada	Gujarat	382815	23.6085	72.4661
Pamol	Gujarat	382820	23.4813	72.5635
Gozaria	Gujarat	382825	23.4813	72.5635
Sokhda	Gujarat	382830	23.6085	72.4661
Rangpur	Gujarat	382835	23.2529	72.6986
Kharod	Gujarat	382840	23.6085	72.4661
Parsa	Gujarat	382845	23.2529	72.6986
Khanusa	Gujarat	382850	23.5351	72.7149
Mahudi	Gujarat	382855	23.2529	72.6986
Sundarpur	Gujarat	382860	23.6085	72.4661
Dabhala	Gujarat	382865	23.6085	72.4661
Kot	Gujarat	382870	23.6085	72.4661
Khed	Gujarat	383001	23.6807	73.0601
Boria (Sabarkantha)	Gujarat	383006	23.6807	73.0601
Rajpur	Gujarat	383010	23.8073	73.0353
Karanpur	Gujarat	383030	23.8073	73.0353
Dungri	Gujarat	383110	23.8073	73.0353
Hajipur	Gujarat	383120	23.8073	73.0353
Kamalpur	Gujarat	383205	23.8073	73.0353
Mahadevpura	Gujarat	383210	23.5084	72.9973
Talod	Gujarat	383215	23.3514	72.95
Kanda	Gujarat	383220	23.7971	72.8511
Pethapur	Gujarat	383225	23.8073	73.0353
Virpur	Gujarat	383230	23.8073	73.0353
Vasan	Gujarat	383235	23.9384	73.0324
Himmatpur	Gujarat	383240	23.8073	73.0353
Raipur	Gujarat	383245	23.8073	73.0353
Virpur	Gujarat	383246	23.8073	73.0353
Adhera	Gujarat	383250	23.8073	73.0353
Vaghpur	Gujarat	383251	23.8415	73.1701
Chikhala	Gujarat	383255	23.9041	73.1299
Rampura Kampa	Gujarat	383260	23.8073	73.0353
Ratanpur	Gujarat	383270	23.8073	73.0353
Damavas	Gujarat	383275	23.9841	73.1262
Raigadh	Gujarat	383276	23.8073	73.0353
Mohanpur	Gujarat	383305	23.4457	73.0782
Rajpur	Gujarat	383307	23.8073	73.0353
Hirapur	Gujarat	383310	23.8073	73.0353
Ganeshpur	Gujarat	383315	23.7817	73.011
Gadha	Gujarat	383316	23.8073	73.0353
Dadhalia	Gujarat	383317	23.8073	73.0353
Shampur	Gujarat	383320	23.8167	73.1072
Ganeshpura	Gujarat	383325	23.8073	73.0353
Boral	Gujarat	383330	23.8073	73.0353
Badarpura	Gujarat	383335	23.8073	73.0353
Bordi	Gujarat	383340	23.8073	73.0353
Mangalpur	Gujarat	383345	23.8073	73.0353
Lalpur	Gujarat	383350	23.8073	73.0353
Palla	Gujarat	383355	23.8073	73.0353
Lalpur	Gujarat	383410	23.8317	73.0534
Dharapur	Gujarat	383421	23.7425	73.0696
Kotda	Gujarat	383422	24.3758	73.0586
Ratanpur	Gujarat	383430	23.8073	73.0353
Kamalpur	Gujarat	383434	23.8073	73.0353
Bhutiya	Gujarat	383440	23.9197	73.1485
Kanpur	Gujarat	383450	23.8073	73.0353
Rajpur	Gujarat	383460	23.8073	73.0353
Pal	Gujarat	383462	23.9351	73.3727
Gadha	Gujarat	384001	23.6085	72.4661
Mahesana I E	Gujarat	384002	23.6085	72.4661
Mahesana Ongc Colony	Gujarat	384003	23.6085	72.4661
Ganpat Vidyanagar	Gujarat	384012	23.6085	72.4661
Balisana	Gujarat	384110	23.8178	72.2575
Bamosana	Gujarat	384120	23.7027	72.3869
Mandali	Gujarat	384130	23.6085	72.4661
Jagnathpura	Gujarat	384140	23.7383	72.622
Sidhpur	Gujarat	384151	23.9178	72.3721
Unava	Gujarat	384160	23.7671	72.362
Hajipur	Gujarat	384170	23.8171	72.3808
Aloda	Gujarat	384205	23.5978	72.4824
Ambala	Gujarat	384210	23.5075	72.0609
Gambhu	Gujarat	384212	23.5819	72.1402
Brahmanwada	Gujarat	384215	23.5323	72.0874
Brahmanwada	Gujarat	384220	23.7147	72.1128
Maniyari	Gujarat	384221	23.7708	71.7676
Pimpal	Gujarat	384225	23.7708	71.7676
Lanva	Gujarat	384229	23.7708	71.7676
Kamboi	Gujarat	384230	23.7708	71.7676
Katra	Gujarat	384240	23.7708	71.7676
Taranagar	Gujarat	384241	23.7708	71.7676
Mandvi	Gujarat	384245	23.7833	71.6695
Dhanora	Gujarat	384246	23.7708	71.7676
Sankra	Gujarat	384255	23.8205	71.9752
Pali	Gujarat	384260	23.6085	72.4661
Rajpur	Gujarat	384265	23.7708	71.7676
Undra	Gujarat	384272	23.7708	71.7676
Vasai	Gujarat	384275	23.7708	71.7676
Laxmipura	Gujarat	384285	23.7708	71.7676
Methan	Gujarat	384290	24.0327	72.2874
Magroda	Gujarat	384305	23.6029	72.839
Khandosan	Gujarat	384310	23.7167	72.4574
Laxmipura	Gujarat	384315	23.6724	72.5824
Umta	Gujarat	384320	23.7808	72.5553
Rasulpur	Gujarat	384325	23.6085	72.4661
Timba	Gujarat	384330	23.6085	72.4661
Sobhasan	Gujarat	384335	23.8375	72.7255
Umari	Gujarat	384340	24.052	72.7072
Sundhia	Gujarat	384345	23.9321	72.7025
Sultanpur	Gujarat	384355	23.6085	72.4661
Dharoi DSC	Gujarat	384360	23.9513	72.7992
Palaj	Gujarat	384410	23.6085	72.4661
Bhesana	Gujarat	384421	23.6085	72.4661
Martoli	Gujarat	384430	23.4711	72.2373
Boriavi	Gujarat	384435	23.6085	72.4661
Hasanpur	Gujarat	385001	24.2478	72.5456
Antroli	Gujarat	385010	24.284	72.0332
Ranpur	Gujarat	385110	24.3154	72.9357
Rangpur	Gujarat	385120	24.284	72.0332
Dabhela	Gujarat	385130	24.256	72.7055
Dholia	Gujarat	385135	24.1507	72.865
Manpura	Gujarat	385210	24.284	72.0332
Ghana	Gujarat	385310	24.284	72.0332
Chatra	Gujarat	385320	24.0716	71.5974
Soni	Gujarat	385330	24.284	72.0332
Lotia	Gujarat	385340	23.7708	71.7676
Par	Gujarat	385350	23.7645	71.1681
Bamroli	Gujarat	385360	23.7708	71.7676
Gola	Gujarat	385410	24.1409	72.5288
Bhalgam	Gujarat	385421	24.0815	72.5344
Bhadli-kotha	Gujarat	385505	24.4073	72.3629
Sardar Krishinagar	Gujarat	385506	24.4073	72.3629
Mota	Gujarat	385510	24.2086	72.2813
Madana	Gujarat	385515	24.0995	72.472
Changa	Gujarat	385520	24.0708	72.3628
Balodhar	Gujarat	385530	24.1679	71.9945
Kuda	Gujarat	385535	24.284	72.0332
Vasna	Gujarat	385540	24.284	72.0332
Mandal	Gujarat	385545	24.284	72.0332
Manpur	Gujarat	385550	24.2143	72.4851
Changa	Gujarat	385555	24.0708	72.3628
Mandla	Gujarat	385560	23.8875	71.7698
Lalpur	Gujarat	385565	24.284	72.0332
Rampura	Gujarat	385566	24.4726	72.3186
Chala	Gujarat	385570	24.1521	71.3864
Vavdi	Gujarat	385575	24.284	72.0332
Ashram Road -Nadiad	Gujarat	387001	23.0401	73.0053
Bilodara	Gujarat	387002	23.0401	73.0053
Petlad Road	Gujarat	387003	23.0401	73.0053
Ghodasar (Kheda)	Gujarat	387110	22.8377	72.9546
Chalali	Gujarat	387115	22.8377	72.9546
Lali	Gujarat	387120	22.8615	72.7046
Chhapra	Gujarat	387130	22.8377	72.9546
Dethli	Gujarat	387210	22.8377	72.9546
Malataj	Gujarat	387220	22.4572	72.7924
Pij	Gujarat	387230	22.8377	72.9546
Gada	Gujarat	387240	22.4572	72.7924
Alina	Gujarat	387305	22.8103	73.0468
Boriavi	Gujarat	387310	22.6112	72.9328
Chaklashi	Gujarat	387315	22.6112	72.9328
Degam	Gujarat	387320	22.8377	72.9546
Kanjari	Gujarat	387325	22.6124	72.9211
Sanali	Gujarat	387330	22.8377	72.9546
Karoli	Gujarat	387335	22.8377	72.9546
Vasna	Gujarat	387340	22.8377	72.9546
Rajnagar	Gujarat	387345	22.8377	72.9546
Palana	Gujarat	387350	22.9658	73.0444
Akhdol	Gujarat	387355	22.9658	73.0444
Hathaj	Gujarat	387360	22.9857	73.0017
Antroli	Gujarat	387365	23.0041	73.0141
Fatepur	Gujarat	387370	22.8377	72.9546
Ravli	Gujarat	387375	22.8377	72.9546
Deva	Gujarat	387380	22.8377	72.9546
Kheda H.O	Gujarat	387411	23.0401	73.0053
Aklacha	Gujarat	387430	23.0401	73.0053
Garmala	Gujarat	387510	22.8377	72.9546
Kharanti	Gujarat	387520	22.8377	72.9546
Palla	Gujarat	387530	22.8377	72.9546
Navagam	Gujarat	387540	22.7979	72.5787
Nayka	Gujarat	387550	22.8377	72.9546
Chandana	Gujarat	387560	22.8377	72.9546
Antroli	Gujarat	387570	23.0041	73.0141
Kosam	Gujarat	387610	22.8377	72.9546
Navagam	Gujarat	387620	22.7979	72.5787
Jamni	Gujarat	387630	22.8982	72.9928
Badarpur	Gujarat	387635	23.0046	72.8751
Kathana	Gujarat	387640	22.9166	73.1325
Abvel	Gujarat	387650	23.1198	73.0638
Rampur	Gujarat	387710	22.8377	72.9546
Amuldairy  (Anand)	Gujarat	388001	22.4572	72.7924
Anand Agri Inst  (Anand)	Gujarat	388110	22.4572	72.7924
Vallabh  Vidyanagar	Gujarat	388120	22.5333	72.9
Vithal Udyognagar	Gujarat	388121	22.5333	72.9
Porda	Gujarat	388130	22.4572	72.7924
Chuva	Gujarat	388140	23.0996	73.1479
Manpura	Gujarat	388150	22.4572	72.7924
Amod	Gujarat	388160	22.4572	72.7924
Timba	Gujarat	388170	22.4572	72.7924
Khanpur	Gujarat	388180	22.4572	72.7924
Jakhala	Gujarat	388205	22.5503	72.7736
Sureli	Gujarat	388210	22.6616	73.1659
Khijalpur	Gujarat	388215	22.8377	72.9546
Ratanpura	Gujarat	388220	22.4572	72.7924
Bordi	Gujarat	388225	22.8377	72.9546
Rania	Gujarat	388230	22.8377	72.9546
Padal	Gujarat	388235	22.8377	72.9546
Wanakbori .T.P.S.	Gujarat	388239	22.8377	72.9546
Malvan	Gujarat	388245	22.8377	72.9546
Rasulpur	Gujarat	388250	22.8377	72.9546
Rajpur	Gujarat	388255	22.8377	72.9546
Rampura	Gujarat	388260	23.1615	73.0224
Jodhpur	Gujarat	388265	22.8377	72.9546
Undra	Gujarat	388270	22.7204	73.6293
Adas	Gujarat	388305	22.4396	72.4622
Rajupura	Gujarat	388306	22.4576	73.0618
Ambali	Gujarat	388307	22.4572	72.7924
Ajarpura	Gujarat	388310	22.5635	72.9091
Bakrol	Gujarat	388315	22.5635	72.9091
Gamdi	Gujarat	388320	22.4572	72.7924
Valasan	Gujarat	388325	22.5514	72.8829
Khambholej	Gujarat	388330	22.4572	72.7924
Kunjrav	Gujarat	388335	22.4572	72.7924
Ramnagar	Gujarat	388340	21.7093	73.3353
Gana	Gujarat	388345	22.4572	72.7924
Khadol	Gujarat	388350	22.4809	72.9776
Navli	Gujarat	388355	22.4809	72.9776
Ajupura	Gujarat	388360	22.4572	72.7924
Khanpur	Gujarat	388365	22.4572	72.7924
Gopalpura	Gujarat	388370	22.4572	72.7924
Bandhani	Gujarat	388410	22.8406	72.9044
Changa	Gujarat	388421	22.8377	72.9546
Khanpur	Gujarat	388430	22.4572	72.7924
Ghunteli	Gujarat	388440	22.4572	72.7924
Ardi	Gujarat	388450	22.718	73.037
Kasor	Gujarat	388460	22.5503	72.7736
Palaj	Gujarat	388465	22.5117	72.7812
Sunav	Gujarat	388470	22.5289	72.7989
Simarda	Gujarat	388480	22.4572	72.7924
Asarma	Gujarat	388510	22.3609	73.009
Bamangam	Gujarat	388520	22.6045	72.992
Pipli	Gujarat	388530	22.4572	72.7924
Vasna	Gujarat	388540	22.4572	72.7924
Alarsa	Gujarat	388543	22.3815	72.9566
Kavitha	Gujarat	388545	22.4572	72.7924
Badalpur	Gujarat	388550	22.6045	72.992
Dedarda	Gujarat	388560	22.4572	72.7924
Ras	Gujarat	388570	22.3607	72.8187
Bamanva	Gujarat	388580	22.4572	72.7924
Kasari	Gujarat	388590	22.4572	72.7924
Dhuvaran	Gujarat	388610	22.2378	72.7591
Nagra	Gujarat	388620	22.3588	72.6275
Rohini	Gujarat	388625	22.4572	72.7924
Kansari	Gujarat	388630	22.4572	72.7924
Bhuvel	Gujarat	388640	22.4572	72.7924
Kalyana	Gujarat	388710	22.8167	73.3833
Dhanol	Gujarat	388713	22.8328	73.485
Godhra City	Gujarat	389001	22.7204	73.6293
Mahulia	Gujarat	389002	22.7204	73.6293
Navagam	Gujarat	389110	22.7204	73.6293
Agarwada	Gujarat	389115	22.9777	73.8716
Rasulpur	Gujarat	389120	22.7204	73.6293
Rama	Gujarat	389130	23.0954	73.7069
Rai	Gujarat	389140	23.0167	73.9504
Singapur	Gujarat	389146	22.7295	74.0831
Dahod H.O	Gujarat	389151	22.7617	74.3041
Matva	Gujarat	389152	22.7456	74.1805
Itawa	Gujarat	389154	22.8319	74.3923
Patia	Gujarat	389155	22.6867	74.2397
Navagam	Gujarat	389160	23.4011	73.674
Jetpur	Gujarat	389170	23.3762	73.7544
Simalia	Gujarat	389172	22.6857	73.7111
Bhanpur	Gujarat	389175	23.0752	73.6072
Amba	Gujarat	389180	23.0906	73.8912
Lakhanpur	Gujarat	389190	23.1354	74.0862
Kotha	Gujarat	389210	22.7204	73.6293
Dharapur	Gujarat	389220	22.7204	73.6293
Khanpur	Gujarat	389230	22.7204	73.6293
Bablia	Gujarat	389232	22.7204	73.6293
Kalibel	Gujarat	389235	22.7204	73.6293
Amthani	Gujarat	389240	22.7204	73.6293
Dadhalia	Gujarat	389250	22.7204	73.6293
Hirapur	Gujarat	389260	22.7204	73.6293
Ladpur	Gujarat	389265	22.7204	73.6293
Alwa	Gujarat	389310	22.6283	73.5039
Karada	Gujarat	389320	22.7204	73.6293
Ratanpura	Gujarat	389330	22.6078	73.4627
Sureli	Gujarat	389340	22.7204	73.6293
Karoli	Gujarat	389341	22.8811	73.5597
Motipura	Gujarat	389350	22.7204	73.6293
Chapra	Gujarat	389360	22.7204	73.6293
Navagam	Gujarat	389365	22.7204	73.6293
Shivrajpur	Gujarat	389370	22.4232	73.6086
Bara	Gujarat	389380	23.1836	74.1046
Dhanpur	Gujarat	389382	22.6364	74.0986
Hirapur	Gujarat	389390	22.7204	73.6293
Baranpura	Gujarat	390001	22.3218	73.1663
Fateganj H.O	Gujarat	390002	22.3218	73.1663
Chemical Industries	Gujarat	390003	22.3311	73.1555
Kelanpur	Gujarat	390004	22.3218	73.1663
Fatepura (Vadodara)	Gujarat	390006	22.3218	73.1663
Alkapuri	Gujarat	390007	22.3125	73.1771
Eme	Gujarat	390008	22.3218	73.1663
Chikhodara	Gujarat	390009	22.3218	73.1663
Vadsar	Gujarat	390010	22.2454	73.2327
Manjalpur	Gujarat	390011	22.2454	73.2327
Tandalja	Gujarat	390012	22.2454	73.2327
Maneja	Gujarat	390013	22.2454	73.2327
Jambua	Gujarat	390014	22.2454	73.2327
Panchvati	Gujarat	390016	22.2454	73.2327
Wadi S.N. Road	Gujarat	390017	22.2454	73.2327
Karelibaug	Gujarat	390018	22.2454	73.2327
Bakrol	Gujarat	390019	22.2454	73.2327
Akota	Gujarat	390020	22.4024	73.0806
T B Sanatorium	Gujarat	390021	22.4024	73.0806
Harni	Gujarat	390022	22.4024	73.0806
Subhanpura	Gujarat	390023	22.4024	73.0806
Chhani Rd	Gujarat	390024	22.4024	73.0806
Soma Talav	Gujarat	390025	22.4024	73.0806
Ampad	Gujarat	391101	22.315	73.1438
Mandva	Gujarat	391105	22.2454	73.2327
Samsabad	Gujarat	391107	22.2454	73.2327
Vasai	Gujarat	391110	22.2454	73.2327
Mandva	Gujarat	391115	22.2454	73.2327
Ambalia	Gujarat	391120	21.7352	73.6483
Agar	Gujarat	391121	22.2454	73.2327
Bamroli	Gujarat	391125	22.2454	73.2327
Timba	Gujarat	391130	22.2454	73.2327
Modasar	Gujarat	391135	22.2454	73.2327
Vasna	Gujarat	391140	22.2454	73.2327
Rampura	Gujarat	391145	22.2454	73.2327
Raipur	Gujarat	391150	22.2454	73.2327
Navagam	Gujarat	391152	22.2454	73.2327
Jabugam	Gujarat	391155	21.9669	73.4227
Devalia	Gujarat	391156	22.2454	73.2327
Ratanpur	Gujarat	391160	22.2454	73.2327
Virpur	Gujarat	391165	22.2454	73.2327
Singla	Gujarat	391168	22.2454	73.2327
Manka	Gujarat	391170	22.2454	73.2327
Ambadungar	Gujarat	391175	22.2454	73.2327
Nada	Gujarat	391210	22.2454	73.2327
Shahpura	Gujarat	391220	22.3762	73.1794
Manpur	Gujarat	391240	22.2454	73.2327
Bamangam	Gujarat	391243	22.2454	73.2327
Atali	Gujarat	391244	21.9872	73.1678
Malpur	Gujarat	391250	22.2454	73.2327
Bajwa	Gujarat	391310	22.2454	73.2327
Jawahar Nagar (Vadodara)	Gujarat	391320	22.2454	73.2327
Koyali	Gujarat	391330	22.3582	73.114
Fazalpur	Gujarat	391340	22.2454	73.2327
Petrochemical  T Ship	Gujarat	391345	22.2454	73.2327
Dhanora	Gujarat	391346	22.2454	73.2327
Sankarda	Gujarat	391350	22.2454	73.2327
Raipura	Gujarat	391410	22.2454	73.2327
Masar	Gujarat	391421	22.2454	73.2327
Kanda	Gujarat	391430	22.2454	73.2327
Dabka	Gujarat	391440	22.2494	72.9561
Pipli	Gujarat	391445	22.2454	73.2327
Chokari	Gujarat	391450	22.2454	73.2327
Dhanora	Gujarat	391510	22.2454	73.2327
Motipura	Gujarat	391520	22.2454	73.2327
Sihora	Gujarat	391530	22.2454	73.2327
Sisva	Gujarat	391740	22.2454	73.2327
Sokhda	Gujarat	391745	22.4229	73.1675
Fartilizer Nagar	Gujarat	391750	22.7517	73.2951
Khanda	Gujarat	391760	22.2454	73.2327
Anandpura	Gujarat	391761	22.3069	73.4928
Rasulpur	Gujarat	391770	22.2454	73.2327
Pratappura	Gujarat	391774	22.2454	73.2327
Tundav	Gujarat	391775	22.2454	73.2327
Manjusar GIDC	Gujarat	391776	22.2454	73.2327
Rania	Gujarat	391780	22.5162	73.1266
Kareli	Gujarat	391810	22.1784	72.9078
Gayatri Nagar	Gujarat	392001	21.7793	72.9224
Haldarva	Gujarat	392011	21.7793	72.9224
Bhuva	Gujarat	392012	22.0999	72.8836
Sherpura	Gujarat	392015	22.2454	73.2327
Kothi	Gujarat	392020	21.7793	72.9224
Padaria	Gujarat	392025	21.7352	73.6483
Angareshwar	Gujarat	392030	22.2454	73.2327
Chaklad	Gujarat	392035	21.7667	73.1167
Islampur	Gujarat	392040	21.9707	72.6134
Bhuva	Gujarat	392110	21.9932	72.8705
Atali	Gujarat	392130	21.7793	72.9224
Jolva	Gujarat	392135	21.7793	72.9224
Kothia	Gujarat	392140	22.2454	73.2327
Umra	Gujarat	392150	21.7352	73.6483
Malpur	Gujarat	392155	22.0454	72.5623
Kurla	Gujarat	392160	21.7793	72.9224
Limdi	Gujarat	392165	21.7793	72.9224
Dehgam	Gujarat	392170	21.7793	72.9224
Sarod	Gujarat	392180	22.1713	72.7465
Shahpur	Gujarat	392210	21.7793	72.9224
Urja Nagar	Gujarat	392215	21.7793	72.9224
Simalia	Gujarat	392220	21.7793	72.9224
Mangrol	Gujarat	392230	21.7793	72.9224
Adol	Gujarat	392240	21.8815	73.01
Valan	Gujarat	392310	22.2454	73.2327
Diwa	Gujarat	393001	21.6045	73.044
Bhadkodra	Gujarat	393002	22.2454	73.2327
Samor	Gujarat	393010	22.2454	73.2327
Avidha	Gujarat	393017	21.7667	73.1833
Nangal	Gujarat	393020	21.7352	73.6483
Jaoli	Gujarat	393025	21.7352	73.6483
Asta	Gujarat	393030	21.7793	72.9224
Piplod	Gujarat	393040	21.7352	73.6483
Umra	Gujarat	393041	21.7352	73.6483
Borda	Gujarat	393050	21.2623	73.0694
Ropa	Gujarat	393105	21.8315	73.2106
Vasna	Gujarat	393110	21.7793	72.9224
Sarsa	Gujarat	393115	21.7352	73.6483
Haripura	Gujarat	393120	21.7793	72.9224
Rajpara	Gujarat	393125	21.7352	73.6483
Bilothi	Gujarat	393130	21.7793	72.9224
Chikhli	Gujarat	393135	21.7793	72.9224
Navapura	Gujarat	393140	21.7352	73.6483
Gopalpura	Gujarat	393145	21.7352	73.6483
Mangrol	Gujarat	393150	21.7793	72.9224
Kothi	Gujarat	393151	21.7793	72.9224
Gora	Gujarat	393155	21.7352	73.6483
Mota Varachha	Gujarat	394101	21.2461	72.8561
Utran	Gujarat	394105	21.2333	72.8667
Amroli	Gujarat	394107	21.2508	72.8388
Dungri	Gujarat	394110	21.2623	73.0694
Kim Char Rasta	Gujarat	394111	21.2623	73.0694
Kharod	Gujarat	394115	21.7793	72.9224
Panoli I.E.	Gujarat	394116	21.7793	72.9224
Kharach	Gujarat	394120	21.7793	72.9224
Bharan	Gujarat	394125	21.4956	72.9742
Umra	Gujarat	394130	20.8937	73.2555
Bodhan (Surat)	Gujarat	394140	21.2623	73.0694
Antroli	Gujarat	394150	21.2623	73.0694
Virpur	Gujarat	394155	21.2623	73.0694
Salaiya	Gujarat	394160	21.297	73.3162
Amba	Gujarat	394163	21.2623	73.0694
Antroli	Gujarat	394170	21.2623	73.0694
Dungra	Gujarat	394180	21.2623	73.0694
Navagam	Gujarat	394185	21.2623	73.0694
Kholvad	Gujarat	394190	21.2623	73.0694
Bamroli	Gujarat	394210	21.1333	72.8179
Pandesara	Gujarat	394221	21.4053	73.2118
Kanakpur	Gujarat	394230	21.4053	73.2118
Kachholi	Gujarat	394235	21.2623	73.0694
Dungri	Gujarat	394240	21.2623	73.0694
Ghadoi	Gujarat	394245	20.9346	73.2207
Vadia	Gujarat	394246	20.9346	73.2207
Umra	Gujarat	394248	20.8937	73.2555
Shekhpur	Gujarat	394250	21.2623	73.0694
Hajira	Gujarat	394270	21.4053	73.2118
Timbarva	Gujarat	394305	21.1542	72.9614
Tundi	Gujarat	394310	21.1553	73.0273
Italva	Gujarat	394315	21.0827	72.9862
Baleshwar	Gujarat	394317	21.119	73.0068
Khanpur	Gujarat	394320	21.2623	73.0694
Antroli	Gujarat	394325	21.2623	73.0694
Jokha	Gujarat	394326	21.2365	73.0226
Kadodara	Gujarat	394327	21.1616	72.9623
Timba	Gujarat	394330	21.2623	73.0694
Bamni	Gujarat	394335	21.2623	73.0694
Madhi	Gujarat	394340	21.2623	73.0694
Mota	Gujarat	394345	21.1727	73.0681
Naugama	Gujarat	394350	21.0529	73.0844
Lakhanpur	Gujarat	394352	21.2623	73.0694
Varad	Gujarat	394355	20.7171	73.0524
Panchpipla	Gujarat	394360	21.2623	73.0694
Gopalpura	Gujarat	394365	21.2623	73.0694
Mubarakpur	Gujarat	394370	21.2623	73.0694
Narayanpur	Gujarat	394375	21.2623	73.0694
Nimbhora	Gujarat	394380	21.2623	73.0694
Luvara	Gujarat	394405	21.4333	73.0167
Ankodod	Gujarat	394410	21.4833	73.1167
Shah	Gujarat	394421	21.2623	73.0694
Boria	Gujarat	394430	21.2623	73.0694
Tarapur	Gujarat	394440	21.2623	73.0694
Sarda	Gujarat	394445	21.2623	73.0694
Bhatha	Gujarat	394510	21.186	72.7641
Kribhconagar	Gujarat	394515	21.1842	72.6893
Adityanagar	Gujarat	394516	21.1842	72.6893
Bhatlai	Gujarat	394517	21.1833	72.6519
Ongc Nagar	Gujarat	394518	21.1842	72.6893
Kosam	Gujarat	394520	21.2623	73.0694
Bhagwa	Gujarat	394530	21.3546	72.6532
Rajnagar	Gujarat	394540	21.3644	72.715
Saras	Gujarat	394541	21.3644	72.715
Bhimpore	Gujarat	394550	21.1011	72.704
Bardoli H.O	Gujarat	394601	21.2623	73.0694
Delvada	Gujarat	394620	21.2623	73.0694
Umarkui	Gujarat	394630	21.2623	73.0694
Ambia	Gujarat	394633	21.2623	73.0694
Pati	Gujarat	394635	21.2623	73.0694
Bhimpor	Gujarat	394640	21.2623	73.0694
Khanpur	Gujarat	394641	21.2623	73.0694
Virpur	Gujarat	394650	21.2623	73.0694
Vanskui	Gujarat	394651	21.2623	73.0694
Dhamodi	Gujarat	394652	21.1903	73.6341
Mirpur	Gujarat	394655	21.2623	73.0694
Centrap Pulp Mill	Gujarat	394660	21.2623	73.0694
Singpur	Gujarat	394670	21.2623	73.0694
Bhatwada	Gujarat	394680	21.2623	73.0694
Bajipura	Gujarat	394690	21.2623	73.0694
Linga	Gujarat	394710	20.6938	73.7738
Pimpri	Gujarat	394715	20.7978	73.5855
Mahal	Gujarat	394716	20.7979	73.699
Malegaon	Gujarat	394720	20.5784	73.7507
Chikar	Gujarat	394730	20.7322	73.5884
Balota	Gujarat	394810	21.7352	73.6483
Gopipura	Gujarat	395001	21.2623	73.0694
Inderpura	Gujarat	395002	21.2623	73.0694
Bhagal	Gujarat	395003	21.2623	73.0694
Dabholi	Gujarat	395004	21.2623	73.0694
Ambheta	Gujarat	395005	21.2623	73.0694
Varachha Road	Gujarat	395006	21.2623	73.0694
Umra	Gujarat	395007	20.8937	73.2555
A. K. Road	Gujarat	395008	21.2623	73.0694
Adajan Dn	Gujarat	395009	21.2623	73.0694
Kumbharia	Gujarat	395010	21.2623	73.0694
Puna Kumbharia	Gujarat	395011	21.2623	73.0694
Parvat	Gujarat	395012	21.2623	73.0694
Kosmada	Gujarat	395013	21.2623	73.0694
Althan	Gujarat	395017	21.2623	73.0694
Bhestan	Gujarat	395023	21.2623	73.0694
Saron	Gujarat	396001	20.5967	72.8987
Valsad Abrama	Gujarat	396002	20.5971	72.9427
Kachigam	Gujarat	396007	20.5969	72.9207
Magod	Gujarat	396020	20.4179	73.1217
Bhadeli	Gujarat	396030	20.4179	73.1217
Valsad I.E.	Gujarat	396035	20.4179	73.1217
Gauri	Gujarat	396040	20.8134	73.0929
Muli	Gujarat	396045	20.4179	73.1217
Dhamani	Gujarat	396050	20.4179	73.1217
Khanpur	Gujarat	396051	20.8134	73.0929
Ozar	Gujarat	396055	20.5571	73.047
Agasi	Gujarat	396060	20.8134	73.0929
Arnai	Gujarat	396065	20.3311	73.1888
Mandva	Gujarat	396067	20.3597	73.1759
Pali	Gujarat	396105	20.4179	73.1217
Bigri	Gujarat	396110	20.8134	73.0929
Kolak	Gujarat	396115	20.4688	72.8614
Khatalwada	Gujarat	396120	20.4179	73.1217
Amli	Gujarat	396125	20.4179	73.1217
Varna	Gujarat	396126	20.4179	73.1217
Sarai	Gujarat	396130	20.2282	72.7492
Nargol	Gujarat	396135	20.2282	72.7492
Kalgam	Gujarat	396140	20.4394	73.0413
Barai	Gujarat	396145	20.4394	73.0413
Tembhi	Gujarat	396150	20.4179	73.1217
Manda	Gujarat	396155	20.4179	73.1217
Bhathi Karmbeli	Gujarat	396165	20.4179	73.1217
Dehri	Gujarat	396170	20.1972	72.7503
Umargam I.E.	Gujarat	396171	20.1972	72.7503
Udvada	Gujarat	396180	20.4854	72.8686
Khadki	Gujarat	396185	20.4854	72.8686
Ozar	Gujarat	396191	20.3765	72.9626
Dadra	Dadra and Nagar Haveli and Daman and Diu	396193	20.1951	73.0707
Chanod Md	Gujarat	396195	20.4179	73.1217
Bhimpore	Dadra and Nagar Haveli and Daman and Diu	396210	20.4143	72.8324
Kachigam	Dadra and Nagar Haveli and Daman and Diu	396215	20.3833	72.8667
Dholar	Dadra and Nagar Haveli and Daman and Diu	396220	20.3833	72.8333
Amli	Dadra and Nagar Haveli and Daman and Diu	396230	20.2833	73.0167
Naroli	Dadra and Nagar Haveli and Daman and Diu	396235	20.2735	72.9417
Chikhli	Dadra and Nagar Haveli and Daman and Diu	396240	20.1836	73.0176
Mohanpur	Gujarat	396310	20.8134	73.0929
Bilimora H.O	Gujarat	396321	20.8134	73.0929
Nandarkha	Gujarat	396325	20.8134	73.0929
Ichhapore	Gujarat	396350	20.8134	73.0929
Kesli	Gujarat	396360	20.8121	72.9981
Kachholi	Gujarat	396370	20.838	72.9738
Kundi	Gujarat	396375	20.6849	72.92
Devsar	Gujarat	396380	20.7851	72.984
Malvan	Gujarat	396385	20.4179	73.1217
Aat	Gujarat	396403	20.8134	73.0929
Sultanpur	Gujarat	396406	20.8134	73.0929
Ambheta	Gujarat	396409	20.8134	73.0929
Bori Falia	Gujarat	396412	21.0384	72.9498
Asna	Gujarat	396415	21.0384	72.9498
Tarsadi	Gujarat	396418	21.0384	72.9498
Jalalpore	Gujarat	396421	20.949	72.8983
Kabilpore	Gujarat	396424	20.949	72.8983
Sagra	Gujarat	396427	20.949	72.8983
Nogama	Gujarat	396430	20.8638	73.0783
Astagam	Gujarat	396433	20.9953	72.9463
Mangrol	Gujarat	396436	20.8134	73.0929
Dandi	Gujarat	396439	20.8134	73.0929
Karadi	Gujarat	396440	20.9904	72.8927
Junathana	Gujarat	396445	20.9904	72.8927
Chhapra	Gujarat	396450	20.8134	73.0929
Kanera	Gujarat	396460	20.8228	72.892
Mogar	Gujarat	396463	20.9357	72.9794
Mahudi	Gujarat	396466	20.9097	73.1205
Ambada	Gujarat	396469	20.8894	72.9973
Chandravasansupa	Gujarat	396472	21.031	72.9751
Arak Sisodra	Gujarat	396475	21.031	72.9751
Gangadia	Gujarat	396510	21.2623	73.0694
Thala	Gujarat	396521	20.8134	73.0929
Degam	Gujarat	396530	20.8134	73.0929
Siyada	Gujarat	396540	20.8134	73.0929
Saraiya	Gujarat	396560	20.8134	73.0929
Kharoli	Gujarat	396570	20.8134	73.0929
Manpur	Gujarat	396580	20.8134	73.0929
Sara	Gujarat	396590	20.8134	73.0929
Bazargate	Maharashtra	400001	18.9474	72.8138
Kalbadevi H.O	Maharashtra	400002	18.9474	72.8138
B.P.Lane	Maharashtra	400003	18.95	72.8333
Girgaon	Maharashtra	400004	18.95	72.8167
Asvini	Maharashtra	400005	18.9069	72.8106
Malabar Hill	Maharashtra	400006	18.9808	72.8338
Bharat Nagar (Mumbai)	Maharashtra	400007	18.9636	72.8193
Falkland Road	Maharashtra	400008	18.9474	72.8138
Chinchbunder	Maharashtra	400009	18.9474	72.8138
Mazgaon	Maharashtra	400010	18.9681	72.845
Agripada	Maharashtra	400011	18.9833	72.8333
Parel	Maharashtra	400012	19	72.8333
Delisle Road	Maharashtra	400013	19.0073	72.8421
Dadar Colony	Maharashtra	400014	19.0073	72.8421
Sewri	Maharashtra	400015	19	72.85
Kapad Bazar	Maharashtra	400016	19.0073	72.8421
Dharavi	Maharashtra	400017	19.05	72.8667
Worli	Maharashtra	400018	19.0167	72.8167
Matunga	Maharashtra	400019	19.0333	72.85
Central Building	Maharashtra	400020	18.986	72.8259
Elephanta Caves Po	Maharashtra	400021	18.9274	72.8241
Chunabhatti	Maharashtra	400022	19.0333	72.85
Nehru Nagar (Mumbai)	Maharashtra	400024	18.986	72.8259
New Prabhadevi Road	Maharashtra	400025	19.0164	72.8294
Cumballa Hill	Maharashtra	400026	18.9667	72.8
V J B Udyan	Maharashtra	400027	18.986	72.8259
Bhawani Shankar	Maharashtra	400028	18.986	72.8259
A I Staff Colony	Maharashtra	400029	18.986	72.8259
Century Mill	Maharashtra	400030	19.0031	72.8456
Wadala	Maharashtra	400031	19.0167	72.85
High Court Building (Mumbai)	Maharashtra	400032	19.0031	72.8456
Cotton Exchange	Maharashtra	400033	18.9896	72.8411
Haji Ali	Maharashtra	400034	19.0031	72.8456
Rajbhavan (Mumbai)	Maharashtra	400035	19.0031	72.8456
Antop Hill	Maharashtra	400037	19.0031	72.8456
Bhandup East	Maharashtra	400042	18.9808	72.8338
D.M. Colony	Maharashtra	400043	18.9808	72.8338
Juhu	Maharashtra	400049	18.9808	72.8338
Bandra West	Maharashtra	400050	18.9808	72.8338
Audit Bhavan	Maharashtra	400051	18.9808	72.8338
Danda	Maharashtra	400052	18.9808	72.8338
Andheri H.O	Maharashtra	400053	18.9808	72.8338
Santacruz Central	Maharashtra	400054	18.9808	72.8338
Santacruz(East)	Maharashtra	400055	18.9808	72.8338
IRLA	Maharashtra	400056	18.9808	72.8338
Hanuman Road	Maharashtra	400057	18.9808	72.8338
Andheri Railway Station	Maharashtra	400058	18.9808	72.8338
J.B. Nagar	Maharashtra	400059	18.9808	72.8338
Jogeshwari East	Maharashtra	400060	18.9808	72.8338
Madh	Maharashtra	400061	18.9808	72.8338
Goregaon East	Maharashtra	400063	18.9808	72.8338
Malad	Maharashtra	400064	18.9808	72.8338
Aareymilk Colony	Maharashtra	400065	18.9808	72.8338
Borivali East	Maharashtra	400066	18.9808	72.8338
Charkop	Maharashtra	400067	18.9808	72.8338
Dahisar	Maharashtra	400068	18.9808	72.8338
Andheri East	Maharashtra	400069	18.9808	72.8338
Kurla	Maharashtra	400070	18.9808	72.8338
Chembur H.O	Maharashtra	400071	18.9808	72.8338
Sakinaka	Maharashtra	400072	18.9808	72.8338
Chembur Extension	Maharashtra	400074	18.9808	72.8338
Best Staff Colony	Maharashtra	400075	18.9808	72.8338
Powai Iit	Maharashtra	400076	18.9808	72.8338
Rajawadi	Maharashtra	400077	18.9808	72.8338
Bhandup Ind. Estate	Maharashtra	400078	18.9808	72.8338
Psm Colony	Maharashtra	400079	18.9808	72.8338
Mulund Dd Road	Maharashtra	400080	18.9808	72.8338
Mhada Colony	Maharashtra	400081	18.9808	72.8338
Bhandup Complex	Maharashtra	400082	18.9808	72.8338
Kannamwar Nagar	Maharashtra	400083	18.9808	72.8338
Barve Nagar	Maharashtra	400084	18.9808	72.8338
BARC	Maharashtra	400085	18.9808	72.8338
Ghatkopar West	Maharashtra	400086	18.9808	72.8338
NITIE	Maharashtra	400087	18.9808	72.8338
Govandi	Maharashtra	400088	18.9808	72.8338
Chembur Rs	Maharashtra	400089	18.9808	72.8338
Borivali H.O	Maharashtra	400091	18.9808	72.8338
Borivali West	Maharashtra	400092	18.9808	72.8338
Chakala Midc	Maharashtra	400093	18.9808	72.8338
Anushakti Nagar	Maharashtra	400094	18.9808	72.8338
Ins Hamla	Maharashtra	400095	18.9808	72.8338
Seepz	Maharashtra	400096	18.9808	72.8338
Malad East	Maharashtra	400097	18.9808	72.8338
Vidyanagari	Maharashtra	400098	18.9808	72.8338
Airport (Mumbai)	Maharashtra	400099	18.9808	72.8338
Kandivali East	Maharashtra	400101	18.9808	72.8338
Jogeshwari West	Maharashtra	400102	18.9808	72.8338
Mandapeshwar	Maharashtra	400103	18.9808	72.8338
Bangur Nagar	Maharashtra	400104	18.9808	72.8338
Thane Bazar	Maharashtra	400601	19.1941	73.0002
Gokhale Road (Thane)	Maharashtra	400602	19.1941	73.0002
Kopri Colony	Maharashtra	400603	19.1941	73.0002
Wagle I.E.	Maharashtra	400604	19.1941	73.0002
Kalwa	Maharashtra	400605	19.1941	73.0002
Jekegram	Maharashtra	400606	19.1941	73.0002
Chitalsar Manpada	Maharashtra	400607	19.1941	73.0002
Balkum	Maharashtra	400608	19.1941	73.0002
Apna Bazar	Maharashtra	400610	19.1941	73.0002
Diwa	Maharashtra	400612	19.1941	73.0002
Belapur Node- V	Maharashtra	400614	19.1941	73.0002
Ghodbunder Road	Maharashtra	400615	19.1941	73.0002
Ghansoli	Maharashtra	400701	19.1167	72.9833
Karanja	Maharashtra	400702	18.8833	72.9167
K.U.Bazar	Maharashtra	400703	19.0787	73.0005
Mora	Maharashtra	400704	18.9086	72.9299
Darave	Maharashtra	400706	19.36	73.3279
Navghar	Maharashtra	400707	18.9894	72.961
Airoli	Maharashtra	400708	19.151	72.9962
Kopar Khairne	Maharashtra	400709	19.36	73.3279
Millenium Business Park	Maharashtra	400710	19.36	73.3279
Rai	Maharashtra	401101	19.4115	73.396
Tandulwadi	Maharashtra	401102	19.36	73.3279
Asangaon	Maharashtra	401103	19.4387	73.3059
Bhayander East	Maharashtra	401105	19.4115	73.396
Dongri	Maharashtra	401106	19.285	72.8086
Ghodbander	Maharashtra	401107	19.2836	72.8675
Saloli	Maharashtra	401201	19.36	73.3279
Bassein Road	Maharashtra	401202	19.36	73.3279
Nala	Maharashtra	401203	19.36	73.3279
Kelthan	Maharashtra	401204	19.36	73.3279
Ganeshpuri	Maharashtra	401206	19.36	73.3279
Naigaon	Maharashtra	401207	19.36	73.3279
Rajawali	Maharashtra	401208	19.36	73.3279
Nallosapare E	Maharashtra	401209	19.36	73.3279
Vatar	Maharashtra	401301	19.36	73.3279
Arnala	Maharashtra	401302	19.36	73.3279
Mandvi	Maharashtra	401303	19.36	73.3279
Kalamb	Maharashtra	401304	19.36	73.3279
Virar East	Maharashtra	401305	19.3291	73.109
Kelwa (Thane)	Maharashtra	401401	19.36	73.3279
Kelwa-mahim	Maharashtra	401402	19.36	73.3279
Kurze	Maharashtra	401403	19.36	73.3279
Palghar H.O	Maharashtra	401404	19.36	73.3279
Shirgaon	Maharashtra	401405	19.36	73.3279
Dandi	Maharashtra	401501	19.36	73.3279
Dahisar Tarapur	Maharashtra	401502	19.36	73.3279
Chinchani	Maharashtra	401503	19.36	73.3279
Parnali	Maharashtra	401504	19.36	73.3279
Tarapur Ti	Maharashtra	401506	19.36	73.3279
Badapokharan	Maharashtra	401601	19.36	73.3279
Waki	Maharashtra	401602	19.36	73.3279
Nandgaon	Maharashtra	401603	19.36	73.3279
Chas	Maharashtra	401604	19.36	73.3279
Dadade	Maharashtra	401605	19.36	73.3279
Girgaon	Maharashtra	401606	19.36	73.3279
Talawada	Maharashtra	401607	19.36	73.3279
Dahanu TPS	Maharashtra	401608	19.36	73.3279
Suryanagar (Thane)	Maharashtra	401609	19.36	73.3279
Dapchari	Maharashtra	401610	19.36	73.3279
Bordi	Maharashtra	401701	19.36	73.3279
Gholvad	Maharashtra	401702	19.36	73.3279
Kosbad-hill	Maharashtra	401703	19.36	73.3279
Ambet	Maharashtra	402101	18.9742	73.7698
Veer	Maharashtra	402102	17.8516	73.2615
Nagaon	Maharashtra	402103	18.9742	73.7698
Bamnoli	Maharashtra	402104	18.9742	73.7698
Khamgaon	Maharashtra	402105	20.1841	75.4923
Palas	Maharashtra	402106	18.9742	73.7698
Dadar	Maharashtra	402107	19.0201	72.8381
Shahapur	Maharashtra	402108	19.4523	73.3257
Medha	Maharashtra	402109	17.7941	73.8287
Saigaon	Maharashtra	402110	18.6704	73.3791
Talegaon	Maharashtra	402111	19.6955	74.2979
Mahagaon	Maharashtra	402112	18.3542	73.2313
Chikhlap	Maharashtra	402113	18.0908	72.9989
Bagmandla	Maharashtra	402114	18.6704	73.3791
Narvan	Maharashtra	402115	18.6704	73.3791
Roha AV	Maharashtra	402116	18.6704	73.3791
Degaon	Maharashtra	402117	18.6704	73.3791
Jite	Maharashtra	402120	19.9808	77.6997
Sai	Maharashtra	402122	19.9808	77.6997
PCTS Nagothane	Maharashtra	402125	19.9808	77.6997
Ainghar	Maharashtra	402126	19.9808	77.6997
Alibag H.O	Maharashtra	402201	18.8037	72.8873
Borlimandla	Maharashtra	402202	18.5352	72.9128
Ramraj	Maharashtra	402203	19.9934	72.7481
Nagaon	Maharashtra	402204	18.8721	72.9264
Thal (Raigarh(MH))	Maharashtra	402207	18.8037	72.8873
Chondhi	Maharashtra	402208	18.7404	72.8791
Kurul	Maharashtra	402209	18.6643	72.8914
Nagaon	Maharashtra	402301	18.6135	72.9039
Wagholi	Maharashtra	402302	17.9027	74.0813
Deopur	Maharashtra	402303	19.5072	75.8752
Kolad	Maharashtra	402304	18.3724	74.1239
Khardi	Maharashtra	402305	18.3724	74.1239
Barasgaon	Maharashtra	402306	18.3724	74.1239
Pangari	Maharashtra	402307	17.7425	73.2869
Jamgaon	Maharashtra	402308	19.0632	74.5208
Kusgaon	Maharashtra	402309	18.3923	74.1545
Nandgaon	Maharashtra	402401	18.3789	72.9314
Dighi	Maharashtra	402402	18.2628	72.9712
Adgaon	Maharashtra	402403	18.2239	72.9469
Bharadkhol	Maharashtra	402404	18.1733	72.9917
C.C.Altinho	Goa	403001	15.4723	73.8097
Caranzalem	Goa	403002	15.4672	73.8119
Matri Indian Antartic Station	Goa	403004	15.4785	73.8339
Santa Cruz	Goa	403005	15.4752	73.8456
Chimbel	Goa	403006	15.4992	73.8682
Betim	Goa	403101	15.5111	73.8283
Chorao	Goa	403102	15.4761	73.9417
Shiroda (North Goa)	Goa	403103	15.4761	73.9417
Mandur	Goa	403104	15.4546	73.9234
Pale	Goa	403105	15.4667	74.0833
Sant Estevam	Goa	403106	15.1964	74.1184
Amona	Goa	403107	15.1964	74.1184
Goa -velha	Goa	403108	15.4438	73.8857
N B Verem	Goa	403109	15.4761	73.9417
Carambolim	Goa	403110	15.4841	73.922
Nerul	Goa	403114	15.5103	73.7809
Cundaim I.E.	Goa	403115	15.1964	74.1184
Bambolim Camp	Goa	403201	15.4296	73.9419
Bambolim Complex	Goa	403202	15.4296	73.9419
Pilar (North Goa)	Goa	403203	15.4296	73.9419
St. Lourence	Goa	403204	15.4296	73.9419
Goa University	Goa	403206	15.4296	73.9419
Ponda	Goa	403401	15.4034	74.0152
Velha-goa	Goa	403402	15.4438	73.8857
Malar	Goa	403403	15.5297	73.9106
Marcaim	Goa	403404	15.4142	73.9398
Candepar	Goa	403406	15.5525	73.9807
Betora I.E.	Goa	403409	15.1964	74.1184
Collem	Goa	403410	15.335	74.2443
Porvorim	Goa	403501	15.5859	73.9513
Sirsaim	Goa	403502	15.6193	73.8442
Dodamarg	Goa	403503	15.6485	73.916
Bicholim	Goa	403504	15.5932	73.9457
Surla	Goa	403505	15.5002	74.025
Thana	Goa	403506	15.5304	74.1632
Bastora	Goa	403507	15.5809	73.8325
Aldona	Goa	403508	15.5934	73.8748
Anjuna	Goa	403509	15.58	73.7449
Canca	Goa	403510	15.5796	73.7941
Saligao	Goa	403511	15.5536	73.7904
Agarwada	Goa	403512	15.7096	73.8103
Colvale	Goa	403513	15.6352	73.8243
Candolim	Goa	403515	15.5181	73.7626
Baga	Goa	403516	15.5652	73.7552
Oxel	Goa	403517	15.6272	73.7663
Alto Betim	Goa	403521	15.6235	73.8377
Calvim	Goa	403523	15.55	73.85
Querim	Goa	403524	15.6039	74.0735
Tivim Ie	Goa	403526	15.6235	73.8377
Mandrem	Goa	403527	15.6534	73.7227
Bicholim Industrial Estate	Goa	403529	15.6235	73.8377
Onda	Goa	403530	15.5564	74.0585
Aquem	Goa	403601	15.3174	73.9387
Fatorda	Goa	403602	15.3174	73.9387
Assolna	Goa	403701	15.1807	73.9712
Agonda	Goa	403702	15.0514	73.9844
Balli	Goa	403703	15.1206	74.0115
Bati	Goa	403704	15.1541	74.1838
Avedem	Goa	403705	15.2103	74.0882
Cacora	Goa	403706	15.2651	74.096
Navelim	Goa	403707	15.2588	73.9664
Colva	Goa	403708	15.2798	73.9228
Curtorim	Goa	403709	15.2756	74.0216
Thana	Goa	403710	15.3902	73.9062
Chicalim	Goa	403711	15.3984	73.8422
Cansaulim	Goa	403712	15.3367	73.8984
Betalbhatim	Goa	403713	15.32	73.9164
Chandor	Goa	403714	15.2833	74.0333
Chinchinim	Goa	403715	15.2145	73.9755
Benaulim	Goa	403716	15.2644	73.9281
Carmona	Goa	403717	15.2035	73.954
Camurlim	Goa	403718	15.3384	73.9959
Sem-rachol  Soso	Goa	403719	15.2967	73.9417
Raia	Goa	403720	15.305	73.971
Varca	Goa	403721	15.2324	73.9431
Verna	Goa	403722	15.3548	73.9245
Ambelim	Goa	403723	15.1707	73.9674
Orlim	Goa	403724	15.2215	73.9507
Dramapur	Goa	403725	15.2432	73.9819
Zuarinagar	Goa	403726	15.2046	73.9732
Loliem	Goa	403728	14.9445	74.0714
Navelim Camp	Goa	403729	15.2046	73.9732
Cavelossim	Goa	403731	15.1725	73.9419
A.P.Dabolim	Goa	403801	15.3895	73.8253
Baina	Goa	403802	15.3974	73.8207
Mormugao	Goa	403803	15.3891	73.8149
Sada	Goa	403804	15.3895	73.8253
Bogmalo	Goa	403806	15.3739	73.845
Borgaon	Maharashtra	410101	18.6366	75.9463
Matheran	Maharashtra	410102	18.9828	73.2652
Nandgaon	Maharashtra	410201	20.3068	74.655
Khalapur	Maharashtra	410202	18.8298	73.2836
Donwat	Maharashtra	410203	20.6919	75.4244
Khopoli Power House	Maharashtra	410204	19.576	74.6725
Nandgaon	Maharashtra	410205	19.6271	76.4665
Pargaon	Maharashtra	410206	18.5613	74.3727
Apta	Maharashtra	410207	18.8541	73.1296
Devichapada	Maharashtra	410208	19.3669	73.1758
Kharghar	Maharashtra	410210	19.0498	73.0702
Jagdish Nagar	Maharashtra	410216	19.0498	73.0702
Kalamboli Node	Maharashtra	410218	19.0498	73.0702
Mazgaon	Maharashtra	410220	18.3667	72.9333
Sai	Maharashtra	410221	18.3667	72.9333
Mohopada	Maharashtra	410222	18.3667	72.9333
Khandala	Maharashtra	410301	18.7589	73.3694
R P T S Khandala	Maharashtra	410302	18.7589	73.3694
Ambavane	Maharashtra	410401	18.7528	73.4057
Ins Shivaji Lonavale	Maharashtra	410402	18.5716	74.07
Kaivalyadham	Maharashtra	410403	18.5716	74.07
Karla	Maharashtra	410405	18.7585	73.4791
Pawananagar	Maharashtra	410406	18.5716	74.07
Koyali	Maharashtra	410501	18.5716	74.07
Khanapur	Maharashtra	410502	18.5716	74.07
Chandoli BK	Maharashtra	410503	19.0044	73.9435
Pimparkhed	Maharashtra	410504	18.5716	74.07
Amboli	Maharashtra	410505	18.5716	74.07
Dhamane	Maharashtra	410506	18.5716	74.07
Ambale	Maharashtra	410507	18.5716	74.07
Dhamani	Maharashtra	410508	18.5716	74.07
Rajpur	Maharashtra	410509	18.5716	74.07
Loni Dhamani	Maharashtra	410510	18.5716	74.07
Kuran	Maharashtra	410511	18.5716	74.07
Karegaon	Maharashtra	410512	18.7816	74.2987
Bibi	Maharashtra	410513	18.5716	74.07
Chas	Maharashtra	410515	18.922	73.8332
Gangapur KH	Maharashtra	410516	18.5716	74.07
C D A (O)	Maharashtra	411001	18.5372	73.8551
Bajirao Road	Maharashtra	411002	18.5372	73.8551
Khadki	Maharashtra	411003	18.5635	73.852
A.R. Shala	Maharashtra	411004	18.5148	73.8358
Congress House Road	Maharashtra	411005	18.5247	73.8471
Yerwada	Maharashtra	411006	18.5459	73.8855
Aundh T.S.	Maharashtra	411007	18.5372	73.8551
Baner Road	Maharashtra	411008	18.5372	73.8551
Parvati	Maharashtra	411009	18.5372	73.8551
Kasba Peth	Maharashtra	411011	18.5732	73.8739
Dapodi	Maharashtra	411012	18.5788	73.8263
Hadpsar I.E.	Maharashtra	411013	18.5732	73.8739
9 DRD	Maharashtra	411014	18.5685	73.9158
Dhanori	Maharashtra	411015	18.5716	74.07
Govt. Polytechnic	Maharashtra	411016	18.5732	73.8739
Kalewadi	Maharashtra	411017	18.5732	73.8739
Masulkar Colony	Maharashtra	411018	18.5732	73.8739
Chinchwad East	Maharashtra	411019	18.5732	73.8739
Botanical Garden (Pune)	Maharashtra	411020	18.4769	74.3505
Armament	Maharashtra	411021	18.5131	73.7825
Srpf	Maharashtra	411022	18.4769	74.3505
Shivane	Maharashtra	411023	18.4769	74.3505
Khadakwasla R.S.	Maharashtra	411024	18.4769	74.3505
Ranjane	Maharashtra	411025	18.5716	74.07
Bhosari I.E.	Maharashtra	411026	18.4769	74.3505
Sangavi	Maharashtra	411027	18.4769	74.3505
Gondhale Nagar	Maharashtra	411028	18.5167	73.9167
Lokmanyanagar	Maharashtra	411030	18.8199	75.0311
C M E	Maharashtra	411031	18.5716	74.07
Airport (Pune)	Maharashtra	411032	18.8199	75.0311
Thergaon	Maharashtra	411033	18.5716	74.07
Kasarwadi	Maharashtra	411034	18.5716	74.07
Akurdi	Maharashtra	411035	18.6532	73.7896
Mundhva	Maharashtra	411036	18.5348	73.9306
Bibvewadi	Maharashtra	411037	18.8199	75.0311
Bhusari Colony	Maharashtra	411038	18.8199	75.0311
Bhosarigoan	Maharashtra	411039	18.5716	74.07
Wanowarie	Maharashtra	411040	18.5789	73.8532
Vadgaon Budruk	Maharashtra	411041	18.5789	73.8532
Bhavani Peth	Maharashtra	411042	18.5789	73.8532
Dhankawadi	Maharashtra	411043	18.5789	73.8532
P.C.N.T.	Maharashtra	411044	18.5789	73.8532
Baner	Maharashtra	411045	18.5586	73.7794
Ambegaon BK	Maharashtra	411046	18.5789	73.8532
Lohogaon	Maharashtra	411047	18.5992	73.927
Khondhwa KH	Maharashtra	411048	18.5789	73.8532
Anandnagar (Pune)	Maharashtra	411051	18.6032	73.7626
Karvenagar	Maharashtra	411052	18.6032	73.7626
Wakad	Maharashtra	411057	18.6032	73.7626
Warje	Maharashtra	411058	18.6032	73.7626
Mohamadwadi	Maharashtra	411060	18.735	74.2538
Pimple Gurav	Maharashtra	411061	18.5893	73.8128
Chikhali	Maharashtra	411062	18.5716	74.07
Aundh (Pune)	Maharashtra	411067	18.735	74.2538
Nanded (Pune)	Maharashtra	411068	18.735	74.2538
Kiwale	Maharashtra	412101	18.6586	74.3585
Gulunche	Maharashtra	412102	18.6586	74.3585
Late	Maharashtra	412103	18.1296	74.3619
Rajuri	Maharashtra	412104	18.5716	74.07
Dhanore	Maharashtra	412105	18.5716	74.07
Khandi	Maharashtra	412106	18.5716	74.07
Mangaon	Maharashtra	412107	18.5716	74.07
Nandgaon	Maharashtra	412108	18.5716	74.07
Dehu	Maharashtra	412109	18.7185	73.7664
Kolwadi	Maharashtra	412110	18.5716	74.07
Dasve Lavasa	Maharashtra	412112	18.5716	74.07
Bhugaon	Maharashtra	412115	18.5716	74.07
Alandi Chorachi	Maharashtra	412201	18.4837	74.0265
Bori Aindi	Maharashtra	412202	18.5716	74.07
Pargaon	Maharashtra	412203	18.5613	74.3727
Babhurdi	Maharashtra	412204	18.2627	74.4223
Shindewadi	Maharashtra	412205	18.5716	74.07
Khanapur	Maharashtra	412206	18.5716	74.07
Walki	Maharashtra	412207	18.5716	74.07
Kasari	Maharashtra	412208	18.5716	74.07
Karanjawane	Maharashtra	412209	18.7537	74.2443
Golegaon	Maharashtra	412210	18.5716	74.07
Alegaon	Maharashtra	412211	18.6194	74.3342
Antroli	Maharashtra	412212	18.5716	74.07
Degaon	Maharashtra	412213	18.5716	74.07
Bhandgaon	Maharashtra	412214	18.5716	74.07
Kadethan	Maharashtra	412215	18.5716	74.07
Fulgaon	Maharashtra	412216	18.6457	74.0591
Chincholi	Maharashtra	412218	18.3333	74.7257
Kangaon	Maharashtra	412219	18.5716	74.07
Karegaon	Maharashtra	412220	18.7816	74.2987
Sonari	Maharashtra	412301	18.5716	74.07
Pimpri	Maharashtra	412303	18.6229	73.807
Morgaon	Maharashtra	412304	18.5796	74.4154
Harni	Maharashtra	412305	18.5716	74.07
Waki	Maharashtra	412306	18.5167	73.5167
Manjari BK	Maharashtra	412307	18.5796	74.4154
Phursungi	Maharashtra	412308	18.4727	73.978
Mandhar	Maharashtra	412311	18.5716	74.07
Veer	Maharashtra	412312	18.5796	74.4154
Savargaon	Maharashtra	412401	18.5716	74.07
Shirgaon	Maharashtra	412402	18.5716	74.07
Dhamari	Maharashtra	412403	18.8307	74.0537
Saygaon	Maharashtra	412404	18.9217	73.803
Avsari KH	Maharashtra	412405	19.1847	73.8803
Lakhangaon	Maharashtra	412406	19.1847	73.8803
Amondi	Maharashtra	412408	18.5716	74.07
Madh	Maharashtra	412409	19.3118	73.8424
Mangrul	Maharashtra	412410	18.5716	74.07
Rajuri	Maharashtra	412411	18.5716	74.07
Kandali	Maharashtra	412412	18.8867	74.1044
Naigaon	Maharashtra	412801	17.6661	74.1735
Kanheri	Maharashtra	412802	18.0555	73.9376
Chikhali	Maharashtra	412803	17.6661	74.1735
Kanur	Maharashtra	412804	17.6661	74.1735
Ranjani	Maharashtra	412805	17.6661	74.1735
Birwadi	Maharashtra	412806	17.8572	74.3576
Jawaharlal Nehru Vastigrah	Maharashtra	413001	17.792	75.4847
Degaon	Maharashtra	413002	17.792	75.4847
Gurunanak Nagar	Maharashtra	413003	17.792	75.4847
Indiranagar (Solapur)	Maharashtra	413004	17.792	75.4847
Daji Peth	Maharashtra	413005	17.792	75.4847
Kumbhari	Maharashtra	413006	17.6484	75.9936
Solapur City	Maharashtra	413007	17.792	75.4847
Takali	Maharashtra	413008	17.792	75.4847
Malewadi	Maharashtra	413101	17.792	75.4847
Tandulwadi	Maharashtra	413102	18.5716	74.07
Bhandgaon	Maharashtra	413103	18.5716	74.07
Bori	Maharashtra	413104	19.1167	74.1
Rajegaon	Maharashtra	413105	18.5716	74.07
Hingangaon	Maharashtra	413106	18.5716	74.07
Islampur	Maharashtra	413107	17.792	75.4847
Tambave	Maharashtra	413108	17.792	75.4847
Dahigaon	Maharashtra	413109	17.792	75.4847
Dhakale	Maharashtra	413110	18.5716	74.07
Mandave	Maharashtra	413111	17.792	75.4847
Borgaon	Maharashtra	413112	17.6494	76.3112
Nimgaon	Maharashtra	413113	17.792	75.4847
Shelgaon	Maharashtra	413114	18.5716	74.07
Malegaon BK	Maharashtra	413115	18.5716	74.07
Shivnagar	Maharashtra	413116	18.5716	74.07
Yeshwantnagar (Solapur)	Maharashtra	413118	17.792	75.4847
Kati	Maharashtra	413120	18.5716	74.07
Chincholi	Maharashtra	413130	18.3333	74.7257
Nhavi	Maharashtra	413132	18.5716	74.07
Katfal	Maharashtra	413133	18.3936	74.5945
Naigaon	Maharashtra	413201	19.2042	74.6779
Umrad	Maharashtra	413202	17.792	75.4847
Rajuri	Maharashtra	413203	18.336	75.0003
Rajuri	Maharashtra	413204	18.6843	75.3725
Pimparkhed	Maharashtra	413205	19.2042	74.6779
Sogaon	Maharashtra	413206	17.792	75.4847
Chikhali	Maharashtra	413207	18.9478	75.8395
Chincholi	Maharashtra	413208	17.6023	76.0546
Jamgaon	Maharashtra	413209	17.5667	75.7
Dahiwali	Maharashtra	413210	17.8985	76.087
Ghoti	Maharashtra	413211	17.792	75.4847
Adhegaon	Maharashtra	413212	17.8985	76.087
Yawali	Maharashtra	413213	18.4219	75.7196
Anagar	Maharashtra	413214	17.8736	75.6408
Aherwadi	Maharashtra	413215	17.8985	76.087
Kini	Maharashtra	413216	17.6842	76.2637
Nagore	Maharashtra	413217	17.4574	76.2932
Borgaon	Maharashtra	413218	17.6494	76.3112
Mangrul	Maharashtra	413219	17.4145	76.0143
Mugali	Maharashtra	413220	17.792	75.4847
Antroli	Maharashtra	413221	17.792	75.4847
Wadala	Maharashtra	413222	17.792	75.4847
Bhogewadi	Maharashtra	413223	18.1714	75.274
Kumathe	Maharashtra	413224	17.792	75.4847
Chungi	Maharashtra	413226	17.6623	76.2275
Gaudgaon	Maharashtra	413227	18.064	75.9695
Achegaon	Maharashtra	413228	17.5503	76.0653
Karegaon	Maharashtra	413229	18.9478	75.8395
Yeoti	Maharashtra	413248	17.792	75.4847
Loni	Maharashtra	413249	18.9578	74.8662
Tandulwadi	Maharashtra	413250	18.3187	75.1457
Ghoti	Maharashtra	413251	17.792	75.4847
Barloni	Maharashtra	413252	18.1617	75.4218
Ankoli	Maharashtra	413253	18.3187	75.1457
Kegaon	Maharashtra	413255	17.792	75.4847
Bavi	Maharashtra	413301	17.9302	75.366
Tulshi	Maharashtra	413302	17.866	75.2961
Ashti (Solapur)	Maharashtra	413303	17.8439	75.4103
Gopalpur	Maharashtra	413304	17.792	75.4847
Dongargaon	Maharashtra	413305	17.792	75.4847
Gardi	Maharashtra	413306	17.9232	74.8561
Chincholi	Maharashtra	413307	17.6023	76.0546
Balwadi	Maharashtra	413308	17.792	75.4847
Dongargaon	Maharashtra	413309	17.792	75.4847
Tandulwadi	Maharashtra	413310	17.7632	76.0855
Gaudwadi	Maharashtra	413314	18.1961	75.4188
Bhosa (K)	Maharashtra	413315	18.1961	75.4188
Khardi	Maharashtra	413317	17.5754	75.27
Shivangi	Maharashtra	413319	18.013	75.695
Hunnur	Maharashtra	413322	17.2979	75.4297
Khandali	Maharashtra	413324	17.792	75.4847
Deogaon	Maharashtra	413401	17.792	75.4847
Dhamangaon	Maharashtra	413402	17.792	75.4847
Bavi	Maharashtra	413403	17.792	75.4847
Nari	Maharashtra	413404	17.792	75.4847
Satephal	Maharashtra	413405	18.1896	76.0397
Bhalgaon	Maharashtra	413406	17.792	75.4847
Babhulgaon	Maharashtra	413409	17.792	75.4847
Manegaon	Maharashtra	413410	17.9901	75.6514
K.V.Nagar Barshi	Maharashtra	413411	17.9901	75.6514
Dahitane	Maharashtra	413412	17.9901	75.6514
Milly Colony	Maharashtra	413501	18.1896	76.0397
Loni	Maharashtra	413502	18.1896	76.0397
Pardi	Maharashtra	413503	18.1896	76.0397
Sawargaon	Maharashtra	413504	18.5709	76.1449
Kandari	Maharashtra	413505	18.1896	76.0397
Bamni	Maharashtra	413506	18.1896	76.0397
Govindpur	Maharashtra	413507	18.1896	76.0397
Khamgaon	Maharashtra	413508	18.1896	76.0397
Yeoti	Maharashtra	413509	18.1896	76.0397
Naigaon	Maharashtra	413510	18.1896	76.0397
Wagholi	Maharashtra	413511	18.2048	76.5738
Hatte Road Latur	Maharashtra	413512	18.6024	76.5881
Telgaon	Maharashtra	413513	18.3748	76.7617
Dhamangaon	Maharashtra	413514	18.1896	76.0397
Khandali	Maharashtra	413515	18.8089	76.8904
Mangrul	Maharashtra	413516	18.0324	76.5177
Loni	Maharashtra	413517	18.3748	76.7617
Shelgaon	Maharashtra	413518	18.1896	76.0397
Sangam	Maharashtra	413519	18.3748	76.7617
Bhada	Maharashtra	413520	18.2697	76.3889
Dhanora	Maharashtra	413521	18.1896	76.0397
Malegaon	Maharashtra	413522	18.0956	76.678
Dhanora	Maharashtra	413523	18.1896	76.0397
Thergaon	Maharashtra	413524	18.3681	76.7891
Ratnapur	Maharashtra	413525	18.1896	76.0397
Pargaon	Maharashtra	413526	18.1896	76.0397
Mahapur	Maharashtra	413527	18.1896	76.0397
Ranjani	Maharashtra	413528	18.5405	76.2616
Zari	Maharashtra	413529	18.1896	76.0397
Kelgaon	Maharashtra	413530	18.3748	76.7617
Gangapur	Maharashtra	413531	18.1896	76.0397
Mangrul	Maharashtra	413532	18.0324	76.5177
Nipani	Maharashtra	413534	18.1896	76.0397
Dhamangaon	Maharashtra	413544	18.1896	76.0397
Ashta	Maharashtra	413581	17.7991	76.3884
Chikhali	Maharashtra	413582	18.3748	76.7617
Kumbhari	Maharashtra	413601	17.922	76.0676
Nandgaon	Maharashtra	413602	18.1896	76.0397
Yeoti	Maharashtra	413603	18.1896	76.0397
Salegaon	Maharashtra	413604	17.9482	76.4731
Kothali	Maharashtra	413605	18.1896	76.0397
Diggi	Maharashtra	413606	17.7178	76.6733
Shiradhon	Maharashtra	413607	18.5157	76.1831
Lohara	Maharashtra	413608	17.993	76.3308
Deokurali	Maharashtra	413623	17.8859	75.9852
Kati	Maharashtra	413624	17.9614	75.889
Pedgaon	Maharashtra	413701	18.5119	74.7017
Rajapur	Maharashtra	413702	19.2042	74.6779
Suregaon	Maharashtra	413703	18.8579	74.5962
Dhamori	Maharashtra	413704	18.7833	75.0066
Tandulwadi	Maharashtra	413705	19.2042	74.6779
Kanadgaon	Maharashtra	413706	19.2042	74.6779
Naur	Maharashtra	413707	19.7681	74.6155
Wari	Maharashtra	413708	19.2042	74.6779
Gondhavani	Maharashtra	413709	19.4764	74.9423
Rampur	Maharashtra	413710	19.2042	74.6779
Songaon	Maharashtra	413711	19.2042	74.6779
Lohgaon	Maharashtra	413712	19.2042	74.6779
Loni Kd	Maharashtra	413713	19.2042	74.6779
Kokangaon	Maharashtra	413714	19.2042	74.6779
Ambi	Maharashtra	413715	19.2042	74.6779
Deolali Pravara	Maharashtra	413716	19.2042	74.6779
Karegaon	Maharashtra	413717	19.5639	75.2002
Malewadi	Maharashtra	413718	19.2042	74.6779
Wakadi	Maharashtra	413719	19.2042	74.6779
Khandala Nandur	Maharashtra	413720	19.2003	75.0508
Lakh	Maharashtra	413721	19.501	74.6854
Mulanagar	Maharashtra	413722	19.2003	75.0508
Gondegaon	Maharashtra	413723	19.2042	74.6779
Kamalpur	Maharashtra	413725	19.2042	74.6779
Limpangaon	Maharashtra	413726	19.2003	75.0508
Chikhali	Maharashtra	413728	18.8806	74.6948
Chinchpur BK	Maharashtra	413736	19.2042	74.6779
Rajuri	Maharashtra	413737	18.6843	75.3725
Shedgaon	Maharashtra	413738	19.2042	74.6779
Shirasgaon	Maharashtra	413739	19.2042	74.6779
Alegaon	Maharashtra	413801	18.6194	74.3342
Kurkumbh	Maharashtra	413802	18.4934	74.5484
Ahmednagar City	Maharashtra	414001	19.0512	75.1407
Shiradhon	Maharashtra	414002	19.2042	74.6779
Savedi Road	Maharashtra	414003	19.0512	75.1407
Chas	Maharashtra	414005	19.0346	74.6496
Khandala	Maharashtra	414006	19.2042	74.6779
Gundegaon	Maharashtra	414101	19.2042	74.6779
Akola	Maharashtra	414102	19.5424	74.0095
Jamgaon	Maharashtra	414103	19.0632	74.5208
Karajgaon	Maharashtra	414105	19.2042	74.6779
Karanji	Maharashtra	414106	19.1323	74.9931
MIRC	Maharashtra	414110	19.2042	74.6779
Nimblak	Maharashtra	414111	19.2076	74.6664
Bhalgaon	Maharashtra	414113	19.1017	75.4556
Bhatodi	Maharashtra	414201	19.0005	74.9178
Dhanora	Maharashtra	414202	19.0486	76.1386
Chikhali	Maharashtra	414203	18.9478	75.8395
Parner	Maharashtra	414204	18.9478	75.8395
Naigaon	Maharashtra	414205	18.9478	75.8395
Belgaon	Maharashtra	414208	18.9478	75.8395
Jategaon	Maharashtra	414301	19.2042	74.6779
Chincholi	Maharashtra	414302	19.2042	74.6779
Karandi	Maharashtra	414303	19.2042	74.6779
Palashi	Maharashtra	414304	19.2042	74.6779
Kalas	Maharashtra	414305	19.2042	74.6779
Gunore	Maharashtra	414306	18.96	74.2813
Dighi	Maharashtra	414401	19.2042	74.6779
Malangi	Maharashtra	414402	19.0052	74.5931
Jalalpur	Maharashtra	414403	19.2042	74.6779
Vagholi	Maharashtra	414501	19.2042	74.6779
Malegaon	Maharashtra	414502	19.2042	74.6779
Hatgaon	Maharashtra	414503	19.2042	74.6779
Balamtakali	Maharashtra	414504	19.2042	74.6779
Padali	Maharashtra	414505	19.2042	74.6779
Jeur (Ahmed Nagar)	Maharashtra	414601	19.2119	74.8051
Tamaswadi	Maharashtra	414602	19.2042	74.6779
Bhalgaon	Maharashtra	414603	19.1017	75.4556
Deogaon	Maharashtra	414604	19.2042	74.6779
Bhende SK	Maharashtra	414605	19.2042	74.6779
Chanda	Maharashtra	414606	19.2042	74.6779
Lohgaon	Maharashtra	414607	19.2042	74.6779
Bhanashivara	Maharashtra	414609	19.4851	74.9684
Kashti	Maharashtra	414701	18.5496	74.5815
Satara H.O	Maharashtra	415001	17.6661	74.1735
Songaon	Maharashtra	415002	18.0553	74.5306
Khed(Wadhe)	Maharashtra	415003	17.6661	74.1735
Gojegaon	Maharashtra	415004	17.6661	74.1735
Jalgaon	Maharashtra	415010	17.6661	74.1735
Arale	Maharashtra	415011	17.6661	74.1735
Medha	Maharashtra	415012	18.5463	76.2219
Parali	Maharashtra	415013	17.6661	74.1735
Pal	Maharashtra	415014	18.5463	76.2219
Nagewadi	Maharashtra	415015	17.6661	74.1735
Kameri	Maharashtra	415019	17.6661	74.1735
Saigaon	Maharashtra	415020	17.6661	74.1735
Hivare	Maharashtra	415021	17.6661	74.1735
Nune	Maharashtra	415022	17.6661	74.1735
Mahiamngad	Maharashtra	415023	17.6661	74.1735
Shirgaon	Maharashtra	415101	15.9533	74.209
Morale	Maharashtra	415102	17.4422	74.5502
Kumbhargaon	Maharashtra	415103	17.6661	74.1735
Dhondewadi	Maharashtra	415104	17.6931	74.4665
Wagheri	Maharashtra	415105	17.6931	74.4665
Antavadi	Maharashtra	415106	17.4018	74.2083
Nandgaon	Maharashtra	415107	17.6661	74.1735
Shere	Maharashtra	415108	17.6931	74.4665
Indoli	Maharashtra	415109	17.3706	74.1056
Karad H.O	Maharashtra	415110	17.6661	74.1735
Yeoti	Maharashtra	415111	17.6661	74.1735
Dhamni	Maharashtra	415112	17.6238	74.6742
Tambave	Maharashtra	415114	17.6661	74.1735
Shapur	Maharashtra	415115	17.6661	74.1735
Arvi	Maharashtra	415116	17.6661	74.1735
Chchegaon	Maharashtra	415122	17.6661	74.1735
Saidapur	Maharashtra	415124	17.6661	74.1735
Latwan	Maharashtra	415202	17.2734	73.4573
Tulshi	Maharashtra	415203	17.2734	73.4573
Nadoli	Maharashtra	415205	17.6661	74.1735
Bondri	Maharashtra	415206	17.6661	74.1735
Govare	Maharashtra	415207	17.3755	73.7305
Nigadi	Maharashtra	415208	17.2734	73.4573
Bahule	Maharashtra	415209	17.6661	74.1735
Daulat Nagar (Satara)	Maharashtra	415211	17.6661	74.1735
Marul Haveli	Maharashtra	415212	17.6661	74.1735
Chimbhave	Maharashtra	415213	18.5574	74.4986
Padve	Maharashtra	415214	17.2734	73.4573
Zare	Maharashtra	415301	17.1109	74.7832
Bhavaninagar (Sangli)	Maharashtra	415302	17.1109	74.7832
Ramapur	Maharashtra	415303	17.1109	74.7832
Nerli	Maharashtra	415304	17.1109	74.7832
Shivani	Maharashtra	415305	17.1109	74.7832
Banpuri	Maharashtra	415306	17.3506	74.865
Palashi	Maharashtra	415307	17.1109	74.7832
Pimpri Budruk	Maharashtra	415308	17.3414	74.7762
Bhood	Maharashtra	415309	17.3811	74.6447
Bhendavade	Maharashtra	415310	17.1177	74.6544
Dhavaleshwar	Maharashtra	415311	17.0392	74.6569
Vikhale	Maharashtra	415312	17.4319	74.6443
Takari	Maharashtra	415313	17.1177	74.6544
Awalai	Maharashtra	415315	17.1177	74.6544
Karve	Maharashtra	415401	17.1109	74.7832
Mangrul	Maharashtra	415402	17.1109	74.7832
Kameri	Maharashtra	415403	17.0078	74.2623
Kasegaon	Maharashtra	415404	17.1267	74.1864
Chincholi	Maharashtra	415405	17.1109	74.7832
Kalamwadi	Maharashtra	415406	17.0906	74.2246
Ozarde	Maharashtra	415407	17.1109	74.7832
Chikhali	Maharashtra	415408	17.1109	74.7832
Aitawade Khurd	Maharashtra	415409	17.05	74.2667
Bambavade	Maharashtra	415410	17.1009	74.1591
Tandulwadi	Maharashtra	415411	17.1109	74.7832
Kande	Maharashtra	415412	17.1109	74.7832
Borgaon (Sangli)	Maharashtra	415413	17.1109	74.7832
S S K Sakharale	Maharashtra	415414	17.1109	74.7832
Sonavade	Maharashtra	415415	17.1109	74.7832
Rui	Maharashtra	415501	17.6661	74.1735
Ner	Maharashtra	415502	17.6661	74.1735
Budh	Maharashtra	415503	17.7705	74.3305
Diskal Mol	Maharashtra	415504	17.6661	74.1735
Khatav	Maharashtra	415505	17.6661	74.1735
Padegaon	Maharashtra	415506	17.6661	74.1735
Padal	Maharashtra	415507	17.4586	74.6924
Pangari	Maharashtra	415508	17.6661	74.1735
Devapur	Maharashtra	415509	17.6661	74.1735
Jaigaon	Maharashtra	415510	17.6661	74.1735
Borgaon	Maharashtra	415511	17.6661	74.1735
Palashi	Maharashtra	415512	17.6661	74.1735
Asale	Maharashtra	415513	17.9876	74.5228
Songaon	Maharashtra	415514	18.0553	74.5306
Pande	Maharashtra	415515	17.6661	74.1735
Kavathe	Maharashtra	415516	17.9876	74.5228
Vele	Maharashtra	415517	17.9876	74.5228
Majgaon	Maharashtra	415518	17.5477	74.065
Atit	Maharashtra	415519	17.5299	74.068
Majgaon	Maharashtra	415520	17.5477	74.065
Hingangaon	Maharashtra	415521	17.9671	74.2164
Hol	Maharashtra	415522	17.6661	74.1735
Rajuri	Maharashtra	415523	17.6661	74.1735
Dahigaon	Maharashtra	415524	17.6661	74.1735
Naigaon	Maharashtra	415525	17.6661	74.1735
Loni	Maharashtra	415526	17.6661	74.1735
Loni	Maharashtra	415527	17.6661	74.1735
Nandal	Maharashtra	415528	17.6661	74.1735
Jamb (Kikali)	Maharashtra	415530	17.6661	74.1735
Chandak	Maharashtra	415536	17.6661	74.1735
Kapshi	Maharashtra	415537	17.6661	74.1735
Chitali	Maharashtra	415538	17.6661	74.1735
Agashivnagar	Maharashtra	415539	17.6661	74.1735
Gondawale BK	Maharashtra	415540	17.5	74.7044
Pophali	Maharashtra	415601	17.4359	73.6564
Mundhe	Maharashtra	415602	17.2734	73.4573
Alore	Maharashtra	415603	17.2734	73.4573
Kherdi	Maharashtra	415604	17.7614	73.2707
Dhamandevi	Maharashtra	415605	17.2734	73.4573
Mandki	Maharashtra	415606	17.2734	73.4573
Talavade	Maharashtra	415607	17.2734	73.4573
Ambav	Maharashtra	415608	17.2734	73.4573
Chikhali	Maharashtra	415609	17.2734	73.4573
Kalambaste	Maharashtra	415610	17.2734	73.4573
Dhamani	Maharashtra	415611	17.2734	73.4573
Karla	Maharashtra	415612	17.2734	73.4573
Padve	Maharashtra	415613	17.2734	73.4573
Jaigad	Maharashtra	415614	17.2734	73.4573
Malgund	Maharashtra	415615	17.1633	73.268
Chandor	Maharashtra	415616	17.2734	73.4573
Pirandavane	Maharashtra	415617	17.2734	73.4573
Velvand	Maharashtra	415619	17.2734	73.4573
Rai	Maharashtra	415620	17.2877	73.3626
Veral	Maharashtra	415621	17.2877	73.3626
Dorle	Maharashtra	415626	17.2877	73.3626
Shiral	Maharashtra	415628	17.5245	73.4341
Basani	Maharashtra	415629	17.0509	73.291
Anjanvel	Maharashtra	415634	17.551	73.1457
Parchuri	Maharashtra	415637	17.5686	73.2984
Pangari	Maharashtra	415639	17.7425	73.2869
Kashedi	Maharashtra	415640	17.8883	73.4305
Veer	Maharashtra	415641	17.336	73.5445
Panhale	Maharashtra	415643	16.7838	73.6585
Borgaon	Maharashtra	415701	17.2734	73.4573
Umroli	Maharashtra	415702	17.51	73.3236
Are	Maharashtra	415703	16.9653	73.5574
Adur (Ratnagiri)	Maharashtra	415705	17.4088	73.204
Dabhol	Maharashtra	415706	17.5897	73.18
Ayani	Maharashtra	415708	17.6214	73.45
Mandva	Maharashtra	415709	17.2734	73.4573
Dayal	Maharashtra	415710	17.7444	73.3201
Degaon	Maharashtra	415711	17.2734	73.4573
Jalgaon	Maharashtra	415712	17.7403	73.1909
Murud	Maharashtra	415713	17.7714	73.1197
Ade	Maharashtra	415714	17.8476	73.0908
Shirgaon	Maharashtra	415715	17.4468	73.6291
Visapur	Maharashtra	415716	17.2734	73.4573
Kelshi	Maharashtra	415717	17.9181	73.0636
Sakhar	Maharashtra	415718	17.2734	73.4573
Pangari	Maharashtra	415719	17.7425	73.2869
Karanjgaon	Maharashtra	415720	17.2734	73.4573
Songaon	Maharashtra	415722	17.2734	73.4573
Chikhali	Maharashtra	415724	17.2734	73.4573
Bhatgaon	Maharashtra	415726	17.2734	73.4573
Karji	Maharashtra	415727	17.6406	73.3797
Narvan	Maharashtra	415728	17.2734	73.4573
Sakhari Agar	Maharashtra	415729	17.2734	73.4573
Ambavali	Maharashtra	415730	17.2734	73.4573
Bhadkamba	Maharashtra	415801	16.9818	73.697
Kochari	Maharashtra	415802	17.2734	73.4573
Choravane	Maharashtra	415803	17.0464	73.3937
Kundi	Maharashtra	415804	17.2734	73.4573
Jaitapur	Maharashtra	415805	16.6275	73.366
Ambolgad	Maharashtra	415806	17.2734	73.4573
Devale	Maharashtra	415807	17.2734	73.4573
Kothali	Maharashtra	416001	16.4704	74.1612
Bhendegalli	Maharashtra	416002	16.4704	74.1612
Kolhapur H.O	Maharashtra	416003	16.4704	74.1612
Shivaji University	Maharashtra	416004	16.4704	74.1612
Uchgaon	Maharashtra	416005	16.4704	74.1612
Kasba Bavada	Maharashtra	416006	16.4704	74.1612
Kalamba	Maharashtra	416007	16.4704	74.1612
Pratibhanagar	Maharashtra	416008	16.4704	74.1612
Shingnapur	Maharashtra	416010	16.4704	74.1612
Washi	Maharashtra	416011	16.4704	74.1612
Babujamal	Maharashtra	416012	16.4704	74.1612
Girgaon	Maharashtra	416013	16.4704	74.1612
Kothali	Maharashtra	416101	16.4704	74.1612
Haroli	Maharashtra	416102	16.4704	74.1612
Shirol	Maharashtra	416103	16.7353	74.6025
Alas	Maharashtra	416104	16.4704	74.1612
Ganeshwadi (Kolhapur)	Maharashtra	416105	16.4704	74.1612
Rajapur	Maharashtra	416106	16.4704	74.1612
Danwad	Maharashtra	416107	16.4704	74.1612
Takali	Maharashtra	416108	16.4704	74.1612
Savarde	Maharashtra	416109	15.9769	74.2159
Nej	Maharashtra	416110	16.4704	74.1612
Kavathesar	Maharashtra	416111	16.8258	74.4375
Kini	Maharashtra	416112	15.9724	74.3722
Pargaon	Maharashtra	416113	16.4704	74.1612
Male	Maharashtra	416114	16.4704	74.1612
Ichalkaranji H.O	Maharashtra	416115	16.4704	74.1612
Ganganagar Ichalkaranji	Maharashtra	416116	16.4704	74.1612
Male	Maharashtra	416118	16.4704	74.1612
Chinchwad	Maharashtra	416119	16.4704	74.1612
Arjunwad	Maharashtra	416120	16.4704	74.1612
Shahapur	Maharashtra	416121	16.4704	74.1612
Nagaon	Maharashtra	416122	16.4704	74.1612
Rui	Maharashtra	416138	16.4704	74.1612
Lat	Maharashtra	416143	16.4704	74.1612
Akiwate Industrial Estate	Maharashtra	416144	16.4704	74.1612
Yadrav	Maharashtra	416146	16.4704	74.1612
Ambavade	Maharashtra	416201	16.8121	74.1101
Ingali	Maharashtra	416202	16.4704	74.1612
Hupari	Maharashtra	416203	16.4704	74.1612
Koparde	Maharashtra	416204	16.4704	74.1612
Majgaon	Maharashtra	416205	16.4704	74.1612
Tisangi	Maharashtra	416206	16.4704	74.1612
Nandgaon	Maharashtra	416207	16.4704	74.1612
Mudhal	Maharashtra	416208	16.4704	74.1612
Gangapur	Maharashtra	416209	16.4704	74.1612
Patgaon	Maharashtra	416210	16.127	73.9449
Shirgaon	Maharashtra	416211	15.9533	74.209
Padali	Maharashtra	416212	16.4704	74.1612
Thergaon	Maharashtra	416213	16.4704	74.1612
Kapshi	Maharashtra	416214	16.4704	74.1612
Shirala	Maharashtra	416215	16.4704	74.1612
Kagal	Maharashtra	416216	16.577	74.3154
Kasari	Maharashtra	416218	16.4704	74.1612
Sonali	Maharashtra	416219	16.396	74.1914
Dhamane	Maharashtra	416220	16.4704	74.1612
Bachani	Maharashtra	416221	16.3624	74.314
Kolwan	Maharashtra	416223	16.4704	74.1612
Chikhali	Maharashtra	416229	16.4462	74.3163
Nandgaon	Maharashtra	416230	16.4704	74.1612
Dudhganganagar	Maharashtra	416231	16.4704	74.1612
Bamani	Maharashtra	416232	16.4704	74.1612
Kaneri	Maharashtra	416234	16.4704	74.1612
Chikhali	Maharashtra	416235	16.4462	74.3163
5 Star MIDC Kagal	Maharashtra	416236	16.4704	74.1612
Ashte	Maharashtra	416301	17.7822	74.5273
Nagaon	Maharashtra	416302	17.1109	74.7832
Audumbar	Maharashtra	416303	16.9891	74.4679
Bisur	Maharashtra	416304	16.9074	74.5995
Digraj Kasaba	Maharashtra	416305	17.7822	74.5273
Kanchanpur	Maharashtra	416306	17.1109	74.7832
Kavathe Ekand	Maharashtra	416307	17.7822	74.5273
Amnapur	Maharashtra	416308	17.1109	74.7832
Ghogaon	Maharashtra	416309	17.119	74.4106
Rajapur	Maharashtra	416310	17.1109	74.7832
Anjani	Maharashtra	416311	17.1109	74.7832
Karanje	Maharashtra	416312	17.1109	74.7832
Nagthane	Maharashtra	416313	17.1109	74.7832
Padali	Maharashtra	416314	17.1109	74.7832
Dudhgaon	Maharashtra	416315	17.1109	74.7832
Ankalkhop	Maharashtra	416316	17.1109	74.7832
Shindewadi	Maharashtra	416401	17.1109	74.7832
Ankale	Maharashtra	416402	17.1109	74.7832
Kumbhari	Maharashtra	416403	17.1104	75.1169
Shegaon	Maharashtra	416404	17.1109	74.7832
Hingangaon	Maharashtra	416405	17.1109	74.7832
Madhavnagar	Maharashtra	416406	17.1109	74.7832
Malgaon	Maharashtra	416407	16.8667	74.7167
Gavan	Maharashtra	416408	17.1109	74.7832
Mhaisal	Maharashtra	416409	17.1109	74.7832
Brahmanpuri Miraj	Maharashtra	416410	17.1109	74.7832
Lonarwadi	Maharashtra	416411	17.1109	74.7832
Sankh	Maharashtra	416412	17.1109	74.7832
Girgaon	Maharashtra	416413	17.1109	74.7832
Kalambi	Maharashtra	416414	17.1109	74.7832
Haripur	Maharashtra	416415	17.7244	75.1264
Factory Area Sangli	Maharashtra	416416	16.8544	74.5642
Kavathe Piran	Maharashtra	416417	17.1109	74.7832
Kognoli	Maharashtra	416418	16.9067	74.8747
Borgaon	Maharashtra	416419	17.1109	74.7832
Soni	Maharashtra	416420	17.1109	74.7832
Bamnoli	Maharashtra	416436	17.1109	74.7832
Subhashnagar	Maharashtra	416437	17.1109	74.7832
Hebbal	Maharashtra	416501	16.0776	74.2914
Bhadgaon	Maharashtra	416502	16.4704	74.1612
Kanoli	Maharashtra	416503	16.5604	73.9522
Arjunwadi	Maharashtra	416504	16.0562	74.3274
Gavase	Maharashtra	416505	16.4704	74.1612
Basarge BK	Maharashtra	416506	16.167	74.4682
Karve	Maharashtra	416507	15.91	74.3432
Nittur	Maharashtra	416508	15.9877	74.3645
Ibrahimpur	Maharashtra	416509	16.4704	74.1612
Sawantwadi H.O	Maharashtra	416510	16.1323	73.7383
Morgaon	Maharashtra	416511	16.1323	73.7383
Maneri	Maharashtra	416512	15.7046	73.954
Aronda	Maharashtra	416513	16.1323	73.7383
Satarda	Maharashtra	416514	16.1323	73.7383
Tulas	Maharashtra	416515	16.1323	73.7383
Dabholi	Maharashtra	416516	16.4538	73.5128
Redi	Maharashtra	416517	16.1323	73.7383
Malgaon	Maharashtra	416518	16.1323	73.7383
Kolgaon	Maharashtra	416519	16.1323	73.7383
Sonavade	Maharashtra	416520	16.1323	73.7383
Digas	Maharashtra	416521	16.1323	73.7383
Pat	Maharashtra	416522	16.1323	73.7383
Bhogave	Maharashtra	416523	16.1323	73.7383
Chendavan	Maharashtra	416524	16.1323	73.7383
Nerur	Maharashtra	416525	15.9876	73.6452
Ainapur	Maharashtra	416526	16.4704	74.1612
Tillarinagar	Maharashtra	416527	16.4704	74.1612
Industrial Area Pinguli	Maharashtra	416528	15.9787	73.7047
Talavade	Maharashtra	416529	16.1323	73.7383
Kalmist	Maharashtra	416531	16.0889	73.6746
Talgaon	Maharashtra	416534	16.0889	73.6746
Ker	Maharashtra	416549	15.7887	74.0237
Amboli	Maharashtra	416550	15.9667	74.0108
Mugali	Maharashtra	416551	15.9161	74.1624
Ambewadi	Maharashtra	416552	16.4704	74.1612
Kurli	Maharashtra	416601	16.1323	73.7383
Nandgaon	Maharashtra	416602	16.1323	73.7383
Kasal	Maharashtra	416603	16.1567	73.6833
Varad	Maharashtra	416604	16.1323	73.7383
Amberi	Maharashtra	416605	16.1323	73.7383
Malvan H.O	Maharashtra	416606	16.1323	73.7383
Malgaon	Maharashtra	416608	16.1323	73.7383
Kumbhavade	Maharashtra	416609	16.1323	73.7383
Shirgaon	Maharashtra	416610	16.3762	73.5747
Talavade	Maharashtra	416611	16.1323	73.7383
Dabhole	Maharashtra	416612	15.7513	74.0498
Baparde	Maharashtra	416613	16.3762	73.5747
Gaudwadi	Maharashtra	416614	16.1323	73.7383
Mithbav	Maharashtra	416615	16.1323	73.7383
Budhavale	Maharashtra	416616	16.1323	73.7383
Shivdav	Maharashtra	416620	16.1323	73.7383
Mond	Maharashtra	416623	16.4177	73.4587
Kolamb	Maharashtra	416626	16.1323	73.7383
Kunde	Maharashtra	416628	16.1323	73.7383
Dahibav	Maharashtra	416630	16.1323	73.7383
Bharni	Maharashtra	416632	16.1323	73.7383
Vadgaon	Maharashtra	416701	17.2734	73.4573
Talgaon	Maharashtra	416702	17.2734	73.4573
Kharepatan	Maharashtra	416703	16.5584	73.6186
Talavade	Maharashtra	416704	17.2734	73.4573
Tiware	Maharashtra	416705	17.2734	73.4573
Adivare	Maharashtra	416707	17.2734	73.4573
Katali Sagave	Maharashtra	416709	17.2734	73.4573
Kot	Maharashtra	416712	17.2734	73.4573
Bhoo	Maharashtra	416713	17.2734	73.4573
Gavane	Maharashtra	416801	16.4923	73.3303
Mutat	Maharashtra	416803	16.4923	73.3303
Padel	Maharashtra	416804	16.1323	73.7383
Nadan	Maharashtra	416805	16.4615	73.3753
Girye	Maharashtra	416806	16.5545	73.3352
Tirlot	Maharashtra	416807	16.4923	73.3303
Khambale	Maharashtra	416810	16.1323	73.7383
Patgaon	Maharashtra	416811	16.1323	73.7383
Pandur	Maharashtra	416812	16.1323	73.7383
Kusur	Maharashtra	416813	16.1323	73.7383
Bhaji Market	Maharashtra	421002	19.36	73.3279
Ulhasnagar-4	Maharashtra	421004	19.36	73.3279
Ulhasnagar-5	Maharashtra	421005	19.36	73.3279
Padgha	Maharashtra	421101	19.3669	73.1758
Atali	Maharashtra	421102	19.2963	73.2276
Mamnoli	Maharashtra	421103	19.271	73.2902
Dombivali	Maharashtra	421201	19.2167	73.0833
Vishnunagar	Maharashtra	421202	19.267	73.0715
Dombivali I.A.	Maharashtra	421203	19.267	73.0715
Khoni	Maharashtra	421204	19.3173	73.0597
Kalyan City H.O	Maharashtra	421301	19.2166	73.2176
Anjur	Maharashtra	421302	19.2166	73.2176
Waki	Maharashtra	421303	19.36	73.3279
Vidyashram	Maharashtra	421305	19.2166	73.2176
Mangrul	Maharashtra	421306	19.1703	73.1563
Bhiwandi	Maharashtra	421308	19.3002	73.0588
Kon	Maharashtra	421311	19.36	73.3279
Uchat	Maharashtra	421312	19.36	73.3279
Talegaon	Maharashtra	421401	19.36	73.3279
Balegaon	Maharashtra	421402	19.36	73.3279
Malegaon	Maharashtra	421403	19.36	73.3279
Kansai	Maharashtra	421501	19.36	73.3279
O.E.Ambernath	Maharashtra	421502	19.36	73.3279
Chargaon	Maharashtra	421503	19.36	73.3279
Jambhul	Maharashtra	421505	19.36	73.3279
Additional Ambernath	Maharashtra	421506	19.36	73.3279
Shirgaon	Maharashtra	421601	19.36	73.3279
Shirol	Maharashtra	421602	19.36	73.3279
Birwadi	Maharashtra	421603	19.36	73.3279
Manda	Maharashtra	421605	19.36	73.3279
Budhwar Peth	Maharashtra	422001	20.2589	74.5521
Gole Colony	Maharashtra	422002	20.2589	74.5521
Adgaon	Maharashtra	422003	20.3255	74.1667
Pimpalnare	Maharashtra	422004	20.2798	74.0201
Bhonsala Military School	Maharashtra	422005	20.2589	74.5521
Wadala	Maharashtra	422006	20.3795	73.9848
Thangaon	Maharashtra	422007	20.1174	74.3984
Trimurti Chowk	Maharashtra	422008	20.2589	74.5521
Cidco Colony (Nashik)	Maharashtra	422009	20.2589	74.5521
Pathardi	Maharashtra	422010	20.2597	74.0726
Dwarka Corner	Maharashtra	422011	20.2597	74.0726
Ashok Nagar (Nashik)	Maharashtra	422012	20.2597	74.0726
Bhonsala	Maharashtra	422013	20.2597	74.0726
Idgaon Devlali	Maharashtra	422101	20.2597	74.0726
Chincholi	Maharashtra	422102	20.2922	74.1724
Manegaon	Maharashtra	422103	20.2597	74.0726
Pangari	Maharashtra	422104	20.2597	74.0726
Kotamgaon	Maharashtra	422105	20.1657	75.053
Musalgaon	Maharashtra	422112	20.2597	74.0726
Ind. Est. Malegaon Sinnar	Maharashtra	422113	20.2597	74.0726
Chandori	Maharashtra	422201	20.0225	74.0014
Pimparkhed	Maharashtra	422202	20.3082	74.7838
Malegaon	Maharashtra	422203	20.5497	74.5346
Dalpatpur	Maharashtra	422204	20.2597	74.0726
Rajapur	Maharashtra	422205	20.1716	74.6261
Ojhar	Maharashtra	422206	20.0947	73.9282
Amba	Maharashtra	422207	20.2597	74.0726
Karanjali	Maharashtra	422208	20.3927	73.7349
Mukhed	Maharashtra	422209	20.0157	74.322
Chatori	Maharashtra	422210	20.2597	74.0726
Borgaon	Maharashtra	422211	20.0701	74.445
Amboli	Maharashtra	422212	20.2597	74.0726
Anjneri	Maharashtra	422213	19.9678	73.6631
Deogaon	Maharashtra	422214	20.2597	74.0726
Vani	Maharashtra	422215	20.3316	73.8943
Ojhar A.F. Stn.	Maharashtra	422221	20.0296	73.7156
Gangapur	Maharashtra	422222	20.0296	73.7156
Pimpri	Maharashtra	422301	20.104	74.4027
Dixi	Maharashtra	422302	20.1591	74.3619
Shivare	Maharashtra	422303	20.0581	74.1171
Khadak Malegaon	Maharashtra	422304	20.1756	74.1683
Nandgaon	Maharashtra	422305	20.3068	74.655
Kotamgaon	Maharashtra	422306	20.1479	74.2055
Deopur	Maharashtra	422308	20.1338	74.0803
Devlali	Maharashtra	422401	20.2597	74.0726
Ghoti	Maharashtra	422402	19.7164	73.6282
Nandgaon	Maharashtra	422403	20.3068	74.655
Devlali Air Force	Maharashtra	422501	20.2597	74.0726
Sakur	Maharashtra	422502	20.5542	74.7897
Sangvi	Maharashtra	422601	19.2042	74.6779
Badgi	Maharashtra	422602	19.2042	74.6779
Dhandharphal	Maharashtra	422603	19.5325	74.119
Deogaon	Maharashtra	422604	19.2042	74.6779
Rajapur	Maharashtra	422605	19.2042	74.6779
Chas	Maharashtra	422606	20.2597	74.0726
Maldad	Maharashtra	422608	19.2042	74.6779
Pangari	Maharashtra	422610	19.2042	74.6779
Nimon	Maharashtra	422611	19.7109	74.1933
Ghargaon	Maharashtra	422620	18.7471	74.638
Sakur	Maharashtra	422622	19.3483	74.299
Mangrul	Maharashtra	423101	20.3237	74.2071
Devla	Maharashtra	423102	20.4612	74.1833
Raipur	Maharashtra	423104	20.2503	74.3482
Khadki	Maharashtra	423105	20.2597	74.0726
Nandgaon	Maharashtra	423106	20.3068	74.655
Kelwad	Maharashtra	423107	19.5959	74.4317
Talwade	Maharashtra	423108	20.6308	74.3751
Rui	Maharashtra	423109	19.2042	74.6779
Dongargaon	Maharashtra	423110	20.2597	74.0726
Pimpalnare	Maharashtra	423111	20.2798	74.0201
Hatti	Maharashtra	423117	20.3012	74.0774
Dabhadi	Maharashtra	423201	20.5498	74.4557
Pimpalgaon	Maharashtra	423202	20.5825	74.4351
Malegaon City	Maharashtra	423203	20.5499	74.5283
Tembhe	Maharashtra	423204	20.6859	74.3441
Zodga	Maharashtra	423205	20.6315	74.6235
Kashti	Maharashtra	423206	20.6224	74.4832
Nandgaon	Maharashtra	423208	20.3068	74.655
Malgaon	Maharashtra	423212	20.4544	74.641
Brahmangaon	Maharashtra	423213	20.5552	74.2947
Arai	Maharashtra	423301	20.5605	74.2298
Aliyabad	Maharashtra	423302	20.2597	74.0726
Tandulwadi	Maharashtra	423303	20.2597	74.0726
Bhatgaon	Maharashtra	423401	20.2732	74.1644
Saygaon	Maharashtra	423402	20.0121	74.5732
Rajapur	Maharashtra	423403	20.1716	74.6261
Manur	Maharashtra	423501	20.4829	74.0175
Ozar	Maharashtra	423502	20.0947	73.9282
Takali	Maharashtra	423601	19.1576	74.3817
Kumbhari	Maharashtra	423602	19.2042	74.6779
Shirasgaon	Maharashtra	423603	19.2042	74.6779
Chasnali	Maharashtra	423604	18.9333	74.3167
Sonewadi	Maharashtra	423605	19.8176	74.3963
Dhamori	Maharashtra	423607	19.2042	74.6779
Jategaon	Maharashtra	423701	20.247	75.5132
Dongaon	Maharashtra	423702	20.2284	75.1548
Dahegaon	Maharashtra	423703	20.3529	75.4149
Dhule Chaini Road	Maharashtra	424001	20.8361	74.71
Padalda	Maharashtra	424002	21.1102	74.6014
Agriculture College	Maharashtra	424004	20.8361	74.71
Nagaon	Maharashtra	424005	20.9708	74.7836
Arvi	Maharashtra	424006	20.747	74.7147
Chalisgaon Adarsha Nagar	Maharashtra	424101	20.5658	75.0922
Tandulwadi	Maharashtra	424102	20.9386	75.4882
Shindi	Maharashtra	424103	20.6766	75.1141
Neri	Maharashtra	424104	20.8484	75.6542
Pimparkhed	Maharashtra	424105	20.7473	75.2729
Dhamangaon	Maharashtra	424106	20.5966	74.947
Bahal	Maharashtra	424107	20.5928	75.0494
Hirapur	Maharashtra	424108	20.913	75.1666
Pimparkhed	Maharashtra	424109	20.3082	74.7838
Ganeshpur	Maharashtra	424119	20.3809	74.9505
Satgaon	Maharashtra	424201	20.5316	75.4106
Kurhad	Maharashtra	424202	20.6881	75.4708
Pimpalgaon	Maharashtra	424203	20.5833	75.4833
Kalamsare	Maharashtra	424204	20.6533	75.5769
Pahur	Maharashtra	424205	20.7085	75.683
Shahpur	Maharashtra	424206	20.9386	75.4882
Loni	Maharashtra	424207	21.2237	75.472
Deulgaon	Maharashtra	424208	20.6316	75.9881
Chinchkheda	Maharashtra	424301	20.8391	74.9347
Kheda	Maharashtra	424302	20.8876	74.5798
Ner	Maharashtra	424303	20.9429	74.5145
Dhamnar	Maharashtra	424304	20.9493	74.4169
Khori	Maharashtra	424305	21.1852	74.333
Degaon	Maharashtra	424306	21.1838	74.578
Lonkheda	Maharashtra	424307	21.0861	74.5197
Dhamangaon	Maharashtra	424308	20.7491	74.9394
Pimparkheda	Maharashtra	424309	21.1405	74.7944
Pratappur	Maharashtra	424310	20.9025	74.5708
Vinchur	Maharashtra	424311	21.1102	74.6014
Vani	Maharashtra	424318	21.3448	74.5865
Jalgaon Bazar	Maharashtra	425001	21.0011	75.6111
Dhamangaon	Maharashtra	425002	21.1158	75.5652
Chincholi	Maharashtra	425003	20.9428	75.6278
N M University Jalgaon	Maharashtra	425004	21.0011	75.6111
Asoda	Maharashtra	425101	21.0416	75.6076
Bholane	Maharashtra	425102	20.9109	74.9721
Dongaon	Maharashtra	425103	21.1976	75.558
Borkheda	Maharashtra	425104	21.0372	75.3868
Dhanora	Maharashtra	425105	21.0382	75.309
Mangrul	Maharashtra	425107	21.2133	75.3971
Kazipura	Maharashtra	425108	20.9386	75.4882
Bhatkheda	Maharashtra	425109	20.8126	75.4042
Adgaon	Maharashtra	425110	20.7787	75.292
Mangrul	Maharashtra	425111	20.825	75.1905
Toli	Maharashtra	425112	20.814	75.074
Bholane	Maharashtra	425113	20.9109	74.9721
Mohadi	Maharashtra	425114	20.9638	75.5314
Vadali	Maharashtra	425115	20.6273	75.757
Dahigaon	Maharashtra	425116	20.8298	75.4258
Sakegaon	Maharashtra	425201	21.0429	75.7393
Raipur	Maharashtra	425203	20.9386	75.4882
Dahigaon	Maharashtra	425301	21.2173	75.6547
Chincholi	Maharashtra	425302	20.9428	75.6278
Dhanora	Maharashtra	425303	21.2104	75.5177
Borkheda	Maharashtra	425304	21.2371	76.0564
Achegaon	Maharashtra	425305	20.973	75.9289
Naigaon	Maharashtra	425306	20.9386	75.4882
Deepnagar	Maharashtra	425307	21.0298	75.7957
Kahurkheda	Maharashtra	425308	21.0255	75.9684
Sunasgaon	Maharashtra	425309	21.0017	75.6971
Manur	Maharashtra	425310	20.9386	75.4882
Kinhi	Maharashtra	425311	20.6298	75.8629
Charthana	Maharashtra	425327	20.9386	75.4882
Shahpur	Maharashtra	425401	20.9386	75.4882
Kalamsare	Maharashtra	425402	21.1527	75.0216
Betawad	Maharashtra	425403	21.1765	74.9375
Kamkheda	Maharashtra	425404	21.2688	74.8833
Rohini	Maharashtra	425405	21.3894	75.0942
Patan	Maharashtra	425406	21.2774	74.7589
Salve	Maharashtra	425407	20.9618	74.6189
Malpur	Maharashtra	425408	21.2805	74.5115
Mubarakpur	Maharashtra	425409	21.6685	74.5412
Anarad	Maharashtra	425410	21.4334	74.5273
Chaupale	Maharashtra	425411	21.3829	74.4111
Dhanora	Maharashtra	425412	21.4392	74.0777
Pratappur	Maharashtra	425413	21.5808	74.1631
Chikhali	Maharashtra	425414	21.5503	74.2197
Akkalkuwa	Maharashtra	425415	21.2857	74.2573
Khadki	Maharashtra	425416	21.2358	74.0279
Gangapur	Maharashtra	425417	21.5874	74.0165
Raipur	Maharashtra	425418	21.0902	73.8272
Bamangaon	Maharashtra	425419	21.5503	74.2197
Nimbhora	Maharashtra	425420	21.1411	75.091
Babhalaj	Maharashtra	425421	21.2829	74.9714
Damarkheda	Maharashtra	425422	21.5167	74.3995
Jainagar	Maharashtra	425423	21.493	74.607
Dongargaon	Maharashtra	425424	21.5566	74.5253
Khanapur	Maharashtra	425426	21.1496	74.0524
Varul	Maharashtra	425427	21.2785	74.7008
Tembhe	Maharashtra	425428	21.5456	74.8712
Rampur	Maharashtra	425432	21.5621	74.0667
Lakhapur	Maharashtra	425442	21.6678	74.322
Vadgaon	Maharashtra	425444	21.6139	74.6685
Kathi	Maharashtra	425452	21.7829	74.0399
Gate	Maharashtra	425501	21.1406	75.9374
Savda	Maharashtra	425502	21.1505	75.8894
Hingona	Maharashtra	425503	21.1922	75.783
Lohare	Maharashtra	425504	21.2896	75.8979
Chinawal	Maharashtra	425505	21.2211	75.9346
Nimbhora	Maharashtra	425506	21.166	75.9656
Khirdi	Maharashtra	425507	21.0159	75.7178
Khanapur	Maharashtra	425508	21.2737	76.1174
Amoda	Maharashtra	425524	21.1489	75.8288
Aurangabad (MH) H.O	Maharashtra	431001	20.0291	75.2816
Padegaon	Maharashtra	431002	20.0291	75.2816
Cidco Colony (Aurangabad)	Maharashtra	431003	20.0291	75.2816
Begumpura	Maharashtra	431004	20.0291	75.2816
Aurangabad Railway Station	Maharashtra	431005	20.0291	75.2816
Chikalthana Industrial Area	Maharashtra	431006	20.0291	75.2816
Bhalgaon	Maharashtra	431007	20.0291	75.2816
Ganori	Maharashtra	431008	20.0447	75.3456
Garkheda	Maharashtra	431009	20.0291	75.2816
Satara Parisar	Maharashtra	431010	20.0291	75.2816
Kanchanwadi	Maharashtra	431011	20.0291	75.2816
Golegaon	Maharashtra	431101	20.0201	75.2691
Pimpri	Maharashtra	431102	20.1715	75.5757
Jaitapur	Maharashtra	431103	20.1275	75.107
Adgaon	Maharashtra	431104	20.1037	75.5551
Lohgaon	Maharashtra	431105	20.0291	75.2816
Paithan	Maharashtra	431107	19.4751	75.3856
Singhi	Maharashtra	431109	19.7304	75.5816
Bhendala	Maharashtra	431110	20.0291	75.2816
Dhamangaon	Maharashtra	431111	20.0648	75.4844
Mangrul	Maharashtra	431112	20.3717	75.6398
Talni	Maharashtra	431113	20.3914	75.5138
Babhulgaon	Maharashtra	431114	20.2478	75.8308
Manur	Maharashtra	431115	20.097	75.0007
Khandala	Maharashtra	431116	20.4775	75.6888
Balapur	Maharashtra	431117	20.4931	75.718
Jamthi	Maharashtra	431118	20.0291	75.2816
Jarandi	Maharashtra	431120	20.5645	75.5495
Dongaon	Maharashtra	431121	20.0314	75.9274
Court Road	Maharashtra	431122	18.9478	75.8395
Deogaon	Maharashtra	431123	18.9478	75.8395
Chondi	Maharashtra	431124	18.9478	75.8395
Chakarwadi	Maharashtra	431125	18.9478	75.8395
Morgaon	Maharashtra	431126	18.9478	75.8395
Jategaon	Maharashtra	431127	18.9478	75.8395
Umri	Maharashtra	431128	18.7472	76.0179
Rui	Maharashtra	431129	18.9478	75.8395
Umapur	Maharashtra	431130	19.2926	75.5969
Mangrul	Maharashtra	431131	19.1383	76.1095
Adgaon	Maharashtra	431132	20.4566	75.8243
Kasoda	Maharashtra	431133	20.0291	75.2816
Talegaon	Maharashtra	431134	20.077	75.6578
Kaigaon	Maharashtra	431135	20.1785	75.6307
Ghanegaon	Maharashtra	431136	20.0291	75.2816
Bihamandwa	Maharashtra	431137	20.0291	75.2816
Kesapuri Camp	Maharashtra	431142	18.9478	75.8395
Hirapur	Maharashtra	431143	18.9478	75.8395
Devala	Maharashtra	431144	18.9478	75.8395
Nagapur	Maharashtra	431147	20.38	75.2652
Katpur	Maharashtra	431148	20.0291	75.2816
Gondegaon	Maharashtra	431150	20.5616	75.3465
Andhari	Maharashtra	431151	20.5055	75.761
Sultanpur	Maharashtra	431152	20.0656	75.293
Pali	Maharashtra	431153	18.9192	75.7454
Karmad	Maharashtra	431154	19.867	75.5403
Shelgaon	Maharashtra	431202	19.8011	76.008
Ambika Market Jalna	Maharashtra	431203	19.6929	75.8818
Parner	Maharashtra	431204	19.8146	75.9833
Shahapur	Maharashtra	431205	19.4995	75.7488
Janephal	Maharashtra	431206	20.1036	75.7668
Karla	Maharashtra	431207	19.6951	76.0352
Akola	Maharashtra	431208	20.0963	75.9802
Bodkha BK	Maharashtra	431209	19.4886	75.9917
Mangrul	Maharashtra	431211	19.6024	76.3381
Gondi	Maharashtra	431212	19.8146	75.9833
Gondegaon	Maharashtra	431213	19.8146	75.9833
Ramnagar	Maharashtra	431214	19.8078	76.0384
Dongaon	Maharashtra	431215	20.0314	75.9274
Kranti Chowk-Parbhani	Maharashtra	431401	19.2695	76.6969
Lohgaon	Maharashtra	431402	19.1464	76.8033
Jaipur	Maharashtra	431501	19.8146	75.9833
Shelgaon	Maharashtra	431502	19.8011	76.008
Patoda	Maharashtra	431503	19.5648	76.4226
Talni	Maharashtra	431504	19.8818	76.4732
Karanji	Maharashtra	431505	19.3664	76.5014
Dongargaon	Maharashtra	431506	19.3589	76.2876
Loni	Maharashtra	431507	19.337	76.1932
Bori (Parbhani)	Maharashtra	431508	19.491	76.7318
Dhanora	Maharashtra	431509	19.0782	76.9593
Bamni	Maharashtra	431510	19.0932	76.8213
Gaur	Maharashtra	431511	19.1632	77.0825
Amba	Maharashtra	431512	19.6289	76.2098
Chincholi	Maharashtra	431513	19.6134	77.3436
Borda	Maharashtra	431514	18.8252	76.7357
Mandva	Maharashtra	431515	18.9478	75.8395
Shelgaon	Maharashtra	431516	19.2695	76.6969
Hatola	Maharashtra	431517	18.9478	75.8395
Naigaon	Maharashtra	431518	18.9478	75.8395
Ujani	Maharashtra	431519	18.9478	75.8395
Parli Tps	Maharashtra	431520	18.9478	75.8395
Umari	Maharashtra	431521	19.2695	76.6969
Talni	Maharashtra	431522	18.1896	76.0397
Dhanora	Maharashtra	431523	19.0486	76.1386
Nagapur	Maharashtra	431530	18.8809	76.4401
Tandulwadi	Maharashtra	431536	19.4656	76.6249
Pimpalgaon	Maharashtra	431537	19.407	76.6559
Nandapur	Maharashtra	431540	19.2695	76.6969
Mangrul	Maharashtra	431541	19.1669	76.5851
Jaipur	Maharashtra	431542	19.8822	76.7733
Millgate Nanded	Maharashtra	431601	19.1617	77.2144
Kapsi	Maharashtra	431602	19.0026	77.3826
Dhanegaon	Maharashtra	431603	19.1273	77.3371
Chauphala	Maharashtra	431604	19.1617	77.2144
Pimpalgaon	Maharashtra	431605	19.1172	77.2379
Vishnupuri	Maharashtra	431606	19.1124	77.289
Kandali	Maharashtra	431701	19.5458	77.3294
Nandapur	Maharashtra	431702	19.5973	77.2425
Babhulgaon	Maharashtra	431703	19.6453	77.106
Loni	Maharashtra	431704	19.7007	78.1593
Adgaon	Maharashtra	431705	19.6453	77.106
Umara	Maharashtra	431707	18.9676	77.3048
Dhanora	Maharashtra	431708	18.9628	77.1841
Dhanora	Maharashtra	431709	18.8259	77.3908
Bamni	Maharashtra	431710	18.8995	77.2764
Pimpalgaon	Maharashtra	431711	18.8369	77.7521
Sawargaon	Maharashtra	431712	18.9181	77.0376
Talegaon	Maharashtra	431713	19.1167	77.6247
Golegaon	Maharashtra	431714	18.8901	77.1396
Rui	Maharashtra	431715	18.7501	77.2797
Dapka Raja	Maharashtra	431716	18.6783	77.262
Khanapur	Maharashtra	431717	18.6001	77.5612
Sawali	Maharashtra	431718	18.8124	77.6994
Degaon	Maharashtra	431719	18.8866	77.5321
Kerwadi	Maharashtra	431720	18.9958	76.8948
Rui	Maharashtra	431721	19.8357	77.884
Sugaon	Maharashtra	431722	18.9291	77.4231
Alur	Maharashtra	431723	18.6404	77.6741
Golegaon	Maharashtra	431731	18.8423	77.5065
Adampur	Maharashtra	431736	18.6679	77.62
Loni	Maharashtra	431741	18.3871	77.4522
Digras	Maharashtra	431742	19.1973	77.3601
Rui	Maharashtra	431743	18.7501	77.2797
Wakad	Maharashtra	431745	19.1167	77.6247
Chikhali	Maharashtra	431746	19.1167	77.6247
Malegaon	Maharashtra	431750	19.2998	77.2699
Dhanora	Maharashtra	431801	19.1926	77.2093
Mangrul	Maharashtra	431802	18.9159	77.0766
Nandgaon	Maharashtra	431803	19.386	78.0597
Loni	Maharashtra	431804	19.7007	78.1593
Umari	Maharashtra	431805	19.1167	77.6247
Dongaon	Maharashtra	431806	18.7581	77.6225
Umari	Maharashtra	431807	19.1167	77.6247
Dhanora	Maharashtra	431808	18.7535	77.5075
Chincholi	Maharashtra	431809	19.0757	77.4104
Dhanora	Maharashtra	431810	18.9628	77.1841
Patoda	Maharashtra	431811	19.7837	78.2483
Bureau Of Mines	Maharashtra	440001	21.1365	79.0912
Nayapura	Maharashtra	440002	21.1365	79.0912
Ajni	Maharashtra	440003	21.1463	79.0849
Nagpur Airport	Maharashtra	440005	21.1365	79.0912
Seminary Hills	Maharashtra	440006	21.1365	79.0912
Vayusena Nagar	Maharashtra	440007	21.1365	79.0912
Bagadganj	Maharashtra	440008	21.1365	79.0912
Shankar Nagar	Maharashtra	440010	21.1555	79.0909
Congress Nagar (Nagpur)	Maharashtra	440012	21.1346	79.0823
Borgaon Road	Maharashtra	440013	21.1555	79.0909
Bezonbagh	Maharashtra	440014	21.1793	79.0923
Vivekanand Nagar	Maharashtra	440015	21.1555	79.0909
Indl.Area Nagpur	Maharashtra	440016	21.1555	79.0909
Panchsheel Nagar	Maharashtra	440017	21.1555	79.0909
Ganjipeth	Maharashtra	440018	21.1526	79.0981
C.R.P.F. Nagpur	Maharashtra	440019	21.1555	79.0909
Neeri	Maharashtra	440020	21.1562	79.0731
A.D. Project	Maharashtra	440021	21.1562	79.0731
Laxmi Nagar (Nagpur)	Maharashtra	440022	21.1562	79.0731
Dhamna	Maharashtra	440023	21.0458	79.1357
Hanuman Nagar	Maharashtra	440024	21.1562	79.0731
Khamla	Maharashtra	440025	21.108	79.0611
Khairi Akashwani	Maharashtra	440026	21.1562	79.0731
Parvati Nagar	Maharashtra	440027	21.1562	79.0731
Mankapur (Nagpur)	Maharashtra	440030	21.1272	79.0655
Mahal (Nagpur)	Maharashtra	440032	21.1431	79.1086
University Campus (Nagpur)	Maharashtra	440033	21.1272	79.0655
Mhalginagar	Maharashtra	440034	21.1272	79.0655
Kalmna Market Yard	Maharashtra	440035	21.1272	79.0655
Jaitala	Maharashtra	440036	21.1112	79.0224
BESA Road	Maharashtra	440037	21.1272	79.0655
Kamthi City SO	Maharashtra	441001	20.9823	79.5555
Badegaon	Maharashtra	441101	21.3704	79.0482
Tamaswadi	Maharashtra	441102	21.1769	79.088
Dudhala	Maharashtra	441103	20.8924	79.0336
Bhugaon	Maharashtra	441104	21.0899	79.3403
Khandala	Maharashtra	441105	21.3484	79.2254
Seoni	Maharashtra	441106	21.2223	79.5214
Malegaon	Maharashtra	441107	21.3569	78.9798
Dongargaon	Maharashtra	441108	21.0128	79.2318
Sillewara Project	Maharashtra	441109	21.2037	79.1318
Mohgaon	Maharashtra	441110	20.9613	79.0177
Gumthi	Maharashtra	441111	21.2677	79.043
Kelod	Maharashtra	441112	21.4609	78.8755
Waki	Maharashtra	441113	21.3633	79.0372
Gumgaon	Maharashtra	441122	21.0163	78.9987
Godhani	Maharashtra	441123	21.2204	79.0611
Jaoli	Maharashtra	441201	21.1769	79.088
Silli	Maharashtra	441202	20.9943	79.3628
Bhagwanpur	Maharashtra	441203	20.6543	79.339
Pipla	Maharashtra	441204	21.0812	79.1208
Pardi	Maharashtra	441205	20.5914	79.4581
Pimpalgaon	Maharashtra	441206	19.7729	79.1713
Chikhli	Maharashtra	441207	20.1524	79.6896
Deulgaon	Maharashtra	441208	19.7855	80.2413
Ramgarh	Maharashtra	441209	20.6015	80.3412
Channa	Maharashtra	441210	20.9938	79.5228
Chikhali	Maharashtra	441212	20.1186	79.4443
Mahalgaon	Maharashtra	441214	20.676	79.2307
Nimgaon	Maharashtra	441215	20.1763	79.9019
Manapur	Maharashtra	441217	20.4281	80.1961
Govindpur	Maharashtra	441221	20.2278	79.7025
Kinhi	Maharashtra	441222	20.2633	79.6525
Nandgaon	Maharashtra	441223	20.3767	79.6322
Borda	Maharashtra	441224	20.0155	79.4324
Kapsi	Maharashtra	441225	20.0734	79.9367
Nandgaon	Maharashtra	441226	20.3767	79.6322
Kharbadi	Maharashtra	441301	21.3783	78.3554
Khangaon	Maharashtra	441302	21.3025	78.5458
Khairgaon	Maharashtra	441303	21.4424	78.4473
Belona	Maharashtra	441304	21.4874	78.4819
Rohna	Maharashtra	441305	21.347	78.4798
Sawargaon	Maharashtra	441306	21.3973	78.6333
Borda	Maharashtra	441401	21.2761	79.2602
Gondegaon	Maharashtra	441404	21.2604	79.2062
Ghorad	Maharashtra	441501	21.2512	78.8816
Kohli	Maharashtra	441502	21.2649	78.8109
Nagra	Maharashtra	441601	21.4957	80.2088
Dongargaon	Maharashtra	441614	21.3708	79.9925
Bakti	Maharashtra	441701	20.9122	80.0127
Pratapgarh	Maharashtra	441702	20.7911	80.0904
Hirapur	Maharashtra	441801	21.3118	80.1302
Khandala	Maharashtra	441802	21.0204	79.9658
Bhagdi	Maharashtra	441803	20.7251	79.8446
Gadegaon	Maharashtra	441804	21.1101	79.7675
Barwa	Maharashtra	441805	20.8519	79.8576
Chikhali	Maharashtra	441806	21.1667	80.2207
Bamni	Maharashtra	441807	21.1667	80.2207
Kanheri	Maharashtra	441809	21.1101	79.7675
Borgaon	Maharashtra	441901	21.3696	80.1346
Lohara	Maharashtra	441902	21.1784	80.3859
Pimpalgaon Nipani	Maharashtra	441903	21.1101	79.7675
Bhandara H.O	Maharashtra	441904	21.1603	79.9272
Mandvi	Maharashtra	441905	21.1101	79.7675
Shahpur	Maharashtra	441906	21.1574	79.5687
Ashti	Maharashtra	441907	21.585	79.7348
Sarandi	Maharashtra	441908	20.8111	79.8015
Dongargaon	Maharashtra	441909	21.3424	79.6599
Pauni	Maharashtra	441910	20.7923	79.6364
Chikhali	Maharashtra	441911	21.1667	80.2207
Khapa	Maharashtra	441912	21.3642	79.718
Madgi	Maharashtra	441913	21.3408	79.7846
Jamb	Maharashtra	441914	21.3928	79.5794
Bapera	Maharashtra	441915	21.4156	79.6602
Lohara	Maharashtra	441916	21.2455	80.4745
Manegaon	Maharashtra	441924	21.079	79.6349
Akoli	Maharashtra	442001	20.8675	78.5872
Cotton Market	Maharashtra	442003	20.7664	78.7001
Shirpur	Maharashtra	442101	21.1773	78.1491
Kopra	Maharashtra	442102	20.6021	78.8801
Hingani	Maharashtra	442104	20.7964	78.5882
Sindi	Maharashtra	442105	20.7424	78.5871
Pimpalkhuta	Maharashtra	442106	20.7964	78.5882
Sawangi Meghe	Maharashtra	442107	20.6163	78.5359
Paunar	Maharashtra	442111	20.7811	78.6703
Jamalpur	Maharashtra	442201	21.1579	78.1491
Khadki	Maharashtra	442202	21.0314	78.1998
Chincholi	Maharashtra	442203	21.1999	78.0997
Dongargaon	Maharashtra	442301	20.9096	78.6862
Chincholi	Maharashtra	442302	20.7548	78.282
Pulgaon Camp	Maharashtra	442303	20.6637	78.5308
Bhankheda	Maharashtra	442304	20.7964	78.5882
Girad	Maharashtra	442305	20.7964	78.5882
Rohini	Maharashtra	442306	20.7964	78.5882
Pimpri	Maharashtra	442307	20.7964	78.5882
Chandrapur H.O	Maharashtra	442401	20.1448	79.0792
Marda	Maharashtra	442402	20.2301	78.946
Junona	Maharashtra	442403	20.1186	79.4443
Durgapur	Maharashtra	442404	20.0054	79.3027
Padoli	Maharashtra	442406	19.9997	79.2623
Chandrapur Ord Fact	Maharashtra	442501	19.5351	79.6099
Cementnagar	Maharashtra	442502	19.5351	79.6099
Patala	Maharashtra	442503	20.1288	79.0034
Narayanpur	Maharashtra	442504	19.8477	79.9379
Shengaon	Maharashtra	442505	19.9492	79.1535
H.L.C.	Maharashtra	442507	19.5351	79.6099
Sonapur	Maharashtra	442603	19.8972	79.8784
Ghot	Maharashtra	442604	19.8202	79.9866
Bamni	Maharashtra	442605	19.7386	79.8316
Dhanora	Maharashtra	442606	20.2704	80.3101
Kothari	Maharashtra	442701	19.7918	79.4929
Borgaon	Maharashtra	442702	19.7665	79.6695
Govindpur	Maharashtra	442703	19.7855	80.2413
Gatta	Maharashtra	442704	19.7017	80.0311
Bori	Maharashtra	442705	19.5022	79.9432
Jairampur	Maharashtra	442707	19.6104	79.9192
Marpalli	Maharashtra	442709	19.5209	79.8693
Kandoli	Maharashtra	442710	19.4182	80.4776
Ballarpur Paper Mill	Maharashtra	442901	20.2906	79.2365
Bhadrawati	Maharashtra	442902	20.3695	79.1046
Hirapur	Maharashtra	442903	20.6234	79.5227
Sawargaon	Maharashtra	442904	20.5058	79.4276
Chincholi	Maharashtra	442905	20.1186	79.4443
Ashta	Maharashtra	442906	20.312	79.2297
Dongargaon	Maharashtra	442907	20.2092	79.0863
Nandgaon	Maharashtra	442908	19.8427	79.1972
Salori	Maharashtra	442914	20.3125	79.0769
Pardi	Maharashtra	442916	20.249	78.8788
Antargaon	Maharashtra	442917	20.342	79.6093
Kelzar	Maharashtra	442918	19.9813	79.57
Kalinagar	Maharashtra	442919	19.7118	79.9526
Buldana H.O	Maharashtra	443001	20.3394	75.9568
Raipur	Maharashtra	443002	20.3891	76.1504
Nipana	Maharashtra	443101	20.5117	76.409
Talni	Maharashtra	443102	20.7699	76.1769
Khaira	Maharashtra	443103	20.7366	76.322
Dhamangaon Badhe	Maharashtra	443104	20.9255	76.2918
Dhamangaon	Maharashtra	443106	20.421	75.9478
Chikhali	Maharashtra	443112	20.5117	76.409
Dahigaon	Maharashtra	443201	20.8133	76.0495
Bibi	Maharashtra	443202	20.0212	76.3755
Hiwarkhed	Maharashtra	443203	20.5117	76.409
Umbarkhed	Maharashtra	443204	20.5117	76.409
Aland	Maharashtra	443206	20.8462	76.1117
Anjani	Maharashtra	443301	20.2009	76.6321
Sultanpur	Maharashtra	443302	20.087	76.5187
Dongaon	Maharashtra	443303	20.1851	76.7223
Janephal	Maharashtra	443304	20.2965	76.5757
Changephal	Maharashtra	443308	19.9162	76.3442
Dighi	Maharashtra	443401	20.8638	76.3342
Sawargaon	Maharashtra	443402	20.7966	76.1342
Khandvi	Maharashtra	443403	20.9449	76.4253
Malegaon	Maharashtra	443404	20.7871	76.4284
Akola H.O	Maharashtra	444001	20.7494	77.054
Akola City	Maharashtra	444002	20.7494	77.054
Wadad	Maharashtra	444003	20.7494	77.054
Malkapur	Maharashtra	444004	20.2401	77.2205
Umari	Maharashtra	444005	20.7494	77.054
Agar	Maharashtra	444006	20.7494	77.054
Deori	Maharashtra	444101	21.0033	77.0138
Deoli	Maharashtra	444102	20.7494	77.054
Khandala	Maharashtra	444103	20.5952	77.395
Dongargaon	Maharashtra	444104	20.696	77.0981
Jamb	Maharashtra	444105	20.4785	77.5408
Kurum	Maharashtra	444106	20.2401	77.2205
Mahagaon	Maharashtra	444107	20.5201	77.255
Dahigaon	Maharashtra	444108	20.7639	77.1946
Khandala	Maharashtra	444109	20.5952	77.395
Ladegaon	Maharashtra	444110	20.6323	77.5376
Rail	Maharashtra	444111	20.6111	77.116
Balegaon	Maharashtra	444117	21.0311	77.0325
Adgaon Bk	Maharashtra	444126	20.7494	77.054
Kodri	Maharashtra	444201	20.5117	76.409
Bodkha	Maharashtra	444202	20.5117	76.409
Kherda	Maharashtra	444203	20.9017	76.3301
Sonala	Maharashtra	444204	21.1236	76.7415
Amdapur	Maharashtra	444301	20.4082	76.4442
Balapur	Maharashtra	444302	20.6622	77.3612
Ganeshpur	Maharashtra	444303	20.5117	76.409
Matergaon	Maharashtra	444304	20.8531	76.5618
Ghanegaon	Maharashtra	444306	20.7418	76.4428
Dongargaon	Maharashtra	444311	20.696	77.0981
Amboda	Maharashtra	444312	20.5117	76.409
Alanda	Maharashtra	444401	20.6153	77.0682
Pedgaon	Maharashtra	444402	20.7494	77.054
Dabha	Maharashtra	444403	20.2704	77.3603
Umari	Maharashtra	444404	20.2401	77.2205
Kothali	Maharashtra	444405	20.4627	77.1326
Bhendi Mahal	Maharashtra	444407	20.5791	77.2425
Arak	Maharashtra	444409	20.3016	77.2761
Khanapur	Maharashtra	444501	20.7902	77.023
Degaon	Maharashtra	444502	20.7494	77.054
Malegaon	Maharashtra	444503	20.1817	77.1885
Karanji	Maharashtra	444504	20.1659	77.0042
Karli	Maharashtra	444505	20.2563	77.1614
Mahagaon	Maharashtra	444506	20.5304	77.3524
Jaipur	Maharashtra	444507	20.546	77.4806
Chikhali	Maharashtra	444510	20.2401	77.2205
Alegaon	Maharashtra	444511	20.4021	76.8416
Ambapeth	Maharashtra	444601	20.9142	77.7597
Kathora	Maharashtra	444602	21.1886	77.5724
Shivaji Nagar (Amravati)	Maharashtra	444603	21.1886	77.5724
V.M.V. (Amravati)	Maharashtra	444604	21.1886	77.5724
H. V. Nagar	Maharashtra	444605	21.1886	77.5724
Congress Nagar (Amravati)	Maharashtra	444606	21.1886	77.5724
Sai Nagar	Maharashtra	444607	21.1886	77.5724
Dahigaon	Maharashtra	444701	20.7933	77.6259
Mandwa	Maharashtra	444702	21.1886	77.5724
Borala	Maharashtra	444704	20.9511	77.4468
Karla	Maharashtra	444705	20.9066	77.9448
Antargaon	Maharashtra	444706	21.0138	77.2977
Dhamangaon	Maharashtra	444707	21.2239	77.8941
Bori	Maharashtra	444708	20.6746	77.9428
Deogaon	Maharashtra	444709	21.2076	77.3093
Wadhona	Maharashtra	444710	21.1432	77.5294
Dighi	Maharashtra	444711	20.7507	77.8828
Jamli	Maharashtra	444717	21.3362	77.2613
Dabka	Maharashtra	444719	21.4782	77.3147
Surali	Maharashtra	444720	21.3312	77.7806
Pimpri	Maharashtra	444723	21.3624	77.8668
Ashti	Maharashtra	444801	21.0557	77.6439
Amla	Maharashtra	444802	21.0188	77.7285
Daryapur	Maharashtra	444803	20.9249	77.3264
Khairi	Maharashtra	444804	21.1271	77.534
Chhota Bazar	Maharashtra	444805	21.132	77.559
Narayanpur	Maharashtra	444806	21.0157	77.397
Motha	Maharashtra	444807	21.4001	77.3728
Sonapur	Maharashtra	444808	21.2886	77.3382
Kurha	Maharashtra	444809	21.2944	77.6374
Sirasgaon Kasba	Maharashtra	444810	21.1886	77.5724
Raipur	Maharashtra	444813	21.5816	77.2675
Adgaon	Maharashtra	444901	21.1522	77.2323
Gurukunj Ashram	Maharashtra	444902	21.1886	77.5724
Satargaon	Maharashtra	444903	21.1237	78.0704
Karla	Maharashtra	444904	20.9066	77.9448
Khanapur	Maharashtra	444905	21.314	77.95
Loni	Maharashtra	444906	21.3764	78.1862
Satnoor	Maharashtra	444907	21.1347	78.1034
Bargaon	Maharashtra	444908	21.441	78.1328
Yawali	Maharashtra	444915	21.1347	78.1034
Moha	Maharashtra	445001	20.0845	78.1628
Borgaon	Maharashtra	445002	20.3783	77.9598
Dighi	Maharashtra	445101	20.0845	78.1628
Bangaon	Maharashtra	445102	20.4408	77.7938
Dabhadi	Maharashtra	445103	19.9241	78.7471
Loni	Maharashtra	445105	20.5322	77.8599
Palsi	Maharashtra	445106	19.6507	77.6048
Talni	Maharashtra	445109	20.0925	78.1446
Gondegaon	Maharashtra	445110	20.2803	77.8024
Chikani	Maharashtra	445201	19.9283	77.5185
Karajgaon	Maharashtra	445202	20.3592	77.6375
Kandali	Maharashtra	445203	20.2376	77.7356
Bansi	Maharashtra	445204	19.9945	77.5368
Sawana	Maharashtra	445205	19.9019	77.6197
Brahmangaon	Maharashtra	445206	20.0276	77.411
Krishnapur	Maharashtra	445207	19.6011	77.8163
Issapur	Maharashtra	445209	20.0023	77.6301
Adegaon	Maharashtra	445210	19.7958	78.898
Palsi	Maharashtra	445211	19.6507	77.6048
Dongargaon	Maharashtra	445215	19.8144	77.6637
P.N.C. Pusad	Maharashtra	445216	20.0172	77.9071
Kurli	Maharashtra	445230	19.6614	77.9338
Ghoti	Maharashtra	445301	20.0163	78.2054
Karanji	Maharashtra	445302	20.1358	78.6186
Mardi	Maharashtra	445303	20.1954	78.8427
Borda	Maharashtra	445304	20.0021	78.8284
Arali	Maharashtra	445305	19.9353	78.5353
Jamb	Maharashtra	445306	19.983	78.4018
Kurai	Maharashtra	445307	19.8537	78.9984
Khairi	Maharashtra	445308	20.3774	78.2668
Loni	Maharashtra	445323	20.2654	78.5427
Dhanora	Maharashtra	445324	20.3752	78.6589
Sawargaon	Maharashtra	445401	19.7813	77.4993
Dhanora	Maharashtra	445402	20.3536	78.1674
Dongargaon	Madhya Pradesh	450001	21.6267	76.3711
Bhagwanpura	Madhya Pradesh	450051	22.0861	76.3344
Bhagwanpura	Madhya Pradesh	450110	22.0982	76.5744
Mundi	Madhya Pradesh	450112	22.0669	76.4933
Punasa	Madhya Pradesh	450114	22.2351	76.3934
Jaitapur	Madhya Pradesh	450116	22.0995	76.71
Kotha	Madhya Pradesh	450117	21.7651	76.7493
Narmada Nagar (East Nimar)	Madhya Pradesh	450119	22.0598	76.5164
Bhatkheda	Madhya Pradesh	450221	21.5446	76.395
Loni	Madhya Pradesh	450331	21.2863	76.1681
Pipalpani	Madhya Pradesh	450332	21.3721	76.3702
Rustampur	Madhya Pradesh	450337	21.9362	76.5714
Dhamangaon	Madhya Pradesh	450445	21.1727	76.2133
Malgaon	Madhya Pradesh	450551	21.8617	76.2533
Bhagawa	Madhya Pradesh	450554	21.9362	76.5714
Kharwa	Madhya Pradesh	450661	21.7581	76.189
Barud	Madhya Pradesh	450771	21.9362	76.5714
Piplod	Madhya Pradesh	450881	21.6585	76.5316
Rohini	Madhya Pradesh	450991	21.9362	76.5714
Badgaon	Madhya Pradesh	451001	21.8874	76.5647
Hirapur	Madhya Pradesh	451111	21.8215	75.7946
Badgaon	Madhya Pradesh	451113	21.9035	75.8536
Ratanpur	Madhya Pradesh	451115	22.2299	75.9954
Vani	Madhya Pradesh	451220	22.098	74.6256
Thangaon	Madhya Pradesh	451221	22.2474	76.1892
Ashapur	Madhya Pradesh	451224	21.984	75.7294
Nandra	Madhya Pradesh	451225	22.2093	75.7612
Badi	Madhya Pradesh	451228	21.9709	75.8724
Behrampur	Madhya Pradesh	451331	21.9148	76.142
Ratanpur	Madhya Pradesh	451332	21.9595	75.7254
Mohammadpur	Madhya Pradesh	451335	23.0629	76.751
Nandgaon	Madhya Pradesh	451440	22.1725	76.0293
Bhagwanpur	Madhya Pradesh	451441	21.6049	75.7265
Dongargaon	Madhya Pradesh	451442	22.0582	76.2674
Badgaon	Madhya Pradesh	451447	21.9792	75.1837
Khajuri	Madhya Pradesh	451449	21.9695	75.2665
Piplaj	Madhya Pradesh	451551	22.0496	74.9547
Barda	Madhya Pradesh	451556	21.7874	75.0213
Deola	Madhya Pradesh	451660	21.7874	75.0213
Dhanora	Madhya Pradesh	451666	21.6292	75.233
Junapani	Madhya Pradesh	451770	21.6904	74.6942
Jahur	Madhya Pradesh	451881	21.6834	74.6537
Indore CGO Complex	Madhya Pradesh	452001	22.7233	75.87
Indore City-2	Madhya Pradesh	452002	22.7334	75.8422
Bhagirath Pura	Madhya Pradesh	452003	22.7334	75.8422
Bijasan Road	Madhya Pradesh	452005	22.7435	75.8145
Army Head Quarter	Madhya Pradesh	452006	22.7334	75.8422
Gurunanak Chauk	Madhya Pradesh	452007	22.7334	75.8422
Lokmanya Nagar Indore	Madhya Pradesh	452009	22.7334	75.8422
Vijay Nagar	Madhya Pradesh	452010	22.7069	75.9552
Indore R.S.S.Nagar	Madhya Pradesh	452011	22.7069	75.9552
Rajendra Nagar (Indore)	Madhya Pradesh	452012	22.7069	75.9552
Indore Cat	Madhya Pradesh	452013	22.7069	75.9552
Khatiwala Tank	Madhya Pradesh	452014	22.7069	75.9552
Indore Kumar Khadi	Madhya Pradesh	452015	22.7069	75.9552
Dudhia	Madhya Pradesh	452016	22.713	75.7822
Indore Tillaknagar	Madhya Pradesh	452018	22.7069	75.9552
Palda	Madhya Pradesh	452020	22.68	75.8939
Aurangpura	Madhya Pradesh	453001	22.7102	75.7072
Bhagana	Madhya Pradesh	453111	22.8105	75.7585
Gandhinagar (Indore)	Madhya Pradesh	453112	22.7426	75.7941
Neori	Madhya Pradesh	453115	22.8353	75.5919
Bachhoda	Madhya Pradesh	453220	22.713	75.7822
Umaria	Madhya Pradesh	453331	22.713	75.7822
Dongargaon	Madhya Pradesh	453441	22.5432	75.7416
Rasalpura	Madhya Pradesh	453446	22.5828	75.7859
Rajoda	Madhya Pradesh	453551	22.9061	75.8371
Simrol	Madhya Pradesh	453552	22.5387	75.9111
Shri Aurobindo	Madhya Pradesh	453555	22.861	75.8422
IIM CAMPUS RAO	Madhya Pradesh	453556	22.861	75.8422
Hasalpur	Madhya Pradesh	453661	22.4879	75.6333
Lasudia	Madhya Pradesh	453771	22.8218	75.956
Sultanpur	Madhya Pradesh	454001	22.4974	75.1041
Sarai	Madhya Pradesh	454010	22.4974	75.1041
Barkheda	Madhya Pradesh	454111	22.4974	75.1041
Bhangarh	Madhya Pradesh	454116	22.4974	75.1041
Tanda	Madhya Pradesh	454221	22.5023	74.8559
Loni	Madhya Pradesh	454331	22.1909	74.81
Sirsi	Madhya Pradesh	454335	22.1244	74.9509
Hatod	Madhya Pradesh	454441	22.4974	75.1041
Pipli	Madhya Pradesh	454446	22.2525	74.9553
Pagara	Madhya Pradesh	454449	22.4974	75.1041
Tarapur	Madhya Pradesh	454552	22.6273	75.6773
Kheda	Madhya Pradesh	454660	22.0873	74.9134
Shergarh	Madhya Pradesh	454665	22.4974	75.1041
Badchapra	Madhya Pradesh	454773	22.5929	75.6712
Khandwa	Madhya Pradesh	454774	22.5839	75.646
Pithampur	Madhya Pradesh	454775	22.602	75.6965
Nipania	Madhya Pradesh	455001	23.1304	76.1916
Nagda	Madhya Pradesh	455111	22.9102	76.0451
Anwalia Piplia	Madhya Pradesh	455115	22.8314	76.0984
Nandal	Madhya Pradesh	455116	23.1379	76.4063
Daulatpur	Madhya Pradesh	455118	22.9693	76.4215
Karnawad	Madhya Pradesh	455221	22.8004	76.2867
Deogarh	Madhya Pradesh	455223	22.7451	76.4564
Ratanpur	Madhya Pradesh	455227	22.3849	76.3623
Amla	Madhya Pradesh	455332	22.7483	76.8867
Umaria	Madhya Pradesh	455336	22.8806	76.4851
Eklera	Madhya Pradesh	455339	22.4976	76.5655
Godhna	Madhya Pradesh	455440	22.6235	76.6224
Khiroda	Madhya Pradesh	455459	22.5058	76.7171
Ujjain H.O	Madhya Pradesh	456001	23.4977	75.6802
Goyalabujurg	Madhya Pradesh	456003	23.4977	75.6802
Talod	Madhya Pradesh	456006	23.3317	75.6684
Ujjain  Kothi	Madhya Pradesh	456010	23.1824	75.7764
Unhel	Madhya Pradesh	456221	23.3379	75.5593
Chikli	Madhya Pradesh	456222	23.3317	75.6684
Bhatkhedi	Madhya Pradesh	456224	23.5261	75.8855
Bhikampur	Madhya Pradesh	456313	23.3317	75.6684
Durgapura	Madhya Pradesh	456331	23.3317	75.6684
Nagda	Madhya Pradesh	456335	23.4583	75.4176
Badagaon	Madhya Pradesh	456337	23.3317	75.6684
Berchha	Madhya Pradesh	456440	23.5447	75.3894
Lalgarh	Madhya Pradesh	456441	23.3317	75.6684
Mahu	Madhya Pradesh	456443	23.3317	75.6684
Parsoli	Madhya Pradesh	456550	23.3317	75.6684
Badkummed	Madhya Pradesh	456661	23.2256	75.9032
Kachnariya	Madhya Pradesh	456664	23.3317	75.6684
Tarana	Madhya Pradesh	456665	23.3338	76.0425
Etawa	Madhya Pradesh	456668	23.3317	75.6684
Baghera	Madhya Pradesh	456770	23.3317	75.6684
Amla	Madhya Pradesh	456771	23.0129	75.3284
Badagaon	Madhya Pradesh	456776	23.3317	75.6684
Nagra	Madhya Pradesh	457001	23.501	75.0901
Patan	Madhya Pradesh	457114	23.1991	74.9186
Madhopur	Madhya Pradesh	457118	23.501	75.0901
Kasari	Madhya Pradesh	457119	23.5712	75.4856
Baroda	Madhya Pradesh	457222	23.501	75.0901
Luhari	Madhya Pradesh	457226	23.501	75.0901
Sherpur	Madhya Pradesh	457331	23.501	75.0901
Sujapur	Madhya Pradesh	457333	23.6755	74.9508
Mandvi	Madhya Pradesh	457336	23.501	75.0901
Moriya	Madhya Pradesh	457339	23.869	75.4755
Khalukheda	Madhya Pradesh	457340	23.501	75.0901
Mangrol	Madhya Pradesh	457441	23.501	75.0901
Kunda	Madhya Pradesh	457550	23.501	75.0901
Kherda	Madhya Pradesh	457555	23.501	75.0901
Para	Madhya Pradesh	457661	22.643	74.6594
Mohanpura	Madhya Pradesh	457770	23.0523	74.941
Semlia	Madhya Pradesh	457772	22.7892	74.88
Ramgarh	Madhya Pradesh	457773	23.0584	74.8252
Bani	Madhya Pradesh	457775	22.8906	74.6718
Khajuri	Madhya Pradesh	457777	23.0263	74.5772
Kalyanpura	Madhya Pradesh	457779	22.8906	74.6718
Mathna	Madhya Pradesh	457882	22.234	74.5639
Dhyana	Madhya Pradesh	457885	22.4877	74.638
Chandpur	Madhya Pradesh	457887	22.3698	74.2333
Umrali	Madhya Pradesh	457888	22.1768	74.3179
Bori	Madhya Pradesh	457990	22.513	74.693
Ban	Madhya Pradesh	457993	22.8906	74.6718
Mandsaur H.O	Madhya Pradesh	458001	24.2113	75.4055
Amlawad	Madhya Pradesh	458002	24.2113	75.4055
Jamunia	Madhya Pradesh	458110	24.6056	75.1446
Khajuri	Madhya Pradesh	458113	24.6056	75.1446
Danta	Madhya Pradesh	458116	24.6056	75.1446
Bhadana	Madhya Pradesh	458118	24.6056	75.1446
Ramnagar	Madhya Pradesh	458220	24.6056	75.1446
Loharia	Madhya Pradesh	458226	24.6056	75.1446
Dhangaon	Madhya Pradesh	458228	24.6056	75.1446
Tarapur	Madhya Pradesh	458330	24.6056	75.1446
Jeeran	Madhya Pradesh	458336	24.6056	75.1446
Kunchrod	Madhya Pradesh	458339	24.6056	75.1446
Manpura	Madhya Pradesh	458389	24.2113	75.4055
Bhatkheda	Madhya Pradesh	458441	24.4109	75.0287
Kesharpura	Madhya Pradesh	458468	24.4109	75.0287
Khor	Madhya Pradesh	458470	24.6056	75.1446
Harsol	Madhya Pradesh	458553	24.0836	75.2894
Dhabla	Madhya Pradesh	458556	24.6018	75.8156
Motipura	Madhya Pradesh	458558	24.2113	75.4055
Munderi	Madhya Pradesh	458664	24.2113	75.4055
Bani	Madhya Pradesh	458667	24.2113	75.4055
Nagari	Madhya Pradesh	458669	24.2113	75.4055
C.C. Camp	Madhya Pradesh	458771	24.2113	75.4055
Bhanpura	Madhya Pradesh	458775	24.513	75.7469
Borda	Madhya Pradesh	458778	24.2113	75.4055
Khadawda	Madhya Pradesh	458880	24.3186	75.642
Lasudia	Madhya Pradesh	458883	24.1946	75.5517
Bani	Madhya Pradesh	458888	24.2113	75.4055
Panpur	Madhya Pradesh	458895	24.2113	75.4055
Kheda	Madhya Pradesh	458990	24.2113	75.4055
Chikhali	Madhya Pradesh	460001	21.878	77.871
Sohagpur	Madhya Pradesh	460004	21.88	77.9815
Dhanora	Madhya Pradesh	460110	21.8794	77.8731
Badgaon	Madhya Pradesh	460220	21.878	77.871
Borgaon	Madhya Pradesh	460225	21.9327	77.6903
Ratanpur	Madhya Pradesh	460330	22.0095	77.5764
Hirapur	Madhya Pradesh	460440	22.2219	78.0038
Ranipur	Madhya Pradesh	460443	22.051	78.0255
Sarni	Madhya Pradesh	460447	22.1032	78.1716
Salaiya	Madhya Pradesh	460449	22.1161	78.0899
Amla	Madhya Pradesh	460551	21.9177	77.6979
Ambada	Madhya Pradesh	460553	21.878	77.871
Badgaon	Madhya Pradesh	460554	21.878	77.871
Goula	Madhya Pradesh	460557	21.7511	77.9755
Barai	Madhya Pradesh	460661	21.8477	78.2941
Sarai	Madhya Pradesh	460663	21.8409	78.5127
Umari	Madhya Pradesh	460665	21.878	77.871
Ashta	Madhya Pradesh	460666	21.69	78.1082
Etawa	Madhya Pradesh	460668	21.9952	78.3688
Raipur	Madhya Pradesh	461001	22.7507	77.7827
Sp Mills Hoshangabad	Madhya Pradesh	461005	22.5883	77.9889
Powarkheda	Madhya Pradesh	461110	22.7	77.7333
Rampur	Madhya Pradesh	461111	22.6433	77.886
Cpe Itarsi	Madhya Pradesh	461114	22.6736	77.6203
Mehragaon	Madhya Pradesh	461115	22.5883	77.9889
Dolaria	Madhya Pradesh	461116	22.6541	78.0525
OFE Itarsi	Madhya Pradesh	461122	22.6736	77.6203
Babri	Madhya Pradesh	461221	22.6046	77.3718
Kothra	Madhya Pradesh	461223	22.5883	77.9889
Nayagaon	Madhya Pradesh	461228	22.5164	77.2483
Kheda	Madhya Pradesh	461331	22.2342	77.1211
Mandla	Madhya Pradesh	461441	22.5883	77.9889
Of Itarsi	Madhya Pradesh	461446	22.5883	77.9889
Pipliya Kala	Madhya Pradesh	461551	22.5689	77.7244
Jawali	Madhya Pradesh	461661	22.6887	77.8932
Baharpur	Madhya Pradesh	461668	22.7353	78.0738
Bhatgaon	Madhya Pradesh	461771	22.8759	78.2222
Rampur	Madhya Pradesh	461775	22.7748	78.4015
Pachmarhi	Madhya Pradesh	461881	22.4679	78.4331
Fatehpur	Madhya Pradesh	461990	22.7019	78.5139
Berasia Road	Madhya Pradesh	462001	23.478	77.3961
Vidya Vihar	Madhya Pradesh	462002	23.478	77.3961
C.T.T.Nagar H.O	Madhya Pradesh	462003	23.478	77.3961
Satpura	Madhya Pradesh	462004	23.478	77.3961
Barkhedi	Madhya Pradesh	462008	23.478	77.3961
Imaliya	Madhya Pradesh	462010	23.478	77.3961
Shiksha Mandal	Madhya Pradesh	462011	23.478	77.3961
MP Bhoj Open University	Madhya Pradesh	462016	23.478	77.3961
AIIMS	Madhya Pradesh	462020	23.478	77.3961
Jamunia Kalan	Madhya Pradesh	462022	23.478	77.3961
Govindpura	Madhya Pradesh	462023	23.478	77.3961
H.E. Hospital	Madhya Pradesh	462024	23.478	77.3961
Misrod	Madhya Pradesh	462026	23.478	77.3961
Arera Hills	Madhya Pradesh	462027	23.478	77.3961
Bairagarh	Madhya Pradesh	462030	23.2868	77.3163
3 EME Centre	Madhya Pradesh	462031	23.478	77.3961
RGPV	Madhya Pradesh	462033	23.478	77.3961
Kurana	Madhya Pradesh	462036	23.478	77.3961
Peoples Campus	Madhya Pradesh	462037	23.478	77.3961
Khamkheda	Madhya Pradesh	462038	23.478	77.3961
Trilanga	Madhya Pradesh	462039	23.478	77.3961
IBD Hallmark City Kolar Road.	Madhya Pradesh	462040	23.478	77.3961
Ayodhaya Nagar	Madhya Pradesh	462041	23.478	77.3961
Amarawat Kalan	Madhya Pradesh	462042	23.478	77.3961
Bag Mungalia	Madhya Pradesh	462043	23.478	77.3961
Barkheda Nathu	Madhya Pradesh	462044	23.478	77.3961
Bangrasia	Madhya Pradesh	462045	23.478	77.3961
Mandideep	Madhya Pradesh	462046	23.0817	77.5333
Bagroda	Madhya Pradesh	462047	23.478	77.3961
IISER Bhouri	Madhya Pradesh	462066	23.478	77.3961
Nariyal Kheda	Madhya Pradesh	462100	23.478	77.3961
Raipur	Madhya Pradesh	462101	23.478	77.3961
Sindhora	Madhya Pradesh	462120	23.7566	77.2509
Basai	Madhya Pradesh	463106	23.478	77.3961
Dungariya	Madhya Pradesh	463111	23.478	77.3961
Mirzapur	Madhya Pradesh	464001	23.5385	77.8483
Bichhiya	Madhya Pradesh	464111	23.8927	77.8133
Pipalkheda	Madhya Pradesh	464113	23.8927	77.8133
Anandpur	Madhya Pradesh	464114	24.1692	77.44
Pawai	Madhya Pradesh	464220	24.0166	77.8651
Udaipur	Madhya Pradesh	464221	23.8927	77.8133
Bishanpur	Madhya Pradesh	464224	24.0398	77.9582
Khamkheda	Madhya Pradesh	464226	23.8927	77.8133
Jaitpur	Madhya Pradesh	464228	24.1678	77.5917
Sanai	Madhya Pradesh	464240	24.0254	78.1704
Hinotia	Madhya Pradesh	464258	24.2646	77.4771
Dhamnod	Madhya Pradesh	464331	23.6276	78.1301
Khamkheda	Madhya Pradesh	464334	23.217	78.1184
Baoli	Madhya Pradesh	464337	23.8927	77.8133
Manpur	Madhya Pradesh	464551	23.2254	77.8256
Kunda	Madhya Pradesh	464570	23.4999	78.4904
Chandpur	Madhya Pradesh	464573	23.4171	78.0422
Jamunia	Madhya Pradesh	464651	23.3641	78.3782
Banskheda	Madhya Pradesh	464661	23.4649	77.7254
Badi	Madhya Pradesh	464665	23.0367	78.0842
Chainpur	Madhya Pradesh	464668	23.05	78.1623
Bankhedi	Madhya Pradesh	464671	22.9697	78.312
Bamhori	Madhya Pradesh	464672	23.2081	78.4009
Udaipura	Madhya Pradesh	464770	23.0743	78.5111
Gorakhpur	Madhya Pradesh	464774	23.1315	78.7185
Thala	Madhya Pradesh	464776	23.0685	78.6774
Rajpura	Madhya Pradesh	464881	23.4309	78.3574
Garhi	Madhya Pradesh	464884	23.398	78.1413
Kheri	Madhya Pradesh	464886	23.2802	78.3707
Bagaspur	Madhya Pradesh	464986	23.0964	77.9603
Chandlakhedi	Madhya Pradesh	464990	23.0267	77.6742
Bhojpur	Madhya Pradesh	464993	23.634	78.5048
Abhaypur	Madhya Pradesh	465001	23.5797	76.3458
Jhokar	Madhya Pradesh	465106	23.5797	76.3458
Berchha	Madhya Pradesh	465110	23.2823	76.3199
Khadi	Madhya Pradesh	465113	23.5797	76.3458
Devli	Madhya Pradesh	465116	23.5797	76.3458
ARNIAKHURD	Madhya Pradesh	465118	23.1906	76.6055
Gulana	Madhya Pradesh	465220	23.4335	76.466
Akodia	Madhya Pradesh	465223	23.3803	76.5988
Mohana	Madhya Pradesh	465226	23.6929	76.3721
Madana	Madhya Pradesh	465227	23.4845	76.4816
Shivgarh	Madhya Pradesh	465230	23.7037	76.1443
Raipur	Madhya Pradesh	465333	23.4593	76.6181
Amlay	Madhya Pradesh	465335	23.5797	76.3458
Kamalpur	Madhya Pradesh	465337	23.5797	76.3458
Semliya	Madhya Pradesh	465339	23.5797	76.3458
Palda	Madhya Pradesh	465441	23.5797	76.3458
Badagaon	Madhya Pradesh	465445	23.5797	76.3458
Gangapur	Madhya Pradesh	465447	23.8689	75.9973
Loharia	Madhya Pradesh	465449	23.5797	76.3458
Amba	Madhya Pradesh	465550	23.5797	76.3458
Chatukheda	Madhya Pradesh	465661	23.8478	77.2952
Mana	Madhya Pradesh	465667	23.8612	76.7346
Kotra	Madhya Pradesh	465669	23.8612	76.7346
Barkheda	Madhya Pradesh	465674	23.8612	76.7346
Mau	Madhya Pradesh	465677	23.9539	77.1273
Bhojpur	Madhya Pradesh	465679	24.0392	76.4384
Iklera	Madhya Pradesh	465680	23.506	76.8072
Bhatkhedi	Madhya Pradesh	465683	23.8612	76.7346
Boda	Madhya Pradesh	465685	23.8612	76.7346
Banskheda	Madhya Pradesh	465687	23.7405	76.6008
Bhatkheda	Madhya Pradesh	465689	23.924	76.4493
Kashikhedi	Madhya Pradesh	465691	24.0497	76.3573
Ramgarh	Madhya Pradesh	465693	24.1642	76.401
Gopalpura	Madhya Pradesh	465697	23.7916	76.6417
Hasnabad	Madhya Pradesh	466001	22.9911	77.1285
Dhabla	Madhya Pradesh	466111	23.0698	76.4629
Dhamnda	Madhya Pradesh	466113	23.1199	76.9031
Borkheda	Madhya Pradesh	466114	22.9911	77.1285
Dabri	Madhya Pradesh	466115	22.9138	77.2191
Dabri	Madhya Pradesh	466116	23.0457	76.7006
Guradiyavarma	Madhya Pradesh	466118	22.9651	76.5437
Dhuradakalan	Madhya Pradesh	466120	22.866	76.6337
Maina	Madhya Pradesh	466125	23.1712	76.6629
Arniyaganji	Madhya Pradesh	466221	23.0615	76.5302
Gopalpur	Madhya Pradesh	466331	22.6477	77.0947
Bayan	Madhya Pradesh	466445	22.7702	77.6835
Kheri	Madhya Pradesh	466446	22.8133	77.4125
Nandner	Madhya Pradesh	466448	22.9911	77.1285
Akola	Madhya Pradesh	466554	22.8754	77.7911
Khandwa	Madhya Pradesh	466651	22.9911	77.1285
Chhatri	Madhya Pradesh	466661	22.9911	77.1285
Ahmedpur (Sehore)	Madhya Pradesh	466665	22.9911	77.1285
Shyampura	Madhya Pradesh	470001	23.9042	78.7659
Sagar Bada Bazar	Madhya Pradesh	470002	23.8414	78.6908
Sagar University	Madhya Pradesh	470003	23.8414	78.6908
Gambhiriyia	Madhya Pradesh	470004	23.8414	78.6908
Padaria	Madhya Pradesh	470021	23.791	78.5166
Samnapur	Madhya Pradesh	470051	23.3248	78.8461
Bhangarh	Madhya Pradesh	470113	23.8481	78.7589
Bidwasan	Madhya Pradesh	470115	23.9062	78.5137
Dhanora	Madhya Pradesh	470117	24.0681	78.4127
Basari	Madhya Pradesh	470118	24.2167	78.2985
Chandrapur	Madhya Pradesh	470119	23.8184	78.3603
Bhaisa	Madhya Pradesh	470120	23.8022	78.5642
Bina BORL	Madhya Pradesh	470124	23.6878	78.6696
Bansa	Madhya Pradesh	470125	23.7042	78.5482
Mokalpur	Madhya Pradesh	470221	23.6327	78.8346
Rampur	Madhya Pradesh	470223	23.5934	78.9389
Jaitpur	Madhya Pradesh	470226	23.4494	78.8523
Chandpur	Madhya Pradesh	470227	23.5532	79.0919
Dhana	Madhya Pradesh	470228	23.747	78.8623
Garhakota	Madhya Pradesh	470229	23.7791	79.1432
Umra	Madhya Pradesh	470232	23.8524	79.0887
Patha	Madhya Pradesh	470235	23.4127	78.8317
Bara	Madhya Pradesh	470335	24.0318	79.1514
Chhapri	Madhya Pradesh	470337	23.9584	78.9114
Hirapur	Madhya Pradesh	470339	24.3676	79.2117
Atta	Madhya Pradesh	470441	24.3606	78.5301
Rajwas	Madhya Pradesh	470442	23.9053	78.5981
Umari	Madhya Pradesh	470661	23.8127	79.5273
Lakhni	Madhya Pradesh	470663	23.7067	79.657
Salaiya	Madhya Pradesh	470664	23.7848	79.5438
Nandrai	Madhya Pradesh	470666	23.8582	79.1603
Tada	Madhya Pradesh	470669	23.8481	78.7589
Sarkhadi	Madhya Pradesh	470672	23.8127	79.5273
Agara	Madhya Pradesh	470673	24.1022	79.4114
Kishangarh	Madhya Pradesh	470675	23.8127	79.5273
Gunji	Madhya Pradesh	470771	23.861	79.5654
Deodongra	Madhya Pradesh	470772	23.8127	79.5273
Fatehpur	Madhya Pradesh	470775	24.1918	79.5208
Ramgarh	Madhya Pradesh	470880	23.5675	79.4034
Karanpura	Madhya Pradesh	470881	23.5189	79.6708
Niwari	Madhya Pradesh	471001	24.9864	79.6414
Dhamna	Madhya Pradesh	471101	24.7616	79.9976
Salaiya	Madhya Pradesh	471105	25.044	80.0818
Badagaon	Madhya Pradesh	471111	24.7967	79.6661
Rampur	Madhya Pradesh	471201	24.8436	79.3593
Budore	Madhya Pradesh	471301	24.7575	79.4081
Rajpura	Madhya Pradesh	471311	24.6017	79.3068
Panwari	Madhya Pradesh	471313	24.5247	79.1336
Salaiya	Madhya Pradesh	471315	25.044	80.0818
Deori	Madhya Pradesh	471318	24.7967	79.6661
Badagaon	Madhya Pradesh	471405	24.7967	79.6661
Bhera	Madhya Pradesh	471408	24.7967	79.6661
Bari	Madhya Pradesh	471411	25.0023	79.6696
Bara	Madhya Pradesh	471501	25.0601	79.9437
Rampur	Madhya Pradesh	471510	24.7171	79.6624
Bhawanipur	Madhya Pradesh	471515	25.0505	80.0619
Gaurihar	Madhya Pradesh	471516	25.2701	80.1963
Bhawanipur	Madhya Pradesh	471525	25.0505	80.0619
Udaipura	Madhya Pradesh	471606	24.8616	79.8674
Lalpura	Madhya Pradesh	471625	24.7967	79.6661
Bahadurpur	Madhya Pradesh	472001	24.7295	78.931
Aston	Madhya Pradesh	472005	24.6288	78.8115
Umari	Madhya Pradesh	472010	24.9883	78.9467
Bandha	Madhya Pradesh	472101	25.0396	78.7433
Nayagaon	Madhya Pradesh	472111	25.0722	79.1924
Ramnagar	Madhya Pradesh	472115	25.0371	79.1073
Ramgarh	Madhya Pradesh	472118	24.907	78.9859
Pali	Madhya Pradesh	472221	24.9464	79.1351
Mohanpura	Madhya Pradesh	472246	25.4373	78.8151
Bari	Madhya Pradesh	472331	25.1254	78.8755
Prithvipur	Madhya Pradesh	472336	24.9636	78.8901
Simra	Madhya Pradesh	472337	25.0524	79.098
Ramnagar	Madhya Pradesh	472339	25.0371	79.1073
Niwari	Madhya Pradesh	472442	24.9883	78.9467
Patharam	Madhya Pradesh	472445	25.4096	78.9348
Sendri	Madhya Pradesh	472446	25.5142	78.9012
Bahera	Madhya Pradesh	472447	25.3113	78.8788
Haripur	Madhya Pradesh	473001	24.3318	77.6158
Rampur	Madhya Pradesh	473101	24.0252	77.2132
Rampur	Madhya Pradesh	473105	24.3308	77.15
Muradpur	Madhya Pradesh	473110	24.5546	77.2008
Vijaypur	Madhya Pradesh	473111	24.5546	77.2008
Gail Complex	Madhya Pradesh	473112	24.2625	77.2424
Umri	Madhya Pradesh	473113	24.7526	77.3135
Kotra	Madhya Pradesh	473115	24.5546	77.2008
Chachauda	Madhya Pradesh	473118	24.5546	77.2008
Barod	Madhya Pradesh	473222	24.4188	76.9849
Ramnagar	Madhya Pradesh	473226	24.3777	77.1914
Satanpur	Madhya Pradesh	473249	24.5353	77.3791
Shahpur	Madhya Pradesh	473287	24.8757	77.5459
Jalalpur	Madhya Pradesh	473330	24.5117	77.6938
Narayanpur	Madhya Pradesh	473331	24.6094	77.8752
Chhapar	Madhya Pradesh	473332	24.8218	77.5554
Chhapra	Madhya Pradesh	473335	24.9249	77.8487
Keshopur	Madhya Pradesh	473440	24.4873	77.9255
Mungaoli	Madhya Pradesh	473443	24.4084	78.0959
Pathari	Madhya Pradesh	473444	24.4664	77.6096
Bahadurpur	Madhya Pradesh	473445	24.3408	77.9646
Mohanpur	Madhya Pradesh	473446	24.7136	78.0649
Bara	Madhya Pradesh	473551	25.6115	77.7047
Pipra	Madhya Pradesh	473585	25.0972	78.1434
Katthamil Shivpuri	Madhya Pradesh	473638	25.4215	78.2244
Lalpur	Madhya Pradesh	473660	25.5157	78.0647
Sunari	Madhya Pradesh	473662	25.6889	78.1965
Dhand	Madhya Pradesh	473665	25.3949	78.3137
Manpura	Madhya Pradesh	473670	25.0442	78.0148
Ramgarh	Madhya Pradesh	473770	24.9705	77.7385
Rajgarh	Madhya Pradesh	473774	25.3332	77.5078
Jhiri	Madhya Pradesh	473775	25.5548	77.4862
Mada	Madhya Pradesh	473781	25.1459	77.7472
Gopalpura	Madhya Pradesh	473793	25.3627	77.8125
Kanker	Madhya Pradesh	473865	25.7005	77.9349
Shergarh	Madhya Pradesh	473880	25.3627	77.8125
Barai	Madhya Pradesh	473885	24.9854	77.5309
Pura	Madhya Pradesh	473990	25.1031	78.0357
Semri	Madhya Pradesh	473995	25.1879	78.1115
Tighra	Madhya Pradesh	474001	26.0114	78.2196
Defence Colony (Gwalior)	Madhya Pradesh	474002	25.8606	78.1123
Gwalior City	Madhya Pradesh	474003	25.8606	78.1123
Birla Nagar	Madhya Pradesh	474004	25.8606	78.1123
Baraua	Madhya Pradesh	474005	25.8269	78.1238
Badagaon	Madhya Pradesh	474006	26.0114	78.2196
Moti Mahal	Madhya Pradesh	474007	25.8606	78.1123
Gwalior Fort	Madhya Pradesh	474008	25.8606	78.1123
J.A. Hospital	Madhya Pradesh	474009	25.8606	78.1123
Shankarpur	Madhya Pradesh	474010	25.7649	78.2252
Jiwaji University	Madhya Pradesh	474011	26.0221	78.148
S.P. Ashram	Madhya Pradesh	474012	26.0221	78.148
AB VIII TM Gwalior	Madhya Pradesh	474015	26.0221	78.148
Bahadurpur	Madhya Pradesh	474020	26.3358	78.3151
Bhori	Madhya Pradesh	475001	25.974	78.1317
Dabka	Madhya Pradesh	475002	25.9795	77.7756
Kalyani	Madhya Pradesh	475005	25.967	78.2569
Chandpur	Madhya Pradesh	475110	25.8508	78.3832
Mehgaon	Madhya Pradesh	475115	24.0791	78.1972
Deori	Madhya Pradesh	475220	25.7815	77.9816
Badagaon	Madhya Pradesh	475330	26.0114	78.2196
Singhpura	Madhya Pradesh	475335	25.8505	78.5688
Talgaon	Madhya Pradesh	475336	25.8505	78.5688
Bahadurpur	Madhya Pradesh	475661	25.7047	78.5407
Sersa	Madhya Pradesh	475671	25.6208	78.5416
Toda	Madhya Pradesh	475673	25.8505	78.5688
Bharoli	Madhya Pradesh	475675	25.8505	78.5688
Mangrol	Madhya Pradesh	475682	25.8505	78.5688
Sitapur	Madhya Pradesh	475685	25.7415	78.4151
Chhata	Madhya Pradesh	475686	25.8505	78.5688
Nagra	Madhya Pradesh	476001	26.747	78.5037
Mahua	Madhya Pradesh	476111	26.7903	78.3674
Nagra	Madhya Pradesh	476115	26.747	78.5037
Chandpur	Madhya Pradesh	476134	26.3048	77.8835
Mohanpur	Madhya Pradesh	476219	26.4364	77.6647
Alapur	Madhya Pradesh	476221	26.4138	77.8688
Madhogarh	Madhya Pradesh	476224	26.4138	77.8688
Kanhar	Madhya Pradesh	476228	26.0284	77.6558
Mangrol	Madhya Pradesh	476229	26.2428	77.3514
Gadi	Madhya Pradesh	476332	25.7525	77.0104
Raghunathpur	Madhya Pradesh	476335	26.0545	76.9554
Manpur	Madhya Pradesh	476337	25.8626	76.7192
Udhotpura	Madhya Pradesh	476339	25.7525	77.0104
Bargawan	Madhya Pradesh	476355	25.6749	77.0554
Jaitpur	Madhya Pradesh	476444	26.3993	77.7206
Gopi	Madhya Pradesh	476554	26.6152	78.2035
Gopalpura	Madhya Pradesh	477001	26.5985	78.535
Jari	Madhya Pradesh	477105	26.5711	78.6394
Pratappura	Madhya Pradesh	477111	26.5009	78.5768
Chitora	Madhya Pradesh	477116	26.4211	78.7226
Sherpur	Madhya Pradesh	477117	26.4827	78.3011
Mau	Madhya Pradesh	477222	26.2658	78.6711
Sada	Madhya Pradesh	477227	26.4211	78.7226
Pandori	Madhya Pradesh	477331	26.5246	78.9714
Bharoli	Madhya Pradesh	477332	26.4211	78.7226
Kot	Madhya Pradesh	477333	26.4754	79.0155
Mangarh	Madhya Pradesh	477335	26.3685	78.8954
Raipura	Madhya Pradesh	477441	26.3774	79.0824
Mahua	Madhya Pradesh	477445	26.4211	78.7226
Jalalpura	Madhya Pradesh	477446	26.4211	78.7226
Dharampura	Madhya Pradesh	477447	26.4211	78.7226
Alampur (Bhind)	Madhya Pradesh	477449	26.0251	78.797
Rama	Madhya Pradesh	477555	26.7202	78.8413
Simar	Madhya Pradesh	477557	26.5552	78.5859
Sankari	Madhya Pradesh	477566	26.4211	78.7226
Pali	Madhya Pradesh	477660	26.6215	78.6225
Boria	Madhya Pradesh	480001	21.7025	79.0149
Chandangaon	Madhya Pradesh	480003	22.0342	78.9278
Mohgaon Haveli	Madhya Pradesh	480105	21.6873	78.6791
Borgaon	Madhya Pradesh	480106	21.5611	78.8131
Mau	Madhya Pradesh	480107	21.8888	78.8436
Ghoti	Madhya Pradesh	480108	21.6379	78.8788
Pindrai	Madhya Pradesh	480109	21.5973	78.6873
Badgaon	Madhya Pradesh	480110	21.9048	79.1814
Deori	Madhya Pradesh	480111	21.6797	79.1175
Mohkhed	Madhya Pradesh	480112	22.0325	79.1195
Gopalpur	Madhya Pradesh	480115	22.1498	79.3053
Sonpur	Madhya Pradesh	480221	22.3598	79.0256
Bangaon	Madhya Pradesh	480223	22.1198	79.0168
Harrai	Madhya Pradesh	480224	22.6143	79.2221
Kaudia	Madhya Pradesh	480331	21.9475	78.6955
Dhanora	Madhya Pradesh	480334	21.8016	78.6288
Anjangaon	Madhya Pradesh	480337	21.4911	78.7347
Bangaon	Madhya Pradesh	480338	21.5755	78.4461
Parasia	Madhya Pradesh	480441	21.878	77.871
Barkuhi	Madhya Pradesh	480447	22.1901	78.7047
Ambada	Madhya Pradesh	480449	22.1214	78.8555
Navegaon	Madhya Pradesh	480551	22.3317	78.5935
Rampur	Madhya Pradesh	480555	22.1214	78.8555
Pagara	Madhya Pradesh	480557	22.2578	78.7576
Bamni	Madhya Pradesh	480559	21.5951	78.5289
Amgaon	Madhya Pradesh	480661	22.0331	79.597
Bamhani	Madhya Pradesh	480667	22.2294	79.7203
Ari	Madhya Pradesh	480771	21.9409	79.7134
Patan	Madhya Pradesh	480880	21.77	79.5521
Pindrai	Madhya Pradesh	480881	21.7984	79.5617
Bakhari	Madhya Pradesh	480882	22.326	79.445
Deogaon	Madhya Pradesh	480884	22.1082	80.0142
Karanpur	Madhya Pradesh	480886	22.5717	79.5724
Patan	Madhya Pradesh	480887	22.5348	79.4119
Deori	Madhya Pradesh	480888	22.3786	79.8471
Chhui	Madhya Pradesh	480990	22.2339	79.793
Panjara	Madhya Pradesh	480991	22.3157	79.6902
Tali	Madhya Pradesh	480994	22.3157	79.6902
Sonkhar	Madhya Pradesh	480996	22.2898	80.0336
Manegaon	Madhya Pradesh	480997	22.6483	80.0786
Baroda	Madhya Pradesh	480999	22.6748	79.8735
Deori	Madhya Pradesh	481001	21.9215	80.0987
Manegaon	Madhya Pradesh	481051	21.9698	80.7919
Boda	Madhya Pradesh	481102	21.8411	80.2009
Pondi	Madhya Pradesh	481105	22.1622	80.3481
Amgaon	Madhya Pradesh	481111	22.0593	80.6023
Borgaon	Madhya Pradesh	481115	21.5796	80.425
Gudma	Madhya Pradesh	481116	22.115	80.6635
Pondi	Madhya Pradesh	481117	22.1622	80.3481
Badgaon	Madhya Pradesh	481222	21.5353	80.5087
Sadra	Madhya Pradesh	481224	21.4203	80.452
Khara	Madhya Pradesh	481226	21.9699	80.2637
Badgaon	Madhya Pradesh	481331	21.5353	80.5087
Sirpur	Madhya Pradesh	481332	21.7945	79.8825
Lalpur	Madhya Pradesh	481335	21.6957	79.973
Khairi	Madhya Pradesh	481337	21.5718	79.9803
Bori	Madhya Pradesh	481441	21.917	80.0323
Khamaria	Madhya Pradesh	481445	21.867	80.0454
Deori	Madhya Pradesh	481449	21.9215	80.0987
Moriya	Madhya Pradesh	481551	21.8808	80.3606
Chandana	Madhya Pradesh	481556	21.8808	80.3606
Ramnagar	Madhya Pradesh	481661	22.6138	80.5122
Udaipur	Madhya Pradesh	481662	22.6404	80.5134
Deogaon	Madhya Pradesh	481663	22.7411	80.5247
Patan	Madhya Pradesh	481664	22.6681	80.7748
Badhar	Madhya Pradesh	481665	21.8808	80.3606
Udaipur	Madhya Pradesh	481666	22.6404	80.5134
Pindrai	Madhya Pradesh	481668	22.6045	80.1406
Rai	Madhya Pradesh	481672	22.9177	80.8406
Rampuri	Madhya Pradesh	481768	22.4059	80.2466
Bamni	Madhya Pradesh	481771	22.4822	80.3716
Jamgaon	Madhya Pradesh	481776	22.4204	80.1992
Bamni	Madhya Pradesh	481778	22.8889	81.0561
Jamgaon	Madhya Pradesh	481879	23.2028	80.8614
Amarpur	Madhya Pradesh	481880	22.8253	80.7477
Lalpur	Madhya Pradesh	481882	22.8779	80.8102
Chanda	Madhya Pradesh	481883	22.8889	81.0561
Gopalpur	Madhya Pradesh	481884	22.5726	81.5046
Amgaon	Madhya Pradesh	481885	23.0444	80.3723
Manikpur	Madhya Pradesh	481990	23.2661	80.612
Barai	Madhya Pradesh	481995	22.6404	80.5134
Mawai	Madhya Pradesh	481996	22.9989	80.4931
Madhopur	Madhya Pradesh	481998	22.5296	80.4692
Piparia	Madhya Pradesh	482001	23.163	79.832
Simaria	Madhya Pradesh	482002	23.1917	79.867
Dharampura	Madhya Pradesh	482003	23.0987	79.754
Maharajpur	Madhya Pradesh	482004	23.2307	79.9527
Sundarpur	Madhya Pradesh	482005	23.2376	80.0952
Bargi  IPC	Madhya Pradesh	482008	23.1176	79.9246
Shobhapur	Madhya Pradesh	482009	23.1937	79.9755
Richhai	Madhya Pradesh	482010	23.2158	79.779
Gokulpur	Madhya Pradesh	482011	23.2326	79.9765
Bilhari	Madhya Pradesh	482020	23.2326	79.9765
Kailwas	Madhya Pradesh	482021	23.0377	79.9662
Harrai	Madhya Pradesh	482051	23.0361	79.8773
Bargi Nagar	Madhya Pradesh	482056	22.9473	79.9001
Barela	Madhya Pradesh	483001	23.0968	80.0508
Amahinota	Madhya Pradesh	483053	23.1317	79.8011
Boria	Madhya Pradesh	483105	23.3422	79.8418
Salaiya	Madhya Pradesh	483110	23.1489	80.1589
Khairi	Madhya Pradesh	483113	23.1496	79.5623
Sahajpur	Madhya Pradesh	483119	23.1558	79.7446
Raipura	Madhya Pradesh	483220	23.3074	80.0043
Bela	Madhya Pradesh	483222	23.7542	80.4015
Dhangawan	Madhya Pradesh	483225	23.6376	80.5523
Pondi	Madhya Pradesh	483330	23.6115	80.0558
Bakal	Madhya Pradesh	483331	23.7502	79.9697
Khalari	Madhya Pradesh	483332	23.7503	80.3134
Pali	Madhya Pradesh	483334	23.7381	80.1778
Patori	Madhya Pradesh	483336	23.7951	79.9611
Chhapra	Madhya Pradesh	483440	23.6022	80.2274
Raipura	Madhya Pradesh	483442	23.9	80.2532
Deogaon	Madhya Pradesh	483501	23.9069	80.2512
Mangal Nagar	Madhya Pradesh	483504	23.8167	80.3029
Karela	Madhya Pradesh	483770	23.7543	80.8343
Khamaria	Madhya Pradesh	483773	23.7446	80.2642
Singodi	Madhya Pradesh	483775	23.9493	80.6641
Harraiya	Madhya Pradesh	483880	23.6569	80.2338
Bharatpur	Madhya Pradesh	483990	23.7542	80.4015
Shahpur	Madhya Pradesh	484001	23.5644	80.9719
Lalpur	Madhya Pradesh	484110	23.2573	81.4854
Pondi	Madhya Pradesh	484113	22.8135	81.7103
Dhanpuri	Madhya Pradesh	484114	23.629	81.4728
Patnakalan	Madhya Pradesh	484116	23.0567	81.684
Bargawan	Madhya Pradesh	484117	23.0567	81.684
S.K. Nagar	Madhya Pradesh	484120	23.629	81.4728
Chachai	Madhya Pradesh	484220	23.0567	81.684
Rampur	Madhya Pradesh	484224	23.0567	81.684
Dhangawan	Madhya Pradesh	484330	23.629	81.4728
Jamgaon	Madhya Pradesh	484334	23.0567	81.684
Barbaspur	Madhya Pradesh	484336	22.9039	81.707
Kothi	Madhya Pradesh	484440	23.3388	82.0563
Harad	Madhya Pradesh	484444	23.0567	81.684
Semra	Madhya Pradesh	484446	23.0567	81.684
Bhad	Madhya Pradesh	484447	23.0567	81.684
Raipur	Madhya Pradesh	484551	23.4605	81.0779
Gopalpur	Madhya Pradesh	484555	23.3782	80.8039
Bilaspur	Madhya Pradesh	484660	23.6121	80.665
Umaria	Madhya Pradesh	484661	23.8078	80.938
Amarpur	Madhya Pradesh	484664	23.9572	80.8999
Semra	Madhya Pradesh	484665	23.5644	80.9719
Deogarh	Madhya Pradesh	484669	23.629	81.4728
Bareli	Madhya Pradesh	484770	23.629	81.4728
Deora	Madhya Pradesh	484771	24.2198	81.8353
Mau	Madhya Pradesh	484774	24.0797	81.3692
Janakpur	Madhya Pradesh	484776	24.2311	81.4606
Basantpur	Madhya Pradesh	484881	22.863	81.3411
Bilaspur	Madhya Pradesh	484886	22.8018	81.5483
Karaundi	Madhya Pradesh	484887	23.0567	81.684
Bagha	Madhya Pradesh	485001	24.5327	80.8333
Badkhar	Madhya Pradesh	485005	24.5029	80.7135
Padkhuri	Madhya Pradesh	485111	24.5327	80.8333
Khamaria	Madhya Pradesh	485112	24.6122	80.699
Sarain	Madhya Pradesh	485113	24.5655	80.9244
Bharjuna Kala	Madhya Pradesh	485114	24.5122	81.0131
Bela	Madhya Pradesh	485115	24.4938	81.1791
Nayagaon	Madhya Pradesh	485221	24.7706	80.8016
Pratappur	Madhya Pradesh	485226	24.4964	80.4568
Shahpur	Madhya Pradesh	485331	24.7042	81.2432
Nawagaon	Madhya Pradesh	485334	24.5327	80.8333
Dhaurahara	Madhya Pradesh	485441	24.369	81.0717
Rajapur	Madhya Pradesh	485446	24.5256	80.5718
Kumhari	Madhya Pradesh	485447	24.3116	81.0722
Gudha	Madhya Pradesh	485551	24.5327	80.8333
Bihata	Madhya Pradesh	485661	24.4195	80.7799
Raipur	Madhya Pradesh	485666	24.5327	80.8333
Pondi	Madhya Pradesh	485771	24.5327	80.8333
Badera	Madhya Pradesh	485772	24.0796	80.8048
Pakaria	Madhya Pradesh	485773	24.5327	80.8333
Bathia	Madhya Pradesh	485774	24.549	81.0205
Pal	Madhya Pradesh	485775	24.4032	81.0944
Ramgarh	Madhya Pradesh	485778	24.3507	81.136
Govindpur	Madhya Pradesh	485881	24.2274	81.1762
Rewa Bicchiya Road	Madhya Pradesh	486001	24.5289	81.3006
Rewa Engineering College	Madhya Pradesh	486002	24.7552	81.5896
Sonaura	Madhya Pradesh	486003	24.5665	81.3443
Rewa City	Madhya Pradesh	486004	24.7552	81.5896
Laxmanpur	Madhya Pradesh	486005	24.4898	81.3604
Khaira	Madhya Pradesh	486006	24.4774	81.2297
Deogaon	Madhya Pradesh	486111	24.6255	81.5299
Umari	Madhya Pradesh	486114	24.7762	81.4342
Parasi	Madhya Pradesh	486115	24.7707	81.6333
Kalwari	Madhya Pradesh	486117	24.8764	81.6583
Hatwa	Madhya Pradesh	486123	24.5816	81.6594
Chandpur	Madhya Pradesh	486220	24.728	81.286
Akauri	Madhya Pradesh	486223	24.9618	81.5416
Badagaon	Madhya Pradesh	486226	24.7552	81.5896
Shahpur	Madhya Pradesh	486331	24.7042	81.2432
Sitapur	Madhya Pradesh	486333	24.5554	81.7715
Majhgawan	Madhya Pradesh	486335	24.6199	81.7421
Jodhpur	Madhya Pradesh	486338	24.7106	81.6568
Shivrajpur	Madhya Pradesh	486340	24.7265	81.5277
Naudhiya	Madhya Pradesh	486341	24.6272	81.662
Majhigawan	Madhya Pradesh	486440	24.6615	81.3747
Shahpur	Madhya Pradesh	486441	24.7042	81.2432
Bara	Madhya Pradesh	486445	24.6541	81.1868
Ataria	Madhya Pradesh	486446	24.7552	81.5896
Kanchanpur	Madhya Pradesh	486447	24.6448	81.3156
Umari	Madhya Pradesh	486448	24.7846	81.4154
Bihra	Madhya Pradesh	486450	24.606	81.3708
Bansa	Madhya Pradesh	486550	24.3824	81.3137
Badagaon	Madhya Pradesh	486553	24.7552	81.5896
Kota	Madhya Pradesh	486556	24.7746	81.1711
Bamhani	Madhya Pradesh	486661	24.3512	81.7319
Kota	Madhya Pradesh	486666	24.2198	81.8353
Tikri	Madhya Pradesh	486669	24.2198	81.8353
Pahadi	Madhya Pradesh	486670	24.2198	81.8353
Amarpur	Madhya Pradesh	486675	24.425	81.6132
Salaiya	Madhya Pradesh	486771	24.219	81.7229
Madha	Madhya Pradesh	486775	24.2405	81.5714
Raghunathpur	Madhya Pradesh	486776	24.3291	81.4186
Sarai	Madhya Pradesh	486881	24.5065	82.2307
Deora	Madhya Pradesh	486882	24.2198	81.8353
Nigahi Project	Madhya Pradesh	486884	24.2198	81.8353
Vindhyanagar	Madhya Pradesh	486885	24.2667	82.1937
Shahpur	Madhya Pradesh	486886	24.0596	82.696
Amlori Project	Madhya Pradesh	486887	24.2667	82.1937
Dudhichua Project	Madhya Pradesh	486888	24.2667	82.1937
Churkee	Madhya Pradesh	486889	24.2198	81.8353
Jayant Colliery	Madhya Pradesh	486890	24.2198	81.8353
Pipra	Madhya Pradesh	486892	24.2198	81.8353
Dhamna	Madhya Pradesh	487001	23.0234	79.2543
Gorakhpur	Madhya Pradesh	487110	22.7116	79.3374
Dongargaon	Madhya Pradesh	487114	22.9805	79.2453
Srinagar	Madhya Pradesh	487118	22.9522	79.5198
Shahpur	Madhya Pradesh	487221	22.8431	78.9825
Niwari	Madhya Pradesh	487225	22.8645	79.1292
Deori	Madhya Pradesh	487330	23.1506	78.8343
Chhatarpur	Madhya Pradesh	487334	23.0648	78.9278
Rampura	Madhya Pradesh	487337	23.1814	78.9155
Raipur	Madhya Pradesh	487441	22.8407	78.8915
Kathotiya	Madhya Pradesh	487551	23.1618	78.8898
Kaudia	Madhya Pradesh	487555	22.9993	78.8139
Rampura	Madhya Pradesh	487661	22.9684	78.6233
Gangai	Madhya Pradesh	487770	22.8486	78.8381
Bairagarh	Madhya Pradesh	487881	22.763	78.7011
Laxmipur	Madhya Pradesh	488001	24.7437	80.2769
Umari	Madhya Pradesh	488050	24.4817	80.4328
Palli	Madhya Pradesh	488051	24.4676	80.1452
Umari	Madhya Pradesh	488059	24.4817	80.4328
Deogaon	Madhya Pradesh	488220	24.9299	80.315
Nayagaon	Madhya Pradesh	488222	24.2883	80.1093
Badagaon	Madhya Pradesh	488333	24.4205	80.1917
Bonda	Madhya Pradesh	488441	24.4205	80.1917
Deori	Madhya Pradesh	488442	24.5467	80.2136
Raipura	Madhya Pradesh	488443	23.9008	79.966
Kishangarh	Madhya Pradesh	488446	24.4205	80.1917
Rampur	Madhya Pradesh	488448	24.4448	79.951
A O Bhilai	Chhattisgarh	490001	21.2818	81.4306
Civic Centre Bhilai	Chhattisgarh	490006	21.2818	81.4306
Bhilai West	Chhattisgarh	490009	21.2818	81.4306
Khursipar Bhilai	Chhattisgarh	490011	21.2818	81.4306
Motilal Nehru Nagr Bhilai	Chhattisgarh	490020	21.2367	81.3973
Aundhi	Chhattisgarh	490021	21.1801	81.4687
S A F Lines Bhilai	Chhattisgarh	490022	21.2367	81.3973
Kohka Bhilai	Chhattisgarh	490023	21.2367	81.3973
Kurud	Chhattisgarh	490024	21.2418	81.3535
Urla	Chhattisgarh	490025	21.2079	81.2733
I E Bhilai	Chhattisgarh	490026	21.2367	81.3973
Gondi	Chhattisgarh	490036	21.3871	81.4161
Kumhari	Chhattisgarh	490042	21.4174	81.3559
Bori	Chhattisgarh	491001	21.3531	81.273
Newai	Chhattisgarh	491107	21.148	81.3641
Jamgaon	Chhattisgarh	491111	20.9534	81.4349
Anda	Chhattisgarh	491221	21.068	81.2817
Parsada	Chhattisgarh	491222	21.2134	81.3854
Dhamna	Chhattisgarh	491223	20.9087	81.4324
Arjunda	Chhattisgarh	491225	21.2134	81.3854
Baghmara	Chhattisgarh	491226	21.2134	81.3854
Kaneri	Chhattisgarh	491227	21.2134	81.3854
Khalari	Chhattisgarh	491228	21.2134	81.3854
Kumhari	Chhattisgarh	491229	21.0387	80.8197
Bharritola	Chhattisgarh	491230	21.2134	81.3854
Rajpur	Chhattisgarh	491331	21.5179	81.2594
Bargaon	Chhattisgarh	491332	21.2134	81.3854
Kurda	Chhattisgarh	491335	21.2134	81.3854
Bamhani	Chhattisgarh	491336	21.4825	82.7188
Pratappur	Chhattisgarh	491337	21.2134	81.3854
Hatranka	Chhattisgarh	491338	21.2134	81.3854
Narayanpur	Chhattisgarh	491340	21.2134	81.3854
Bori	Chhattisgarh	491441	21.1464	81.0526
Singarpur	Chhattisgarh	491444	21.2776	81.0169
Medha	Chhattisgarh	491445	21.1173	80.787
Charbhata	Chhattisgarh	491557	20.9825	80.5754
Asra	Chhattisgarh	491558	21.0128	80.7419
Kunda	Chhattisgarh	491559	22.1159	81.4619
Dongargaon	Chhattisgarh	491661	20.9717	80.8508
Dangarh	Chhattisgarh	491665	20.6973	80.8032
Kumhali	Chhattisgarh	491666	20.6646	80.8764
Amgaon	Chhattisgarh	491668	20.9183	80.786
Deori	Chhattisgarh	491771	21.2134	81.3854
Deori	Chhattisgarh	491881	20.9245	80.8386
Udaipur	Chhattisgarh	491885	21.5197	81.0898
Rampur	Chhattisgarh	491888	21.2134	81.3854
Mohgaon	Chhattisgarh	491993	21.2134	81.3854
Sonbarsa	Chhattisgarh	491995	21.6911	81.9413
Junwani	Chhattisgarh	491996	21.9776	81.2479
Byron Bazar	Chhattisgarh	492001	21.2845	81.8203
Mantralaya Raipur	Chhattisgarh	492002	21.2845	81.8203
Urla	Chhattisgarh	492003	21.3132	81.6064
Pandri	Chhattisgarh	492004	21.2845	81.8203
Vidhan Sabha (Raipur)	Chhattisgarh	492005	21.2845	81.8203
Khamtarai	Chhattisgarh	492008	21.2778	81.634
Raipur Ganj	Chhattisgarh	492009	21.2495	81.629
Science College	Chhattisgarh	492010	21.1879	81.6898
Krishak Nagar	Chhattisgarh	492012	21.1879	81.6898
Raipura	Chhattisgarh	492013	21.2333	81.6333
Saddu	Chhattisgarh	492014	21.1879	81.6898
Rakhi	Chhattisgarh	492015	21.15	81.7833
Mana Basti.	Chhattisgarh	492016	21.1879	81.6898
IBC Raipur	Chhattisgarh	492017	21.1879	81.6898
Tenduwa	Chhattisgarh	492099	21.2845	81.8203
Godhi	Chhattisgarh	492101	21.0976	81.7223
Loharsi	Chhattisgarh	492109	21.2845	81.8203
Sonpur	Chhattisgarh	492112	21.2845	81.8203
Kamta	Chhattisgarh	493101	21.2845	81.8203
Akoli	Chhattisgarh	493111	21.3697	81.7065
Bhainsa	Chhattisgarh	493113	21.2845	81.8203
Deori	Chhattisgarh	493114	21.5339	81.8502
Pathari	Chhattisgarh	493116	21.4333	81.7333
Deori	Chhattisgarh	493118	21.5339	81.8502
Suhela	Chhattisgarh	493195	21.2845	81.8203
Newari	Chhattisgarh	493196	21.2845	81.8203
Deori	Chhattisgarh	493221	21.4683	81.6905
Junwani	Chhattisgarh	493222	21.2845	81.8203
Bhainsa	Chhattisgarh	493225	21.3992	82.0353
Arjuni	Chhattisgarh	493228	21.2845	81.8203
Bhawanipur	Chhattisgarh	493229	21.2845	81.8203
Arjuni	Chhattisgarh	493331	21.2845	81.8203
Champa	Chhattisgarh	493332	21.2845	81.8203
Borsi	Chhattisgarh	493335	21.2845	81.8203
Kumhari	Chhattisgarh	493338	21.2845	81.8203
Malda	Chhattisgarh	493344	21.2845	81.8203
Chikhali	Chhattisgarh	493441	21.1797	82
Bamhani	Chhattisgarh	493445	21.4825	82.7188
Deori	Chhattisgarh	493448	20.9769	82.5287
Bundeli	Chhattisgarh	493449	21.1406	82.5862
Lawan	Chhattisgarh	493526	21.2845	81.8203
Kishanpur	Chhattisgarh	493551	21.2042	82.6046
Baroli	Chhattisgarh	493554	21.2129	82.8264
Bamhani	Chhattisgarh	493555	21.4825	82.7188
Rohina	Chhattisgarh	493558	21.4328	82.9515
Dhangaon	Chhattisgarh	493559	21.2845	81.8203
Seoni	Chhattisgarh	493661	21.1282	81.6949
Girod	Chhattisgarh	493662	20.5567	81.8111
Nari	Chhattisgarh	493663	20.5567	81.8111
Rampur	Chhattisgarh	493770	20.9019	81.5583
Singhpur	Chhattisgarh	493773	20.5785	81.8753
Bhatgaon	Chhattisgarh	493776	20.6709	81.5287
Rajpur	Chhattisgarh	493778	20.7346	81.7769
Nawapara Rajim	Chhattisgarh	493881	20.9717	81.8588
Semra	Chhattisgarh	493885	21.0515	81.9493
Kopra	Chhattisgarh	493887	20.8365	81.9254
Mainpur	Chhattisgarh	493888	21.2845	81.8203
Madanpur	Chhattisgarh	493889	21.2845	81.8203
Tikrapara	Chhattisgarh	493890	21.2248	81.6374
Sargiguda	Chhattisgarh	493891	21.2845	81.8203
Deori	Chhattisgarh	493992	21.2804	82.006
Seoni	Chhattisgarh	493996	21.2845	81.8203
Karanji	Chhattisgarh	494001	19.3228	82.0017
Kuthar	Chhattisgarh	494010	19.1065	81.876
Kanjipani	Chhattisgarh	494111	18.8321	81.3896
Gollapalli	Chhattisgarh	494114	18.8321	81.3896
Chandragiri	Chhattisgarh	494115	18.8321	81.3896
Nagaram	Chhattisgarh	494122	18.8321	81.3896
Tarapur	Chhattisgarh	494221	19.1656	82.1607
Rajnagar	Chhattisgarh	494222	19.2396	82.068
Talur	Chhattisgarh	494223	19.1065	81.876
Seoni	Chhattisgarh	494224	19.1065	81.876
Malgaon	Chhattisgarh	494226	19.1065	81.876
Bangaon	Chhattisgarh	494228	19.1065	81.876
Hirri	Chhattisgarh	494229	19.1065	81.876
Dhanora	Chhattisgarh	494230	19.1065	81.876
Babai	Chhattisgarh	494237	19.1065	81.876
Singanpur	Chhattisgarh	494331	19.1065	81.876
Deori	Chhattisgarh	494332	20.3001	81.4047
Jamgaon	Chhattisgarh	494333	20.3846	81.7408
Govindpur	Chhattisgarh	494334	20.1372	81.1209
Abhanpur	Chhattisgarh	494335	20.3191	81.6901
Jepra	Chhattisgarh	494336	20.4713	81.4666
Charbhata	Chhattisgarh	494337	20.4859	81.3423
Khalari	Chhattisgarh	494347	19.1065	81.876
Karli	Chhattisgarh	494441	18.8321	81.3896
Chitapur	Chhattisgarh	494442	18.9043	81.6435
Dhanora	Chhattisgarh	494444	18.8592	80.7864
Chandur	Chhattisgarh	494446	18.6781	80.3147
Dharmaram	Chhattisgarh	494447	18.5912	80.9432
Cherpalli	Chhattisgarh	494448	19.1978	80.4101
Kawadgaon	Chhattisgarh	494449	18.9045	81.5259
Gudma	Chhattisgarh	494450	18.984	80.8357
Sameli	Chhattisgarh	494552	18.5556	81.3487
Bache R.S.	Chhattisgarh	494553	18.7245	81.3035
Aranpur	Chhattisgarh	494556	18.5026	81.3018
Sambalpur	Chhattisgarh	494635	20.3033	81.036
Dhanora	Chhattisgarh	494661	19.5673	81.0892
Kamta	Chhattisgarh	494665	20.0624	81.213
Dangra	Chhattisgarh	494669	20.2657	80.9748
Sureli	Chhattisgarh	494670	20.0588	81.2258
Badgaon	Chhattisgarh	494771	20.1577	80.7109
Pratappur	Chhattisgarh	494776	20.1372	81.1209
Panwar	Chhattisgarh	494777	20.0639	80.7545
Mangla	Chhattisgarh	495001	22.1004	82.1312
Saida	Chhattisgarh	495003	22.0698	82.0812
Dhuma	Chhattisgarh	495004	22.2667	81.8949
Bahtarai	Chhattisgarh	495006	22.0789	82.0379
Koni	Chhattisgarh	495009	22.1314	82.122
Tanda	Chhattisgarh	495112	22.2462	81.9942
Parsada	Chhattisgarh	495113	22.3293	81.9708
Kotri	Chhattisgarh	495115	22.2173	81.7751
Chhatauna	Chhattisgarh	495116	22.3781	82.0563
Lalpur	Chhattisgarh	495117	22.319	82.0083
Seoni	Chhattisgarh	495118	22.5318	82.6118
Amarpur	Chhattisgarh	495119	22.7575	81.9765
Parsada	Chhattisgarh	495220	22.3293	81.9708
Hirri	Chhattisgarh	495222	21.9731	82.05
Anda	Chhattisgarh	495224	21.9597	81.9757
Rajpur	Chhattisgarh	495330	22.1879	81.9672
Lalpur	Chhattisgarh	495334	22.3781	82.0563
Bhatgaon	Chhattisgarh	495335	22.3781	82.0563
Khaira	Chhattisgarh	495442	22.2028	82.2242
Dhelwadih	Chhattisgarh	495444	22.3162	82.3967
Jawali	Chhattisgarh	495445	22.5318	82.6118
Chainpur	Chhattisgarh	495446	22.1948	82.9574
Banki Mongra	Chhattisgarh	495447	22.5318	82.6118
Pali	Chhattisgarh	495448	22.3775	82.3259
Pali	Chhattisgarh	495449	22.9486	82.4045
Gopalpur	Chhattisgarh	495450	22.4528	82.4234
Deepika Project Korba	Chhattisgarh	495452	22.345	82.6025
Pandania	Chhattisgarh	495454	22.3335	82.6735
Balgi Project Korba	Chhattisgarh	495455	22.345	82.6025
Pondi	Chhattisgarh	495550	22.1956	82.3109
Deogaon	Chhattisgarh	495551	22.3781	82.0563
Arjuni	Chhattisgarh	495552	21.998	82.3545
Pakaria	Chhattisgarh	495553	22.0063	82.3912
Bhadra	Chhattisgarh	495554	21.8953	82.4932
Pandhi	Chhattisgarh	495555	22.1074	82.2545
Borda	Chhattisgarh	495556	21.7815	82.5721
Nawagarh	Chhattisgarh	495557	21.8534	82.6614
Khamaria	Chhattisgarh	495559	21.9351	82.8557
Sonthi	Chhattisgarh	495660	22.5318	82.6118
Semaria	Chhattisgarh	495661	22.5318	82.6118
Amora	Chhattisgarh	495663	21.9723	82.3696
Semra	Chhattisgarh	495668	21.8652	82.6192
Basantpur	Chhattisgarh	495671	22.0411	82.6063
Rampur	Chhattisgarh	495674	22.1943	82.9934
Hasdeo Project Korba	Chhattisgarh	495677	22.5318	82.6118
Dadarkhurd	Chhattisgarh	495682	22.5318	82.6118
Godhi	Chhattisgarh	495683	22.5318	82.6118
Ajgarbahar	Chhattisgarh	495684	22.5219	82.7091
Saragaon	Chhattisgarh	495686	21.9865	82.7558
Kirari	Chhattisgarh	495687	22.0426	82.8588
Kansa	Chhattisgarh	495688	21.8	82.6312
Deori	Chhattisgarh	495689	22.0128	82.7568
Amgaon	Chhattisgarh	495690	22.5318	82.6118
Kurda	Chhattisgarh	495691	22.5318	82.6118
Gopalpur	Chhattisgarh	495692	21.8948	82.7321
Kanwali	Chhattisgarh	495695	21.9277	82.9978
Tarapur	Chhattisgarh	496001	21.8634	83.2676
Gorkha	Chhattisgarh	496005	21.8764	83.3774
Chikhli	Chhattisgarh	496100	21.7738	83.3108
Amgaon	Chhattisgarh	496107	22.0859	83.3082
Urjanagar Telirampur	Chhattisgarh	496108	21.8385	83.3186
Punjipathra	Chhattisgarh	496109	21.8385	83.3186
Bansi	Chhattisgarh	496111	22.0859	83.3082
Narayanpur	Chhattisgarh	496113	22.0859	83.3082
Karra	Chhattisgarh	496115	22.0859	83.3082
Shahpur	Chhattisgarh	496116	22.0859	83.3082
Sonpur	Chhattisgarh	496118	22.8008	83.8662
Pandaripani	Chhattisgarh	496220	22.4305	83.713
Deori	Chhattisgarh	496223	22.8008	83.8662
Karma	Chhattisgarh	496224	22.8008	83.8662
Narayanpur	Chhattisgarh	496225	22.8008	83.8662
Kersai	Chhattisgarh	496227	22.5901	83.9638
Sahaspur	Chhattisgarh	496242	22.8008	83.8662
Dumaria	Chhattisgarh	496245	22.8008	83.8662
Asta	Chhattisgarh	496330	23.1049	83.9789
Gamharia	Chhattisgarh	496331	22.8008	83.8662
Dandadih	Chhattisgarh	496334	22.7383	84.1085
Ekamba	Chhattisgarh	496336	22.4825	83.5795
Patratoli	Chhattisgarh	496338	22.9833	84.1804
Chhapora	Chhattisgarh	496440	21.7692	83.4516
Gonda	Chhattisgarh	496445	21.5768	83.1133
Kotri	Chhattisgarh	496450	21.6181	83.0836
Damdama	Chhattisgarh	496551	21.4505	83.3268
Deogaon	Chhattisgarh	496554	21.5865	83.3127
Madanpur	Chhattisgarh	496661	22.0859	83.3082
Barra	Chhattisgarh	496665	22.0859	83.3082
Kalyanpur	Chhattisgarh	497001	22.9405	83.1235
Raghunathpur	Chhattisgarh	497101	22.9405	83.1235
Kot	Chhattisgarh	497111	22.9405	83.1235
Pratapgarh	Chhattisgarh	497114	22.686	82.9707
Turna	Chhattisgarh	497116	23.0125	83.0618
Udaipur	Chhattisgarh	497117	22.9084	82.9473
Gopalpur	Chhattisgarh	497118	22.9405	83.1235
Shahpur	Chhattisgarh	497119	22.9405	83.1235
Krishnanagar	Chhattisgarh	497220	22.9405	83.1235
Dharampur	Chhattisgarh	497223	22.9405	83.1235
Kusmi	Chhattisgarh	497224	22.9405	83.1235
Basantpur	Chhattisgarh	497225	22.9405	83.1235
Ramnagar	Chhattisgarh	497226	22.8835	82.9551
Surajpur	Chhattisgarh	497229	22.9405	83.1235
Sirsi	Chhattisgarh	497231	22.9405	83.1235
Jarhi	Chhattisgarh	497235	22.9405	83.1235
Dumaria	Chhattisgarh	497331	23.4674	82.2383
Madanpur	Chhattisgarh	497333	22.9405	83.1235
Nagar	Chhattisgarh	497335	23.2667	82.45
Rajouli	Chhattisgarh	497339	23.4829	82.5182
Nagpur	Chhattisgarh	497442	23.2875	82.3461
Jhagrakhand Colly	Chhattisgarh	497446	23.1782	82.29
B-seam Colly	Chhattisgarh	497447	23.1782	82.29
South Jhagrakhand Colly	Chhattisgarh	497448	23.1782	82.29
Pondi	Chhattisgarh	497449	23.0216	82.3191
Khadgawan	Chhattisgarh	497450	23.1047	82.3499
Haldibadi	Chhattisgarh	497451	23.1047	82.3499
Kurasia Colly	Chhattisgarh	497553	23.4674	82.2383
Godripara	Chhattisgarh	497555	23.4674	82.2383
Sonawani Colly	Chhattisgarh	497557	23.4674	82.2383
Gelhapani	Chhattisgarh	497559	23.4674	82.2383
West Chirimiri	Chhattisgarh	497773	23.4674	82.2383
Ramgarh	Chhattisgarh	497778	23.4674	82.2383
Gandhi Bhawan (Hyderabad)	Telangana	500001	17.3862	78.462
Hyderabad Jubilee H.O	Telangana	500002	17.3862	78.462
Kingsway	Telangana	500003	17.3862	78.462
A.Gs Office	Telangana	500004	17.3872	78.4621
Balapur	Telangana	500005	17.3102	78.4997
Karwan Sahu	Telangana	500006	17.3862	78.462
IICT	Telangana	500007	17.427	78.5353
Golconda	Telangana	500008	17.4171	78.4772
Manovikasnagar	Telangana	500009	17.3862	78.462
Alwal	Telangana	500010	17.4171	78.4772
Bowenpally	Telangana	500011	17.4171	78.4772
Begumbazar	Telangana	500012	17.4171	78.4772
Amberpet	Telangana	500013	17.4688	78.4334
Hakimpet	Telangana	500014	17.401	78.417
EME Records	Telangana	500015	17.4171	78.4772
Begumpet	Telangana	500016	17.4427	78.4751
Lallaguda	Telangana	500017	17.4381	78.5406
Moosapet	Telangana	500018	17.1316	78.4112
Lingampalli	Telangana	500019	17.4865	78.317
Ashoknagar (Hyderabad)	Telangana	500020	17.4057	78.4944
Central Secretariat	Telangana	500022	17.4171	78.4772
Yakutpura	Telangana	500023	17.3613	78.4896
Sahifa	Telangana	500024	17.4171	78.4772
Himmatnagar	Telangana	500025	17.4171	78.4772
Nehrunagar (Hyderabad)	Telangana	500026	17.4113	78.4935
Barkatpura	Telangana	500027	17.4171	78.4772
Humayunnagar	Telangana	500028	17.3991	78.4577
Himayathnagar	Telangana	500029	17.3968	78.4935
A.G.College	Telangana	500030	17.4187	78.4695
Ibrahim Bagh Lines	Telangana	500031	17.4187	78.4695
Gachibowli	Telangana	500032	17.1316	78.4112
Dr.B R Ambedkar O.U	Telangana	500033	17.4334	78.4111
Banjara Hills	Telangana	500034	17.4168	78.4384
Huda Residential Complex	Telangana	500035	17.1316	78.4112
Malakpet Colony	Telangana	500036	17.4187	78.4695
Balanagar Township	Telangana	500037	17.4187	78.4695
Sanjeev Reddy Nagar	Telangana	500038	17.4187	78.4695
Peerzadiguda	Telangana	500039	17.4171	78.4772
Aphb Colony Moulali	Telangana	500040	17.4171	78.4772
Raj Bhawan (Hyderabad)	Telangana	500041	17.4171	78.4772
Hal (Hyderabad)	Telangana	500042	17.4171	78.4772
Gagillapur	Telangana	500043	17.1316	78.4112
Nallakunta	Telangana	500044	17.4171	78.4772
A.Gs. Staff Quarters	Telangana	500045	17.4171	78.4772
CUC	Telangana	500046	17.4171	78.4772
Anandbagh	Telangana	500047	17.4284	78.4936
Attapur	Telangana	500048	17.3686	78.4356
Miyapur	Telangana	500049	17.4171	78.4772
Chandanagar	Telangana	500050	17.4171	78.4772
Hindustan Cables Ltd	Telangana	500051	17.3724	78.437
Shivarampalli	Telangana	500052	17.299	78.4186
Falaknuma	Telangana	500053	17.34	78.4852
HMT Township	Telangana	500054	17.3724	78.437
Gajularamaram	Telangana	500055	17.3724	78.437
Neredmet	Telangana	500056	17.3724	78.437
Vijay Nagar Colony (Hyderabad)	Telangana	500057	17.3724	78.437
Badangpet	Telangana	500058	17.3724	78.437
Saidabad (Hyderabad)	Telangana	500059	17.357	78.5125
Chaithanyapuri Colony	Telangana	500060	17.1316	78.4112
Sitaphalmandi	Telangana	500061	17.3568	78.4524
Dr As Rao Nagar	Telangana	500062	17.3568	78.4524
LIC Division	Telangana	500063	17.3568	78.4524
Bahadurpura	Telangana	500064	17.3568	78.4524
Fatehdarwaza	Telangana	500065	17.3568	78.4524
High Court (Hyderabad)	Telangana	500066	17.3568	78.4524
Suchitra Junction	Telangana	500067	17.3568	78.4524
Mansoorabad	Telangana	500068	17.1316	78.4112
R.C.Imarat	Telangana	500069	17.3568	78.4524
Sarada Nagar	Telangana	500070	17.1316	78.4112
Kukatpally	Telangana	500072	17.4171	78.4772
Srinagar Colony	Telangana	500073	17.4661	78.4914
L B Nagar	Telangana	500074	17.4171	78.4772
Himayathnagar	Telangana	500075	17.3901	78.3279
Mallapur	Telangana	500076	17.1316	78.4112
Kattedan Ie	Telangana	500077	17.4661	78.4914
Bomraspet	Telangana	500078	17.1316	78.4112
Hasthinapuram	Telangana	500079	17.1316	78.4112
Gandhinagar (Hyderabad)	Telangana	500080	17.4171	78.4772
Madhapur	Telangana	500081	17.4411	78.3885
I.M.Colony	Telangana	500082	17.4253	78.4581
Nagaram (K.V.Rangareddy)	Telangana	500083	17.4171	78.4772
Kondapur	Telangana	500084	17.4656	78.3419
Jntu Kukat Pally	Telangana	500085	17.4171	78.4772
Don Bosco Nagar	Telangana	500086	17.4171	78.4772
Jawahar Nagar	Telangana	500087	17.4171	78.4772
Katchavanisingaram	Telangana	500088	17.4171	78.4772
Manikonda	Telangana	500089	17.4171	78.4772
Mallampet	Telangana	500090	17.4171	78.4772
Himayath Sagar	Telangana	500091	17.4171	78.4772
Boduppal	Telangana	500092	17.4171	78.4772
Vikasnagar (Hyderabad)	Telangana	500093	17.4171	78.4772
Sainikpuri	Telangana	500094	17.4171	78.4772
Putlibowli	Telangana	500095	17.4171	78.4772
Film Nagar	Telangana	500096	17.4171	78.4772
Gayatri Nagar	Telangana	500097	17.4171	78.4772
Medipalli	Telangana	500098	17.4171	78.4772
Doolapalli	Telangana	500100	17.1316	78.4112
Aliabad	Telangana	500101	17.3455	78.4729
Jai Jawan Colony	Telangana	500103	17.4171	78.4772
Chitrapuri Colony	Telangana	500104	17.1316	78.4112
Vengal Rao Nagar	Telangana	500105	17.4171	78.4772
Gopanpally	Telangana	500107	17.4171	78.4772
R.G.I. Airport	Telangana	500108	17.1316	78.4112
Prashasan Nagar	Telangana	500110	17.4171	78.4772
I S B Campus	Telangana	500111	17.1316	78.4112
Vikarabad H.O	Telangana	501101	17.4171	78.4772
Pudur	Telangana	501102	17.1316	78.4112
Kothapalli	Telangana	501106	17.1316	78.4112
Pulmamidi	Telangana	501111	17.5952	78.1606
Dharur	Telangana	501121	17.1316	78.4112
Narayanpur	Telangana	501141	17.1316	78.4112
Gazipur	Telangana	501142	17.1316	78.4112
Kasimpur	Telangana	501143	17.1316	78.4112
Bennur	Telangana	501144	17.1316	78.4112
Malkapur	Telangana	501158	17.3242	78.173
Tekulapalli	Telangana	501202	17.1316	78.4112
Kothapalli	Telangana	501203	17.1316	78.4112
Nagaram	Telangana	501218	17.1836	78.3915
Rompalli	Telangana	501301	17.4171	78.4772
Gudur	Telangana	501359	17.2068	78.276
Pudur	Telangana	501401	17.1316	78.4112
Sultanpur	Telangana	501501	17.2768	78.4921
Ainapur	Telangana	501502	17.1316	78.4112
Alur	Telangana	501503	17.3294	78.0687
Venkatapur	Telangana	501504	17.2967	78.4908
Hayatnagar	Telangana	501505	17.3284	78.6063
Madhapur	Telangana	501506	17.4411	78.3885
Lingampalli	Telangana	501508	17.4865	78.317
Kothapalli	Telangana	501509	17.1316	78.4112
Adibatla	Telangana	501510	17.2306	78.5435
Koheda	Telangana	501511	17.2827	78.6357
Anajpur	Telangana	501512	17.2708	78.6932
Rajampet Colony	Telangana	502001	17.8502	78.3923
A.I.E. R.C.puram	Telangana	502032	17.8502	78.3923
Ramayampet	Telangana	502101	18.1173	78.4355
Kondapur	Telangana	502102	18.0479	78.5727
Ambedkarnagar	Telangana	502103	17.9554	78.2569
Ibrahimpur	Telangana	502107	18.0225	78.5251
Dharmaram	Telangana	502108	17.9065	78.297
Rampur	Telangana	502109	17.9554	78.2569
Medak Buss stand	Telangana	502110	17.9554	78.2569
Nagapuram	Telangana	502113	17.9554	78.2569
Venkatapur	Telangana	502114	18.0771	78.5523
Gangapur	Telangana	502115	17.9554	78.2569
Venkatapur	Telangana	502117	18.0771	78.5523
Yellapur	Telangana	502125	17.6975	78.2434
Fareedpur	Telangana	502130	17.9554	78.2569
O.F.Yeddumailaram	Telangana	502205	17.806	78.2366
Khanapur	Telangana	502210	17.9554	78.2569
Zaheerabad H.O	Telangana	502220	17.9554	78.2569
Gopanpally	Telangana	502221	17.9554	78.2569
Madhunagar	Telangana	502228	17.9554	78.2569
Krishnapur	Telangana	502246	17.9554	78.2569
Ibrahimpur	Telangana	502247	18.0225	78.5251
Madur	Telangana	502248	17.6939	78.281
Yelgoi	Telangana	502249	17.9554	78.2569
Ratnapur	Telangana	502251	17.8263	78.3436
Suraram	Telangana	502255	17.9554	78.2569
Chalki	Telangana	502256	17.952	78.32
Hasnabad	Telangana	502257	17.947	78.5005
Ananthsagar	Telangana	502267	17.9554	78.2569
Devnoor	Telangana	502269	17.9554	78.2569
Chintakunta	Telangana	502270	17.9554	78.2569
Moosapet	Telangana	502271	18.0773	77.9289
Korpole	Telangana	502273	17.9554	78.2569
Machapur	Telangana	502276	17.9554	78.2569
Ponnal	Telangana	502277	17.9554	78.2569
Ahmedpur	Telangana	502278	17.9554	78.2569
Mylaram	Telangana	502279	17.9554	78.2569
Khata	Telangana	502280	17.9866	77.9478
Varadarajapuram	Telangana	502281	17.9554	78.2569
Kandi	Telangana	502285	17.9554	78.2569
Lingapur	Telangana	502286	18.0834	78.3915
Mardi	Telangana	502287	17.9554	78.2569
Lingampalli	Telangana	502290	18.0758	78.026
Venkatapur	Telangana	502291	17.9182	78.1389
Baswapur	Telangana	502293	17.9116	78.3436
Fasalwadi	Telangana	502294	17.9554	78.2569
Gollapalli	Telangana	502295	17.7923	78.2994
Waddepalli	Telangana	502296	17.9554	78.2569
Kollur	Telangana	502300	17.9554	78.2569
Pallepahad	Telangana	502301	17.9554	78.2569
Mupparam	Telangana	502302	17.9554	78.2569
Mallampet	Telangana	502303	18.0749	78.0439
Bdl Bhanur	Telangana	502305	17.9554	78.2569
Kondapur	Telangana	502306	17.7287	78.5103
Chitkul	Telangana	502307	17.8957	78.0944
Mylaram	Telangana	502310	17.9554	78.2569
Akkaram	Telangana	502311	17.9554	78.2569
Timmapur	Telangana	502312	17.7179	78.5199
Annaram	Telangana	502313	18.0199	78.1368
Lingapur	Telangana	502314	18.0834	78.3915
Tunki	Telangana	502316	17.8074	78.2271
Allipur	Telangana	502318	17.9554	78.2569
Sultanpur	Telangana	502319	18.1141	78.2532
Venkatapur	Telangana	502321	17.9901	77.8678
Icrisat	Telangana	502324	17.9554	78.2569
Aie Bollaram	Telangana	502325	17.9554	78.2569
Rudraram	Telangana	502329	17.9793	78.4183
Kothapally	Telangana	502331	17.9554	78.2569
Ghanpur	Telangana	502334	18.0856	78.263
Islampur	Telangana	502335	17.8728	78.4819
Veloor	Telangana	502336	17.9554	78.2569
Lingampalli	Telangana	502345	17.9554	78.2569
Krishnapur	Telangana	502371	17.9554	78.2569
Toguta	Telangana	502372	17.9554	78.2569
Rampur	Telangana	502375	18.0017	78.2288
Rangampet	Telangana	502381	17.9554	78.2569
Gajulpet	Telangana	503001	18.696	78.2131
Kanteshwar	Telangana	503002	18.6828	78.1153
Khanapur	Telangana	503003	18.696	78.2131
Baswapur	Telangana	503101	18.5062	77.8185
Jangampalli	Telangana	503102	18.696	78.2131
Pocharam	Telangana	503108	18.696	78.2131
Kondapur	Telangana	503110	18.696	78.2131
Kamareddy H.O	Telangana	503111	18.696	78.2131
Lingapur	Telangana	503112	18.696	78.2131
Gandhari	Telangana	503114	18.696	78.2131
Motha	Telangana	503120	18.696	78.2131
Jalalpur	Telangana	503122	18.696	78.2131
Muthyampet	Telangana	503123	18.696	78.2131
Lingampalli	Telangana	503124	18.696	78.2131
Malkapur	Telangana	503125	18.696	78.2131
Annaram	Telangana	503144	18.696	78.2131
Dharmaraopet	Telangana	503145	18.696	78.2131
Rampur	Telangana	503164	18.696	78.2131
Kondur	Telangana	503165	18.5889	78.4317
APSP Camp (Nizamabad)	Telangana	503174	18.696	78.2131
Kanjar	Telangana	503175	18.696	78.2131
Narsapur	Telangana	503180	18.696	78.2131
Sangam	Telangana	503185	18.696	78.2131
Pocharam	Telangana	503186	18.71	77.9991
Rampur	Telangana	503187	18.696	78.2131
Anandnagar	Telangana	503188	18.5891	77.873
Jalalpur	Telangana	503201	18.5082	77.9695
Thanakalan	Telangana	503202	18.7566	78.2482
Chintakunta	Telangana	503206	18.5838	77.9793
Kothapalli	Telangana	503207	18.7102	78.5523
Kondur	Telangana	503212	18.5889	78.4317
Madhapur	Telangana	503213	18.6831	78.2268
Chittapur	Telangana	503217	18.696	78.2131
Kothapalli	Telangana	503218	18.7102	78.5523
Mendora	Telangana	503219	18.9547	78.4303
Khanapur	Telangana	503223	18.696	78.2131
Armoor H.O	Telangana	503224	18.6175	78.3995
Thimmapur	Telangana	503225	18.696	78.2131
Sirpur	Telangana	503230	18.696	78.2131
Boregaon	Telangana	503235	18.696	78.2131
Kamalapur	Telangana	503245	18.7547	78.0183
Kothapalli	Telangana	503246	18.7102	78.5523
Mailaram	Telangana	503301	18.6568	78.3354
Mallur	Telangana	503302	18.696	78.2131
Dongaon	Telangana	503305	18.696	78.2131
Hasgal	Telangana	503306	18.696	78.2131
Babapur	Telangana	503307	18.6891	78.5006
Nagapuram	Telangana	503308	18.8502	78.5216
Hangarga	Telangana	503309	18.5847	77.7634
Chillargi	Telangana	503310	18.696	78.2131
Venkatapur	Telangana	503311	18.696	78.2131
Thimmapuram	Telangana	503321	18.6631	77.9191
Telangana University	Telangana	503322	18.6631	77.9191
Adilabad Collectorate	Telangana	504001	19.539	78.527
Saidpur	Telangana	504002	19.6228	78.736
Ashta	Telangana	504101	19.5158	78.574
Kolur	Telangana	504102	19.5158	78.574
Sonari	Telangana	504103	19.5158	78.574
Rajura	Telangana	504104	19.5158	78.574
Madapur	Telangana	504105	19.3222	78.462
Venkatapur	Telangana	504106	19.3082	78.4639
RGU IIIT Campus Basar	Telangana	504107	19.5158	78.574
Kallur	Telangana	504109	19.5158	78.574
Jam	Telangana	504110	19.5158	78.574
Annaram	Telangana	504201	19.5158	78.574
Lingapur	Telangana	504202	19.5214	78.5338
Dilawarpur	Telangana	504203	19.5158	78.574
Bheemaram	Telangana	504204	19.5158	78.574
Dharmaram	Telangana	504205	19.5158	78.574
Venkatapur	Telangana	504206	19.5158	78.574
Laxmipur	Telangana	504207	19.5158	78.574
Patha Mancherial	Telangana	504208	19.5158	78.574
Thimmapur	Telangana	504209	19.5158	78.574
Jangaon	Telangana	504214	19.5158	78.574
Gudem	Telangana	504215	19.5158	78.574
Jaipur	Telangana	504216	19.5158	78.574
Devapur Cement Works	Telangana	504218	19.5158	78.574
Venkatapur	Telangana	504219	19.5158	78.574
Madaram Township	Telangana	504220	19.5158	78.574
Dharmaraopet	Telangana	504231	19.5158	78.574
Bellampalli	Telangana	504251	19.5158	78.574
Repallewada	Telangana	504272	19.5158	78.574
Dehgaon	Telangana	504273	19.7381	78.7831
Narayanpur	Telangana	504292	19.287	78.2751
Devapur	Telangana	504293	19.5158	78.574
Chirrakunta	Telangana	504294	19.5158	78.574
Khirdi	Telangana	504295	19.5158	78.574
Mosam	Telangana	504296	19.5158	78.574
Rompalli	Telangana	504297	19.5158	78.574
Chintakunta	Telangana	504299	19.5158	78.574
Ramakrishnapur	Telangana	504301	19.3423	78.55
Singapur	Telangana	504302	19.5158	78.574
Srirampur Colony	Telangana	504303	19.3423	78.55
Ghanpur	Telangana	504304	19.4435	78.2711
Rampur	Telangana	504306	19.4526	78.5741
Rampur	Telangana	504307	19.466	78.4125
Devapur	Telangana	504308	19.6121	78.4598
Bela	Telangana	504309	19.7198	78.7715
Medpalli	Telangana	504310	19.5158	78.574
Kothapalli	Telangana	504311	19.5158	78.574
Karanji	Telangana	504312	19.8565	78.3132
Lingapur	Telangana	504313	19.5214	78.5338
Kumhari	Telangana	504323	19.5158	78.574
Umri	Telangana	504346	19.4421	78.7456
Collectorate Complex	Telangana	505001	18.3624	79.1723
Bommakal	Telangana	505002	18.1613	79.3396
Kannur	Telangana	505101	18.376	79.2449
Gudur	Telangana	505102	18.376	79.2449
Dharmaram	Telangana	505122	18.3038	79.4892
Valbhapur	Telangana	505129	18.3373	79.4651
Kanagarthi	Telangana	505152	18.376	79.2449
Gangaram	Telangana	505153	18.376	79.2449
Kothapalli	Telangana	505162	18.376	79.2449
Peddapalli H.O	Telangana	505172	18.376	79.2449
Nittur	Telangana	505174	18.376	79.2449
Gopalpur	Telangana	505184	18.376	79.2449
Narayanapur	Telangana	505185	18.376	79.2449
Gollapalli	Telangana	505186	18.1889	79.2741
Kannal	Telangana	505187	18.376	79.2449
Rangapuram	Telangana	505188	18.2191	79.4193
Peddampet	Telangana	505208	18.376	79.2449
Maidpalli	Telangana	505209	18.376	79.2449
Fertilizercity	Telangana	505210	18.376	79.2449
Gv8incline	Telangana	505211	18.376	79.2449
Ladnapur	Telangana	505212	18.376	79.2449
Vittalanagar	Telangana	505214	18.376	79.2449
A.P.Colony (Karim Nagar)	Telangana	505215	18.376	79.2449
Nagaram	Telangana	505301	18.376	79.2449
Rudraram	Telangana	505302	18.4235	78.9068
Kondapur	Telangana	505303	18.3875	79.0998
Kothapalli	Telangana	505304	18.376	79.2449
Gollapalli	Telangana	505305	18.376	79.2449
Desaipet	Telangana	505306	18.6249	79.1174
Thimmapur	Telangana	505307	18.4854	79.1392
Lingapur	Telangana	505325	18.376	79.2449
Koratla	Telangana	505326	18.376	79.2449
Jagtial H.O	Telangana	505327	18.376	79.2449
Venkatapur	Telangana	505330	18.376	79.2449
Mallapur	Telangana	505331	18.376	79.2449
Mallapur	Telangana	505401	18.376	79.2449
Ananthagiri	Telangana	505402	18.376	79.2449
Mallaram	Telangana	505403	18.376	79.2449
Gudem	Telangana	505404	18.376	79.2449
Baswapur	Telangana	505405	18.376	79.2449
Mallapur	Telangana	505415	18.376	79.2449
Dharmaram	Andhra Pradesh	505416	18.5387	79.0803
Gopalpur	Telangana	505425	18.4627	79.17
Narayanpur	Telangana	505445	18.5999	78.9989
Dabba	Telangana	505450	18.376	79.2449
Malkapur	Telangana	505451	18.4714	79.0726
Rampur	Telangana	505452	18.376	79.2449
Kondapur	Telangana	505453	18.3875	79.0998
Beerpur	Telangana	505454	18.376	79.2449
Gandhinagar	Telangana	505455	18.376	79.2449
Allipur	Telangana	505460	18.376	79.2449
Chintakunta	Telangana	505462	18.376	79.2449
Mirzapur	Telangana	505466	18.376	79.2449
Kachapur	Telangana	505467	18.376	79.2449
Huzurabad H.O	Telangana	505468	18.2437	79.1936
Mallapur	Telangana	505469	18.376	79.2449
Rajapur	Telangana	505470	18.376	79.2449
Dharmaram	Telangana	505471	18.3038	79.4892
Ramchandrapur	Telangana	505472	18.376	79.2449
Baswapur	Telangana	505473	18.376	79.2449
Ambalapur	Telangana	505474	18.4377	79.3565
Rachapalli	Telangana	505475	18.361	79.5389
Suraram	Telangana	505476	18.376	79.2449
Bommakal	Telangana	505480	18.1613	79.3396
Narayanpur	Telangana	505481	18.5999	78.9989
Vennampalli	Telangana	505490	18.2923	79.1761
Kothapalli	Telangana	505497	18.376	79.2449
Rampur	Telangana	505498	18.376	79.2449
Tirumalapur	Telangana	505501	18.376	79.2449
Narsingapur	Telangana	505502	18.4093	79.3858
Annaram	Telangana	505503	18.4094	79.2357
Suraram	Telangana	505504	18.376	79.2449
Laxmipur	Telangana	505505	18.376	79.2449
Brahmanpalli	Telangana	505514	18.376	79.2449
Vilasagar	Telangana	505524	18.376	79.2449
Sultanpur	Telangana	505525	18.376	79.2449
Kondapur	Telangana	505526	18.3875	79.0998
Thimmapur	Telangana	505527	18.376	79.2449
Dacharam	Telangana	505528	18.376	79.2449
Laxmipur	Telangana	505529	18.376	79.2449
Mylaram	Telangana	505530	18.376	79.2449
Laxmipur	Telangana	505531	18.5657	79.0531
Lingapur	Telangana	505532	18.4372	79.2259
Hanamkonda H.O	Telangana	506001	17.9218	79.7582
Matwada	Telangana	506002	17.9218	79.7582
Venkatapur	Telangana	506003	17.9218	79.7582
Fatimanagar	Telangana	506004	17.9218	79.7582
Timmapur	Telangana	506005	17.9218	79.7582
Venkatapur	Telangana	506006	17.7453	79.8092
Industrial Estate	Telangana	506007	17.9218	79.7582
Shivnagar	Telangana	506008	17.9218	79.7582
Vidyaranyapuri	Telangana	506009	17.9218	79.7582
D H Suthoon	Telangana	506011	17.9218	79.7582
Laxmipur (Warangal)	Telangana	506013	17.9218	79.7582
Bheemaram	Telangana	506015	17.9218	79.7582
Mahabubabad H.O	Telangana	506101	17.9218	79.7582
Laxmipur	Telangana	506102	17.6023	79.5572
Matwada	Telangana	506103	17.6681	79.9836
Gudur	Telangana	506104	17.9218	79.7582
Chintapalli	Telangana	506105	17.9218	79.7582
Narayanapuram	Telangana	506112	17.9218	79.7582
Nagaram	Telangana	506122	17.752	79.8841
Khanapur	Telangana	506132	17.9004	79.9277
Dharmaraopet	Telangana	506134	17.8501	79.9322
Gangaram	Telangana	506135	17.9218	79.7582
Mupparam	Telangana	506142	17.9218	79.7582
Thimmampet	Telangana	506143	17.9218	79.7582
Dharmapuram	Telangana	506144	17.9218	79.7582
Kondapur	Telangana	506145	17.6779	79.6801
Palakurthy	Telangana	506146	17.9218	79.7582
Rampur	Telangana	506151	17.9218	79.7582
Venkatapur	Telangana	506163	17.7453	79.8092
Parkal H.O	Telangana	506164	17.9218	79.7582
Ramannagudem	Telangana	506165	17.9218	79.7582
Mamnoor	Telangana	506166	17.9218	79.7582
Jangaon H.O	Telangana	506167	17.9218	79.7582
Peddapur	Telangana	506168	17.9218	79.7582
Nagaram	Telangana	506169	17.752	79.8841
Gopalpur	Telangana	506170	17.9218	79.7582
Mallur	Telangana	506172	17.9218	79.7582
Narmetta	Telangana	506175	17.9218	79.7582
Siripuram	Telangana	506201	17.9218	79.7582
Gangapur	Telangana	506221	17.9218	79.7582
Mutharam	Telangana	506222	17.9218	79.7582
Lingampalli	Telangana	506223	17.9218	79.7582
Narsapur	Telangana	506224	17.9218	79.7582
Narayanpur	Telangana	506244	17.9218	79.7582
Gudur	Telangana	506252	17.9218	79.7582
Kothapalli	Telangana	506301	17.9218	79.7582
Madhapur	Telangana	506302	17.9218	79.7582
Kothapalli	Telangana	506303	17.7642	79.6159
Upparapalli	Telangana	506310	17.9218	79.7582
Kothur	Telangana	506313	17.7388	79.6652
Kondapur	Telangana	506314	17.6779	79.6801
Rampur	Telangana	506315	17.9218	79.7582
Kondapur	Telangana	506316	17.6779	79.6801
Pochampalli	Telangana	506317	17.9218	79.7582
Rangapur	Telangana	506318	17.9218	79.7582
Chennapur	Telangana	506319	17.9218	79.7582
Nagaram	Telangana	506324	17.752	79.8841
Sangam	Telangana	506329	17.8858	79.7119
Machapur	Telangana	506330	17.9218	79.7582
Venkatapuram	Telangana	506331	17.9165	79.6622
Lingapuram	Telangana	506332	17.9048	79.8075
Laxmipur	Telangana	506342	17.9218	79.7582
Narsapur	Telangana	506343	17.9218	79.7582
Rangapur	Telangana	506344	18.2688	79.6821
Kondapur	Telangana	506345	17.6779	79.6801
Rampur	Telangana	506347	17.9218	79.7582
Sultanpur	Telangana	506348	17.9218	79.7582
Ramachandrapuram	Telangana	506349	17.9218	79.7582
Venkatapur	Telangana	506352	17.9218	79.7582
Chityal	Telangana	506355	17.9218	79.7582
Chityal	Telangana	506356	17.9218	79.7582
Annaram	Telangana	506365	17.9218	79.7582
Venkatapur	Telangana	506366	17.9218	79.7582
Kondapur	Telangana	506367	17.9218	79.7582
Jama Thanda	Telangana	506368	17.594	79.8232
Appalraopet	Telangana	506369	17.6681	79.9836
Waddepalli	Telangana	506370	17.9218	79.7582
Nagaram	Telangana	506371	17.9218	79.7582
Ammapalem	Telangana	506381	17.9218	79.7582
Nagaram	Telangana	506391	17.9218	79.7582
Burahanpuram	Telangana	507001	17.2094	80.3654
Gopalapuram	Telangana	507002	17.2094	80.3654
Seetharampuram	Telangana	507003	17.2094	80.3654
Bhajanamandir	Telangana	507101	17.2094	80.3654
Penagadapa	Telangana	507103	17.2094	80.3654
B.R.Colony	Telangana	507111	17.2094	80.3654
Musalimadugu	Telangana	507114	17.2094	80.3654
Nagaram	Telangana	507115	17.2094	80.3654
Anandapuram	Telangana	507116	17.2094	80.3654
Mallaram	Telangana	507117	17.2094	80.3654
Ramavaram	Telangana	507118	17.2094	80.3654
Rudrampur	Telangana	507119	17.2094	80.3654
Seethampeta	Telangana	507120	17.2094	80.3654
Madhavaram	Telangana	507122	17.2094	80.3654
Seetharampuram	Telangana	507123	17.2094	80.3654
Settipalli	Telangana	507124	17.2094	80.3654
P.V.Township	Telangana	507125	17.5559	80.4033
Nellipaka	Telangana	507128	17.2094	80.3654
Ramachandrapuram	Telangana	507133	17.2094	80.3654
Venkatapuram	Telangana	507136	17.2094	80.3654
Kothapalli	Telangana	507137	17.2094	80.3654
Gouthampur	Telangana	507138	17.2094	80.3654
Devarapalli	Telangana	507140	17.2094	80.3654
Siil Campus	Telangana	507154	17.2094	80.3654
Rajupeta	Telangana	507157	17.2094	80.3654
Venkatapuram	Telangana	507158	17.154	80.5959
Mallepalli	Telangana	507159	17.1636	79.9719
Ramachandrapuram	Telangana	507160	17.2094	80.3654
Hasnabad	Telangana	507161	17.2094	80.3654
Gopalapuram	Telangana	507163	17.2094	80.3654
Venkatapuram	Telangana	507164	17.154	80.5959
Gannavaram	Telangana	507165	17.2094	80.3654
Kakarla	Telangana	507166	17.2094	80.3654
Mallaram	Telangana	507167	17.2094	80.3654
Nacharam	Telangana	507168	17.2368	80.8769
Mallaram	Telangana	507169	17.2094	80.3654
Kondapuram	Telangana	507170	17.2094	80.3654
Kotapadu	Telangana	507182	17.2094	80.3654
Patharlapahad	Telangana	507183	17.3737	79.9673
Venkatapuram	Telangana	507201	17.154	80.5959
Bhimavaram	Telangana	507202	17.2094	80.3654
Allinagaram	Telangana	507203	17.1032	80.2539
Lakshmipuram	Telangana	507204	16.8972	80.4988
Jagannadhapuram	Telangana	507208	17.2094	80.3654
Chennur	Telangana	507209	17.2094	80.3654
Gopalapuram	Telangana	507210	17.2094	80.3654
Venkatapuram	Telangana	507211	17.154	80.5959
Narayanapuram	Telangana	507301	17.1891	80.581
Lingagudem	Telangana	507302	17.2512	80.6656
Narayanapuram	Telangana	507303	17.1891	80.581
Brahmanapalli	Telangana	507304	17.2094	80.3654
Gopavaram	Telangana	507305	17.2517	79.958
Nacharam	Telangana	507306	17.2368	80.8769
Rajapuram	Telangana	507316	17.2094	80.3654
Allipuram	Telangana	507318	17.2094	80.3654
Bottuguda	Telangana	508001	17.0848	79.2439
Ramagiri	Telangana	508002	17.0624	79.2729
Dorepally	Telangana	508004	17.0848	79.2439
Kollur	Telangana	508101	16.876	79.2009
Challur	Telangana	508105	16.876	79.2009
Paladugu	Telangana	508111	16.876	79.2009
Nagaram	Telangana	508112	16.876	79.2009
Siripuram	Telangana	508113	16.876	79.2009
Kistapur	Telangana	508114	16.876	79.2009
Mallapur	Telangana	508115	16.876	79.2009
Bhongir H.O	Telangana	508116	16.876	79.2009
Madhapur	Telangana	508117	16.876	79.2009
Gudur	Telangana	508126	16.876	79.2009
Lingala	Telangana	508201	16.876	79.2009
Chalakuthy	Telangana	508202	16.597	79.3122
Kondapuram	Telangana	508204	16.876	79.2009
Bollepally	Telangana	508205	17.2101	79.2979
Ramapuram	Telangana	508206	16.876	79.2009
Miryalguda H.O	Telangana	508207	17.1406	79.549
Gudur	Telangana	508208	16.876	79.2009
Ramagiri	Telangana	508210	17.0624	79.2729
Kothapeta	Telangana	508211	16.876	79.2009
Atmakur	Telangana	508212	16.876	79.2009
Bank Street (Nalgonda)	Telangana	508213	17.1993	79.5185
Annaram	Telangana	508214	16.8552	79.2271
Kukkadam	Telangana	508217	16.876	79.2009
Somavaram	Telangana	508218	16.876	79.2009
Mukundapuram	Telangana	508221	16.876	79.2009
Janakipuram	Telangana	508223	16.876	79.2009
Ramachandrapuram	Telangana	508224	17.0843	79.7577
Jagannadhapuram	Telangana	508233	16.876	79.2009
Siripuram	Telangana	508234	16.876	79.2009
Ganapavaram	Telangana	508238	16.876	79.2009
Mustipally	Telangana	508243	16.6779	79.019
Kondapur	Telangana	508244	17.055	78.9903
Damera	Telangana	508245	16.876	79.2009
Ramapuram	Telangana	508246	16.876	79.2009
Rajupeta	Telangana	508247	16.876	79.2009
Kothapally	Telangana	508248	16.9016	78.9672
Chinthapalli	Telangana	508250	16.3814	77.8902
Sangam	Telangana	508252	16.876	79.2009
Jangaon	Telangana	508253	16.876	79.2009
Akkinepally	Telangana	508254	17.2518	79.2387
Kanagal	Telangana	508255	17.1219	79.1825
Koppole	Telangana	508256	16.8399	79.1442
Sultanpur	Telangana	508257	16.8326	79.0301
Khanapur	Telangana	508258	16.876	79.2009
Medaram	Telangana	508266	16.876	79.2009
Govindapuram	Telangana	508277	16.876	79.2009
Annaram	Telangana	508278	16.8552	79.2271
Nagaram	Telangana	508279	17.3943	79.4878
Annaram	Telangana	508280	16.8552	79.2271
Indriyala	Telangana	508284	16.9029	79.0535
Nandanam	Telangana	508285	16.876	79.2009
Chandupatla	Telangana	508286	17.1266	79.4441
Damarcharla	Telangana	508355	16.7859	79.6106
Peddapuram	Telangana	508373	16.9003	78.9721
Bommakal	Telangana	508374	16.876	79.2009
Ramavaram	Telangana	508376	16.876	79.2009
Perur	Telangana	508377	16.876	79.2009
Hanumanpura	Telangana	509001	16.7915	77.9797
Kodur	Telangana	509002	16.6783	77.9241
Yellur	Telangana	509102	16.703	77.8097
Wanaparthy H.O	Telangana	509103	16.703	77.8097
Venkatapur	Telangana	509104	16.7574	77.9348
Gopalapuram	Telangana	509105	16.806	78.1996
Gandhichowk	Telangana	509106	16.703	77.8097
Alipur	Telangana	509110	16.7013	77.9808
Chandapur	Telangana	509120	16.703	77.8097
Gadwal H.O	Telangana	509125	16.7398	78.1651
Ramapuram	Telangana	509126	16.703	77.8097
Pulikallu	Telangana	509127	16.703	77.8097
Dharmavaram	Telangana	509128	16.703	77.8097
Ghattu	Telangana	509129	16.703	77.8097
Mastipur	Telangana	509130	16.4424	77.6883
Arepally	Telangana	509131	16.703	77.8097
Alur	Telangana	509132	16.7244	78.1252
Thimmapur	Telangana	509133	16.4204	77.6893
Uppal	Telangana	509135	16.703	77.8097
Baswapur	Telangana	509152	16.703	77.8097
Pullur	Telangana	509153	16.703	77.8097
Laxmapur	Telangana	509201	16.703	77.8097
Rajapur	Telangana	509202	16.865	78.1605
Gangaram	Telangana	509203	16.703	77.8097
Nagaram	Telangana	509204	16.6626	77.7962
Dhanwada	Telangana	509205	16.6374	77.6557
Rajapur	Telangana	509206	16.865	78.1605
Yelkicherla	Telangana	509207	16.703	77.8097
Chandapur	Telangana	509208	16.703	77.8097
Tadoor	Telangana	509209	16.703	77.8097
Jalalpur	Telangana	509210	16.703	77.8097
Khanapur	Telangana	509215	16.703	77.8097
Nagulapally	Telangana	509216	16.703	77.8097
Sardarnagar	Telangana	509217	17.0938	78.1657
Perur	Telangana	509219	16.703	77.8097
Kothur	Telangana	509228	16.703	77.8097
Sripur	Telangana	509235	16.703	77.8097
Stn. Jadcherla H.O	Telangana	509301	16.703	77.8097
Gangapur	Telangana	509302	16.7729	78.1909
Kollur	Telangana	509311	16.703	77.8097
Madharam	Telangana	509320	16.8191	77.8729
Khanapur	Telangana	509321	16.703	77.8097
Gokaram	Telangana	509324	16.703	77.8097
Thimmapur	Telangana	509325	16.703	77.8097
Srisailam Dam (West)	Telangana	509326	16.703	77.8097
Appareddipally	Telangana	509327	16.703	77.8097
Buddaram	Telangana	509334	16.8351	77.8627
Antharam	Telangana	509335	16.703	77.8097
Annaram	Telangana	509336	16.703	77.8097
Julapalli	Telangana	509337	16.8684	77.8361
Kothur	Telangana	509338	16.703	77.8097
Mirzapur	Telangana	509339	16.703	77.8097
Kondapur	Telangana	509340	16.703	77.8097
Rangapur	Telangana	509349	16.703	77.8097
Nandigam	Telangana	509350	16.8427	78.1829
Madhwar	Telangana	509351	16.703	77.8097
Kothapally	Telangana	509352	16.4466	77.3383
Rampur	Telangana	509353	16.7697	77.8411
Ramapuram	Telangana	509357	16.703	77.8097
Konapur	Telangana	509358	16.703	77.8097
Kotra	Telangana	509360	16.703	77.8097
Rampur	Telangana	509371	16.703	77.8097
Chandapur	Telangana	509375	16.703	77.8097
Tadoor	Telangana	509376	16.703	77.8097
Ghanpur	Telangana	509380	16.703	77.8097
Palem	Telangana	509381	16.703	77.8097
Annasagar	Telangana	509382	16.9441	77.9124
Malkapur	Telangana	509385	16.8379	77.9624
Ananthavaram	Telangana	509401	16.703	77.8097
Chegunta	Telangana	509406	16.703	77.8097
Narsapur	Telangana	509407	16.7094	77.9633
Kothapeta	Telangana	509408	16.703	77.8097
Damganpur	Telangana	509409	16.5771	77.7771
Chowlapally	Telangana	509410	16.703	77.8097
Kothapally	Telangana	509411	16.703	77.8097
Pasupula	Telangana	509412	16.703	77.8097
Anantapur Collectorate	Andhra Pradesh	515001	14.2442	78.1917
Upparapalli	Andhra Pradesh	515002	14.4811	77.5768
Sri Venkateswara Puram	Andhra Pradesh	515003	14.2442	78.1917
A Narayanapuram	Andhra Pradesh	515004	14.4811	77.5768
Gandhibazar (Ananthapur)	Andhra Pradesh	515005	14.2442	78.1917
Nagasamudram	Andhra Pradesh	515101	14.3072	77.6574
Kondapuram	Andhra Pradesh	515110	13.9597	77.8365
Nadimpalli	Andhra Pradesh	515122	14.4811	77.5768
Rachuru	Andhra Pradesh	515123	14.16	77.4615
Nallur	Andhra Pradesh	515124	13.9906	77.466
Nagireddipalli	Andhra Pradesh	515133	14.4811	77.5768
Brahmanapalle	Andhra Pradesh	515134	14.1448	77.7956
Bukkapatnam	Andhra Pradesh	515144	14.1995	77.8012
Agraharam	Andhra Pradesh	515154	14.2543	77.953
Mukthapuram	Andhra Pradesh	515159	14.3207	77.8988
Guttur	Andhra Pradesh	515164	14.1901	77.634
Hindupur Extns	Andhra Pradesh	515201	13.8197	77.5428
Kodihalli	Andhra Pradesh	515202	13.802	77.5488
Bevinahalli	Andhra Pradesh	515211	13.767	77.5005
Gollapalli	Andhra Pradesh	515212	14.4811	77.5768
Kondapuram	Andhra Pradesh	515231	13.9597	77.8365
Mallepalli	Andhra Pradesh	515241	13.9471	77.7053
Narasapuram	Andhra Pradesh	515261	14.132	78.1477
Mutukuru	Andhra Pradesh	515271	13.9428	77.0693
Agraharam	Andhra Pradesh	515281	14.679	77.7401
Sivaram	Andhra Pradesh	515286	14.4811	77.5768
Govindapuram	Andhra Pradesh	515291	13.8878	77.2215
Amidalagondi	Andhra Pradesh	515301	13.9521	77.2948
Manur	Andhra Pradesh	515303	14.3442	77.7418
Basavanahalli	Andhra Pradesh	515305	14.024	77.0605
Kodihalli	Andhra Pradesh	515311	13.7819	77.0723
Dodderi	Andhra Pradesh	515321	13.7769	77.1443
Kondur	Andhra Pradesh	515331	14.4811	77.5768
Veerapuram	Andhra Pradesh	515341	13.7686	77.6812
Brahmanapalli	Andhra Pradesh	515401	14.4811	77.5768
Basinepalli	Andhra Pradesh	515402	14.4811	77.5768
Ramarajupalli	Andhra Pradesh	515405	14.9876	77.7108
Gudipadu	Andhra Pradesh	515408	15.0953	77.989
Bondaladinne	Andhra Pradesh	515411	14.9364	77.8428
Bhogasamudram Project	Andhra Pradesh	515413	14.4811	77.5768
Chintakunta	Andhra Pradesh	515414	14.8426	77.9423
Aluru	Andhra Pradesh	515415	14.9109	78.0502
Gollapalli	Andhra Pradesh	515425	14.4811	77.5768
Narasapuram East	Andhra Pradesh	515435	14.8258	77.7423
Arakatavemula	Andhra Pradesh	515445	14.4811	77.5768
Chandana	Andhra Pradesh	515455	15.082	77.8131
Singavaram	Andhra Pradesh	515465	14.599	78.027
Reddipalli	Andhra Pradesh	515501	14.4811	77.5768
Uppalapadu	Andhra Pradesh	515511	14.4683	77.915
P.Kothapalli	Andhra Pradesh	515521	14.0857	78.3077
Bonthalapalle	Andhra Pradesh	515531	14.0811	77.9842
Mallepalli	Andhra Pradesh	515541	14.179	78.1368
Nallacheruvu	Andhra Pradesh	515551	13.9864	78.187
Tummala	Andhra Pradesh	515556	13.9299	78.0753
Gownipalli	Andhra Pradesh	515561	14.4811	77.5768
Bonthalapalle	Andhra Pradesh	515571	14.4811	77.5768
Talupula	Andhra Pradesh	515581	14.2415	78.2585
Bommireddipalli	Andhra Pradesh	515591	13.8539	78.3235
Kodur	Andhra Pradesh	515601	14.4811	77.5768
Illuru	Andhra Pradesh	515611	14.9265	77.6211
Kondapuram	Andhra Pradesh	515621	14.5698	77.3021
Atmakur	Andhra Pradesh	515631	14.5536	77.8917
Mukthapuram	Andhra Pradesh	515641	14.4586	77.5227
Veldurthi	Andhra Pradesh	515651	14.3033	77.7512
Nidigallu	Andhra Pradesh	515661	14.5453	77.8198
Dharmavaram Bazar	Andhra Pradesh	515671	14.46	77.9602
Ramagiri	Andhra Pradesh	515672	14.3055	77.497
Venkatapuram	Andhra Pradesh	515701	14.8879	78.041
Cholasamudram	Andhra Pradesh	515711	14.7413	77.3522
Kandukur	Andhra Pradesh	515721	14.4811	77.5768
Ayyavaripalli	Andhra Pradesh	515722	14.4811	77.5768
Kothapalli	Andhra Pradesh	515731	14.4811	77.5768
Srirangapuram	Andhra Pradesh	515741	14.7416	77.0742
Kothapalli	Andhra Pradesh	515751	14.4811	77.5768
Gangavaram	Andhra Pradesh	515761	14.642	77.1997
Narasapuram	Andhra Pradesh	515763	14.492	77.7181
Thimmapuram	Andhra Pradesh	515765	14.1947	77.8416
Cherlopalli	Andhra Pradesh	515766	14.4811	77.5768
Thippanapalli	Andhra Pradesh	515767	14.4086	76.9656
Kesavapuram	Andhra Pradesh	515774	14.4811	77.5768
Ayyavaripalli	Andhra Pradesh	515775	14.4811	77.5768
Ramapuram	Andhra Pradesh	515787	14.4804	77.5232
Guntakal H.O	Andhra Pradesh	515801	15.1449	77.608
Thimmapuram	Andhra Pradesh	515803	15.1449	77.608
Dharmapuri	Andhra Pradesh	515812	15.0381	77.2579
Amidyaya	Andhra Pradesh	515822	14.8527	77.1836
Pottipadu	Andhra Pradesh	515832	15.0334	77.3307
Chayapuram	Andhra Pradesh	515842	15.0718	77.3367
Polepalli	Andhra Pradesh	515863	14.5829	76.8792
Gollapalli	Andhra Pradesh	515865	14.4811	77.5768
Bhupasamudram	Andhra Pradesh	515867	14.6318	76.9701
Kothakota	Andhra Pradesh	515870	14.9819	77.6801
Kudlur	Andhra Pradesh	515871	14.9459	77.1561
Herial	Andhra Pradesh	515872	14.9562	77.3058
Almaspet	Andhra Pradesh	516001	14.4307	78.8825
Lingampalli	Andhra Pradesh	516002	14.4823	78.8548
Utukur	Andhra Pradesh	516003	14.1766	79.1828
Industrial Estate	Andhra Pradesh	516004	14.4307	78.8825
Ramarajupalli	Andhra Pradesh	516005	14.4942	78.7643
Kodur	Andhra Pradesh	516101	13.9577	79.3513
Anumpalli	Andhra Pradesh	516104	14.1696	79.3377
Mangampet	Andhra Pradesh	516105	14.0404	79.3256
Kothapet	Andhra Pradesh	516107	14.2251	79.1758
Botumeedipalli	Andhra Pradesh	516108	14.0211	79.2472
Nagavaram	Andhra Pradesh	516110	14.0407	79.356
Rajampet H.O	Andhra Pradesh	516115	14.2071	79.2854
Brahmanapalli	Andhra Pradesh	516126	14.4201	79.1829
Kondur	Andhra Pradesh	516127	14.4599	78.7836
Besthapalli	Andhra Pradesh	516128	14.2341	79.2893
Jangampalli	Andhra Pradesh	516129	13.9286	79.0056
Reddivaripalli	Andhra Pradesh	516130	14.4599	78.7836
Mandapalli	Andhra Pradesh	516150	14.247	79.0718
Konapuram	Andhra Pradesh	516151	14.3624	79.1952
Nadimpalli	Andhra Pradesh	516152	14.357	79.041
Upparapalli	Andhra Pradesh	516162	14.5739	79.1687
Kothapalli	Andhra Pradesh	516163	14.4599	78.7836
Krishnapuram	Andhra Pradesh	516172	14.7554	78.7457
Settivaripalle	Andhra Pradesh	516173	14.7543	78.7649
Ramapuram	Andhra Pradesh	516175	14.6183	79.1598
Ayyavaripalli	Andhra Pradesh	516193	14.4599	78.7836
Appanapalli	Andhra Pradesh	516203	14.4599	78.7836
Gollapalli	Andhra Pradesh	516213	14.2617	79.1041
Mallur	Andhra Pradesh	516214	14.4599	78.7836
Settipalli	Andhra Pradesh	516215	14.4599	78.7836
Ramapuram	Andhra Pradesh	516216	14.4654	78.6862
Brahmanapalli	Andhra Pradesh	516217	14.5854	79.1688
Kondur	Andhra Pradesh	516218	14.4599	78.7836
Gudem	Andhra Pradesh	516227	14.7659	79.0539
Ganugapenta	Andhra Pradesh	516228	14.8417	79.0557
Gopavaram	Andhra Pradesh	516233	14.7841	78.5729
Jangalapalli	Andhra Pradesh	516237	14.4599	78.7836
Peddapalle	Andhra Pradesh	516247	14.4046	78.9456
Gollapalli	Andhra Pradesh	516257	14.2617	79.1041
Kuppam	Andhra Pradesh	516259	14.2178	78.4818
Pandikunta	Andhra Pradesh	516267	14.1234	78.5348
Somavaram	Andhra Pradesh	516268	14.1616	78.8345
Madhavaram	Andhra Pradesh	516269	14.0514	78.6418
Bandlapalli	Andhra Pradesh	516270	14.0918	78.7409
Gangavaram	Andhra Pradesh	516289	14.4599	78.7836
Gotur	Andhra Pradesh	516293	14.6466	78.9662
Kodur	Andhra Pradesh	516309	14.8733	78.1053
Chilamakur	Andhra Pradesh	516310	14.6195	78.5076
Krishna Nagar (Cuddapah)	Andhra Pradesh	516311	14.6195	78.5076
Chinnandlur	Andhra Pradesh	516312	14.6195	78.5076
Animela	Andhra Pradesh	516321	14.4536	78.4625
Tangedupalle	Andhra Pradesh	516329	14.3914	78.4803
Idupulapaya(IIIT)	Andhra Pradesh	516330	14.6195	78.5076
Veldurthi	Andhra Pradesh	516339	14.6195	78.5076
Vemula	Andhra Pradesh	516349	14.3694	78.3216
Ayyavaripalli	Andhra Pradesh	516350	14.4599	78.7836
Anantapuram	Andhra Pradesh	516355	14.7611	78.1606
Seetharampuram	Andhra Pradesh	516356	14.7507	78.6605
Korrapadu	Andhra Pradesh	516359	14.8203	78.5789
College Road	Andhra Pradesh	516360	14.8127	78.9643
Gopavaram	Andhra Pradesh	516361	14.7209	79.1144
Annavaram	Andhra Pradesh	516362	14.7631	78.6338
Chintakunta	Andhra Pradesh	516380	14.7831	78.7029
Ankalammapeta	Andhra Pradesh	516390	14.4632	78.1499
Venkatapuram	Andhra Pradesh	516391	14.4018	78.218
Parnapalle	Andhra Pradesh	516396	14.5688	77.9715
Mallela	Andhra Pradesh	516401	14.4599	78.7836
Jangalapalle	Andhra Pradesh	516411	14.9986	78.3033
Palur	Andhra Pradesh	516421	14.4374	78.298
Bodithippanapadu	Andhra Pradesh	516431	14.9022	78.4206
Kammavaripalle	Andhra Pradesh	516432	14.9837	78.9903
Nawabpeta	Andhra Pradesh	516433	14.9447	78.3446
Palur	Andhra Pradesh	516434	14.8803	78.381
Mylavaram (Cuddapah)	Andhra Pradesh	516439	14.9127	78.3818
Korrapadu	Andhra Pradesh	516444	14.8203	78.5789
Agraharam	Andhra Pradesh	516454	14.6006	78.1559
Thimmapuram	Andhra Pradesh	516464	14.7808	78.3193
Kodur	Andhra Pradesh	516474	14.8733	78.1053
Madur	Andhra Pradesh	516484	14.5034	78.1501
Cherlopalli	Andhra Pradesh	516501	14.2097	79.1238
Kothapalli	Andhra Pradesh	516502	14.4599	78.7836
Mallepalli	Andhra Pradesh	516503	14.8318	78.9087
Ramapuram	Andhra Pradesh	516504	14.4654	78.6862
Siddavaram	Andhra Pradesh	516505	14.3071	79.25
Chittoor Bazar	Andhra Pradesh	517001	13.3103	79.1847
Kajoor	Andhra Pradesh	517002	13.1586	79.0945
Cherlopalle	Andhra Pradesh	517004	13.6137	79.3652
Chandragiri Fort	Andhra Pradesh	517101	13.7175	79.3019
Bhimavaram	Andhra Pradesh	517102	13.4673	79.0143
Maddinayanipalle	Andhra Pradesh	517112	13.7206	78.313
Reddivaripalle	Andhra Pradesh	517113	13.6031	79.0466
Reddivaripalle	Andhra Pradesh	517123	13.6031	79.0466
Polavaram	Andhra Pradesh	517124	13.3708	79.1383
Venkatapuram	Andhra Pradesh	517125	13.2431	79.2207
Pulikallu	Andhra Pradesh	517126	13.7692	78.2236
Sathambakkam	Andhra Pradesh	517127	13.1959	78.9332
Madhavaram	Andhra Pradesh	517128	13.1749	79.0656
Madhavaram	Andhra Pradesh	517129	13.1749	79.0656
Pullur	Andhra Pradesh	517130	13.3441	79.0306
Puthur	Andhra Pradesh	517131	13.851	78.8733
Kothapalle	Andhra Pradesh	517132	13.4673	79.0143
Krishnapuram	Andhra Pradesh	517152	13.4886	79.0872
Kothapalle	Andhra Pradesh	517167	13.4673	79.0143
Pulicherla	Andhra Pradesh	517172	13.6031	79.0466
Challavaripalle	Andhra Pradesh	517192	13.3815	78.5249
Cheruvumundarapalle	Andhra Pradesh	517193	13.6695	79.071
Bhakarapet	Andhra Pradesh	517194	13.6536	79.1574
Marella	Andhra Pradesh	517213	13.4673	79.0143
Agraharam	Andhra Pradesh	517214	13.3875	78.6711
Palem	Andhra Pradesh	517234	12.7511	78.2801
Thimmapuram	Andhra Pradesh	517235	13.4673	79.0143
Kona	Andhra Pradesh	517236	13.6636	79.6351
Gadi	Andhra Pradesh	517237	13.9542	78.3968
Muthukur	Andhra Pradesh	517247	13.378	78.5588
Pandillapalle	Andhra Pradesh	517257	13.4262	78.7241
Ayyavaripalle	Andhra Pradesh	517277	13.4673	79.0143
Agraharam	Andhra Pradesh	517280	13.3875	78.6711
Ramapuram	Andhra Pradesh	517291	13.3535	79.0531
Siddavaram	Andhra Pradesh	517297	13.4673	79.0143
Marripadu	Andhra Pradesh	517299	13.4673	79.0143
Cherlopalle	Andhra Pradesh	517305	13.8352	78.6339
Mittapalle	Andhra Pradesh	517319	13.4218	78.652
Kothapeta Madanapalle	Andhra Pradesh	517325	13.5866	78.4619
Reddivaripalle	Andhra Pradesh	517326	13.7055	78.498
Kosuvaripalle	Andhra Pradesh	517350	13.7489	78.4363
Gollapalle	Andhra Pradesh	517351	13.7148	78.4898
Erraballe	Andhra Pradesh	517352	13.785	78.4764
Rangasamudram	Andhra Pradesh	517370	13.714	78.2645
Kalavapalle	Andhra Pradesh	517390	13.9138	78.3321
Pulikallu	Andhra Pradesh	517391	13.7692	78.2236
Peddur	Andhra Pradesh	517401	13.3896	78.756
Adilakshmambapuram	Andhra Pradesh	517403	13.1255	79.2014
Gangavaram	Andhra Pradesh	517408	13.2161	78.7379
Itikanellore	Andhra Pradesh	517414	13.526	78.7411
Alapalle	Andhra Pradesh	517415	13.1518	78.5567
Muthukuru	Andhra Pradesh	517416	13.4673	79.0143
Ramasamudram	Andhra Pradesh	517417	13.3666	78.4244
Kotala	Andhra Pradesh	517418	13.4673	79.0143
Muthukur	Andhra Pradesh	517419	13.1738	79.2455
Amudala	Andhra Pradesh	517421	13.2166	79.2876
Gollapalle	Andhra Pradesh	517422	13.1587	78.6823
Peddur	Andhra Pradesh	517423	13.0159	78.5002
Bairupalle	Andhra Pradesh	517424	13.4673	79.0143
Lakshmipuram	Andhra Pradesh	517425	13.4673	79.0143
Bisantham	Andhra Pradesh	517426	13.7135	79.1475
Gurramkonda Vandlavuru	Andhra Pradesh	517429	13.1513	78.6921
Appinapalle	Andhra Pradesh	517432	13.2389	78.615
Jagannathapuram	Andhra Pradesh	517501	13.4673	79.0143
S.V.Agricultural College	Andhra Pradesh	517502	13.4673	79.0143
Padi	Andhra Pradesh	517503	13.4673	79.0143
Tirumala (Chittoor)	Andhra Pradesh	517504	13.4673	79.0143
Perur	Andhra Pradesh	517505	13.4673	79.0143
Settipalli	Andhra Pradesh	517506	12.9083	78.3541
Mangalam	Andhra Pradesh	517507	13.2774	79.6975
Kothapalem	Andhra Pradesh	517520	13.4673	79.0143
Chellur	Andhra Pradesh	517526	13.623	79.587
Chodavaram	Andhra Pradesh	517536	13.4673	79.0143
Kadur	Andhra Pradesh	517541	13.6048	79.9532
Applayagunta	Andhra Pradesh	517551	13.6661	79.5157
Kammapalle	Andhra Pradesh	517561	13.3143	79.2501
Brahmanapalle	Andhra Pradesh	517569	13.6688	78.4513
Ramakrishnapuram	Andhra Pradesh	517571	13.1742	79.2813
Thumbur	Andhra Pradesh	517581	13.4673	79.0143
Annur	Andhra Pradesh	517582	13.3475	79.359
Cherlopalle	Andhra Pradesh	517583	13.4026	78.5966
Kumarabommarajapuram	Andhra Pradesh	517584	13.4812	79.6651
Jagannathapuram	Andhra Pradesh	517586	13.4673	79.0143
Agaram	Andhra Pradesh	517587	13.3554	79.7184
Rajagopalapuram	Andhra Pradesh	517588	13.522	79.9122
Krishnapuram	Andhra Pradesh	517589	13.3946	79.7765
Nagari	Andhra Pradesh	517590	13.3214	79.5856
Agaram	Andhra Pradesh	517591	13.3554	79.7184
Adavikothuru	Andhra Pradesh	517592	13.3218	79.5608
Palasamudram	Andhra Pradesh	517599	13.2091	79.3988
Krishnapuram	Andhra Pradesh	517619	13.6784	79.5542
Gollapalle	Andhra Pradesh	517620	13.6708	79.5239
Agraharam	Andhra Pradesh	517640	13.3625	79.3552
Ramapuram	Andhra Pradesh	517641	13.6683	79.6934
Poyya	Andhra Pradesh	517642	13.7877	79.7463
Brahmanapalle	Andhra Pradesh	517643	13.6688	78.4513
G.S.T.Centre	Andhra Pradesh	517644	13.6365	79.572
Alathur	Andhra Pradesh	517645	13.7095	79.8331
Sricity S E Z	Andhra Pradesh	517646	13.6365	79.572
Knl-osmaniacollege	Andhra Pradesh	518001	15.6835	78.1919
Uppalapadu	Andhra Pradesh	518002	15.6356	78.1147
Industrial Estate	Andhra Pradesh	518003	15.8117	78.0046
G.Singavaram	Andhra Pradesh	518004	15.8594	78.0011
Ashoknagar (Kurnool)	Andhra Pradesh	518005	15.6835	78.1919
Balaji Nagar	Andhra Pradesh	518006	15.5336	78.0061
B.Tandrapadu	Andhra Pradesh	518007	15.6835	78.1919
Komarole	Andhra Pradesh	518010	15.6507	78.2521
Srisailam	Andhra Pradesh	518101	16.0722	78.8682
S.S.Dam East	Andhra Pradesh	518102	16.0722	78.8682
Alamur	Andhra Pradesh	518112	15.4894	78.3545
Ramapuram	Andhra Pradesh	518122	15.2192	78.6039
Abdullapuram	Andhra Pradesh	518123	15.0026	78.1056
Venkatapuram	Andhra Pradesh	518124	15.3603	78.2486
Allur	Andhra Pradesh	518134	15.5336	78.0061
Ramachandrapuram	Andhra Pradesh	518135	15.7286	77.8493
Akkampalli	Andhra Pradesh	518145	15.0197	78.4074
Suddamalla	Andhra Pradesh	518155	15.1152	78.3664
Kanala	Andhra Pradesh	518165	15.1179	78.2884
Ramakrishnapuram	Andhra Pradesh	518166	15.0139	78.1844
Ramakrishnapuram	Andhra Pradesh	518176	15.4158	78.224
Illuri Kotha Peta	Andhra Pradesh	518186	15.2032	78.3946
Sunkesula	Andhra Pradesh	518196	15.1287	78.189
Bugganipalli	Andhra Pradesh	518206	15.4442	77.8925
Mallepalli	Andhra Pradesh	518216	15.528	77.9068
Krishnapuram	Andhra Pradesh	518217	15.6452	77.77
Bollavaram	Andhra Pradesh	518218	15.6889	77.9485
Pasupula	Andhra Pradesh	518220	15.3269	78.0181
Gudipadu	Andhra Pradesh	518221	15.7654	77.8481
Dharmavaram	Andhra Pradesh	518222	15.3624	77.8839
Venkatapuram	Andhra Pradesh	518225	15.4539	77.8314
Adoni H.O	Andhra Pradesh	518301	15.6152	77.251
Basapuram	Andhra Pradesh	518302	15.6771	77.359
Lingadahalli	Andhra Pradesh	518308	15.5208	77.1434
Kandukuru	Andhra Pradesh	518313	15.94	77.171
Banavasi	Andhra Pradesh	518323	15.7251	77.3912
Chudi	Andhra Pradesh	518333	15.8519	77.1538
Nandavaram	Andhra Pradesh	518343	15.8533	77.4848
Bapuram	Andhra Pradesh	518344	15.7983	77.4253
Chatnihalli	Andhra Pradesh	518345	15.8863	77.4416
Honnur	Andhra Pradesh	518346	15.4939	77.1165
Muthukur	Andhra Pradesh	518347	15.553	77.4624
Chintakunta	Andhra Pradesh	518348	15.8487	77.2808
Sathanur	Andhra Pradesh	518349	15.5336	78.0061
Karumanchi	Andhra Pradesh	518350	15.5954	77.4598
Kalugotla	Andhra Pradesh	518360	15.6166	78.0511
Chandoli	Andhra Pradesh	518380	15.4133	77.5964
Nancherla	Andhra Pradesh	518385	15.2286	77.3871
Kothur	Andhra Pradesh	518390	15.5336	78.0061
Kuruvalli	Andhra Pradesh	518395	15.3651	77.1924
Gummanur	Andhra Pradesh	518396	15.5336	78.0061
Jutur	Andhra Pradesh	518401	15.6963	78.1719
Devanur	Andhra Pradesh	518405	15.2526	77.6705
Bijina Vemula	Andhra Pradesh	518411	15.4222	78.2746
Biravolu	Andhra Pradesh	518412	15.4222	78.2746
Kothapalli	Andhra Pradesh	518422	15.5336	78.0061
Pudur	Andhra Pradesh	518432	15.5336	78.0061
Pamulapadu	Andhra Pradesh	518442	15.8394	78.4897
Rudravaram	Andhra Pradesh	518452	15.5571	78.1083
Kondapuram	Andhra Pradesh	518462	15.6329	77.8841
Alavala	Andhra Pradesh	518463	15.7876	77.6276
Venkatagiri	Andhra Pradesh	518464	15.676	77.8241
Alardinne	Andhra Pradesh	518465	15.541	77.5035
Gudipadu	Andhra Pradesh	518466	15.7654	77.8481
Gorantla	Andhra Pradesh	518467	15.6318	77.8357
Marella	Andhra Pradesh	518468	15.3919	77.6582
Srinivasa Nagar	Andhra Pradesh	518501	15.4561	78.5372
Kothapalle	Andhra Pradesh	518502	15.5336	78.0061
Talamudipi	Andhra Pradesh	518508	15.6941	78.3801
Venkatapuram	Andhra Pradesh	518510	15.3603	78.2486
Chidukur	Andhra Pradesh	518511	15.5666	78.445
Thimmapuram	Andhra Pradesh	518512	15.4873	78.5459
Ramapuram	Andhra Pradesh	518513	15.2192	78.6039
Bhimavaram	Andhra Pradesh	518523	15.5336	78.0061
Madhavaram	Andhra Pradesh	518533	15.3151	77.946
Mittapalle	Andhra Pradesh	518543	15.1204	78.61
Maddur	Andhra Pradesh	518553	14.9738	78.5758
Jillella	Andhra Pradesh	518563	15.3508	78.47
Rajanagaram	Andhra Pradesh	518573	15.5336	78.0061
Gangavaram	Andhra Pradesh	518583	15.4232	78.5647
Maddur	Andhra Pradesh	518593	15.3998	78.4079
Rudravaram	Andhra Pradesh	518594	15.2426	78.6043
Rangapuram	Andhra Pradesh	518598	15.4253	77.7807
Bethamcherla	Andhra Pradesh	518599	15.4996	78.0972
Gospadu	Andhra Pradesh	518674	15.3563	78.4178
Chittinagar	Andhra Pradesh	520001	16.5627	80.8006
Arundalpet	Andhra Pradesh	520002	16.5627	80.8006
Ramakrishnapuram	Andhra Pradesh	520003	16.5627	80.8006
Gunadala	Andhra Pradesh	520004	16.5203	80.6642
Kanuru	Andhra Pradesh	520007	16.4985	80.6914
A.P.U.H.S	Andhra Pradesh	520008	16.5627	80.8006
Venkateswarapuram	Andhra Pradesh	520010	16.4933	80.6612
Lakshminagar	Andhra Pradesh	520011	16.5233	80.6278
Ambapuram	Andhra Pradesh	520012	16.566	80.6281
Krishnalanka	Andhra Pradesh	520013	16.5233	80.6278
Azitnagar	Andhra Pradesh	520015	16.5482	80.6492
Desaipet	Andhra Pradesh	521001	16.5627	80.8006
Tallapalem	Andhra Pradesh	521002	16.5627	80.8006
Rudravaram	Andhra Pradesh	521003	16.8749	80.667
Gannavaram	Andhra Pradesh	521101	16.5409	80.8021
Bacon Factory	Andhra Pradesh	521102	16.685	80.9239
Velpuru	Andhra Pradesh	521104	16.496	80.7589
Bommuluru	Andhra Pradesh	521105	16.6382	81.0024
Ramannagudem	Andhra Pradesh	521106	16.5627	80.8006
Mustabad (Krishna)	Andhra Pradesh	521107	16.5379	80.7327
Ramavarappadu	Andhra Pradesh	521108	16.5209	80.6808
Ambapuram	Andhra Pradesh	521109	16.566	80.6281
Rajagopalapuram	Andhra Pradesh	521110	16.5627	80.8006
Kothapalli	Andhra Pradesh	521111	16.5627	80.8006
Chodavaram	Andhra Pradesh	521120	16.4298	80.6992
Avanigadda H.O	Andhra Pradesh	521121	16.3259	81.0491
Aswaraopalem	Andhra Pradesh	521122	16.3259	81.0491
Chiruvolulanka	Andhra Pradesh	521125	16.0653	80.9276
Challapalli	Andhra Pradesh	521126	16.1176	80.9314
Kummaripalem	Andhra Pradesh	521130	16.4868	80.8854
Mangalapuram	Andhra Pradesh	521131	16.5627	80.8006
Tadepalli	Andhra Pradesh	521132	16.5627	80.8006
Devarakota	Andhra Pradesh	521133	16.5627	80.8006
Pedapulipaka	Andhra Pradesh	521134	16.4595	80.6844
Gudapadu	Andhra Pradesh	521135	16.8262	80.8446
Barlapudi	Andhra Pradesh	521136	16.5627	80.8006
Poranki	Andhra Pradesh	521137	16.4777	80.7076
Ayyanki	Andhra Pradesh	521138	16.2684	80.943
Chodavaram	Andhra Pradesh	521139	16.4298	80.6992
Chinaparupudi	Andhra Pradesh	521148	16.3908	80.9248
Akumarru	Andhra Pradesh	521149	16.5627	80.8006
Mallampalli	Andhra Pradesh	521150	16.5627	80.8006
Madduru	Andhra Pradesh	521151	16.4028	80.7277
Kolavennu	Andhra Pradesh	521153	16.4324	80.7955
Mantripalem	Andhra Pradesh	521156	16.5627	80.8006
Pasumarru	Andhra Pradesh	521157	16.5627	80.8006
Nimmakuru	Andhra Pradesh	521158	16.3516	80.7551
Rayavaram	Andhra Pradesh	521162	16.5627	80.8006
Devarapalli	Andhra Pradesh	521163	16.4115	80.8179
Kadavakollu	Andhra Pradesh	521164	16.3981	80.8528
Ambedkarnagar	Andhra Pradesh	521165	16.3453	80.8327
Chowtapalli	Andhra Pradesh	521170	16.4153	81.0443
Malkapuram	Andhra Pradesh	521175	16.5627	80.8006
Bhimavaram	Andhra Pradesh	521178	16.9481	80.524
Chevitikallu	Andhra Pradesh	521180	16.6179	80.3604
Alluru	Andhra Pradesh	521181	16.7729	80.4427
Bobbellapadu	Andhra Pradesh	521182	16.716	80.2042
Chintalapadu	Andhra Pradesh	521183	17.0292	80.5551
Rudravaram	Andhra Pradesh	521185	16.8	80.3506
Venkatapuram	Andhra Pradesh	521190	16.5842	80.6535
Dum Dum Gardens	Andhra Pradesh	521201	16.8151	80.9308
Annavaram	Andhra Pradesh	521202	16.8327	80.8508
Gopavaram	Andhra Pradesh	521207	16.8181	80.9693
Seetharampuram	Andhra Pradesh	521211	16.5627	80.8006
Pathapadu	Andhra Pradesh	521212	16.5627	80.8006
Gudipadu	Andhra Pradesh	521213	16.5627	80.8006
Gudipadu	Andhra Pradesh	521214	16.9621	80.909
Narasapuram	Andhra Pradesh	521215	16.9835	80.8095
Gollapudi	Andhra Pradesh	521225	16.5412	80.5784
Ramachandrapuram	Andhra Pradesh	521226	16.5797	80.7091
Koduru	Andhra Pradesh	521227	16.7257	80.6801
Pinapaka	Andhra Pradesh	521228	16.6586	80.5783
Duggiralapadu	Andhra Pradesh	521229	16.7636	80.4989
Venkatapuram	Andhra Pradesh	521230	16.5842	80.6535
Lakshmipuram	Andhra Pradesh	521235	16.4567	80.9239
Guntupalli	Andhra Pradesh	521241	16.5864	80.573
Akunuru	Andhra Pradesh	521245	16.3916	80.8194
Hanumanthapuram	Andhra Pradesh	521246	16.3239	80.8671
Srirangapuram	Andhra Pradesh	521247	16.5627	80.8006
Krishnapuram	Andhra Pradesh	521250	16.2558	80.8698
Velpuru	Andhra Pradesh	521256	16.496	80.7589
Vempadu	Andhra Pradesh	521260	16.4854	80.8462
Appikatla	Andhra Pradesh	521261	16.4123	80.9187
Bhushanagulla	Andhra Pradesh	521263	16.4356	80.9687
Pottipadu	Andhra Pradesh	521286	16.4017	80.8449
Jagannadhapuram	Andhra Pradesh	521301	16.4583	80.8036
Nandamuru	Andhra Pradesh	521311	16.4526	80.8633
Amudalapalli	Andhra Pradesh	521312	16.5627	80.8006
Ramapuram	Andhra Pradesh	521321	16.5534	81.0092
Chinayerukapadu	Andhra Pradesh	521322	16.3804	80.9783
Dondapadu	Andhra Pradesh	521323	16.5627	80.8006
Lakshmipuram	Andhra Pradesh	521324	16.3944	81.4447
Koduru	Andhra Pradesh	521325	16.0088	81.0337
Unikili	Andhra Pradesh	521326	16.5276	81.109
Ponukumada	Andhra Pradesh	521327	16.498	81.0471
Koduru	Andhra Pradesh	521328	16.0088	81.0337
Chevuru	Andhra Pradesh	521329	16.5627	80.8006
Chandrala	Andhra Pradesh	521330	16.7625	80.7034
Vemavaram	Andhra Pradesh	521331	16.5627	80.8006
Dokiparru	Andhra Pradesh	521332	16.5627	80.8006
Gopavaram	Andhra Pradesh	521333	16.5383	81.2252
Doddipatla	Andhra Pradesh	521340	16.5591	81.2876
Alluru	Andhra Pradesh	521343	16.7729	80.4427
Venkatapuram	Andhra Pradesh	521344	16.5724	81.0979
Gannavaram	Andhra Pradesh	521345	16.5032	81.1465
Kurada	Andhra Pradesh	521356	16.35	81.05
Nandigama	Andhra Pradesh	521366	16.7243	80.6551
Arthamuru	Andhra Pradesh	521369	16.6117	81.1663
Addada	Andhra Pradesh	521390	16.3582	80.9856
Duggiralapadu	Andhra Pradesh	521401	16.7636	80.4989
Talluru	Andhra Pradesh	521402	16.5627	80.8006
Kothapalli	Andhra Pradesh	521403	16.5627	80.8006
Jupudi	Andhra Pradesh	521456	16.5627	80.8006
Jayanthipuram	Andhra Pradesh	521457	16.5627	80.8006
Bus Stand(Guntur)	Andhra Pradesh	522001	16.2176	80.345
Brodipet(Guntur)	Andhra Pradesh	522002	16.2176	80.345
Choutra(Guntur)	Andhra Pradesh	522003	16.2176	80.345
A.T.Agraharam(Guntur)	Andhra Pradesh	522004	16.2176	80.345
Ankireddypalem	Andhra Pradesh	522005	16.2176	80.345
Chowdaripeta(Guntur)	Andhra Pradesh	522006	16.2176	80.345
Amaravathi Road(Guntur)	Andhra Pradesh	522007	16.2176	80.345
Pedapalakaluru	Andhra Pradesh	522009	16.2176	80.345
Ravipadu	Andhra Pradesh	522015	16.1329	80.3526
Mukkamala	Andhra Pradesh	522016	15.9738	80.3929
Garapadu	Andhra Pradesh	522017	16.2032	80.3933
Garikapadu	Andhra Pradesh	522018	16.3227	79.6949
Enamadala	Andhra Pradesh	522019	16.2281	80.3306
Amaravathi	Andhra Pradesh	522020	16.2176	80.345
Gorantla	Andhra Pradesh	522034	16.5039	80.1675
Bapatla H.O	Andhra Pradesh	522101	16.0263	80.437
Muthayapalem	Andhra Pradesh	522102	16.0263	80.437
Ganapavaram	Andhra Pradesh	522111	15.9232	80.5856
Garikapadu	Andhra Pradesh	522112	16.3227	79.6949
Jillellamudi	Andhra Pradesh	522113	15.984	80.459
Valluru	Andhra Pradesh	522124	16.1154	80.4227
China Ravuru Tenali	Andhra Pradesh	522201	16.2624	80.6832
Nelapadu	Andhra Pradesh	522202	16.2624	80.6832
Angalakudur	Andhra Pradesh	522211	16.0544	80.3204
Srirangapuram	Andhra Pradesh	522212	16.2988	80.0915
Suddapalli	Andhra Pradesh	522213	16.2703	80.5875
Thimmapuram	Andhra Pradesh	522233	16.1654	80.249
Chirumamilla	Andhra Pradesh	522234	16.2163	80.1916
Rajupalem	Andhra Pradesh	522235	16.0795	80.2971
Anantavaram	Andhra Pradesh	522236	16.2988	80.0915
Dondapadu	Andhra Pradesh	522237	16.2818	80.1179
A P Secretariat	Andhra Pradesh	522238	16.1115	80.2176
Surepalli	Andhra Pradesh	522256	16.2988	80.0915
Vellaturu	Andhra Pradesh	522257	16.1209	79.6508
Pamidimarru	Andhra Pradesh	522258	16.2988	80.0915
Thotapalli	Andhra Pradesh	522259	16.2988	80.0915
Peravali	Andhra Pradesh	522261	16.139	80.7174
Mantripalem	Andhra Pradesh	522262	16.2988	80.0915
Tummala	Andhra Pradesh	522264	16.2988	80.0915
Bethapudi	Andhra Pradesh	522265	14.4054	78.0593
Bellamvaripalem	Andhra Pradesh	522268	16.2988	80.0915
Annavaram	Andhra Pradesh	522301	16.0876	80.267
Atmakuru	Andhra Pradesh	522302	16.4288	80.5896
Chirravuru	Andhra Pradesh	522303	16.4284	80.6571
Chivaluru	Andhra Pradesh	522304	16.2853	80.7123
Pedapalem	Andhra Pradesh	522305	16.2764	80.5359
Kunchavaram	Andhra Pradesh	522306	16.3007	80.6745
Gudivada	Andhra Pradesh	522307	16.2817	80.6156
Emani	Andhra Pradesh	522308	16.2764	80.5359
Gullapalli	Andhra Pradesh	522309	16.0946	80.4017
Marripudi	Andhra Pradesh	522310	15.988	80.5037
Bhavanamvaripalem	Andhra Pradesh	522311	16.0836	80.5687
Moparru	Andhra Pradesh	522312	16.2988	80.0915
Kuchipudi	Andhra Pradesh	522313	16.2988	80.0915
Alluru	Andhra Pradesh	522314	15.9332	80.628
Bodipalem	Andhra Pradesh	522315	16.0225	80.4825
Munipalli	Andhra Pradesh	522316	16.0928	80.353
Kankatapalem	Andhra Pradesh	522317	15.9228	80.4173
Mamillapalli	Andhra Pradesh	522318	16.1573	80.5808
Ravikampadu	Andhra Pradesh	522324	16.2988	80.0915
Govada	Andhra Pradesh	522325	16.2988	80.0915
Peddapalle	Andhra Pradesh	522329	15.9534	80.648
Chiluvuru	Andhra Pradesh	522330	16.3785	80.6139
Bodapadu	Andhra Pradesh	522341	16.2988	80.0915
Paladugu	Andhra Pradesh	522401	16.3934	80.2633
Bhimavaram	Andhra Pradesh	522402	16.4208	80.1698
Gandhi Chowk (Guntur)	Andhra Pradesh	522403	16.3724	80.1908
Rudravaram	Andhra Pradesh	522408	16.3764	80.0916
Kothapalle	Andhra Pradesh	522409	16.2988	80.0915
Gudipadu	Andhra Pradesh	522410	16.5018	80.0853
Chityala	Andhra Pradesh	522411	16.6774	79.9953
Ganapavaram	Andhra Pradesh	522412	16.1227	80.1727
Konanki	Andhra Pradesh	522413	16.5047	79.9255
Ramapuram	Andhra Pradesh	522414	16.686	79.6933
Gangavaram	Andhra Pradesh	522415	16.5752	79.6443
Goli	Andhra Pradesh	522421	16.5893	79.5238
Kothapalle	Andhra Pradesh	522426	16.2988	80.0915
Kothapalem	Andhra Pradesh	522435	16.2988	80.0915
Lingapuram	Andhra Pradesh	522436	16.4983	79.4291
Brahmanapalle	Andhra Pradesh	522437	16.4554	80.0447
Takkellapadu	Andhra Pradesh	522438	16.3114	80.4911
Thimmareddipuram	Andhra Pradesh	522439	16.5619	79.3113
Tadepalle	Andhra Pradesh	522501	16.4833	80.6
Bethapudi	Andhra Pradesh	522502	16.4555	80.5408
Apsp Colony(Mangalagiri)	Andhra Pradesh	522503	16.4373	80.5787
Kaza	Andhra Pradesh	522508	16.3887	80.5412
Uppalapadu	Andhra Pradesh	522509	16.3069	80.5168
Nagarjuna Nagar	Andhra Pradesh	522510	16.3666	80.3629
Talluru	Andhra Pradesh	522529	16.3164	80.2315
Dondapadu	Andhra Pradesh	522549	16.2818	80.1179
Arundalpet (NSV)	Andhra Pradesh	522601	16.2465	79.9644
Annavaram	Andhra Pradesh	522603	16.2233	79.9718
Govindapuram	Andhra Pradesh	522611	16.1548	80.1028
Dharmavaram	Andhra Pradesh	522612	16.4358	79.5535
Uppalapadu	Andhra Pradesh	522613	16.0765	80.2347
Sankarapuram	Andhra Pradesh	522614	16.2988	80.0915
Uppalapadu	Andhra Pradesh	522615	16.1937	80.0323
Annavaram	Andhra Pradesh	522616	16.0876	80.267
Alavala	Andhra Pradesh	522617	16.1751	79.8947
Turlapadu	Andhra Pradesh	522619	16.1005	80.2606
Rajapeta	Andhra Pradesh	522626	16.0889	80.1144
Velpuru	Andhra Pradesh	522646	16.1496	79.863
Brahmanapalle	Andhra Pradesh	522647	16.0828	79.7542
Nagulavaram	Andhra Pradesh	522649	15.9769	79.8892
Naidupalem	Andhra Pradesh	522657	16.2988	80.0915
Ipuru	Andhra Pradesh	522658	16.2304	79.7751
Chintalacheruvu	Andhra Pradesh	522659	15.9579	79.6168
Reddipalem	Andhra Pradesh	522660	15.8998	79.7079
Butchipapannapalem	Andhra Pradesh	522661	16.2887	79.8337
Remidicherla	Andhra Pradesh	522663	16.281	79.6501
Addanki Gate	Andhra Pradesh	523001	15.5191	79.6158
Kurnool Road (O)	Andhra Pradesh	523002	15.5191	79.6158
Mahadevapuram	Andhra Pradesh	523101	15.2404	79.9322
Binginapalli	Andhra Pradesh	523104	15.2096	79.7173
Kandukur Cutchery	Andhra Pradesh	523105	15.2096	79.7173
Venkatapuram	Andhra Pradesh	523108	15.1187	79.391
Dubagunta	Andhra Pradesh	523109	15.2334	79.8751
Ayyavaripalli	Andhra Pradesh	523110	15.6213	79.5158
Gudipadu	Andhra Pradesh	523111	15.3879	79.6769
Uppalapadu	Andhra Pradesh	523112	15.5827	79.7567
Machavaram	Andhra Pradesh	523113	15.3689	79.4841
Bodawada	Andhra Pradesh	523114	15.0993	79.7326
Nayudupalem	Andhra Pradesh	523115	15.6213	79.5158
Ayyavaripalli	Andhra Pradesh	523116	15.6213	79.5158
Marella	Andhra Pradesh	523117	15.2879	79.5974
Chinaganjam	Andhra Pradesh	523135	15.6919	80.2412
Ramakrishnapuram	Andhra Pradesh	523155	15.6213	79.5158
Mgc Market(C )	Andhra Pradesh	523156	15.1527	79.7797
Kothapeta	Andhra Pradesh	523157	15.6213	79.5158
Gandhinagar	Andhra Pradesh	523165	15.7915	80.1691
Gavinivaripalem	Andhra Pradesh	523166	15.8378	80.4315
Gangavaram	Andhra Pradesh	523167	15.8083	80.1651
Karamchedu	Andhra Pradesh	523168	15.7915	80.1691
Devarapalli	Andhra Pradesh	523169	15.8741	80.1713
Audipudi	Andhra Pradesh	523170	15.8498	80.2632
Timmarajupalem	Andhra Pradesh	523171	16.0018	80.255
Chavatapalem	Andhra Pradesh	523180	15.5802	80.1488
Chinagumpalle	Andhra Pradesh	523181	15.7261	80.2547
Aluru	Andhra Pradesh	523182	15.5042	80.1291
Pothavaram	Andhra Pradesh	523183	15.6213	79.5158
Pandillapalli	Andhra Pradesh	523184	15.6952	80.0974
Jarbulavaripale	Andhra Pradesh	523185	15.7897	80.2459
Duddukur	Andhra Pradesh	523186	15.7158	80.1465
Desaipet	Andhra Pradesh	523187	15.785	80.3066
Vankayalapadu	Andhra Pradesh	523190	15.9126	80.2222
Venkatapuram	Andhra Pradesh	523201	15.7441	79.6507
Gullapalli	Andhra Pradesh	523211	15.6113	80.0229
Alavalapadu	Andhra Pradesh	523212	15.849	79.5753
Paidipadu	Andhra Pradesh	523213	15.7116	80.1121
Kotapadu	Andhra Pradesh	523214	15.3363	79.6777
Nagireddipalli	Andhra Pradesh	523223	15.6213	79.5158
Gannavaram	Andhra Pradesh	523224	15.348	79.3287
Gangavaram	Andhra Pradesh	523225	15.8333	79.5489
Chilamkur	Andhra Pradesh	523226	15.5719	79.867
Seetharampuram	Andhra Pradesh	523227	15.4312	79.3792
Nandanavanam	Andhra Pradesh	523228	15.4705	79.2743
Pathapadu	Andhra Pradesh	523230	15.2634	79.4215
Podili H.O	Andhra Pradesh	523240	15.386	79.4246
Siddavaram	Andhra Pradesh	523241	15.6045	79.5126
Kambalapadu	Andhra Pradesh	523245	15.6213	79.5158
Pathapadu	Andhra Pradesh	523246	15.2634	79.4215
Kothapalli	Andhra Pradesh	523247	15.6213	79.5158
Bellamkondavaripalem	Andhra Pradesh	523252	15.7229	79.8185
Annavaram	Andhra Pradesh	523253	15.6221	79.7006
Bommireddipalli	Andhra Pradesh	523254	15.381	79.5457
Dharmavaram	Andhra Pradesh	523260	15.443	79.7505
Muppavaram	Andhra Pradesh	523261	15.8451	80.0529
Lingamgunta	Andhra Pradesh	523262	15.5581	80.0378
Mallavaram	Andhra Pradesh	523263	15.6498	79.9827
Madhavaram	Andhra Pradesh	523264	15.7278	79.8503
Polavaram	Andhra Pradesh	523265	15.3547	79.5052
Kuchipudi	Andhra Pradesh	523270	15.4671	79.6631
Kamepalli	Andhra Pradesh	523271	15.4895	79.8507
Karumanchi	Andhra Pradesh	523272	16.0559	79.8913
Muppavaram	Andhra Pradesh	523273	15.8451	80.0529
Ananthavaram	Andhra Pradesh	523274	15.0879	79.9401
Chodavaram	Andhra Pradesh	523279	15.277	79.3569
Rajupalem	Andhra Pradesh	523280	15.5901	79.6183
Kothapeta	Andhra Pradesh	523281	15.6213	79.5158
Alluru	Andhra Pradesh	523286	15.4451	80.1189
Chevuru	Andhra Pradesh	523291	15.0046	80.009
Krishnapuram	Andhra Pradesh	523292	15.2251	79.3749
Rajupalem	Andhra Pradesh	523301	15.5901	79.6183
Kamepalli	Andhra Pradesh	523302	16.1088	79.937
Kunduru	Andhra Pradesh	523303	15.5206	79.7765
Kalluru	Andhra Pradesh	523304	15.6213	79.5158
Ramapuram	Andhra Pradesh	523305	15.8583	79.3648
Anantavaram	Andhra Pradesh	523315	15.7803	79.3639
Markapur Bazar	Andhra Pradesh	523316	15.5381	79.2958
Gobbur	Andhra Pradesh	523320	15.8611	79.2475
Ganapavaram	Andhra Pradesh	523326	15.6213	79.5158
Naidupalem	Andhra Pradesh	523327	15.6213	79.5158
Gangavaram	Andhra Pradesh	523328	15.8333	79.5489
Ramachandrapuram	Andhra Pradesh	523329	16.0303	79.3668
Gollapalle	Andhra Pradesh	523330	15.9041	79.3292
Nallaguntla	Andhra Pradesh	523331	15.8653	78.9179
Gollapalle	Andhra Pradesh	523332	15.9041	79.3292
Rangapuram	Andhra Pradesh	523333	15.7232	78.9699
Pandillapalle	Andhra Pradesh	523334	15.1593	79.2257
Atchampeta	Andhra Pradesh	523335	15.7017	78.9402
Lingapuram	Andhra Pradesh	523336	15.5804	79.0312
Kothapeta	Andhra Pradesh	523346	15.6213	79.5158
Edavalli	Andhra Pradesh	523356	15.3983	78.9942
Thimmapuram	Andhra Pradesh	523357	15.3688	78.9076
Obulapuram	Andhra Pradesh	523367	15.6213	79.5158
Racherla	Andhra Pradesh	523368	15.463	78.9659
Makthapuram	Andhra Pradesh	523369	15.306	78.9634
Aurangabad	Andhra Pradesh	523370	15.5932	79.1579
Rayavaram	Andhra Pradesh	523371	15.7169	79.3124
Akaveedu	Andhra Pradesh	523372	15.5148	78.9617
Allinagaram	Andhra Pradesh	523373	15.1968	79.0099
Nellore Bazar	Andhra Pradesh	524001	14.4655	79.9874
Lakshmipuram	Andhra Pradesh	524002	15.004	79.9691
Ramalingapuram	Andhra Pradesh	524003	14.6092	79.9271
Kottur	Andhra Pradesh	524004	14.4268	79.7344
Polytechnic (Nellore)	Andhra Pradesh	524005	14.4685	79.9445
Gudur Bazar	Andhra Pradesh	524101	14.161	79.7781
Kadalur	Andhra Pradesh	524121	14.4268	79.7344
Kallur	Andhra Pradesh	524123	13.4854	80.2193
Pernadu	Andhra Pradesh	524124	13.641	80.1301
Pudur	Andhra Pradesh	524126	14.4268	79.7344
Aravapalem	Andhra Pradesh	524127	14.5423	79.8571
Akkagaripeta	Andhra Pradesh	524129	14.4268	79.7344
Mannur	Andhra Pradesh	524131	14.4268	79.7344
Peturu	Andhra Pradesh	524132	14.0892	79.6541
Lingasamudram	Andhra Pradesh	524134	14.1605	79.7024
Gangavaram	Andhra Pradesh	524137	14.4954	79.9578
Talluru	Andhra Pradesh	524142	14.4268	79.7344
Allimadugu	Andhra Pradesh	524152	14.7686	80.0375
Choudaripalem	Andhra Pradesh	524201	14.4268	79.7344
Tallapalem	Andhra Pradesh	524203	14.8565	80.0242
Kothapeta	Andhra Pradesh	524221	14.4268	79.7344
Lakshmipuram	Andhra Pradesh	524222	15.004	79.9691
Kothapalli	Andhra Pradesh	524223	14.4268	79.7344
Rajupalem	Andhra Pradesh	524224	14.4268	79.7344
Lakshmipuram	Andhra Pradesh	524225	15.004	79.9691
Balayapalli	Andhra Pradesh	524226	14.9912	79.2055
Vempadu	Andhra Pradesh	524227	15.0434	79.3993
Utukur	Andhra Pradesh	524228	14.4268	79.7344
Krishnapuram	Andhra Pradesh	524230	14.4268	79.7344
Gudipadu	Andhra Pradesh	524234	14.7632	79.6611
Kondayapalem	Andhra Pradesh	524236	15.0598	79.3216
Chodavaram	Andhra Pradesh	524239	14.4268	79.7344
Rangasamudram	Andhra Pradesh	524240	14.6889	79.8443
Manchalapalli	Andhra Pradesh	524301	14.4268	79.7344
Gowravaram	Andhra Pradesh	524302	14.5455	79.4769
Kothapalli	Andhra Pradesh	524303	14.4268	79.7344
Tellapadu	Andhra Pradesh	524304	14.9078	79.6466
Kattubadipalem	Andhra Pradesh	524305	14.6514	79.8879
Marripadu	Andhra Pradesh	524306	14.6889	79.35
Nandavaram	Andhra Pradesh	524307	14.7	79.4643
Sangam	Andhra Pradesh	524308	14.5851	79.7462
Pathapadu	Andhra Pradesh	524309	14.4268	79.7344
Jayapuram	Andhra Pradesh	524310	14.4268	79.7344
Thotapalli	Andhra Pradesh	524311	14.3856	80.1098
Marripadu	Andhra Pradesh	524312	14.6409	79.8239
Narasapuram	Andhra Pradesh	524313	14.5062	80.1455
Kodurupadu	Andhra Pradesh	524314	14.4268	79.7344
Allur	Andhra Pradesh	524315	14.6833	80.0667
Chowkacherla	Andhra Pradesh	524316	14.579	80.0137
Uppalapadu	Andhra Pradesh	524317	14.6214	79.9192
Utukur	Andhra Pradesh	524318	14.4268	79.7344
Naidupalem	Andhra Pradesh	524319	14.2884	79.9301
Kanupuru	Andhra Pradesh	524320	14.3274	79.9001
Anikepalli	Andhra Pradesh	524321	14.3324	79.9969
Venkataraopalli	Andhra Pradesh	524322	14.4268	79.7344
Ipuru	Andhra Pradesh	524323	14.2495	80.052
Chejerla	Andhra Pradesh	524341	14.5188	79.5668
Adurupalli	Andhra Pradesh	524342	14.3863	79.5648
Brahmanapalli	Andhra Pradesh	524343	14.4268	79.7344
Gopalapuram	Andhra Pradesh	524344	14.276	80.1095
Venkatapuram	Andhra Pradesh	524345	14.3792	79.6233
Penubarthi	Andhra Pradesh	524346	14.3537	80.0636
Ananthapuram	Andhra Pradesh	524347	14.4205	79.7347
Ramapuram	Andhra Pradesh	524366	14.5484	79.9377
Ramapuram	Andhra Pradesh	524401	14.3201	79.6747
Gurramkonda	Andhra Pradesh	524402	14.0097	79.8219
Buradagalikothapalem	Andhra Pradesh	524403	13.955	80.1158
Ammapalem	Andhra Pradesh	524404	13.9966	79.6239
Cherlopalli	Andhra Pradesh	524405	14.2213	79.864
Kandali	Andhra Pradesh	524406	14.1595	79.762
Palur	Andhra Pradesh	524407	14.1804	79.6335
Siddavaram	Andhra Pradesh	524408	14.1734	79.5536
Turimerla	Andhra Pradesh	524409	14.2757	79.7391
Kesavaram	Andhra Pradesh	524410	14.0608	79.9612
Siddavaram	Andhra Pradesh	524411	14.7755	80.0637
Tikkavaram	Andhra Pradesh	524412	13.9951	79.6545
Kothapalem	Andhra Pradesh	524413	14.328	79.8533
Penubarthi	Andhra Pradesh	524414	14.3107	79.4973
Kallur	Andhra Pradesh	524415	13.4854	80.2193
Bheemavaram	Andhra Pradesh	524421	14.4268	79.7344
Fortward	Andhra Pradesh	530001	17.7133	83.2808
D.C. Buildings	Andhra Pradesh	530002	17.7106	83.3126
A U Engg College	Andhra Pradesh	530003	17.7133	83.2808
Gnanapuram	Andhra Pradesh	530004	17.7167	83.2833
Gandhigram (Visakhapatnam)	Andhra Pradesh	530005	17.6587	83.2742
Industrial Estate (Visakhapatnam)	Andhra Pradesh	530007	17.7467	83.2621
Kancharapalem	Andhra Pradesh	530008	17.7336	83.2717
Marripalem Vuda Colony	Andhra Pradesh	530009	17.7133	83.2808
Malkapuram	Andhra Pradesh	530011	17.6852	83.2437
Autonagar	Andhra Pradesh	530012	17.8817	83.3409
P & T Colony (VM)	Andhra Pradesh	530013	17.8817	83.3409
Naval Base	Andhra Pradesh	530014	17.8817	83.3409
Zinc Smelter P	Andhra Pradesh	530015	17.8817	83.3409
Akkayyapalem	Andhra Pradesh	530016	17.8909	82.6924
L B Colony	Andhra Pradesh	530017	17.8817	83.3409
Marripalem	Andhra Pradesh	530018	17.8578	83.1259
Dabagardens	Andhra Pradesh	530020	17.8224	83.2437
H B Colony	Andhra Pradesh	530022	17.8224	83.2437
Salagramapuram	Andhra Pradesh	530024	17.8224	83.2437
Gajuwaka	Andhra Pradesh	530026	17.7	83.2167
Narava	Andhra Pradesh	530027	17.8909	82.6924
Simhachalam	Andhra Pradesh	530028	17.7668	83.2499
Venkatapuram	Andhra Pradesh	530029	17.7576	83.2066
Devada	Andhra Pradesh	530031	17.8909	82.6924
Ukkunagaram	Andhra Pradesh	530032	17.8909	82.6924
Arilova	Andhra Pradesh	530040	17.6454	83.001
Pothinamallayapalem	Andhra Pradesh	530041	17.6454	83.001
Dayalnagar	Andhra Pradesh	530043	17.6454	83.001
Gangavaram	Andhra Pradesh	530044	17.8909	82.6924
Gitam Engg. College	Andhra Pradesh	530045	17.6454	83.001
Vadlapudi	Andhra Pradesh	530046	17.8909	82.6924
Chintalaagaraharam	Andhra Pradesh	530047	17.7763	83.2054
Gayatri Engg College	Andhra Pradesh	530048	17.8225	83.3639
Duvvada	Andhra Pradesh	530049	17.7	83.1535
Chinamushidiwada	Andhra Pradesh	530051	17.746	83.1726
Anandapuram (Visakhapatnam)	Andhra Pradesh	530052	17.746	83.1726
Aganampudi	Andhra Pradesh	530053	17.746	83.1726
Anakapalle H.O	Andhra Pradesh	531001	17.5315	82.6071
Gopalapuram	Andhra Pradesh	531002	17.8909	82.6924
Atchutapuram	Andhra Pradesh	531011	17.5218	82.9482
Valluru	Andhra Pradesh	531019	17.3144	82.533
Ravada	Andhra Pradesh	531020	17.8909	82.6924
Bharnikam	Andhra Pradesh	531021	17.6283	83.0793
Anandapuram	Andhra Pradesh	531022	17.6429	82.8294
Bhogapuram	Andhra Pradesh	531023	17.7772	82.9552
Mukundapuram	Andhra Pradesh	531024	17.8637	82.8548
Gudivada	Andhra Pradesh	531025	17.7804	82.8169
Mukundapuram	Andhra Pradesh	531026	17.8637	82.8548
Satyavaram	Andhra Pradesh	531027	17.8804	82.7871
Chintaluru	Andhra Pradesh	531028	17.8538	82.4248
Kokkirapalle	Andhra Pradesh	531029	17.9871	82.464
Chintalapudi	Andhra Pradesh	531030	17.8909	82.6924
Tallapalem	Andhra Pradesh	531031	17.6334	82.8904
Gandhavaram	Andhra Pradesh	531032	17.7724	82.9877
Nagavaram	Andhra Pradesh	531033	17.8909	82.6924
Medicherla	Andhra Pradesh	531034	17.858	83.0356
Gollalapalem	Andhra Pradesh	531035	17.7532	82.7459
Chodavaram	Andhra Pradesh	531036	17.8288	82.9353
Barada	Andhra Pradesh	531040	18.3433	82.8957
Somavaram	Andhra Pradesh	531055	17.6049	82.8965
Venkatapuram	Andhra Pradesh	531060	17.5106	82.6286
Kothuru	Andhra Pradesh	531061	17.8909	82.6924
Mamidipalli	Andhra Pradesh	531075	17.8618	82.8968
Hukumpeta	Andhra Pradesh	531077	18.1336	82.684
Nellipudi	Andhra Pradesh	531081	17.5811	82.3728
Bhimavaram	Andhra Pradesh	531082	17.4626	82.7474
Gudivada	Andhra Pradesh	531083	17.3974	82.7908
Bangarampeta	Andhra Pradesh	531084	17.6895	82.3523
Venkatapuram	Andhra Pradesh	531085	17.6351	82.4664
Gangavaram	Andhra Pradesh	531087	17.5898	82.4948
Darakonda	Andhra Pradesh	531105	17.733	82.715
Annavaram	Andhra Pradesh	531111	17.6084	82.6353
Koduru	Andhra Pradesh	531113	17.8909	82.6924
Kothapatnam	Andhra Pradesh	531114	17.6042	82.3699
Marripalem	Andhra Pradesh	531115	17.5839	82.5379
Narsipatnam H.O	Andhra Pradesh	531116	17.65	82.5397
Cherlopalem	Andhra Pradesh	531117	17.5531	82.5883
Annavaram	Andhra Pradesh	531118	17.6084	82.6353
Mangavaram	Andhra Pradesh	531126	17.3467	82.5894
Satyavaram	Andhra Pradesh	531127	17.3246	82.5894
Gudem	Andhra Pradesh	531133	17.8633	82.1959
Burja	Andhra Pradesh	531149	17.8909	82.6924
Korra	Andhra Pradesh	531151	18.2169	82.8126
Annavaram	Andhra Pradesh	531162	17.8359	82.9405
Vellanki	Andhra Pradesh	531163	17.8909	82.6924
Saripalli	Andhra Pradesh	531173	17.8909	82.6924
Ananthavaram	Andhra Pradesh	531219	17.8909	82.6924
Srikakulam Collectorate	Andhra Pradesh	532001	18.5786	83.9881
Kothapeta	Andhra Pradesh	532005	18.5786	83.9881
Ambada	Andhra Pradesh	532122	18.5426	83.678
Govindapuram	Andhra Pradesh	532123	18.4453	83.7649
Gopalapuram	Andhra Pradesh	532127	18.4405	83.6356
Boddam	Andhra Pradesh	532148	18.4079	83.6306
Siripuram	Andhra Pradesh	532168	18.3922	83.7883
Amadalavalasa H.O	Andhra Pradesh	532185	18.4049	83.908
Chintada	Andhra Pradesh	532186	18.3898	83.9013
Alamajipeta	Andhra Pradesh	532190	18.5147	83.8175
Danta	Andhra Pradesh	532195	18.5286	84.1207
Tekkali H.O	Andhra Pradesh	532201	18.3568	83.7414
Kothapalli	Andhra Pradesh	532203	18.5786	83.9881
Marripadu	Andhra Pradesh	532211	18.5809	83.7944
Buragam	Andhra Pradesh	532212	18.5657	83.759
Sarali	Andhra Pradesh	532213	18.535	83.7841
Borubhadra	Andhra Pradesh	532214	18.535	83.7841
Marripadu	Andhra Pradesh	532215	18.5809	83.7944
Chapara	Andhra Pradesh	532216	18.7704	84.1853
Borubhadra	Andhra Pradesh	532218	18.5786	83.9881
Akkupalli	Andhra Pradesh	532219	18.7433	83.9049
Venkatapuram	Andhra Pradesh	532220	18.2692	83.6771
Kedaripuram	Andhra Pradesh	532221	18.6929	84.2872
Boddapadu	Andhra Pradesh	532222	18.4756	83.8726
Kothapalli	Andhra Pradesh	532242	18.5786	83.9881
Haripuram	Andhra Pradesh	532243	18.7119	83.8996
Baruva	Andhra Pradesh	532263	18.8826	84.582
Mamidipalli	Andhra Pradesh	532264	18.2572	83.7109
Buragam	Andhra Pradesh	532284	18.9442	84.5845
Belagam	Andhra Pradesh	532290	18.5786	83.9881
Mundala	Andhra Pradesh	532291	18.8071	84.0819
Borivanka	Andhra Pradesh	532292	18.4598	83.7112
Dharmapuram	Andhra Pradesh	532312	18.328	83.8126
Rajapuram	Andhra Pradesh	532322	18.6835	83.6359
Peddapadu	Andhra Pradesh	532401	18.3138	83.9258
Dharmapuram	Andhra Pradesh	532402	18.328	83.8126
Allinagaram	Andhra Pradesh	532403	18.5786	83.9881
Lingalavalasa	Andhra Pradesh	532404	18.3641	83.9113
Gara	Andhra Pradesh	532405	18.3226	84.0687
Bandaruvanipeta	Andhra Pradesh	532406	18.2478	83.7891
Venkatapuram	Andhra Pradesh	532407	18.2692	83.6771
Dharmavaram	Andhra Pradesh	532408	18.2164	83.8856
Rajam	Andhra Pradesh	532409	18.1266	83.6645
Etcherla	Andhra Pradesh	532410	18.4879	83.7825
Satyavaram	Andhra Pradesh	532421	18.5786	83.9881
Chodavaram	Andhra Pradesh	532425	18.4666	83.9662
Aludu	Andhra Pradesh	532426	18.6022	83.9724
Bhadri	Andhra Pradesh	532427	18.5152	83.976
Karakavalasa	Andhra Pradesh	532428	18.5811	83.9213
Dola	Andhra Pradesh	532429	18.4767	83.7033
Koduru	Andhra Pradesh	532430	18.2774	83.5465
Regulapadu	Andhra Pradesh	532432	18.5786	83.9881
Kondapuram	Andhra Pradesh	532440	18.5915	83.7712
Manda	Andhra Pradesh	532443	18.3668	83.4338
Burja	Andhra Pradesh	532445	18.5315	83.7994
Marripadu	Andhra Pradesh	532455	18.5809	83.7944
Bhamini	Andhra Pradesh	532456	18.8802	83.8423
Balada	Andhra Pradesh	532457	18.7974	83.9234
Chintalabadavanja	Andhra Pradesh	532458	18.5938	83.927
Padali	Andhra Pradesh	532459	18.6816	83.9129
Narsipuram	Andhra Pradesh	532460	18.6583	83.6152
Vangara	Andhra Pradesh	532461	18.6178	83.6089
Navagam	Andhra Pradesh	532462	18.6393	83.6792
Rana	Andhra Pradesh	532474	18.4787	84.0775
Gudem	Andhra Pradesh	532484	18.344	83.9105
Govt.Gen Hospital	Andhra Pradesh	533001	17.1885	82.0118
Church Square	Andhra Pradesh	533002	17.1885	82.0118
Bhaskarnagar	Andhra Pradesh	533003	17.1885	82.0118
Gandhinagar(KKD)	Andhra Pradesh	533004	17.1885	82.0118
Nemam	Andhra Pradesh	533005	17.2126	82.2234
Ganganapalli	Andhra Pradesh	533006	17.1885	82.0118
Aratlakatta	Andhra Pradesh	533016	17.3229	82.4308
Alcot Gardens	Andhra Pradesh	533101	17.4131	82.239
Kolamuru	Andhra Pradesh	533102	17.1885	82.0118
Danavaipeta	Andhra Pradesh	533103	17.4131	82.239
Aryapuram	Andhra Pradesh	533104	17.4131	82.239
Venkatanagaram	Andhra Pradesh	533105	17.4501	82.0572
APHB Colony	Andhra Pradesh	533106	17.4131	82.239
Hukumpeta	Andhra Pradesh	533107	17.1885	82.0118
Rajavolu	Andhra Pradesh	533124	16.9315	81.807
Vemagiri	Andhra Pradesh	533125	16.9307	81.806
Veeravaram	Andhra Pradesh	533126	16.9167	81.8333
Amalapuram Bus Complex	Andhra Pradesh	533201	17.0523	81.7637
Tummalapalli	Andhra Pradesh	533210	17.1885	82.0118
Ainavalli	Andhra Pradesh	533211	17.1885	82.0118
Pallam	Andhra Pradesh	533212	17.1885	82.0118
Gopavaram	Andhra Pradesh	533213	17.1885	82.0118
Pothavaram	Andhra Pradesh	533214	17.1885	82.0118
Bodasakurru	Andhra Pradesh	533215	17.1885	82.0118
Krapa	Andhra Pradesh	533216	17.1885	82.0118
Godi	Andhra Pradesh	533217	17.1885	82.0118
Peruru	Andhra Pradesh	533218	17.1885	82.0118
I.Polavaram	Andhra Pradesh	533220	16.6589	82.1875
Indupalli	Andhra Pradesh	533221	16.9362	82.2643
Gunnepalli	Andhra Pradesh	533222	16.5533	82.0975
Devarapalli	Andhra Pradesh	533223	17.1885	82.0118
Madupalli	Andhra Pradesh	533228	16.9362	82.2643
Narendrapuram	Andhra Pradesh	533229	17.096	81.8809
Chintaluru	Andhra Pradesh	533232	17.293	82.2794
Jonnada	Andhra Pradesh	533233	16.7964	81.8624
Seethanagaram	Andhra Pradesh	533234	17.1767	81.6925
Rajavaram	Andhra Pradesh	533235	17.1885	82.0118
Ankampalem	Andhra Pradesh	533236	17.1885	82.0118
Vadapalli	Andhra Pradesh	533237	16.9649	81.7293
Ithakota	Andhra Pradesh	533238	17.159	81.9095
Irusumanda	Andhra Pradesh	533239	16.9649	81.7293
D.Gannavaram	Andhra Pradesh	533240	17.1885	82.0118
Mukkamala	Andhra Pradesh	533241	17.5048	81.6638
Razole H.O	Andhra Pradesh	533242	17.1885	82.0118
Kunavaram	Andhra Pradesh	533244	17.1885	82.0118
Appanapalli	Andhra Pradesh	533247	17.1885	82.0118
Aravapalem	Andhra Pradesh	533248	17.1885	82.0118
Jaggannapeta	Andhra Pradesh	533249	17.1885	82.0118
Padamatipalem	Andhra Pradesh	533250	17.1885	82.0118
Gondi	Andhra Pradesh	533251	16.3631	81.7342
Addalapalem	Andhra Pradesh	533252	16.3746	81.7588
Gudimellanka	Andhra Pradesh	533253	16.4013	81.8052
Irusumanda	Andhra Pradesh	533254	17.3437	82.0769
Ramachandrapuram H.O	Andhra Pradesh	533255	17.1885	82.0118
Chodavaram	Andhra Pradesh	533256	17.077	82.1384
Siripuram	Andhra Pradesh	533260	17.5047	82.3378
Pasalapudi	Andhra Pradesh	533261	17.1885	82.0118
Kapavaram	Andhra Pradesh	533262	17.0696	82.2028
Pekeru	Andhra Pradesh	533263	17.1885	82.0118
Ramavaram	Andhra Pradesh	533264	17.1881	82.0802
Ganti	Andhra Pradesh	533274	17.0523	81.7637
Gangavaram	Andhra Pradesh	533284	17.1885	82.0118
Narasapuram	Andhra Pradesh	533285	17.1885	82.0118
Gokaram	Andhra Pradesh	533286	17.2582	81.8499
Ramachandrapuram	Andhra Pradesh	533287	17.1696	82.1181
Palem	Andhra Pradesh	533288	17.3997	81.7148
Korukonda	Andhra Pradesh	533289	16.8221	81.221
Koti	Andhra Pradesh	533290	17.1885	82.0118
Doddigunta	Andhra Pradesh	533291	17.0482	82.0033
Butchampeta	Andhra Pradesh	533292	17.3093	81.8242
Katavaram	Andhra Pradesh	533293	17.1885	82.0118
Rajanagaram	Andhra Pradesh	533294	17.0833	81.9
Chatlawada	Andhra Pradesh	533295	17.6329	81.6962
Srirampuram	Andhra Pradesh	533296	17.1885	82.0118
Gandepalli	Andhra Pradesh	533297	17.3931	82.2271
Gangavaram	Andhra Pradesh	533305	16.734	82.047
Kota	Andhra Pradesh	533306	17.5795	81.8979
Angara	Andhra Pradesh	533307	17.1885	82.0118
Valluru	Andhra Pradesh	533308	17.1885	82.0118
Korumilli	Andhra Pradesh	533309	17.4464	81.8548
Chinaramanayyapeta	Andhra Pradesh	533339	17.344	81.6347
Arthamuru	Andhra Pradesh	533340	17.1618	81.9102
Kesavaram	Andhra Pradesh	533341	17.5283	82.307
Kapavaram	Andhra Pradesh	533342	17.0696	82.2028
Rangapuram	Andhra Pradesh	533343	17.0047	82.0421
Rajupalem	Andhra Pradesh	533344	17.2773	81.8697
Vedurupaka	Andhra Pradesh	533345	17.1618	81.9102
Lolla	Andhra Pradesh	533346	17.0606	82.1131
Chintur	Andhra Pradesh	533347	17.1618	81.9102
Donkarayi	Andhra Pradesh	533348	17.9287	81.8005
Chintaregupalli	Andhra Pradesh	533349	17.1885	82.0118
Lingapuram	Andhra Pradesh	533350	17.1885	82.0118
Gannavaram	Andhra Pradesh	533351	17.1885	82.0118
Chodavaram	Andhra Pradesh	533352	17.602	82.0677
Talluru	Andhra Pradesh	533401	17.1625	82.0271
Annavaram	Andhra Pradesh	533406	17.2832	82.4075
Rajavaram	Andhra Pradesh	533407	17.1885	82.0118
Krishnapuram	Andhra Pradesh	533408	17.1885	82.0118
Thimmapuram	Andhra Pradesh	533428	17.4813	82.0099
Maredubaka	Andhra Pradesh	533429	17.4007	82.1755
Rachapalli	Andhra Pradesh	533430	17.1885	82.0118
Rajupalem	Andhra Pradesh	533431	17.2773	81.8697
Siripuram	Andhra Pradesh	533432	17.1885	82.0118
Chadalada	Andhra Pradesh	533433	17.1108	82.1774
Hussain Puram	Andhra Pradesh	533434	17.0235	82.1452
Mallepalli	Andhra Pradesh	533435	17.0926	81.7944
Ananthagiri	Andhra Pradesh	533436	17.4458	81.9607
Gudivada	Andhra Pradesh	533437	17.1259	82.1472
Satyanarayanapuram	Andhra Pradesh	533440	17.1885	82.0118
Kodavali	Andhra Pradesh	533444	17.2025	82.0975
Bhogapuram	Andhra Pradesh	533445	17.1885	82.0118
Nellipudi	Andhra Pradesh	533446	17.2673	82.3469
Nagulapalli	Andhra Pradesh	533447	17.1885	82.0118
Mulapeta	Andhra Pradesh	533448	17.1885	82.0118
Kommanapalli	Andhra Pradesh	533449	17.0182	81.8707
Chitrada	Andhra Pradesh	533450	17.0802	82.2469
Chollangipeta	Andhra Pradesh	533461	16.8	82.2333
Kandregula	Andhra Pradesh	533462	17.2444	82.0438
Kesavapuram	Andhra Pradesh	533463	17.1885	82.0118
Kolanka	Andhra Pradesh	533464	17.1396	82.2097
Aryavatam	Andhra Pradesh	533468	17.1885	82.0118
Veeravaram	Andhra Pradesh	533483	17.6294	82.0511
Magam	Andhra Pradesh	533577	17.9215	83.068
Benerjipeta	Andhra Pradesh	534001	16.8946	81.4023
Malkapuram	Andhra Pradesh	534002	16.8946	81.4023
Ankannagudem	Andhra Pradesh	534003	16.7666	81.0301
Chataparru	Andhra Pradesh	534004	16.6987	81.1396
Eluru R.S	Andhra Pradesh	534005	16.7212	81.1052
Eluru Bus Station	Andhra Pradesh	534006	16.8946	81.4023
Bhogapuram	Andhra Pradesh	534007	16.7145	81.0199
Subbaraopeta	Andhra Pradesh	534101	16.8946	81.4023
Ramannagudem	Andhra Pradesh	534102	16.8705	81.4923
Ananthapallli	Andhra Pradesh	534111	16.8432	81.4193
Avapadu	Andhra Pradesh	534112	16.9032	81.4185
Satyavaram	Andhra Pradesh	534122	16.8946	81.4023
Deva	Andhra Pradesh	534123	16.8946	81.4023
Mallipudi	Andhra Pradesh	534124	16.6434	81.6516
Kanteru	Andhra Pradesh	534126	16.8946	81.4023
Eduru	Andhra Pradesh	534134	16.8946	81.4023
Jagannadhapuram	Andhra Pradesh	534145	16.7883	81.065
Nandamuru	Andhra Pradesh	534146	16.8458	81.6466
Ravipadu	Andhra Pradesh	534156	16.7667	81.5847
Kakarlamudi	Andhra Pradesh	534165	16.7708	81.4694
Racharla	Andhra Pradesh	534166	16.7582	81.4711
Pothavaram	Andhra Pradesh	534176	16.737	81.4327
Kesavaram	Andhra Pradesh	534186	16.8946	81.4023
Nidamarru	Andhra Pradesh	534195	16.723	81.4197
Bodapadu	Andhra Pradesh	534196	16.7645	81.5637
Valluru	Andhra Pradesh	534197	16.8946	81.4023
Kothapalli	Andhra Pradesh	534198	16.8946	81.4023
Arthamuru	Andhra Pradesh	534199	16.618	81.4738
Bhimavaram H.O	Andhra Pradesh	534201	16.5259	81.4262
Annavaram	Andhra Pradesh	534202	16.8946	81.4023
China-amiram	Andhra Pradesh	534204	16.5259	81.4262
Vempadu	Andhra Pradesh	534206	16.532	81.4819
Bethapudi	Andhra Pradesh	534207	16.4662	81.5964
Komarada	Andhra Pradesh	534208	16.4972	81.5074
Lakshminarayanapuram	Andhra Pradesh	534209	16.8946	81.4023
Vendra	Andhra Pradesh	534210	16.5857	81.5478
Hanumantharaopeta	Andhra Pradesh	534211	16.7593	81.6753
Venkatrayapuram	Andhra Pradesh	534215	16.7427	81.6625
Chilakapadu	Andhra Pradesh	534216	16.8124	81.6825
Arjunudupalem	Andhra Pradesh	534217	16.6904	81.707
Tetali	Andhra Pradesh	534218	16.77	81.6564
Veerabhadrapuram	Andhra Pradesh	534222	16.8946	81.4023
Ballipadu	Andhra Pradesh	534225	16.7167	81.6667
Dammmennu	Andhra Pradesh	534227	16.7866	81.7228
Unikili	Andhra Pradesh	534230	16.8946	81.4023
Cherukumilli	Andhra Pradesh	534235	16.5403	81.3641
Juvvalapalem	Andhra Pradesh	534236	16.8084	81.5513
Kalla	Andhra Pradesh	534237	16.5371	81.4099
Polamuru	Andhra Pradesh	534238	16.5556	81.4012
Deyyalatippa	Andhra Pradesh	534239	16.461	81.5194
Nelapogula	Andhra Pradesh	534240	16.5835	81.4824
Srungavruksham	Andhra Pradesh	534243	16.5835	81.4824
Goraganamudi	Andhra Pradesh	534244	16.5835	81.4824
Sivadevunichikkala	Andhra Pradesh	534245	16.5835	81.4824
Panjavemavaram	Andhra Pradesh	534247	16.5835	81.4824
Kapavaram	Andhra Pradesh	534250	17.2211	81.3607
Lajapathiroya Peta	Andhra Pradesh	534260	16.8946	81.4023
Mattaparru	Andhra Pradesh	534265	16.4963	81.7417
Doddipatla	Andhra Pradesh	534266	16.8946	81.4023
Ravipadu	Andhra Pradesh	534267	16.7667	81.5847
Kaza	Andhra Pradesh	534268	16.8946	81.4023
Valluru	Andhra Pradesh	534269	16.8946	81.4023
Saripalli	Andhra Pradesh	534275	16.8946	81.4023
Ramannapalem	Andhra Pradesh	534280	16.4101	81.6473
Chinagolla Palem	Andhra Pradesh	534281	16.8946	81.4023
Singavaram	Andhra Pradesh	534301	16.8846	81.6584
Gopavaram	Andhra Pradesh	534302	16.9085	81.6974
Chikkala	Andhra Pradesh	534305	16.9698	81.5922
Rajanagaram	Andhra Pradesh	534311	17.1956	81.4635
Jagannadhapuram	Andhra Pradesh	534312	17.118	81.4713
Lakshmipuram	Andhra Pradesh	534313	16.8946	81.4023
Talluru	Andhra Pradesh	534315	17.4115	81.5907
Chityala	Andhra Pradesh	534316	16.8946	81.4023
Gopavaram	Andhra Pradesh	534318	16.8946	81.4023
Pekeru	Andhra Pradesh	534320	16.8946	81.4023
Ramannapalem	Andhra Pradesh	534324	16.4101	81.6473
Ilaparru	Andhra Pradesh	534326	16.8946	81.4023
Miniminchilipadu	Andhra Pradesh	534327	16.5891	81.7611
Kapavaram	Andhra Pradesh	534328	17.2211	81.3607
Kanuru	Andhra Pradesh	534329	16.8355	81.7241
Malleswaram	Andhra Pradesh	534330	16.9572	80.9894
Ajjaram	Andhra Pradesh	534331	16.7663	81.7359
Kavitam	Andhra Pradesh	534338	16.8946	81.4023
Dharmavaram	Andhra Pradesh	534340	16.8946	81.4023
Annadevarapeta	Andhra Pradesh	534341	17.1391	81.6454
Kapavaram	Andhra Pradesh	534342	17.2211	81.3607
Gowtaminagar	Andhra Pradesh	534350	17.0407	81.5618
Amberpeta	Andhra Pradesh	534401	16.806	81.3241
Narayanapuram	Andhra Pradesh	534406	16.8184	81.4053
Bommidi	Andhra Pradesh	534411	16.8011	81.4704
A.Gokavaram	Andhra Pradesh	534416	16.8108	81.3661
Gopalapuram	Andhra Pradesh	534425	16.8993	81.385
Ramannagudem	Andhra Pradesh	534426	16.9202	81.2241
Bhogapuram	Andhra Pradesh	534427	16.7615	81.2315
Denduluru	Andhra Pradesh	534432	16.7578	81.1649
Koppulavarigudem	Andhra Pradesh	534435	16.8863	81.1083
Gudipadu	Andhra Pradesh	534437	16.6	81.072
Dosapadu	Andhra Pradesh	534442	16.7392	81.2013
Ganapavaram	Andhra Pradesh	534444	16.7001	81.463
Jangareddigudem Bazar	Andhra Pradesh	534447	16.9125	81.3038
Ramannagudem	Andhra Pradesh	534448	16.8705	81.4923
Uppalapadu	Andhra Pradesh	534449	17.0288	81.2156
Galayagudem	Andhra Pradesh	534450	16.7852	81.1272
Ravikampadu	Andhra Pradesh	534451	17.0592	81.2514
Vempally	Andhra Pradesh	534452	16.9047	81.1553
Ganapavaram	Andhra Pradesh	534455	17.2025	81.2617
Ankannagudem	Andhra Pradesh	534456	16.7666	81.0301
Venkatapuram	Andhra Pradesh	534460	16.9145	81.0308
Edavally	Andhra Pradesh	534461	17.0111	81.0541
Kothapally	Andhra Pradesh	534462	16.9294	81.0221
Jaggavaram	Andhra Pradesh	534467	17.1003	81.1173
Jagannadhapuram	Andhra Pradesh	534475	16.7883	81.065
Vizianagaram City	Andhra Pradesh	535001	18.1169	83.4115
Dasannapeta	Andhra Pradesh	535002	18.1244	83.374
Dwarapudi	Andhra Pradesh	535003	18.1399	83.3705
Dharmapuri	Andhra Pradesh	535004	18.0876	83.4124
Jonnada	Andhra Pradesh	535005	18.0263	83.4074
Gunupur	Andhra Pradesh	535006	18.1525	83.5015
Arthamuru	Andhra Pradesh	535101	18.2843	83.4878
Bhupalarajapuram	Andhra Pradesh	535102	18.4673	83.3793
Nandigam	Andhra Pradesh	535124	18.5148	83.4922
Ramalingapuram	Andhra Pradesh	535125	17.919	83.1303
Amiti	Andhra Pradesh	535126	18.4988	83.5278
Bondapalli	Andhra Pradesh	535128	18.4673	83.3793
Gumma	Andhra Pradesh	535145	18.4261	82.3811
Krishnapuram	Andhra Pradesh	535148	18.1226	83.1728
Ramabhadrapuram	Andhra Pradesh	535160	18.1419	83.2321
Seetharampuram	Andhra Pradesh	535161	18.031	83.1636
Devada	Andhra Pradesh	535183	17.926	83.1431
Krishnapuram	Andhra Pradesh	535204	18.0812	83.6342
Singavaram	Andhra Pradesh	535213	18.0657	83.5214
Korukonda	Andhra Pradesh	535214	18.0641	83.3347
Siripuram	Andhra Pradesh	535215	18.1113	83.3085
Nandigam	Andhra Pradesh	535216	18.024	83.5486
Chodavaram	Andhra Pradesh	535217	18.2384	83.5093
Kothapeta	Andhra Pradesh	535218	18.4673	83.3793
Gudem	Andhra Pradesh	535220	18.242	83.4717
Kothapalem	Andhra Pradesh	535221	18.4673	83.3793
Alamanda R S	Andhra Pradesh	535240	17.9999	83.2015
Alugubilli	Andhra Pradesh	535250	18.0648	83.2278
Bondapalli	Andhra Pradesh	535260	18.2315	83.3506
Lingalavalasa	Andhra Pradesh	535270	18.337	83.4325
Rompalli	Andhra Pradesh	535273	18.4673	83.3793
Anandapuram	Andhra Pradesh	535280	17.9923	83.0523
Gudivada	Andhra Pradesh	535281	18.0318	83.1097
Kothapalli	Andhra Pradesh	535463	18.4673	83.3793
Jagannadhapuram	Andhra Pradesh	535501	18.5823	83.3761
Seetharampuram	Andhra Pradesh	535502	18.8043	83.4677
Palem	Andhra Pradesh	535521	18.8987	83.5173
Lakshminarayanapuram	Andhra Pradesh	535522	18.7842	83.3982
Gumma	Andhra Pradesh	535523	18.9587	83.6439
Gotivada	Andhra Pradesh	535524	18.4673	83.3793
Thotapalli	Andhra Pradesh	535525	18.6906	83.5434
Chintalabelagam	Andhra Pradesh	535526	18.4673	83.3793
Bandaluppi	Andhra Pradesh	535527	18.7187	83.3346
Maripalli	Andhra Pradesh	535534	18.9046	83.7172
Ramavaram	Andhra Pradesh	535546	18.127	83.3431
Lakshmipuram	Andhra Pradesh	535547	18.4838	83.3482
Narayanapuram	Andhra Pradesh	535557	18.6368	83.5457
Bobbili H.O	Andhra Pradesh	535558	18.5701	83.4615
Barli	Andhra Pradesh	535559	18.6215	83.4725
Karada	Andhra Pradesh	535568	18.5488	83.4273
Gollapalli	Andhra Pradesh	535573	18.4673	83.3793
Bhimavaram	Andhra Pradesh	535578	18.4673	83.3793
Rompalli	Andhra Pradesh	535579	18.4701	83.2835
Vangara	Andhra Pradesh	535580	18.3591	83.3603
Ippalavalasa	Andhra Pradesh	535581	18.3614	83.2449
Kothavalasa	Andhra Pradesh	535591	18.4349	83.1367
Karivalasa	Andhra Pradesh	535592	18.998	83.614
Antivalasa	Andhra Pradesh	535593	18.5989	83.1991
Ramabhadrapuram	Andhra Pradesh	535594	18.4968	83.2785
Vasanthanagar	Karnataka	560001	13.2257	77.575
Bangalore City	Karnataka	560002	13.2257	77.575
Malleswaram	Karnataka	560003	13.2257	77.575
Basavanagudi H.O	Karnataka	560004	13.2257	77.575
Fraser Town	Karnataka	560005	13.2257	77.575
J.C.Nagar	Karnataka	560006	13.2257	77.575
Agram	Karnataka	560007	13.2257	77.575
H.A.L II Stage H.O	Karnataka	560008	13.2257	77.575
Bangalore Dist Offices Bldg	Karnataka	560009	13.2257	77.575
Industrial Estate (Bangalore)	Karnataka	560010	13.2257	77.575
Jayangar III Block	Karnataka	560011	13.2257	77.575
Science Institute	Karnataka	560012	13.2257	77.575
Jalahalli East	Karnataka	560013	13.2257	77.575
Jalahalli West	Karnataka	560015	13.2257	77.575
Doorvaninagar	Karnataka	560016	13.2257	77.575
NAL	Karnataka	560017	13.2257	77.575
Chamrajpet (Bangalore)	Karnataka	560018	13.2257	77.575
Seshadripuram	Karnataka	560020	13.2257	77.575
Srirampuram	Karnataka	560021	13.2257	77.575
Yeshwanthpur Bazar	Karnataka	560022	13.2257	77.575
Magadi Road	Karnataka	560023	13.2257	77.575
Anandnagar (Bangalore)	Karnataka	560024	13.2257	77.575
Bangalore Sub Foreign Post	Karnataka	560025	13.2257	77.575
Deepanjalinagar	Karnataka	560026	13.2257	77.575
Sampangiramnagar	Karnataka	560027	13.2257	77.575
Tavarekere	Karnataka	560029	13.133	77.9274
Adugodi	Karnataka	560030	13.2257	77.575
P&T Col. Kavalbyrasandra	Karnataka	560032	13.2257	77.575
Maruthi Sevanagar	Karnataka	560033	13.2257	77.575
Agara	Karnataka	560034	13.2257	77.575
Carmelram	Karnataka	560035	13.2257	77.575
Devasandra	Karnataka	560036	13.2257	77.575
Doddanekkundi	Karnataka	560037	13.2257	77.575
Indiranagar (Bangalore)	Karnataka	560038	13.2257	77.575
Chandra Lay Out	Karnataka	560040	13.005	77.3214
Jayanagar East	Karnataka	560041	13.2257	77.575
Sivan Chetty Gardens	Karnataka	560042	13.005	77.3214
Banaswadi	Karnataka	560043	13.2257	77.575
Arabic College	Karnataka	560045	13.005	77.3214
Benson Town	Karnataka	560046	13.2257	77.575
Austin Town	Karnataka	560047	13.005	77.3214
Mahadevapura	Karnataka	560048	13.2257	77.575
Mundur	Karnataka	560049	13.2257	77.575
Ashoknagar (Bangalore)	Karnataka	560050	13.2257	77.575
H.K.P. Road	Karnataka	560051	13.2257	77.575
Chickpet	Karnataka	560053	13.2257	77.575
Mathikere	Karnataka	560054	13.2257	77.575
Malleswaram West	Karnataka	560055	13.2257	77.575
Mallathahalli	Karnataka	560056	13.2257	77.575
Peenya Dasarahalli	Karnataka	560057	13.2257	77.575
Laggere	Karnataka	560058	13.2257	77.575
Rv Niketan	Karnataka	560059	13.2257	77.575
Chudenapura	Karnataka	560060	13.2257	77.575
Chikkalasandra	Karnataka	560061	13.2257	77.575
Doddakallasandra	Karnataka	560062	13.2257	77.575
A F Station Yelahanka	Karnataka	560063	13.2257	77.575
Attur	Karnataka	560064	13.1002	77.8586
G.K.V.K.	Karnataka	560065	13.2257	77.575
EPIP	Karnataka	560066	13.2257	77.575
Devanagundi	Karnataka	560067	13.2257	77.575
Madivala	Karnataka	560068	13.2257	77.575
B Sk II Stage	Karnataka	560070	13.2257	77.575
Domlur	Karnataka	560071	13.2257	77.575
Nagarbhavi	Karnataka	560072	13.2257	77.575
Bagalgunte	Karnataka	560073	13.289	77.5146
Kumbalagodu	Karnataka	560074	13.2257	77.575
Jeevanbhimanagar	Karnataka	560075	13.2257	77.575
Bannerghatta Road	Karnataka	560076	13.2257	77.575
Doddagubbi	Karnataka	560077	13.2257	77.575
J P Nagar	Karnataka	560078	13.2257	77.575
Basaveshwaranagar	Karnataka	560079	13.2257	77.575
Sadashivanagar	Karnataka	560080	13.2257	77.575
Chandapura	Karnataka	560081	13.2257	77.575
Udaypura	Karnataka	560082	13.2257	77.575
Kalkere	Karnataka	560083	13.2257	77.575
Lingarajapuram	Karnataka	560084	13.2257	77.575
Banashankari III Stage	Karnataka	560085	13.2257	77.575
Mahalakshmipuram Layout	Karnataka	560086	13.2257	77.575
Gunjur	Karnataka	560087	13.4353	77.5193
Hessarghatta	Karnataka	560088	13.2257	77.575
Byatha	Karnataka	560089	13.2257	77.575
Chikkabanavara	Karnataka	560090	13.2257	77.575
Kodigehalli	Karnataka	560091	13.336	77.6376
Kodigehalli	Karnataka	560092	13.336	77.6376
C.V.Raman Nagar	Karnataka	560093	13.2257	77.575
ISRO Anthariksha Bhavan	Karnataka	560094	13.2257	77.575
Koramangala VI Bk	Karnataka	560095	13.2257	77.575
Nandinilayout	Karnataka	560096	13.2257	77.575
Vidyaranyapura	Karnataka	560097	13.2257	77.575
Pattanagere	Karnataka	560098	13.2257	77.575
Huskur	Karnataka	560099	13.2824	77.4753
Electronics City	Karnataka	560100	13.2257	77.575
HSR Layout	Karnataka	560102	13.2257	77.575
Panathur	Karnataka	560103	13.2257	77.575
Hampinagar	Karnataka	560104	13.2257	77.575
Jigani	Karnataka	560105	13.2257	77.575
Achitnagar	Karnataka	560107	13.2257	77.575
Anjanapura	Karnataka	560108	13.2257	77.575
Thalaghattapura	Karnataka	560109	13.2257	77.575
Ullalu Upanagar	Karnataka	560110	13.2257	77.575
Kumaraswamy Layout	Karnataka	560111	13.2257	77.575
Kodigehalli	Karnataka	560112	13.336	77.6376
Horamavu	Karnataka	560113	13.2257	77.575
Begur	Karnataka	560114	13.1391	77.8431
Kannamangala	Karnataka	560115	13.2149	77.6671
Bolare	Karnataka	560116	13.2257	77.575
Doddadunnasandra	Karnataka	560117	13.2257	77.575
Bangalore International Airport	Karnataka	560300	13.2257	77.575
CPC Income Tax Department	Karnataka	560500	13.2257	77.575
Mayasandra	Karnataka	561101	13.2257	77.575
Lakshmipura	Karnataka	561201	12.6785	77.3365
Lingadahalli	Karnataka	561202	14.1876	77.0453
Hosahalli	Karnataka	561203	13.4412	77.4596
Hulikunte	Karnataka	561204	13.2257	77.575
Heggadahalli	Karnataka	561205	13.2257	77.575
Kadabur	Karnataka	561206	13.5782	77.8362
Gulur	Karnataka	561207	13.1393	78.2177
Halaganahalli	Karnataka	561208	13.5782	77.8362
Chowtakuntapalli	Karnataka	561209	13.5782	77.8362
Kenkere	Karnataka	561210	13.5711	77.4705
Pura	Karnataka	561211	13.0745	77.9468
Somanathapura	Karnataka	561212	13.7583	78.0081
Alipura	Karnataka	561213	13.1393	78.2177
Gundlakothur	Karnataka	561228	13.1393	78.2177
Ajjavara	Karnataka	562101	13.5782	77.8362
Mallur	Karnataka	562102	13.4128	77.9074
Srirampura	Karnataka	562103	13.4998	77.6703
Tirumani	Karnataka	562104	13.1393	78.2177
Basettihalli	Karnataka	562105	13.5305	77.8605
Anekal	Karnataka	562106	13.2257	77.575
Mayasandra	Karnataka	562107	13.2257	77.575
Gowdagere	Karnataka	562108	13.0952	77.0779
Hosur	Karnataka	562109	12.7421	77.4491
Yeliyur	Karnataka	562110	13.2257	77.575
Lakkur	Karnataka	562111	13.2389	77.2437
Harohalli	Karnataka	562112	12.966	77.1918
Hoskote	Karnataka	562114	13.0707	77.7981
Kallahalli	Karnataka	562117	12.5726	77.4201
Kodihalli	Karnataka	562119	13.0246	77.2982
Sathanur	Karnataka	562120	12.9435	77.1773
Banavasi	Karnataka	562121	12.6415	77.5459
Begur	Karnataka	562122	13.1391	77.8431
Budihal	Karnataka	562123	13.1355	77.3618
Dommasandra	Karnataka	562125	13.2257	77.575
Sathanur	Karnataka	562126	12.6785	77.3365
Lakkenahalli	Karnataka	562127	13.2257	77.575
Hagalahalli	Karnataka	562128	12.8014	77.1486
Reddihalli	Karnataka	562129	13.2257	77.575
Chikkanahalli	Karnataka	562130	13.2381	77.9374
Doddasomanahalli	Karnataka	562131	13.2257	77.575
Obalapura	Karnataka	562132	13.2257	77.575
Harohalli	Karnataka	562135	13.431	77.3702
Akkur	Karnataka	562138	12.8176	77.1737
Kannur	Karnataka	562149	13.2257	77.575
Bettahalsur	Karnataka	562157	13.2257	77.575
Ankanahalli	Karnataka	562159	12.6785	77.3365
Rampura	Karnataka	562160	12.6076	77.4096
Government Silk Farm	Karnataka	562161	12.6785	77.3365
Aluru	Karnataka	562162	13.2733	77.5996
Shivapura	Karnataka	562163	13.2257	77.575
Koira	Karnataka	562164	13.2257	77.575
Kolar Bazar	Karnataka	563101	13.1543	78.1317
Arehalli	Karnataka	563102	13.1667	78.1209
Shapur	Karnataka	563103	13.1206	78.193
Andersonpet	Karnataka	563113	13.102	78.3098
Apmcyard Bangarpet	Karnataka	563114	12.886	77.9703
Beml Nagar	Karnataka	563115	12.9957	78.1749
Mustoor	Karnataka	563116	13.0471	78.2493
Championreefs	Karnataka	563117	12.9957	78.1749
Coromandel	Karnataka	563118	12.9957	78.1749
Marikuppam	Karnataka	563119	12.9178	78.2633
Doddachinnahalli	Karnataka	563120	13.1393	78.2177
Peddapalli	Karnataka	563121	13.5782	77.8362
Ganeshpuram	Karnataka	563122	12.9563	78.2754
Batlahalli	Karnataka	563123	13.1393	78.2177
Venkatapura	Karnataka	563124	13.5973	77.6279
Kallahalli	Karnataka	563125	13.2285	78.0446
Chaldiganahalli	Karnataka	563126	13.3006	78.1181
Hanumanahalli	Karnataka	563127	13.1393	78.2177
Ammanallur	Karnataka	563128	13.2975	77.9917
Kamasamudra	Karnataka	563129	13.1393	78.2177
Alambadi	Karnataka	563130	12.8931	77.886
Balla	Karnataka	563131	13.1039	78.3744
Mustoor	Karnataka	563132	13.2375	78.4874
Narasapura	Karnataka	563133	13.1382	78.0047
Balthamari	Karnataka	563134	13.5177	78.3418
Kallur	Karnataka	563135	13.3512	78.1754
Mothakapalli	Karnataka	563136	13.389	78.3428
Halepalya	Karnataka	563137	12.8921	78.0889
Agara	Karnataka	563138	13.2803	78.3348
Dinnahalli	Karnataka	563139	13.1393	78.2177
Peddur	Karnataka	563146	13.1393	78.2177
Budikote	Karnataka	563147	12.9065	78.1267
Chenjimale	Karnataka	563157	13.2327	78.0218
Mittahalli	Karnataka	563159	13.5591	78.0514
Gownipalli	Karnataka	563161	13.1393	78.2177
Hunkunda	Karnataka	563162	13.0276	78.1964
Krishna Rajendra Circle	Karnataka	570001	12.2371	76.5683
Gokulam	Karnataka	570002	12.2371	76.5683
Naganahalli	Karnataka	570003	12.3793	76.6528
Chamundi Extension	Karnataka	570004	12.2667	76.6833
Mysuru Law Courts	Karnataka	570005	12.2371	76.5683
Manasagangothri	Karnataka	570006	12.2371	76.5683
Narasimha Raja Mohalla	Karnataka	570007	12.2371	76.5683
Gopalapura	Karnataka	570008	12.2404	76.5431
Saraswathipuram H.O	Karnataka	570009	12.2371	76.5683
Chamundi Betta	Karnataka	570010	12.2513	76.7776
Siddarthanagar Nagar	Karnataka	570011	12.3134	76.7455
Jayalakshmipuram (Mysuru)	Karnataka	570012	12.3134	76.7455
Jayanagar (Mysuru)	Karnataka	570014	12.3134	76.7455
Bannimantap	Karnataka	570015	12.3134	76.7455
Hebbal Layout	Karnataka	570016	12.3465	76.6335
Vijaynagar II Stage	Karnataka	570017	12.3134	76.7455
Belavadi	Karnataka	570018	12.3394	76.5729
Ramanahalli	Karnataka	570019	12.2088	76.4421
Yadavagiri	Karnataka	570020	12.3537	76.5368
Ramakrishna Nagar (Mysuru)	Karnataka	570022	12.3537	76.5368
Kuvempunagar (Mysuru)	Karnataka	570023	12.3537	76.5368
G S Ashram	Karnataka	570025	12.3537	76.5368
Alanahalli	Karnataka	570026	12.2364	76.453
Infosys Campus	Karnataka	570027	12.3537	76.5368
Harohalli	Karnataka	570028	12.3201	76.7804
Shakthinagar	Karnataka	570029	12.3537	76.5368
Vijayanagar III stage	Karnataka	570030	12.3014	76.6169
J.P.Nagar	Karnataka	570031	12.3014	76.6169
Vijayanagar IV Stage	Karnataka	570032	12.3014	76.6169
Bannur	Karnataka	571101	12.3329	76.862
Melur	Karnataka	571102	12.5168	76.1757
Halebeedu	Karnataka	571103	12.4038	76.3784
Koppa	Karnataka	571104	12.4445	75.975
Kallahalli	Karnataka	571105	12.1783	76.4739
Honnenahalli	Karnataka	571106	12.5564	76.236
Malangi	Karnataka	571107	12.2839	76.0985
Kellur	Karnataka	571108	12.4339	76.2289
Begur	Karnataka	571109	11.9354	76.6691
Binakanahalli	Karnataka	571110	12.2829	76.8237
Alathur	Karnataka	571111	11.9369	76.5934
Annur	Karnataka	571114	12.2088	76.4421
Mangala	Karnataka	571115	11.9998	76.9594
Malali	Karnataka	571116	12.4492	76.3001
Alur	Karnataka	571117	11.968	76.9934
Kalale	Karnataka	571118	12.0736	76.662
Devanur	Karnataka	571119	12.0704	76.792
Kolathur	Karnataka	571120	12.2088	76.4421
Mullur	Karnataka	571121	12.3853	76.2352
Hemmige	Karnataka	571122	12.2091	77.0154
Bommanahalli	Karnataka	571123	11.9569	77.0998
Byrapura	Karnataka	571124	12.2088	76.4421
Madapura	Karnataka	571125	12.3446	76.28
Mangala	Karnataka	571126	11.9998	76.9594
Haradanahalli	Karnataka	571127	11.8759	76.9527
Aralikatte	Karnataka	571128	12.1858	76.7034
Biligere	Karnataka	571129	12.3766	76.32
Anandur	Karnataka	571130	12.4131	76.5357
Modur	Karnataka	571134	12.3666	76.2472
Kanagal	Karnataka	571187	12.3742	76.0615
Ballenahalli	Karnataka	571189	12.2088	76.4421
Kottur	Karnataka	571201	12.1154	75.9829
Kavadi	Karnataka	571211	12.2337	75.8327
Karada	Karnataka	571212	12.3244	75.8033
Aruvathoklu	Karnataka	571213	12.1793	75.9422
Palur	Karnataka	571214	12.3083	75.6884
Athur	Karnataka	571215	12.2404	75.9139
Kunda	Karnataka	571216	12.1567	75.896
Kurchi	Karnataka	571217	11.9869	75.9766
Kadanur	Karnataka	571218	12.2258	75.7782
Nittur	Karnataka	571219	12.3244	75.8033
Bessur	Karnataka	571231	12.3244	75.8033
Hebbale	Karnataka	571232	12.5308	75.979
Herur	Karnataka	571234	12.3244	75.8033
Ankanahalli	Karnataka	571235	12.3244	75.8033
Bettadahalli	Karnataka	571236	12.7039	75.9372
Kallur	Karnataka	571237	12.4596	75.8724
Bhagamandala	Karnataka	571247	12.3879	75.5295
CHES	Karnataka	571248	12.1099	75.8421
Harihara	Karnataka	571249	12.0556	75.9917
Kutta	Karnataka	571250	11.9714	76.048
Madapura	Karnataka	571251	12.3244	75.8033
Balamuri	Karnataka	571252	12.3244	75.8033
Abyathmangala	Karnataka	571253	12.6596	75.9136
Maroor	Karnataka	571254	12.2058	75.9869
Nanjangud H.O	Karnataka	571301	12.2088	76.6717
Bokkahalli	Karnataka	571302	12.2088	76.6717
Devalapura	Karnataka	571311	12.2088	76.4421
Konanur	Karnataka	571312	12.2088	76.4421
Shivapura	Karnataka	571313	11.9569	77.0998
Rampura	Karnataka	571314	12.573	76.2553
Madapura	Karnataka	571315	12.3446	76.28
Bagali	Karnataka	571316	12.1031	76.9244
Cowdalli	Karnataka	571320	11.9569	77.0998
Kudlur	Karnataka	571342	11.957	76.976
Mandya Ashoknagar	Karnataka	571401	12.6252	76.7246
Yeliyur	Karnataka	571402	12.6104	76.798
Cheeranahalli	Karnataka	571403	12.4226	76.8887
Budanur	Karnataka	571404	12.5496	76.9479
Shivalli	Karnataka	571405	12.6104	76.798
Arakere	Karnataka	571415	12.4133	76.8168
Kambadahalli	Karnataka	571416	12.732	76.8378
Hosahalli	Karnataka	571417	12.5319	77.039
Honnenahalli	Karnataka	571418	12.8343	76.6537
Hosakere	Karnataka	571419	12.6398	77.0252
Byadarahalli	Karnataka	571421	12.5043	76.7502
Bidarahalli	Karnataka	571422	12.6104	76.798
Kundur	Karnataka	571423	12.7604	76.4766
Anasale	Karnataka	571424	12.4298	76.9515
Bommanahalli	Karnataka	571425	12.9626	76.7422
Byrapura	Karnataka	571426	12.6104	76.798
Rampura	Karnataka	571427	12.6167	76.9898
Gejjalagere	Karnataka	571428	12.4868	76.9623
Somanahalli	Karnataka	571429	12.7501	76.9425
Kundur	Karnataka	571430	12.3239	77.0634
Alpahalli	Karnataka	571431	12.7223	76.6799
Bogadi	Karnataka	571432	12.7504	76.6494
Kadalur	Karnataka	571433	12.6104	76.798
Kalenahalli	Karnataka	571434	12.5692	76.7452
Kennalu	Karnataka	571435	12.4741	76.6746
Doddasomanahalli	Karnataka	571436	12.775	76.5507
Srirangapatna H.O	Karnataka	571438	12.6397	76.7928
Ajjipura	Karnataka	571439	12.1108	77.3102
Kothanur	Karnataka	571440	12.2141	77.2728
Honnur	Karnataka	571441	11.9569	77.0998
Mullur	Karnataka	571442	12.1569	77.0657
Mangalam	Karnataka	571443	12.1227	77.2475
Kudlur	Karnataka	571444	11.957	76.976
Haradanahalli	Karnataka	571445	12.8665	76.8312
Chandagalu	Karnataka	571446	12.6627	76.6627
Hulikere	Karnataka	571448	12.9	76.7162
Halakere	Karnataka	571450	12.7014	77.0036
Narayanapura	Karnataka	571455	12.6053	76.6271
Bailur	Karnataka	571457	11.8199	77.244
Sargur	Karnataka	571463	12.2628	77.0411
Gowdagere	Karnataka	571475	12.6104	76.798
Navile	Karnataka	571476	12.6104	76.798
Ganjam	Karnataka	571477	12.415	76.7069
Mangala	Karnataka	571478	12.4702	76.9041
Gopinatham	Karnataka	571490	11.9569	77.0998
Bheriya	Karnataka	571601	12.5408	76.3775
Siddapura	Karnataka	571602	12.4537	76.3263
Gandanahalli	Karnataka	571603	12.2088	76.4421
Melur	Karnataka	571604	12.5867	76.2962
Somanahalli	Karnataka	571605	12.7909	76.5921
Hosahalli	Karnataka	571606	12.616	76.6304
Krishnaraja Sagar	Karnataka	571607	12.626	76.4363
Mullur	Karnataka	571610	12.3853	76.2352
Hosur	Karnataka	571617	12.6214	76.3486
Sathenahalli	Karnataka	571802	12.6104	76.798
Ballenahalli	Karnataka	571807	12.677	76.3882
Chunchanahalli	Karnataka	571811	12.6104	76.798
Mavinakere	Karnataka	571812	12.5001	76.481
Tumkur City	Karnataka	572101	13.3758	76.9751
Settihalli	Karnataka	572102	13.6402	77.259
Kuvempunagara	Karnataka	572103	13.3758	76.9751
Belagumba	Karnataka	572104	13.352	77.1425
Melekote	Karnataka	572105	13.3294	77.0787
Arakere	Karnataka	572106	13.5202	76.9477
Mallasandra	Karnataka	572107	13.5202	76.9477
Hosakere	Karnataka	572111	12.8872	76.9315
Hosahalli	Karnataka	572112	13.7789	77.1956
Hulikunte	Karnataka	572113	13.9817	76.9223
Karadi	Karnataka	572114	13.2835	76.5529
Bukkapatna	Karnataka	572115	13.6519	76.7481
Kothur	Karnataka	572116	13.5202	76.9477
Kodiyala	Karnataka	572117	13.5202	76.9477
Ariyur	Karnataka	572118	13.2683	77.0002
Mathighatta	Karnataka	572119	13.4003	76.4069
Singonahally	Karnataka	572120	14.0524	76.9451
Rampura	Karnataka	572121	13.4185	77.2539
Tavarekere	Karnataka	572122	13.7952	76.8024
Hosahalli	Karnataka	572123	12.9491	76.9387
Thadi	Karnataka	572124	13.7841	77.2868
Chikkanahalli	Karnataka	572125	13.5734	77.061
Yeliyur	Karnataka	572126	13.5202	76.9477
Kadagathur	Karnataka	572127	13.7434	77.4011
Brahmasandra	Karnataka	572128	13.4381	77.0642
Agrahara	Karnataka	572129	13.4955	77.2013
Herur	Karnataka	572130	13.0023	77.0133
Bijavara	Karnataka	572132	13.6762	77.2308
Lakshmipura	Karnataka	572133	13.6705	77.0841
Turuganur	Karnataka	572134	13.4908	76.939
Bevinahalli	Karnataka	572135	13.8968	76.8426
Vallur	Karnataka	572136	14.2871	77.4196
Yeliyur	Karnataka	572137	13.5202	76.9477
Devalapura	Karnataka	572138	13.5202	76.9477
Hosur	Karnataka	572139	13.4208	76.4433
Byatha	Karnataka	572140	13.3451	77.2509
Siddapura	Karnataka	572141	14.2982	77.1496
Koppa	Karnataka	572142	12.998	76.8971
Hirehalli SO	Karnataka	572168	13.4716	76.9682
Badakanahalli	Karnataka	572175	13.7256	77.3002
Kalkere	Karnataka	572201	13.1316	77.0364
Kondli	Karnataka	572211	13.5202	76.9477
Anekere	Karnataka	572212	13.5202	76.9477
Ankalakoppa	Karnataka	572213	13.5202	76.9477
Barasidlahalli	Karnataka	572214	13.2706	76.5577
Pura	Karnataka	572215	12.8213	76.9864
Herur	Karnataka	572216	13.0023	77.0133
Ramanahalli	Karnataka	572217	13.3556	76.4444
Kenkere	Karnataka	572218	12.8187	77.0112
Koppa	Karnataka	572219	12.998	76.8971
Ajjenahalli	Karnataka	572220	13.7607	76.7294
Kalkere	Karnataka	572221	13.1316	77.0364
Shivapura	Karnataka	572222	13.5202	76.9477
Bandihalli	Karnataka	572223	13.3049	77.1818
Sugur	Karnataka	572224	13.5202	76.9477
Sampige	Karnataka	572225	13.5202	76.9477
Navile	Karnataka	572226	13.5202	76.9477
Muniyur	Karnataka	572227	13.5202	76.9477
Ramanahalli	Karnataka	572228	13.3556	76.4444
Arehalli	Karnataka	573101	13.0436	75.8028
Honnavalli	Karnataka	573102	12.7673	76.089
Hiriyur	Karnataka	573103	13.3402	76.1883
Obalapura	Karnataka	573111	12.9954	76.1091
Arakere	Karnataka	573112	13.375	76.1291
Kalenahalli	Karnataka	573113	13.0406	75.9852
Ballur	Karnataka	573115	12.8919	75.9494
Nallur	Karnataka	573116	12.8502	76.3642
Doddamettikurke	Karnataka	573117	13.3975	76.3451
Doddapura	Karnataka	573118	12.9954	76.1091
Kenkere	Karnataka	573119	12.7063	75.887
Karle	Karnataka	573120	12.9954	76.1091
Mathighatta	Karnataka	573121	13.1403	76.0354
Annaikanahalli	Karnataka	573122	13.1524	76.2014
Attihalli	Karnataka	573123	13.0502	76.0717
Honnenahalli	Karnataka	573124	12.8862	76.4856
Kodihalli	Karnataka	573125	13.2966	76.2788
Rampura	Karnataka	573126	13.426	76.3786
Bykere	Karnataka	573127	13.0155	75.8212
Settihalli	Karnataka	573128	13.2323	75.8854
Hemmige	Karnataka	573129	12.8275	75.9061
Bannur	Karnataka	573130	12.6059	75.9746
Navile	Karnataka	573131	13.063	76.3739
Agrahara	Karnataka	573133	12.6567	76.1
Malali	Karnataka	573134	12.9355	75.7987
Baralu	Karnataka	573135	12.9497	76.6165
Lakkur	Karnataka	573136	12.7255	76.254
Igoor	Karnataka	573137	12.6529	76.0758
Hosahalli	Karnataka	573141	13.1514	76.2435
Doddamagge	Karnataka	573142	12.8611	75.9804
Hirisadarahalli	Karnataka	573144	13.5159	76.314
Bageshpura	Karnataka	573162	13.1499	76.2303
Nagarahalli	Karnataka	573164	12.9954	76.1091
Devaladakere	Karnataka	573165	13.0073	75.7106
Channapatna Extn	Karnataka	573201	13.0269	76.1011
Antharikshanagar	Karnataka	573202	13.0269	76.1011
Doddahalli	Karnataka	573210	12.6504	76.1038
Singapur	Karnataka	573211	12.8509	76.0492
Sathenahalli	Karnataka	573212	13.0255	76.1367
Talur	Karnataka	573213	12.9954	76.1091
Mugali	Karnataka	573214	12.6549	76.0868
Ankihalli	Karnataka	573215	13.0253	75.8637
Chilkur	Karnataka	573216	13.1104	76.3854
Kandali	Karnataka	573217	12.9954	76.1091
Singapur	Karnataka	573218	13.139	76.0572
Nittur	Karnataka	573219	13.1508	76.132
Malali	Karnataka	573220	12.9328	76.2326
Yeliyur	Karnataka	573225	12.9899	76.3319
Doddagenigere	Karnataka	573226	13.018	76.2082
Andar	Karnataka	574101	13.319	75.044
Bailur	Karnataka	574102	13.2661	74.9391
Avral	Karnataka	574103	13.3342	75.0417
Hiriangady	Karnataka	574104	13.3342	75.0417
Subhash Nagar	Karnataka	574105	13.2704	74.739
Padur	Karnataka	574106	13.2222	74.7631
Borkatte	Karnataka	574107	13.1945	75.0484
Ellare	Karnataka	574108	13.3322	75.0042
Idu	Karnataka	574109	13.4667	74.8835
Bola	Karnataka	574110	13.1516	74.9087
Nandikur	Karnataka	574111	13.1407	74.8073
Palimar	Karnataka	574112	13.1846	74.9134
Yellur	Karnataka	574113	13.176	74.8006
Irvathur	Karnataka	574114	13.4667	74.8835
Bhantakal	Karnataka	574115	13.1846	74.9134
Shirva	Karnataka	574116	13.2353	74.825
Bada	Karnataka	574117	13.6665	74.9983
Udyavara	Karnataka	574118	13.1846	74.9134
Admar	Karnataka	574119	13.1622	74.763
Nallur	Karnataka	574122	13.4667	74.8835
Belady	Karnataka	574129	13.4667	74.8835
Kollur	Karnataka	574141	12.8382	75.2667
Kolambe	Karnataka	574142	12.9714	74.908
Pudu	Karnataka	574143	12.8667	74.9673
Ganjimat	Karnataka	574144	12.988	74.9609
Addoor	Karnataka	574145	12.9285	74.9296
Chelairu	Karnataka	574146	13.0287	74.8055
Kateel	Karnataka	574148	13.0472	74.8695
Elathur	Karnataka	574150	12.9859	75.0862
Kandavara	Karnataka	574151	12.9558	74.9175
Chelur	Karnataka	574153	12.8382	75.2667
Sadashivanagar	Karnataka	574154	12.8382	75.2667
Maroor	Karnataka	574197	12.8382	75.2667
Arasinamakki	Karnataka	574198	13.1659	75.3727
Assaigoli	Karnataka	574199	12.8312	74.9173
Bolwar	Karnataka	574201	12.8382	75.2667
Sarve	Karnataka	574202	12.8114	75.3208
Bannur	Karnataka	574203	12.8382	75.2667
Kaikara	Karnataka	574210	12.7248	75.2208
Arla	Karnataka	574211	12.9524	75.016
Kodiyala	Karnataka	574212	12.6868	75.3709
Belvai	Karnataka	574213	12.8382	75.2667
Bangady	Karnataka	574214	13.0285	75.3114
Dharmasthala	Karnataka	574216	12.9479	75.3807
Nala	Karnataka	574217	12.9973	75.2377
Balugodu	Karnataka	574218	12.8382	75.2667
Ammunje	Karnataka	574219	12.8333	75.2999
Padnur	Karnataka	574220	12.7946	75.1518
Ballya	Karnataka	574221	12.7267	75.4685
Bolanthuru	Karnataka	574222	12.6458	75.5862
Ariadka	Karnataka	574223	12.6433	75.275
Kuvettu	Karnataka	574224	12.9809	75.2535
Mijar	Karnataka	574225	13.0161	74.9725
Kadandale	Karnataka	574226	12.8382	75.2667
Hosabettu	Karnataka	574227	12.9785	74.8046
Charmadi	Karnataka	574228	13.0519	75.423
Gundia	Karnataka	574229	12.8267	75.5708
Sunkadakatte	Karnataka	574230	12.7358	75.538
Narikombu	Karnataka	574231	12.8846	75.0542
Balpa	Karnataka	574232	12.6756	75.4981
Badagakajekar	Karnataka	574233	12.917	75.186
Balambi(Chembu)	Karnataka	574234	12.3244	75.8033
Alike	Karnataka	574235	12.7983	75.4562
Kashipatna	Karnataka	574236	12.7983	75.4562
Arambody	Karnataka	574237	12.9799	75.0178
Devarahalli	Karnataka	574238	12.8382	75.2667
Ajjavara	Karnataka	574239	12.5557	75.3601
Belal	Karnataka	574240	12.9398	75.3416
Bajathur	Karnataka	574241	12.7931	75.3247
Andinje	Karnataka	574242	13.0343	75.1585
Puncha	Karnataka	574243	12.7663	75.1036
Palli	Karnataka	574244	13.2359	74.8763
Bollaje	Karnataka	574248	12.5616	75.4855
Mani	Karnataka	574253	12.8368	75.1207
Bettampady	Karnataka	574259	12.666	75.2895
Moodambail	Karnataka	574260	12.6976	75.0708
Kadabettu	Karnataka	574265	12.9313	75.0957
Badagayedapadavu	Karnataka	574267	12.8695	75.1001
Banangady	Karnataka	574274	13.0963	75.15
Kanyana	Karnataka	574279	12.7364	75.0505
Alankar	Karnataka	574285	12.7806	75.368
Ishwaramangala	Karnataka	574313	12.5207	75.4399
Aramboor	Karnataka	574314	12.5207	75.4399
Manchi	Karnataka	574323	12.8167	75.0303
Ajjibettu	Karnataka	574324	12.8382	75.2667
Perne	Karnataka	574325	12.8173	75.1873
Bandar	Karnataka	574326	12.8593	75.3064
Kurunjibag	Karnataka	574327	12.9225	75.2738
Bobbekri	Karnataka	574328	12.7154	75.3972
Permude	Karnataka	574509	12.998	74.8683
Falnir	Karnataka	575001	12.8382	75.2667
Balmatta	Karnataka	575002	12.8382	75.2667
Boloor	Karnataka	575003	12.8382	75.2667
Bijai	Karnataka	575004	12.8382	75.2667
Kulshekar H.O	Karnataka	575005	12.8382	75.2667
Ashoknagar(MR)	Karnataka	575006	12.8382	75.2667
Kannur	Karnataka	575007	12.8382	75.2667
Bikkarnakatte	Karnataka	575008	12.8382	75.2667
Meenakaliya	Karnataka	575010	13.0232	75.0845
Baikampady	Karnataka	575011	13.0232	75.0845
Kulur	Karnataka	575013	12.9167	74.8167
Krishnapura	Karnataka	575014	12.8382	75.2667
Kavur	Karnataka	575015	13.0232	75.0845
Shakthinagar (Dakshina Kannada)	Karnataka	575016	13.0232	75.0845
Munnur	Karnataka	575017	12.8382	75.2667
Derlakatte	Karnataka	575018	12.784	74.9302
Kulai	Karnataka	575019	12.9163	74.9742
Ullal	Karnataka	575020	12.8057	74.8606
Kotekar	Karnataka	575022	12.8382	75.2667
Kinya	Karnataka	575023	12.7824	74.892
Srinivasnagar	Karnataka	575025	12.8382	75.2667
Kudupu	Karnataka	575028	12.9024	74.8934
Mallur	Karnataka	575029	12.8382	75.2667
Bala	Karnataka	575030	12.9854	74.8406
Mission Compound	Karnataka	576101	13.3345	74.7643
Shivalli	Karnataka	576102	13.4667	74.8835
Nittur	Karnataka	576103	13.4667	74.8835
Dist. Offices Complex Manipal	Karnataka	576104	13.3928	74.805
Puttur	Karnataka	576105	13.3706	74.7362
Krodashrama	Karnataka	576106	13.3691	74.7097
Patla	Karnataka	576107	13.0912	74.9742
Kudrukere	Karnataka	576108	13.3496	74.7039
Belmannu	Karnataka	576111	13.166	74.8692
Shivapura	Karnataka	576112	13.4095	74.9661
Kudi	Karnataka	576113	13.4667	74.8835
Kallianapura	Karnataka	576114	13.3109	74.9636
Badanidiyur	Karnataka	576115	13.3838	74.7052
Attur	Karnataka	576117	13.4667	74.8835
Kattingere	Karnataka	576120	13.2651	74.8322
Bolakodi	Karnataka	576121	13.1396	74.842
Innanje	Karnataka	576122	13.2489	74.7639
Bellampalli	Karnataka	576124	13.3776	74.8244
Gandhi-maidan	Karnataka	576201	13.6738	74.792
Kavadi	Karnataka	576210	13.5026	74.7477
Balkur	Karnataka	576211	13.6359	74.7695
Ardi	Karnataka	576212	13.5055	75.0199
Herur	Karnataka	576213	13.4191	74.7446
Byndoor	Karnataka	576214	13.8667	74.6333
Haluvalli	Karnataka	576215	13.415	74.8604
Ganguli	Karnataka	576216	13.6502	74.6707
Koni	Karnataka	576217	13.6003	74.7213
Hungarcutta	Karnataka	576218	13.5655	74.7534
Koderi	Karnataka	576219	13.8015	74.6304
Kollur	Karnataka	576220	13.8672	74.8127
Kota	Karnataka	576221	13.5335	74.7013
Asodu	Karnataka	576222	13.5766	74.738
Nadur	Karnataka	576223	13.4791	74.7945
Badakere	Karnataka	576224	13.7412	74.6568
Achladi	Karnataka	576225	13.4628	74.7382
Airody	Karnataka	576226	13.6874	74.7838
Amasebail	Karnataka	576227	13.6874	74.7838
Shiruru (Udupi)	Karnataka	576228	13.908	74.6058
Ullur	Karnataka	576229	13.4667	74.8835
Nada	Karnataka	576230	13.7327	74.6729
Kedur	Karnataka	576231	13.5514	74.7011
Bijur	Karnataka	576232	13.837	74.6247
Alur	Karnataka	576233	13.4667	74.8835
Kadur	Karnataka	576234	13.4667	74.8835
Hadavu	Karnataka	576235	13.7009	74.6488
Gujjadi	Karnataka	576247	13.6767	74.6596
Kumbhashi	Karnataka	576257	13.6738	74.792
Hosangadi	Karnataka	576282	13.6976	74.9543
Ajrihara	Karnataka	576283	13.7066	74.9619
Barline Road-Davanagere	Karnataka	577001	14.2019	75.9671
Lokikere	Karnataka	577002	14.3045	75.9253
Avaragere	Karnataka	577003	14.4481	75.9476
Modi Circle-Davanagere	Karnataka	577004	14.2019	75.9671
Bapuji Vidyanagara	Karnataka	577005	14.4188	75.915
Devaraj Urs Layout-Dvg	Karnataka	577006	14.2019	75.9671
Bada	Karnataka	577007	14.2786	76.0022
Ramanahalli	Karnataka	577101	13.4543	75.6913
Chikmagalur ZP	Karnataka	577102	13.2568	75.8702
Handi	Karnataka	577111	13.1828	75.6739
Herur	Karnataka	577112	13.3886	75.2959
Hosahalli	Karnataka	577113	13.3346	75.6259
Shanthigrama	Karnataka	577114	13.5561	75.2773
Gonibeedu	Karnataka	577115	14.0436	75.2207
Kudlur	Karnataka	577116	13.6586	75.9515
C.R.Station	Karnataka	577117	13.3987	75.422
Hariharapura	Karnataka	577120	13.5216	75.301
Hemmakki	Karnataka	577121	13.2291	75.4469
Balur	Karnataka	577122	13.1504	75.5197
Kalkere	Karnataka	577123	13.4558	75.3498
Haluvalli	Karnataka	577124	13.2411	75.7862
Kammaradi	Karnataka	577125	13.3344	75.5476
Addada	Karnataka	577126	13.5218	75.3244
Kanur	Karnataka	577127	13.4543	75.6913
Lakkavalli	Karnataka	577128	13.7005	75.6547
Lingadahalli	Karnataka	577129	13.5977	75.8488
Jakkanahalli	Karnataka	577130	13.3418	75.6704
Mallenahalli	Karnataka	577131	13.6114	75.814
Kundur	Karnataka	577132	13.1944	75.6169
Rampura	Karnataka	577133	13.7165	75.769
B.H. Kaimara	Karnataka	577134	13.6108	75.512
Banur	Karnataka	577135	13.8198	76.0514
Bidre	Karnataka	577136	13.3613	75.6905
Santaveri	Karnataka	577137	13.5175	75.806
Somanahalli	Karnataka	577138	13.4797	76.1661
Nallur	Karnataka	577139	13.4762	75.2129
Chikkaballekere	Karnataka	577140	13.602	76.1716
Kudremukh	Karnataka	577142	13.5941	75.9279
Baragenahalli	Karnataka	577144	13.6868	75.7049
Bukkambudhi	Karnataka	577145	13.5941	75.9279
Belavadi	Karnataka	577146	13.4543	75.6913
Coove	Karnataka	577160	13.273	75.4853
Hulikere	Karnataka	577168	13.3889	75.9563
Devanur	Karnataka	577175	13.4259	76.0915
Balehole	Karnataka	577179	13.2657	75.4151
Kalkere	Karnataka	577180	13.4558	75.3498
Horanadu	Karnataka	577181	13.2543	75.3649
Honnenahalli	Karnataka	577182	13.6089	76.2306
Ravindranagr-shimoga	Karnataka	577201	14.0147	75.4016
Hosahalli	Karnataka	577202	13.956	75.5004
Mathur	Karnataka	577203	13.9124	75.5791
Navile	Karnataka	577204	14.0147	75.4016
Gopala Extension	Karnataka	577205	14.0147	75.4016
Ayanur	Karnataka	577211	14.0103	75.4367
Tavarekere	Karnataka	577213	13.854	75.9605
Salur	Karnataka	577214	14.2214	75.3073
Kortikere	Karnataka	577215	13.9611	76.014
Hadonahalli	Karnataka	577216	14.058	75.7305
Basavanahalli	Karnataka	577217	14.0976	75.8399
Rudrapura	Karnataka	577218	14.408	75.9548
Kundur	Karnataka	577219	14.2849	75.7814
Halaga	Karnataka	577220	13.7742	75.4437
Lingadahalli	Karnataka	577221	14.1007	75.8538
Bidare	Karnataka	577222	13.8979	75.6409
Arundi	Karnataka	577223	14.1777	75.567
Hosahalli	Karnataka	577224	13.9629	75.8602
Joga	Karnataka	577225	14.1403	75.4534
Kuduvalli	Karnataka	577226	14.0436	75.2207
Settihalli	Karnataka	577227	13.8748	75.432
Bettadahalli	Karnataka	577228	13.6922	75.8798
Donabaghatta	Karnataka	577229	13.8545	75.6486
Chilur	Karnataka	577230	14.1007	75.6857
Belalagere	Karnataka	577231	14.2489	75.842
Malur	Karnataka	577232	13.729	75.3393
Arakere	Karnataka	577233	13.951	75.7717
Hanagawadi	Karnataka	577243	14.408	75.9548
Mavinakere	Karnataka	577245	13.8091	75.7561
Siddapura	Karnataka	577301	13.8105	75.227
Hiriyur	Karnataka	577302	13.797	75.6787
Hirenallur	Karnataka	577401	14.0436	75.2207
Agumbe	Karnataka	577411	14.0436	75.2207
Ullur	Karnataka	577412	14.0436	75.2207
Huruli	Karnataka	577413	14.4218	75.1648
Arga	Karnataka	577414	14.0436	75.2207
Hosa Agrahara	Karnataka	577415	14.0436	75.2207
Byranakoppa	Karnataka	577416	14.0463	75.4598
Bheemanakone	Karnataka	577417	14.0984	75.0706
Koduru	Karnataka	577418	14.0436	75.2207
Dyavanahalli	Karnataka	577419	14.4987	75.0649
Nagavalli	Karnataka	577421	14.0436	75.2207
Saru	Karnataka	577422	13.8171	75.2686
Chordi	Karnataka	577423	14.0577	75.4112
Huruli	Karnataka	577424	13.8991	75.0396
Malali	Karnataka	577425	14.1082	75.119
Arasalu	Karnataka	577426	13.9989	75.306
Gulladahalli	Karnataka	577427	14.1972	75.4217
Sanda	Karnataka	577428	14.2887	75.2766
Bennur	Karnataka	577429	14.0436	75.2207
Marathur	Karnataka	577430	14.0436	75.2207
Barur	Karnataka	577431	14.2481	75.1842
Kadathur	Karnataka	577432	13.7271	75.195
Malur	Karnataka	577433	13.9873	75.2474
B.Dodderi	Karnataka	577434	14.3577	75.0452
Jog Falls	Karnataka	577435	14.0866	75.1197
Muniyur	Karnataka	577436	13.857	75.243
KVV Shankaraghattta	Karnataka	577451	14.0861	74.9959
Hebbige	Karnataka	577452	13.9507	74.8997
Ambaragodlu	Karnataka	577453	14.0662	74.9475
Chitradurga  Collegeroad	Karnataka	577501	14.1634	76.2663
Madanayakanahalli	Karnataka	577502	14.1634	76.2663
Kodihally	Karnataka	577511	13.8861	76.6989
Kittur	Karnataka	577512	14.5007	76.1
Asagodu	Karnataka	577513	14.5606	76.1503
Malali	Karnataka	577515	14.1642	76.2343
Kamalapura	Karnataka	577516	14.4456	75.7313
Hunsekatte	Karnataka	577517	14.3419	76.4349
Adanur	Karnataka	577518	14.0819	76.1638
Bhahadurghatta	Karnataka	577519	14.3939	76.2079
Siddapura	Karnataka	577520	14.267	76.1937
Bidarakere	Karnataka	577521	13.8755	76.1328
Hulikunte	Karnataka	577522	14.1397	76.7177
Kadur	Karnataka	577523	14.1374	76.1039
Ingaladahal	Karnataka	577524	14.1733	76.476
Ballur	Karnataka	577525	14.3658	75.8367
Adanur	Karnataka	577526	14.0819	76.1638
Honnenahalli	Karnataka	577527	13.8532	76.2995
Hosakere	Karnataka	577528	14.6153	76.2938
B.G.Kere	Karnataka	577529	14.1931	76.3465
Nittur	Karnataka	577530	14.3683	75.7759
Kalkere	Karnataka	577531	14.1675	76.5164
Burujanaroppa	Karnataka	577532	14.1581	76.5559
Bukkasagara	Karnataka	577533	13.714	76.4181
Kodaganur	Karnataka	577534	14.3353	76.0416
Siddapura	Karnataka	577535	14.8105	76.7904
Gowdagere	Karnataka	577536	14.511	76.5946
Obalapura	Karnataka	577537	14.4729	76.9258
Channammanagathihally	Karnataka	577538	14.2516	76.8404
Rangapura	Karnataka	577539	13.9895	76.1119
Venkatapura	Karnataka	577540	14.8533	76.8323
Alaghatta	Karnataka	577541	14.1675	76.5164
Obalapura	Karnataka	577542	13.6231	76.4429
Kodihally	Karnataka	577543	14.4574	76.7143
Doddaghatta	Karnataka	577544	14.408	75.9548
Ambalagere	Karnataka	577545	14.0431	76.6839
Sugur	Karnataka	577546	14.1089	76.8037
Shanuboganahalli	Karnataka	577547	13.4543	75.6913
Kadur	Karnataka	577548	13.5529	76.0116
Cheeranahalli	Karnataka	577549	13.83	76.0317
Begur	Karnataka	577550	13.74	76.0887
Basavapatna (Davangere)	Karnataka	577551	14.1982	75.8075
Kakanur	Karnataka	577552	14.1317	75.9865
Bilichodu	Karnataka	577553	14.4823	76.239
Annivala	Karnataka	577554	14.1675	76.5164
Hullur	Karnataka	577555	14.1675	76.5164
Hebbal	Karnataka	577556	14.3781	76.0976
Amruthapura	Karnataka	577557	14.1675	76.5164
Aimangala	Karnataka	577558	14.1675	76.5164
Doddabathi	Karnataka	577566	14.408	75.9548
Kondajji	Karnataka	577589	14.5688	75.8714
Dharmapura	Karnataka	577596	14.0656	76.8599
Alaghatta	Karnataka	577597	13.7456	76.2657
Alur	Karnataka	577598	13.9387	76.68
Kurubarahally	Karnataka	577599	13.9033	76.4917
Amaravathi	Karnataka	577601	14.408	75.9548
Dharwad City	Karnataka	580001	15.3478	75.1338
Dharwad S D M E college	Karnataka	580002	15.4287	75.0705
Dharwad K V V	Karnataka	580003	15.4287	75.0705
Dharwad Vidyagiri	Karnataka	580004	15.4287	75.0705
Narendra	Karnataka	580005	15.5091	74.9763
Dharwad M J Nagar	Karnataka	580006	15.4287	75.0705
Ramapur	Karnataka	580007	15.2594	75.0747
Dharwad K.C.Park	Karnataka	580008	15.4287	75.0705
Navalur	Karnataka	580009	15.4304	75.0437
Dharwad High Court	Karnataka	580011	15.5445	74.8713
Hubli H.O	Karnataka	580020	15.318	75.1763
Hubli KMC	Karnataka	580021	15.318	75.1763
Mantur	Karnataka	580023	15.3496	75.2647
Malali	Karnataka	580024	15.1408	75.1729
Amragol	Karnataka	580025	15.318	75.1763
Hubli Tarihal Indl. Estate	Karnataka	580026	15.318	75.1763
Gokul	Karnataka	580027	15.3492	75.0811
Ingalgi	Karnataka	580028	15.1211	75.2355
Hubli Bharat Mill	Karnataka	580029	15.318	75.1763
Hubballi Akashaya Colony	Karnataka	580030	15.3773	75.116
Hubli Eng College	Karnataka	580031	15.3773	75.116
Hubli Vijayanagar	Karnataka	580032	15.3773	75.116
Shivalli	Karnataka	580112	15.3894	75.1538
Banagitti Gudihal	Karnataka	580114	15.1655	75.1128
Nigadi	Karnataka	580118	15.3894	75.1538
Adur (Haveri)	Karnataka	581101	14.7771	75.25
Akkialur	Karnataka	581102	14.7107	75.1825
Alnavar	Karnataka	581103	15.4273	74.7411
Gondi	Karnataka	581104	14.6299	75.1515
Kotabagi	Karnataka	581105	15.575	74.9302
Mallur	Karnataka	581106	14.6978	75.4429
Kalas	Karnataka	581107	15.0986	75.4068
Basapur	Karnataka	581108	14.8283	75.5625
Aralikatti	Karnataka	581109	14.5819	75.4449
Devagiri	Karnataka	581110	14.6293	75.5138
Gundagatti	Karnataka	581111	14.4152	75.4391
Kolur	Karnataka	581112	14.8676	75.4051
Devanur	Karnataka	581113	15.2154	75.2289
Asundi	Karnataka	581115	14.6351	75.545
Kadur	Karnataka	581116	14.41	75.5545
Hiregunjal	Karnataka	581117	15.1902	75.3382
Jallapur	Karnataka	581118	14.9686	75.3188
Nittur	Karnataka	581119	14.5005	75.5982
Attikatti	Karnataka	581120	14.6183	75.2784
Bazarkunang	Karnataka	581121	14.7941	74.6229
Itagi	Karnataka	581123	14.7381	75.4177
Basanal	Karnataka	581126	15.0691	75.3066
Agadi	Karnataka	581128	14.8168	75.4683
Asu	Karnataka	581129	14.7941	74.6229
Karur	Karnataka	581145	14.5597	75.7411
Herur	Karnataka	581148	14.7235	75.2667
Chapoli	Karnataka	581186	14.7941	74.6229
Anshi	Karnataka	581187	14.9926	74.3711
Chandapur	Karnataka	581193	14.9413	75.1697
Baradwad	Karnataka	581195	15.3894	75.1538
Bagadageri	Karnataka	581196	15.1933	75.0666
Alalageri	Karnataka	581198	14.7427	75.4732
Belagalapete.	Karnataka	581199	14.9479	75.2258
Shirur	Karnataka	581201	15.3894	75.1538
Kundur	Karnataka	581202	14.8915	75.2573
Hungund	Karnataka	581203	14.9083	75.1724
Begur	Karnataka	581204	15.3894	75.1538
Bannur	Karnataka	581205	15.0351	75.2475
Kallur	Karnataka	581206	15.6171	74.9841
Aralikatti	Karnataka	581207	15.3894	75.1538
Antravalli	Karnataka	581208	14.7381	75.4177
Ballarwad	Karnataka	581209	15.4508	75.3036
Medur	Karnataka	581210	14.3534	75.4901
Belur	Karnataka	581211	14.7199	75.7547
Tadas	Karnataka	581212	14.6119	75.4068
Kittur	Karnataka	581213	14.9256	75.5716
Siddapur	Karnataka	581237	14.997	75.5294
Karwar H.O	Karnataka	581301	14.7941	74.6229
Awara Road	Karnataka	581302	14.7941	74.6229
Kodibag	Karnataka	581303	14.8347	74.133
Nandangadda	Karnataka	581304	14.7941	74.6229
Kathinkon	Karnataka	581305	14.8399	74.151
Baad(KWR)	Karnataka	581306	14.7941	74.6229
Binga	Karnataka	581307	14.7941	74.6229
Arge	Karnataka	581308	14.7668	74.1598
Dongri	Karnataka	581314	14.7302	74.5462
Bandal	Karnataka	581315	14.5315	74.6587
Aversa	Karnataka	581316	14.7333	74.3
Asnoti	Karnataka	581317	14.8985	74.2512
Banavasi	Karnataka	581318	14.5377	75.016
Hanehalli	Karnataka	581319	14.7941	74.6229
Konar	Karnataka	581320	13.9907	74.6051
Belekeri	Karnataka	581321	14.7083	74.2653
Itgi	Karnataka	581322	14.3396	74.7735
Mallapur	Karnataka	581323	14.3919	74.4747
Amdalli	Karnataka	581324	14.7705	74.1984
Alur	Karnataka	581325	14.7941	74.6229
Gokarn	Karnataka	581326	14.55	74.3167
Dhareshwar	Karnataka	581327	14.3622	74.4094
Bolshitta	Karnataka	581328	14.8862	74.2191
Ammankoppa	Karnataka	581329	15.2856	74.7592
Hegde	Karnataka	581330	14.4698	74.4215
Balekoppa	Karnataka	581331	14.7941	74.6229
Herwatta	Karnataka	581332	14.4012	74.4306
Nagur	Karnataka	581333	14.7941	74.6229
Nilkod	Karnataka	581334	14.3328	74.4886
Mavinkurve	Karnataka	581335	14.2697	74.468
Bakkal	Karnataka	581336	14.7149	74.7447
Bare	Karnataka	581337	14.8377	74.4957
Hodkeshirur	Karnataka	581338	14.373	74.4455
Kadwad	Karnataka	581339	14.8611	74.2086
Balesara	Karnataka	581340	14.5604	74.9504
Karki	Karnataka	581341	14.3137	74.4288
Apsarkonda	Karnataka	581342	14.2475	74.4568
Alvekodi(KMT)	Karnataka	581343	14.6629	74.8387
Achve	Karnataka	581344	14.5833	74.3667
Gaongeri	Karnataka	581345	14.7726	74.256
Pala	Karnataka	581346	14.7929	75.0468
Kampli	Karnataka	581347	14.8601	74.8078
Manki	Karnataka	581348	14.441	74.4346
Hungund	Karnataka	581349	15.0587	75.0191
Bailur	Karnataka	581350	14.7941	74.6229
Kagal	Karnataka	581351	14.494	74.3699
Devbag	Karnataka	581352	14.4804	74.7904
Basgod	Karnataka	581353	14.4804	74.7904
Alvekodi(BKTL)	Karnataka	581354	14.0297	74.528
Siddapur	Karnataka	581355	14.3432	74.894
Aralwada	Karnataka	581356	14.4804	74.7904
Shirur	Karnataka	581357	14.3679	74.5042
Andagi	Karnataka	581358	14.6436	74.9227
Yellapur	Karnataka	581359	14.9637	74.7093
Angadi (Uttara Kannada)	Karnataka	581360	14.8956	74.1261
Kharwa	Karnataka	581361	14.2909	74.5189
Halkar	Karnataka	581362	14.4511	74.4099
Ambikanagar	Karnataka	581363	15.1272	74.657
Aveda	Karnataka	581365	14.5765	74.406
Gersoppa	Karnataka	581384	14.2414	74.651
Kadra	Karnataka	581396	14.9053	74.3459
Mallapur	Karnataka	581400	14.9017	74.32
Hospet	Karnataka	581401	14.7941	74.6229
Hemmadi	Karnataka	581402	14.7941	74.6229
Gandhinagar	Karnataka	581403	14.6008	74.7593
Kusur	Karnataka	581411	14.7128	74.6736
Hosalli	Karnataka	581412	14.7128	74.6736
Koppa	Karnataka	581421	14.7941	74.6229
Magod	Karnataka	581423	14.8742	74.7243
Bargi	Karnataka	581440	14.4785	74.4393
Herur	Karnataka	581450	14.4839	74.7776
Akheti	Karnataka	581453	14.527	74.7782
Gadag Bazar	Karnataka	582101	15.3978	75.6381
Balaganur	Karnataka	582102	15.5544	75.6539
Kadampur	Karnataka	582103	15.3478	75.7124
GIMS Gadag	Karnataka	582104	15.3978	75.6381
Abbigeri	Karnataka	582111	15.5857	75.7556
Hebbal	Karnataka	582112	14.9998	75.7234
Venkatapur	Karnataka	582113	15.2699	75.6166
Rampur	Karnataka	582114	15.4311	75.6663
Timmapur	Karnataka	582115	15.4338	75.8327
Surangi	Karnataka	582116	15.0498	75.5593
Chinchali	Karnataka	582117	15.4311	75.6663
Bidarahalli	Karnataka	582118	15.4311	75.6663
Halkeri	Karnataka	582119	15.6172	75.879
Kadkol	Karnataka	582120	15.1924	75.6786
Kittur	Karnataka	582201	15.5249	75.4738
Belvanki	Karnataka	582202	15.7034	75.5213
Asuti	Karnataka	582203	15.4311	75.6663
Belhod	Karnataka	582204	15.495	75.5149
Hosahalli	Karnataka	582205	15.7022	75.811
Konnur (Gadag)	Karnataka	582206	15.8595	75.4955
Shirol	Karnataka	582207	15.8265	75.5396
Ibrahimpur	Karnataka	582208	15.5433	75.4297
Mallapur	Karnataka	582209	15.6696	75.6282
Shigli	Karnataka	582210	15.0638	75.4676
Itagi	Karnataka	582211	15.4311	75.6663
Bellary Brucepettah	Karnataka	583101	15.1368	76.9275
Kolur	Karnataka	583102	15.1096	76.5334
Talur	Karnataka	583103	15.1096	76.5334
Allipur	Karnataka	583104	15.1944	76.8659
Bellary Jnanasagara	Karnataka	583105	15.0956	76.7489
Chaganur	Karnataka	583111	15.1871	77.094
Deogiri	Karnataka	583112	14.9715	76.639
Laxmipura	Karnataka	583113	15.1096	76.5334
Nagarahal	Karnataka	583114	15.1096	76.5334
B Belagal	Karnataka	583115	15.2696	76.7872
Badanahatti	Karnataka	583116	15.3176	76.8258
Gotur	Karnataka	583117	15.1096	76.5334
D T Ship	Karnataka	583118	15.3205	76.8155
Taranagar	Karnataka	583119	15.0427	76.3979
Havinal	Karnataka	583120	15.4033	76.8626
Kuruvalli	Karnataka	583121	15.6689	76.9663
Nittur	Karnataka	583122	15.1096	76.5334
Talur	Karnataka	583123	15.1096	76.5334
Bandri	Karnataka	583124	14.9904	76.4531
Sattur	Karnataka	583125	14.408	75.9548
Siddapura	Karnataka	583126	15.1096	76.5334
Aladahalli	Karnataka	583127	14.7506	76.1729
Agrahara	Karnataka	583128	15.1096	76.5334
Devasamudra	Karnataka	583129	15.1096	76.5334
Mahadevapura	Karnataka	583130	15.1096	76.5334
Bagali	Karnataka	583131	14.8435	75.9827
Bukkasagara	Karnataka	583132	15.1096	76.5334
Rampura	Karnataka	583134	15.1096	76.5334
Shivapura	Karnataka	583135	15.1096	76.5334
Harakanahalu	Karnataka	583136	14.7644	76.2653
Gundagatti	Karnataka	583137	14.408	75.9548
Vittalapura	Karnataka	583152	15.1096	76.5334
Shankar Hill Town Colony	Karnataka	583153	14.8627	76.4751
Karur	Karnataka	583154	15.1096	76.5334
Ananthashayanagudi	Karnataka	583201	15.1096	76.5334
Hospet N C C	Karnataka	583203	15.1096	76.5334
Amaravathi	Karnataka	583211	15.1096	76.5334
Anekal	Karnataka	583212	15.1096	76.5334
Nittur	Karnataka	583213	14.3683	75.7759
Sovenahalli	Karnataka	583214	14.9531	76.4856
Hampi Power House	Karnataka	583215	15.1096	76.5334
Beerabbi	Karnataka	583216	14.9366	75.7304
Budanur	Karnataka	583217	15.1096	76.5334
Hosahalli	Karnataka	583218	15.0877	76.5711
Mudenur	Karnataka	583219	15.1096	76.5334
Sonna	Karnataka	583220	15.0193	76.1081
Venkatapura	Karnataka	583221	15.1096	76.5334
Gunda	Karnataka	583222	15.1444	76.394
Kariganur	Karnataka	583223	15.1096	76.5334
Basarakodu	Karnataka	583224	15.161	76.1037
T B Dam	Karnataka	583225	15.1877	76.3117
Hatti	Karnataka	583226	15.4261	76.1943
Mallapur	Karnataka	583227	15.3926	76.4869
Budgumpa	Karnataka	583228	15.5617	76.2219
Nandihalli	Karnataka	583229	15.5617	76.2219
Kalkeri	Karnataka	583230	15.5617	76.2219
Koppal Bazar	Karnataka	583231	15.3455	75.9425
Itagi	Karnataka	583232	15.5617	76.2219
Munirabad	Karnataka	583233	15.4311	75.6663
Hosahalli	Karnataka	583234	15.2972	76.162
Arhal	Karnataka	583235	15.4558	76.4361
Kallur	Karnataka	583236	15.5617	76.2219
Hasgal	Karnataka	583237	15.5617	76.2219
Bannikoppa	Karnataka	583238	15.3864	75.9425
Hampi	Karnataka	583239	15.3352	76.4603
Hebbal	Karnataka	583268	15.5617	76.2219
Vidyanagar (Bellary)	Karnataka	583275	15.1096	76.5334
K U Campus	Karnataka	583276	15.1096	76.5334
Bandi	Karnataka	583277	15.5617	76.2219
Madapur	Karnataka	583278	15.5617	76.2219
Sanganhal	Karnataka	583279	15.4311	75.6663
Malgatti	Karnataka	583280	15.8171	75.9016
Hoolgera	Karnataka	583281	15.9116	76.0133
Gundur	Karnataka	583282	15.5617	76.2219
Gouripur	Karnataka	583283	15.5617	76.2219
Ballutagi	Karnataka	583284	15.6558	75.9229
Kolur	Karnataka	583285	15.5617	76.2219
Siddapur	Karnataka	583286	15.6926	75.31
Hasgal	Karnataka	583287	15.6077	75.8376
Raichur H.O	Karnataka	584101	16.202	77.2515
Atkur	Karnataka	584102	16.3328	77.5405
Maliabad	Karnataka	584103	16.153	77.3691
Rampur	Karnataka	584104	16.13	76.4699
Gopalpura	Karnataka	584111	16.0895	76.8931
Sultanpur	Karnataka	584113	16.0895	76.8931
Honnahalli	Karnataka	584115	16.0895	76.8931
Gandhal	Karnataka	584116	16.0895	76.8931
Machanur	Karnataka	584118	16.2618	76.7071
Anwari	Karnataka	584120	16.1609	76.7444
Kalapur	Karnataka	584122	16.1963	76.5139
Mustoor	Karnataka	584123	16.0939	76.8472
Gudadur	Karnataka	584124	16.0895	76.8931
Kannal	Karnataka	584125	16.0895	76.8931
Mustoor	Karnataka	584126	16.0895	76.8931
Chitapur	Karnataka	584127	16.1839	76.3224
Mallapur	Karnataka	584128	16.2186	76.7739
Kurkundi	Karnataka	584129	16.1744	76.8933
Gunda	Karnataka	584132	16.0895	76.8931
Kamalapur	Karnataka	584133	16.0895	76.8931
Hospet	Karnataka	584134	16.2887	77.3004
Kudlur	Karnataka	584135	16.0895	76.8931
Nilogal	Karnataka	584136	16.1541	76.6699
Balaganur	Karnataka	584138	15.7331	76.8221
Kota	Karnataka	584139	16.2875	76.6305
Mirzapur	Karnataka	584140	15.9835	77.4841
Hosur	Karnataka	584143	16.2003	76.7518
Singapur	Karnataka	584167	16.0895	76.8931
Yadlapur	Karnataka	584170	16.3719	77.3343
Hirapur	Karnataka	584202	15.9989	77.2931
Aroli	Karnataka	584203	16.0895	76.8931
GB Jagath	Karnataka	585101	17.2967	76.6671
Khandal	Karnataka	585102	17.2468	76.8429
Hirapur	Karnataka	585103	17.3312	76.8029
Sultanpur	Karnataka	585104	17.3849	76.8215
Rajapur	Karnataka	585105	17.3184	76.8471
GB Jnanaganga	Karnataka	585106	17.2967	76.6671
Kalaburagi HCB	Karnataka	585107	17.2967	76.6671
Yadgiri H.O	Karnataka	585201	16.8697	77.0283
Allipur	Karnataka	585202	16.8697	77.0283
Kurkunta	Karnataka	585210	16.8656	76.7677
Dongaon	Karnataka	585211	17.0309	77.1916
Itagi	Karnataka	585212	17.174	76.546
Gudur	Karnataka	585213	16.9905	76.8332
Narayanpura	Karnataka	585214	16.6264	76.9136
Hebbal.B	Karnataka	585215	16.4605	76.506
Chincholi	Karnataka	585216	16.6907	76.4298
Mannur	Karnataka	585217	17.2994	76.0984
Kollur	Karnataka	585218	16.8638	76.931
Narayanpur (Yadgir)	Karnataka	585219	16.2568	76.3777
Devargonal	Karnataka	585220	16.6264	76.9136
Malhar	Karnataka	585221	16.9021	77.1195
Benakanahalli	Karnataka	585222	17.2602	76.8695
Ibrahimpur	Karnataka	585223	16.7913	76.9533
Sugur	Karnataka	585224	16.4391	76.8171
Ingalgi	Karnataka	585225	17.0652	76.9451
Budhera	Karnataka	585226	17.9528	77.2265
Bemalkhed	Karnataka	585227	17.6599	77.3555
Pala	Karnataka	585228	17.2691	76.9464
Shahabad ACC	Karnataka	585229	17.0062	76.9926
Arjunagi	Karnataka	585236	17.2505	76.1487
Budihal	Karnataka	585237	16.373	76.3902
Gobbur	Karnataka	585265	17.1507	76.608
Diggi	Karnataka	585287	16.7085	76.803
Devapur	Karnataka	585290	16.4731	76.5027
Jamalapur	Karnataka	585291	16.3009	76.4812
Malkhed Road	Karnataka	585292	17.2602	76.8695
Chincholi	Karnataka	585301	17.274	76.421
Chincholi	Karnataka	585302	17.274	76.421
Kellur	Karnataka	585303	16.9485	76.7784
Laxmipur	Karnataka	585304	16.5051	76.9118
Venkatapur	Karnataka	585305	17.278	77.4041
Khanapur	Karnataka	585306	17.5736	76.4732
Chincholi	Karnataka	585307	17.3896	77.0847
Firozabad	Karnataka	585308	17.0845	76.7896
Rajapur	Karnataka	585309	16.7042	76.7107
Gudur	Karnataka	585310	16.9905	76.8332
Pattan	Karnataka	585311	17.4083	76.7213
Rajapur	Karnataka	585312	17.3184	76.8471
Dongargaon	Karnataka	585313	17.2602	76.8695
Anoor	Karnataka	585314	17.6987	76.5639
Madhwar	Karnataka	585315	16.641	77.4039
Bablad	Karnataka	585316	17.3338	76.7708
Bennur	Karnataka	585317	16.9279	76.5921
Chandapur	Karnataka	585318	16.9857	77.4051
Khanapur	Karnataka	585319	16.694	76.6044
Chintapalli	Karnataka	585320	17.2843	77.2952
Chintapalli	Karnataka	585321	17.2843	77.2952
Nagoor	Karnataka	585322	17.4496	77.0899
Sagar	Karnataka	585323	16.6249	76.8015
Hosalli	Karnataka	585324	17.2602	76.8695
Alur	Karnataka	585325	16.8964	76.6309
Sawargaon	Karnataka	585326	18.3782	77.3464
Narayanpur	Karnataka	585327	17.8591	76.9738
Bhalki	Karnataka	585328	18.0435	77.206
Nandgaon	Karnataka	585329	17.7366	77.3087
Kallur	Karnataka	585330	18.2174	77.468
Islampur	Karnataka	585331	18.0376	77.4539
Maniknagar	Karnataka	585353	17.8531	77.0761
Shivapur	Karnataka	585355	16.8769	77.2821
Central University of Karnataka,Kad	Karnataka	585367	17.3624	76.9389
Bidar H.O	Karnataka	585401	17.7648	77.2457
Janwada	Karnataka	585402	17.6457	76.9307
Malegaon	Karnataka	585403	18.2944	77.2973
Shivani	Karnataka	585411	17.9528	77.2265
Udbal	Karnataka	585412	17.6778	77.2587
Kosam	Karnataka	585413	17.9963	77.3251
Markhal	Karnataka	585414	17.9528	77.2265
Byalhalli	Karnataka	585415	17.9528	77.2265
Saigaon	Karnataka	585416	17.9528	77.2265
Sangam	Karnataka	585417	17.9528	77.2265
Chandanhalli	Karnataka	585418	17.9528	77.2265
Ekamba	Karnataka	585419	17.7427	76.737
Medpalli	Karnataka	585421	18.1753	77.5305
Maskal	Karnataka	585436	18.1693	77.401
Kherda	Karnataka	585437	18.3686	77.3218
Chandori	Karnataka	585443	18.2296	77.3105
Nittur	Karnataka	585444	18.0422	77.3525
Bijapur Basava Nagar	Karnataka	586101	16.6854	76.0927
Bijapur Sainik School	Karnataka	586102	16.7937	75.9531
Siddapur	Karnataka	586103	16.2335	76.3243
Ainapur	Karnataka	586104	16.7937	75.9531
KSWU Campus Torvi	Karnataka	586105	16.6854	76.0927
Bijapur Amc	Karnataka	586108	16.5916	75.7337
Bijapur Darbargalli	Karnataka	586109	16.6972	75.9682
Manur	Karnataka	586111	16.7937	75.9531
Benakanhalli	Karnataka	586112	16.7937	75.9531
Hosur	Karnataka	586113	16.7937	75.9531
Babanagar	Karnataka	586114	16.9137	75.4421
Mannur	Karnataka	586115	16.7861	76.1151
Lingadahalli	Karnataka	586116	16.7937	75.9531
Basanal	Karnataka	586117	17.2089	76.0499
Kalkeri	Karnataka	586118	16.7937	75.9531
Kannur	Karnataka	586119	16.7937	75.9531
Handiganur	Karnataka	586120	16.7392	76.2522
Malghan	Karnataka	586121	17.0145	76.2906
Nandihal	Karnataka	586122	16.6409	76.1631
Bhantanur	Karnataka	586123	16.5632	76.3804
Bijjur	Karnataka	586124	16.7937	75.9531
Devapur	Karnataka	586125	16.7937	75.9531
Ankalgi	Karnataka	586127	16.7937	75.9531
Khanapur	Karnataka	586128	16.212	76.3085
Alur	Karnataka	586129	16.2323	76.1954
Tajpur	Karnataka	586130	16.5042	75.8926
Ghani	Karnataka	586201	16.7453	76.3537
Rampur	Karnataka	586202	16.9686	76.2269
Kannal	Karnataka	586203	16.4882	76.0665
Godihal	Karnataka	586204	17.0824	76.1657
Sankh	Karnataka	586205	17.3126	75.6581
Bommanahalli	Karnataka	586206	16.5282	76.2974
Hingani	Karnataka	586207	17.3227	75.8601
Konnur	Karnataka	586208	16.5246	76.1699
Alur	Karnataka	586209	16.2323	76.1954
Hanamapur	Karnataka	586210	16.7937	75.9531
Nimbal	Karnataka	586211	17.104	75.8542
Nagur	Karnataka	586212	16.4087	76.3268
Hebbal	Karnataka	586213	16.7937	75.9531
Bommanahalli	Karnataka	586214	16.5282	76.2974
Tamba	Karnataka	586215	17.0001	75.9934
Mannur	Karnataka	586216	16.7861	76.1151
Arjunagi	Karnataka	586217	17.1534	76.1141
Bagalkot B.H.School	Karnataka	587101	15.9374	76.1284
Kadampur	Karnataka	587102	16.2205	75.6254
Gandhinagar	Karnataka	587103	15.9374	76.1284
Bagalkot UHS	Karnataka	587104	15.9374	76.1284
Mallapur	Karnataka	587111	15.8513	75.8107
Amingad	Karnataka	587112	16.0566	75.9477
Malali	Karnataka	587113	16.2205	75.6254
Hosur	Karnataka	587114	15.8782	75.8004
Sangam	Karnataka	587115	16.2028	76.0599
Lingapur	Karnataka	587116	16.2205	75.6254
Siddapur	Karnataka	587117	16.2205	75.6254
Timmapur	Karnataka	587118	16.1007	76.0279
Shiraguppi	Karnataka	587119	16.2205	75.6254
Chikmagi	Karnataka	587120	16.2205	75.6254
Mantur	Karnataka	587121	16.3817	75.3791
Hebbal	Karnataka	587122	16.2205	75.6254
Kelur	Karnataka	587124	15.9774	75.9103
Karadi	Karnataka	587125	16.2205	75.6254
Herur	Karnataka	587154	16.2205	75.6254
Kakanur	Karnataka	587155	15.9376	75.4316
Shirur	Karnataka	587156	16.2205	75.6254
Lakhamapur	Karnataka	587201	15.9421	75.7127
Murdi	Karnataka	587202	15.8676	75.9511
Parvati	Karnataka	587203	16.0166	75.7432
Koppa	Karnataka	587204	16.2205	75.6254
Hangaragi	Karnataka	587205	15.9954	75.7285
Kerur	Karnataka	587206	16.0138	75.5463
Hosur	Karnataka	587207	15.8782	75.8004
Siddapur	Karnataka	587301	16.2205	75.6254
Kulahalli	Karnataka	587311	16.2205	75.6254
Nandgaon	Karnataka	587312	16.363	75.0938
Shirol	Karnataka	587313	16.2205	75.6254
Rampur	Karnataka	587314	16.2205	75.6254
Tamadaddi	Karnataka	587315	16.5471	75.0831
Saidapur	Karnataka	587316	16.2205	75.6254
Gothe	Karnataka	587330	16.2205	75.6254
Hippargi	Karnataka	587331	16.2205	75.6254
Belagavi	Karnataka	590001	15.8521	74.5045
Belgaum Khasbag	Karnataka	590003	15.8431	74.5243
Yellur	Karnataka	590005	16.1195	74.823
Angol	Karnataka	590006	15.8196	74.5037
Mandoli	Karnataka	590008	15.832	74.4568
Belgaum Records MLI	Karnataka	590009	15.6896	74.5974
Aluminium Factory	Karnataka	590010	15.9214	74.5751
Hindawadi	Karnataka	590011	15.9214	74.5751
Nandihalli	Karnataka	590014	15.9214	74.5751
Ashte	Karnataka	590015	15.8948	74.5724
Belgaum Bus Stand	Karnataka	590016	15.9214	74.5751
Belgaum MalMaruti Extension	Karnataka	590017	15.9214	74.5751
Bailur	Karnataka	590018	15.9745	74.5805
Belgaum Doordarshan Nagar	Karnataka	590019	15.9214	74.5751
Bastwad	Karnataka	590020	15.8247	74.5987
Ankalgi	Karnataka	591101	16.0268	74.6943
Nayanagar	Karnataka	591102	15.8137	74.9632
Sulebhavi	Karnataka	591103	15.8957	74.6549
Budihal	Karnataka	591104	15.7499	74.9328
Mugalihal	Karnataka	591106	16.1195	74.823
Ghodgeri	Karnataka	591107	15.7423	75.0616
Ambewadi	Karnataka	591108	16.1195	74.823
Ankalgi	Karnataka	591109	16.0268	74.6943
Hanchinal	Karnataka	591110	15.6809	75.2423
Mallur	Karnataka	591111	15.8468	74.9873
Itagi	Karnataka	591112	16.1195	74.823
Kakati	Karnataka	591113	15.8282	75.0525
Sidnal	Karnataka	591114	15.9519	75.1064
Degaon	Karnataka	591115	15.5713	74.7527
Benkatti	Karnataka	591117	15.9069	75.0725
Veerapur	Karnataka	591118	15.8282	75.0525
Rudrapur	Karnataka	591119	15.868	74.9337
Hebbal	Karnataka	591120	16.1195	74.823
Gajminhal	Karnataka	591121	15.9646	74.7869
Basapur	Karnataka	591122	15.6077	74.7853
Mudenur	Karnataka	591123	15.9895	75.3424
Nilaji	Karnataka	591124	15.87	74.6114
Tigadi	Karnataka	591125	15.7958	74.7183
Mullur	Karnataka	591126	15.8772	75.3052
Avaradi	Karnataka	591127	15.8726	75.4451
Uchgaon	Karnataka	591128	15.8465	75.1069
Shivapur	Karnataka	591129	16.1195	74.823
Bannur	Karnataka	591130	16.1195	74.823
Avarolli	Karnataka	591131	16.1195	74.823
Yadwad	Karnataka	591136	16.2428	75.1803
Kadoli	Karnataka	591143	15.9366	74.4893
Deshnur	Karnataka	591147	15.9145	74.7381
Hunshikatti	Karnataka	591153	15.7054	74.752
Bhutaramanahatti	Karnataka	591156	15.7086	74.7612
Yallammahill	Karnataka	591173	15.7643	75.0708
Chikodi Bazar	Karnataka	591201	15.9599	75.3404
Sidnal	Karnataka	591211	16.3084	75.1161
Shirur	Karnataka	591212	16.1195	74.823
Chandur	Karnataka	591213	15.9159	74.6427
Shirgaon	Karnataka	591214	16.3084	75.1161
Kunnur	Karnataka	591215	16.5386	74.415
Mankapur	Karnataka	591216	16.3084	75.1161
Chinchali	Karnataka	591217	16.5651	74.8153
Arabhavifarm	Karnataka	591218	16.3084	75.1161
Galataga	Karnataka	591219	16.3084	75.1161
Shegunshi	Karnataka	591220	15.9239	75.3964
Hebbal	Karnataka	591221	16.1195	74.823
Vijaynagar	Karnataka	591222	16.1195	74.823
Kagvad	Karnataka	591223	15.9239	75.3964
Rajapur	Karnataka	591224	16.1195	74.823
Bad	Karnataka	591225	16.1195	74.823
Mugali	Karnataka	591226	15.7789	75.0329
Mannikeri	Karnataka	591227	15.9987	74.8884
Khadaklat	Karnataka	591228	15.9239	75.3964
Sulgaon	Karnataka	591229	15.9239	75.3964
Kokatnur	Karnataka	591230	16.69	75.2165
Nandgaon	Karnataka	591231	16.2014	74.7489
Hanamapur	Karnataka	591232	16.1195	74.823
Mamadapur	Karnataka	591233	16.1195	74.823
Lokur	Karnataka	591234	16.1195	74.823
Sultanpur	Karnataka	591235	16.1195	74.823
Ammanagi	Karnataka	591236	16.1195	74.823
Rampur	Karnataka	591237	16.1195	74.823
Walki	Karnataka	591238	16.1195	74.823
Nej	Karnataka	591239	16.5587	74.5321
Savadi	Karnataka	591240	16.1195	74.823
Kurli	Karnataka	591241	16.1195	74.823
Ingali	Karnataka	591242	16.1195	74.823
Islampur	Karnataka	591243	16.1195	74.823
Kallol	Karnataka	591244	15.8238	75.2476
Yamakanmardi	Karnataka	591246	15.8238	75.2476
Chikodi Sugar Factory	Karnataka	591247	16.1195	74.823
Artal	Karnataka	591248	16.1195	74.823
Kot	Karnataka	591254	15.9599	75.3404
Barwad	Karnataka	591263	16.5403	74.44
Bannur	Karnataka	591265	16.1195	74.823
Kothali	Karnataka	591287	15.9599	75.3404
Devarai	Karnataka	591301	15.4691	74.5191
Baragaon	Karnataka	591302	15.6025	74.4599
Ainapur	Karnataka	591303	16.6679	74.8953
Nandgaon	Karnataka	591304	16.0559	75.3293
Shirhatti	Karnataka	591305	16.1195	74.823
Kotabagi	Karnataka	591306	15.8189	75.02
Gokak College Road	Karnataka	591307	15.928	74.9885
Gokak Falls	Karnataka	591308	15.928	74.9885
Sultanpur	Karnataka	591309	16.1195	74.823
Venkatapur	Karnataka	591310	15.9523	75.4344
Gundwad	Karnataka	591311	16.6447	74.8937
Hallur	Karnataka	591312	15.8854	75.1554
Ankle	Karnataka	591313	16.2565	74.4819
Sankeshwar Sugar Factory	Karnataka	591314	15.9832	75.0445
Shedbal	Karnataka	591315	16.1195	74.823
Faridkhanwadi	Karnataka	591316	15.9832	75.0445
Jalalpur	Karnataka	591317	15.7231	75.0543
Nerli	Karnataka	591340	16.1195	74.823
Khangaon	Karnataka	591344	15.9138	74.6279
Amte	Karnataka	591345	15.6989	74.297
Hudli	Karnataka	591346	15.9887	74.6656
Chennai G.P.O.	Tamil Nadu	600001	13.0914	80.2828
Anna Road H.O	Tamil Nadu	600002	13.0744	80.2714
Edapalayam	Tamil Nadu	600003	13.0754	80.2737
Mandaveli	Tamil Nadu	600004	13.0754	80.2737
Chepauk	Tamil Nadu	600005	13.0594	80.2789
DPI	Tamil Nadu	600006	13.0754	80.2737
Vepery	Tamil Nadu	600007	13.0847	80.2675
Egmore	Tamil Nadu	600008	13.0717	80.2556
Fort St George	Tamil Nadu	600009	13.0754	80.2737
Kilpauk	Tamil Nadu	600010	13.08	80.2408
Perambur	Tamil Nadu	600011	13.1103	80.2425
Venkatesapuram	Tamil Nadu	600012	13.0647	80.2523
Rayapuram	Tamil Nadu	600013	13.1141	80.2947
Lloyds Estate	Tamil Nadu	600014	13.0506	80.2642
Guindy North	Tamil Nadu	600015	13.1096	80.2146
Alandur(Reopened W.E.F.6.6.05)	Tamil Nadu	600016	12.9846	80.1747
Hindi Prachar Sabha	Tamil Nadu	600017	13.1096	80.2146
Pr. Accountant General	Tamil Nadu	600018	13.0433	80.2528
Tiruvottiyur West	Tamil Nadu	600019	13.1582	80.3018
Adyar (Chennai)	Tamil Nadu	600020	12.9967	80.2603
Washermanpet	Tamil Nadu	600021	13.121	80.285
Rajbhavan (Chennai)	Tamil Nadu	600022	13.0484	80.2473
Aynavaram	Tamil Nadu	600023	13.0484	80.2473
Kodambakkam	Tamil Nadu	600024	13.0481	80.2214
Engineering College (Chennai)	Tamil Nadu	600025	13.0484	80.2473
Vadapalani	Tamil Nadu	600026	13.0511	80.2125
Raja Annamalaipuram	Tamil Nadu	600028	13.025	80.2575
Aminjikarai	Tamil Nadu	600030	13.0739	80.2244
Chetput	Tamil Nadu	600031	13.07	80.2408
Ekkaduthangal	Tamil Nadu	600032	13.0659	80.2365
Mambalam R.S.	Tamil Nadu	600033	13.0389	80.2258
Nungambakkam	Tamil Nadu	600034	13.0606	80.2344
Nandanam	Tamil Nadu	600035	13.0269	80.2406
Indian Institute Of Technology	Tamil Nadu	600036	13.0659	80.2365
Mogappair	Tamil Nadu	600037	13.2431	79.94
Icf Colony	Tamil Nadu	600038	13.0659	80.2365
Vyasar Nagar Colony	Tamil Nadu	600039	13.1111	80.2647
Anna Nagar (Chennai)	Tamil Nadu	600040	13.0647	80.2523
Valmiki Nagar	Tamil Nadu	600041	13.0647	80.2523
Velacheri	Tamil Nadu	600042	13.0647	80.2523
Pallavaram	Tamil Nadu	600043	12.968	80.1502
Lakshmipuram	Tamil Nadu	600044	12.6668	79.9829
Irumbuliyur	Tamil Nadu	600045	12.8819	80.0885
Tambaram IAF	Tamil Nadu	600046	12.8819	80.0885
Kadaperi	Tamil Nadu	600047	12.8819	80.0885
Mannivakkam	Tamil Nadu	600048	12.8884	80.0641
Srinivasanagar	Tamil Nadu	600049	13.0647	80.2523
Padi	Tamil Nadu	600050	13.2431	79.94
Madhavaram Milk Colony	Tamil Nadu	600051	13.1501	80.242
Edapalayam	Tamil Nadu	600052	13.2431	79.94
Oragadam	Tamil Nadu	600053	13.2431	79.94
Gandhinagar	Tamil Nadu	600054	13.2431	79.94
Morai	Tamil Nadu	600055	13.1547	80.0694
Kattupakkam	Tamil Nadu	600056	13.2431	79.94
Kamarajnagar	Tamil Nadu	600057	13.0226	79.8422
Athipattu	Tamil Nadu	600058	13.0226	79.8422
Christian College Tambaram	Tamil Nadu	600059	12.6952	79.9479
Moolakadai	Tamil Nadu	600060	13.1269	80.2467
Nanganallur	Tamil Nadu	600061	12.9805	80.1881
Vellanur	Tamil Nadu	600062	13.158	80.1063
Old Perungalathur	Tamil Nadu	600063	12.6952	79.9479
Hasthinapuram	Tamil Nadu	600064	12.6952	79.9479
Kadirvedu	Tamil Nadu	600066	13.0458	79.9053
Budur	Tamil Nadu	600067	13.2431	79.94
Manali (Tiruvallur)	Tamil Nadu	600068	13.3618	80.0528
Sirukalathur	Tamil Nadu	600069	12.978	80.0678
Anakaputhur	Tamil Nadu	600070	12.9828	80.1264
Kamarajnagar	Tamil Nadu	600071	13.2431	79.94
Thandarai	Tamil Nadu	600072	13.2431	79.94
Gowriwakkam	Tamil Nadu	600073	12.9194	80.1697
Polichalur	Tamil Nadu	600074	12.9591	80.1436
Pammal	Tamil Nadu	600075	12.975	80.1347
Korattur RS	Tamil Nadu	600076	13.2431	79.94
Ayapakkam	Tamil Nadu	600077	13.2431	79.94
Kalaignar Karunanidhi Nagar	Tamil Nadu	600078	13.0647	80.2523
Tondiarpet	Tamil Nadu	600081	13.1274	80.2886
G K M Colony	Tamil Nadu	600082	13.0907	80.2554
Ashoknagar (Chennai)	Tamil Nadu	600083	13.0473	80.2002
Flowers Road	Tamil Nadu	600084	13.0473	80.2002
Kotturpuram	Tamil Nadu	600085	13.0156	80.2467
Gopalapuram (Chennai)	Tamil Nadu	600086	13.0472	80.2578
Alwarthirunagar	Tamil Nadu	600087	13.0439	80.1725
Adambakkam	Tamil Nadu	600088	12.9918	80.2035
Nandambakkam Kudiyiruppu	Tamil Nadu	600089	12.6952	79.9479
Besantnagar	Tamil Nadu	600090	13.0647	80.2523
Ram Nagar	Tamil Nadu	600091	12.9623	80.1986
Virugambakkam	Tamil Nadu	600092	13.0647	80.2523
Saligramam	Tamil Nadu	600093	13.0647	80.2523
Choolaimedu	Tamil Nadu	600094	13.0647	80.2523
Ayanambakkam	Tamil Nadu	600095	13.0675	80.1632
Perungudi	Tamil Nadu	600096	12.9609	80.2409
Karapakkam	Tamil Nadu	600097	12.937	80.1105
Lakshmipuram	Tamil Nadu	600099	13.0647	80.2523
Medavakkam	Tamil Nadu	600100	12.9377	80.2153
Anna Nagar Western Extn	Tamil Nadu	600101	13.0647	80.2523
Anna Nagar East	Tamil Nadu	600102	13.0647	80.2523
Andarkuppam	Tamil Nadu	600103	13.3062	80.1565
High Court Building (Chennai)	Tamil Nadu	600104	13.0647	80.2523
Arumbakkam	Tamil Nadu	600106	13.0734	80.2069
Koyambedu	Tamil Nadu	600107	13.0647	80.2523
Ponniammanmedu	Tamil Nadu	600110	13.13	80.2311
TTTI Taramani	Tamil Nadu	600113	13.0647	80.2523
Injambakkam	Tamil Nadu	600115	12.8959	79.693
Alapakkam	Tamil Nadu	600116	12.6952	79.9479
Keelakattalai	Tamil Nadu	600117	13.027	80.0694
Erukkancheri	Tamil Nadu	600118	13.0647	80.2523
Sholinganallur	Tamil Nadu	600119	12.89	80.2313
Vallur	Tamil Nadu	600120	13.256	80.2818
Mangadu	Tamil Nadu	600122	12.6952	79.9479
Malayambakkam	Tamil Nadu	600123	13.2431	79.94
Puduchatram	Tamil Nadu	600124	13.2431	79.94
Manapakkam	Tamil Nadu	600125	13.0158	80.1761
Madambakkam	Tamil Nadu	600126	12.8525	80.0467
Kolathur	Tamil Nadu	600127	12.6952	79.9479
Thandalam	Tamil Nadu	600128	12.6952	79.9479
Kovilambakkam	Tamil Nadu	600129	12.888	79.7966
Navalur	Tamil Nadu	600130	12.8595	79.9914
Sithalapakkam	Tamil Nadu	600131	12.8595	79.9914
Darkash	Tamil Nadu	600132	12.8595	79.9914
Pondavakkam	Tamil Nadu	601101	13.3448	80.0996
Nelvoy	Tamil Nadu	601102	13.1879	79.7968
Meyyur	Tamil Nadu	601103	13.2425	79.944
Kallur	Tamil Nadu	601201	13.2431	79.94
Kannankottai	Tamil Nadu	601202	13.2431	79.94
Nallur	Tamil Nadu	601203	13.2431	79.94
Krishnapuram	Tamil Nadu	601204	13.2282	79.8743
Kolur	Tamil Nadu	601205	13.4304	80.2252
Chinnambedu	Tamil Nadu	601206	13.3198	80.1205
Malaipattu	Tamil Nadu	601301	12.9248	80.0083
Nggo Colony Tiruvallur	Tamil Nadu	602001	13.0553	79.906
Sengadu	Tamil Nadu	602002	13.2431	79.94
Kakalur Ind Estate	Tamil Nadu	602003	13.0553	79.906
Kilanur	Tamil Nadu	602021	13.1951	79.9607
Nelvoy	Tamil Nadu	602023	13.2431	79.94
Pakkam	Tamil Nadu	602024	13.1531	80.0247
Koppur	Tamil Nadu	602025	13.076	79.9653
Mambakkam	Tamil Nadu	602026	13.3021	79.9242
Mathur	Tamil Nadu	602105	12.9191	79.8125
Sendamangalam	Tamil Nadu	602106	12.9067	79.8342
Kannur	Tamil Nadu	602108	12.6952	79.9479
Irungattukottai	Tamil Nadu	602117	12.995	79.9905
Chengalpattu Cutcherry	Tamil Nadu	603001	12.6868	79.9648
Kunnavakkam	Tamil Nadu	603002	12.6689	79.8205
Vallam	Tamil Nadu	603003	12.6808	79.9965
Mahindra World City (Kanchipuram)	Tamil Nadu	603004	12.6868	79.9648
Palur	Tamil Nadu	603101	12.767	79.9148
Vayalur	Tamil Nadu	603102	12.3138	79.9372
Padur	Tamil Nadu	603103	12.7093	79.8233
Perur	Tamil Nadu	603104	12.6952	79.9479
Kuzhipanthandalam	Tamil Nadu	603105	12.6822	80.1218
Tiruvanaikoil	Tamil Nadu	603106	12.5256	79.9764
Nelvoy	Tamil Nadu	603107	12.6627	79.8668
Hanumanthapuram	Tamil Nadu	603108	12.4025	79.9866
Pandur	Tamil Nadu	603109	12.536	80.0355
Kayar	Tamil Nadu	603110	12.7311	80.1747
Meyyur	Tamil Nadu	603111	12.5295	80.166
Kovalam (Kanchipuram)	Tamil Nadu	603112	12.7865	80.2506
Anupuram	Tamil Nadu	603127	12.5436	79.9929
Ramapuram	Tamil Nadu	603201	12.9709	79.9214
Madambakkam	Tamil Nadu	603202	12.8525	80.0467
Kavanur	Tamil Nadu	603203	12.9962	80.0751
Venkatapuram	Tamil Nadu	603204	12.7671	79.9745
Maraimalai Nagar	Tamil Nadu	603209	12.7117	79.8508
Urapakkam	Tamil Nadu	603210	12.7117	79.8508
Annai Anjugam Nagar	Tamil Nadu	603211	12.7117	79.8508
Indalur	Tamil Nadu	603301	12.3641	79.8362
Palaiyur	Tamil Nadu	603302	12.6006	79.9375
Janakipuram	Tamil Nadu	603303	12.6952	79.9479
Kolathur	Tamil Nadu	603304	12.6952	79.9479
Kadalur	Tamil Nadu	603305	12.6952	79.9479
Pakkam	Tamil Nadu	603306	12.6952	79.9479
Ananthamangalam	Tamil Nadu	603307	12.7122	79.8556
Palayanur	Tamil Nadu	603308	12.6952	79.9479
Chitravadi	Tamil Nadu	603309	12.4177	79.8842
Isur	Tamil Nadu	603310	12.3084	79.8523
Ozhavetti	Tamil Nadu	603311	12.4499	79.8974
Palur	Tamil Nadu	603312	12.767	79.9148
Chithamur	Tamil Nadu	603313	12.3768	79.9363
Kattiampandal	Tamil Nadu	603314	12.4499	79.8974
Melmaruvathur	Tamil Nadu	603319	12.4554	79.8253
Velur	Tamil Nadu	603401	12.2897	79.9252
Pennalur	Tamil Nadu	603402	12.5991	79.7118
Thandarai	Tamil Nadu	603403	12.6498	79.6585
Anur	Tamil Nadu	603405	12.5769	79.9742
Maruthuvambadi	Tamil Nadu	603406	12.5815	79.7753
Avarapakkam	Tamil Nadu	604001	12.2272	79.6529
Akshipakkam	Tamil Nadu	604101	12.2557	79.7919
Thailapuram	Tamil Nadu	604102	12.1648	79.6993
Kalleri	Tamil Nadu	604151	12.1403	79.3485
Athipattu	Tamil Nadu	604152	12.1697	79.4496
Pakkam	Tamil Nadu	604153	12.2075	79.2734
Karattai	Tamil Nadu	604154	12.1321	79.8196
Naranamangalam	Tamil Nadu	604201	12.4088	79.2918
Anathur	Tamil Nadu	604202	11.9165	79.3911
Anangur	Tamil Nadu	604203	12.2865	79.4928
Thorapadi	Tamil Nadu	604204	12.3702	79.3185
Thaiyur	Tamil Nadu	604205	11.9734	79.2921
Vallam	Tamil Nadu	604206	12.2503	79.5167
Akkur	Tamil Nadu	604207	12.2757	79.5608
Devanur	Tamil Nadu	604208	12.3646	79.3856
Annamangalam	Tamil Nadu	604210	12.3349	79.3944
Nagar	Tamil Nadu	604301	12.1176	79.4337
Chendur	Tamil Nadu	604302	12.1234	79.5846
Alathur	Tamil Nadu	604303	12.2809	79.8177
Perumbakkam	Tamil Nadu	604304	12.0951	79.6577
Nallathur	Tamil Nadu	604305	12.3063	79.7409
Vengandur	Tamil Nadu	604306	12.2156	79.5529
Attur	Tamil Nadu	604307	12.2249	79.6838
Perumbalai	Tamil Nadu	604401	12.4311	79.1677
Ramakrishnapuram	Tamil Nadu	604402	12.7368	79.5248
Badur	Tamil Nadu	604403	12.5095	79.7085
Kovilur	Tamil Nadu	604404	12.5843	79.5198
Marudadu	Tamil Nadu	604405	12.4311	79.1677
Nallur	Tamil Nadu	604406	12.409	79.621
Palli	Tamil Nadu	604407	12.7007	79.5968
Alathur	Tamil Nadu	604408	12.4541	79.6037
Thozhupedu	Tamil Nadu	604409	12.6402	79.465
Vengalathur	Tamil Nadu	604410	12.7613	79.6051
Vayalur	Tamil Nadu	604501	12.7736	79.5508
Endal	Tamil Nadu	604502	12.4929	79.4464
Alliyandal	Tamil Nadu	604503	12.5439	79.4062
Tirumani	Tamil Nadu	604504	12.6102	79.3523
Sengadu	Tamil Nadu	604505	12.6021	79.5028
Erumpoondi	Tamil Nadu	604601	12.2256	79.2256
Pondicherry H.O	Pondicherry	605001	11.8768	79.8107
Sri Aurobindo Ashram	Pondicherry	605002	11.8768	79.8107
Muthialpet	Pondicherry	605003	11.8768	79.8107
Mouroungapakkam	Pondicherry	605004	11.8768	79.8107
Nellithoppe	Pondicherry	605005	11.8768	79.8107
Dhanvantry Nagar	Pondicherry	605006	11.8768	79.8107
Abishegapakkam	Pondicherry	605007	11.8768	79.8107
Lawspet	Pondicherry	605008	11.8768	79.8107
Mottoupalayam	Pondicherry	605009	11.8768	79.8107
Ozhugarai	Pondicherry	605010	11.8768	79.8107
Venkata Nagar	Pondicherry	605011	11.8768	79.8107
Saram(Py)	Pondicherry	605013	11.8768	79.8107
Calapet	Pondicherry	605014	11.8768	79.8107
Auroville	Tamil Nadu	605101	12.0055	79.8089
Ariyur	Pondicherry	605102	11.9121	79.733
Pillur	Tamil Nadu	605103	11.8809	79.5145
Bommayarpalayam	Pondicherry	605104	11.9121	79.733
Mettupalayam	Tamil Nadu	605105	11.9734	79.2921
Nallathur	Tamil Nadu	605106	11.535	79.4509
Palayam	Tamil Nadu	605107	11.9531	79.6224
Naraiyur	Tamil Nadu	605108	11.9322	79.5737
Katrambakkam	Tamil Nadu	605109	12.0485	79.7205
Mangalam	Pondicherry	605110	11.8933	79.7353
Poothurai	Tamil Nadu	605111	12.0076	79.7878
Karai	Tamil Nadu	605201	12.1538	79.412
Porur	Tamil Nadu	605202	12.0486	79.3882
Brahmadesam	Tamil Nadu	605203	12.1172	79.4799
Perumbakkam	Tamil Nadu	605301	11.9425	79.4377
Kalpattu	Tamil Nadu	605302	11.936	79.3683
Kandamanadi	Tamil Nadu	605401	11.8916	79.4741
Adanur	Tamil Nadu	605402	12.0124	79.4511
Tirumangalam	Tamil Nadu	605501	11.9734	79.2921
Thondamanatham	Pondicherry	605502	11.9121	79.733
Orathur	Tamil Nadu	605601	11.9844	79.5196
Maharajapuram	Tamil Nadu	605602	11.9359	79.5152
Anilady	Tamil Nadu	605651	12.139	79.527
Asur	Tamil Nadu	605652	12.0583	79.5076
Alambadi	Tamil Nadu	605701	11.9734	79.2921
B. Arulambadi	Tamil Nadu	605702	12.0563	78.9725
Vengur	Tamil Nadu	605751	11.8997	79.189
Devanur	Tamil Nadu	605752	11.9915	79.2122
Jambai	Tamil Nadu	605754	12.0148	79.0538
Mogaiyur	Tamil Nadu	605755	11.9753	79.3138
Kottamarudur	Tamil Nadu	605756	11.9956	79.1951
Tirukkoyilur Bazaar	Tamil Nadu	605757	11.9457	79.2197
Adichanur	Tamil Nadu	605758	12.0396	79.1837
Manampoondi	Tamil Nadu	605759	11.9457	79.2197
Karadi	Tamil Nadu	605766	11.9599	79.1656
Pakkam	Tamil Nadu	605801	12.2075	79.2734
Tiruvarangam	Tamil Nadu	605802	12.001	79.0632
Edapalayam	Tamil Nadu	605803	12.001	79.1327
Vriddhachalam Bazaar	Tamil Nadu	606001	11.5216	79.3071
Kuppanatham	Tamil Nadu	606003	11.5216	79.3071
Velur	Tamil Nadu	606102	11.8069	79.3131
Gopalapuram	Tamil Nadu	606103	11.4888	79.399
Pali	Tamil Nadu	606104	11.6444	79.2414
Konur	Tamil Nadu	606105	11.4445	79.2472
Akkanur	Tamil Nadu	606106	11.4075	79.051
Puliyur	Tamil Nadu	606107	12.2935	79.652
Alambadi	Tamil Nadu	606108	11.4582	79.0628
Adari	Tamil Nadu	606109	11.5509	79.0488
C  Keeranur	Tamil Nadu	606110	11.4643	79.349
Gudalur	Tamil Nadu	606111	11.3912	79.1998
Padur	Tamil Nadu	606115	11.7373	79.3389
Melur	Tamil Nadu	606201	11.657	78.938
Kallakurichi H.O	Tamil Nadu	606202	11.6907	78.8791
Nagalur	Tamil Nadu	606203	11.6611	79.0772
Maligaimedu	Tamil Nadu	606204	11.9734	79.2921
Pasar	Tamil Nadu	606205	11.8449	79.0836
Madur	Tamil Nadu	606206	11.7367	79.0226
Mathur	Tamil Nadu	606207	11.8022	78.8409
Alathur	Tamil Nadu	606208	11.8346	78.9295
Madhur	Tamil Nadu	606209	11.7275	78.5874
Nallathur	Tamil Nadu	606213	11.7464	78.9801
Anumanandal	Tamil Nadu	606301	11.5807	78.9368
Nagar	Tamil Nadu	606302	11.5649	79.181
Alathur	Tamil Nadu	606303	11.4409	78.9791
Pillur	Tamil Nadu	606304	11.535	79.4509
Asanur	Tamil Nadu	606305	11.6251	79.1908
Arasampattu	Tamil Nadu	606401	11.9734	79.2921
Arur	Tamil Nadu	606402	11.8839	78.9464
Saron	Tamil Nadu	606601	12.2607	79.0515
Ayyampalayam	Tamil Nadu	606603	12.2607	79.0515
Adaiyur	Tamil Nadu	606604	12.2653	79.0465
Vedanatham	Tamil Nadu	606611	12.2331	79.1176
Chennasamudram	Tamil Nadu	606701	12.3089	78.7914
Alathur	Tamil Nadu	606702	12.2629	78.9215
Puliyampatti	Tamil Nadu	606703	12.1669	78.7209
Eraiyur	Tamil Nadu	606704	12.6663	79.471
Karapattu	Tamil Nadu	606705	12.4311	79.1677
Sathanur	Tamil Nadu	606706	12.1889	78.861
Radhapuram	Tamil Nadu	606707	12.4311	79.1677
Athipadi	Tamil Nadu	606708	12.2781	78.9699
Arattavadi	Tamil Nadu	606709	12.2335	78.8001
Kilaiyur	Tamil Nadu	606710	12.7112	79.3144
Kalur	Tamil Nadu	606751	12.456	79.1238
Arpakkam	Tamil Nadu	606752	12.4311	79.1677
Varagur	Tamil Nadu	606753	12.4311	79.1677
Vaipur	Tamil Nadu	606754	12.1105	79.2411
Gudalur	Tamil Nadu	606755	12.148	79.2098
Maruthuvambadi	Tamil Nadu	606801	12.4683	79.3534
Maruthuvambadi	Tamil Nadu	606802	12.3812	79.0888
Kangeyanur	Tamil Nadu	606803	12.4986	79.1245
Andampallam	Tamil Nadu	606804	12.0897	79.1676
Kalasthambadi	Tamil Nadu	606805	12.3257	79.0719
Pavithiram	Tamil Nadu	606806	12.0669	79.1198
Arasampattu	Tamil Nadu	606807	12.4651	79.4051
Aradapattu	Tamil Nadu	606808	12.1265	79.0999
Devanur	Tamil Nadu	606811	12.0336	79.0909
Gangavaram	Tamil Nadu	606901	12.4311	79.1677
Narasingapuram	Tamil Nadu	606902	12.5222	79.2581
Nadukuppam	Tamil Nadu	606903	12.4311	79.1677
Vilapakkam	Tamil Nadu	606904	12.4493	79.1944
Krishnapuram	Tamil Nadu	606905	12.402	79.1377
Elathur	Tamil Nadu	606906	12.4632	79.0202
Gudalur	Tamil Nadu	606907	12.148	79.2098
Banambattu	Tamil Nadu	606908	12.4042	78.965
Cuddalore Court Buildings	Tamil Nadu	607001	11.7579	79.7655
Tirupadiripuliyur	Tamil Nadu	607002	11.7312	79.5871
Ramapuram	Tamil Nadu	607003	11.3463	79.4373
M.Pudur	Tamil Nadu	607004	11.7312	79.5871
Capperquary	Tamil Nadu	607005	11.7312	79.5871
Kondur	Tamil Nadu	607006	11.754	79.7045
Natham	Tamil Nadu	607101	11.535	79.4509
Palur	Tamil Nadu	607102	11.7569	79.6238
Marungur	Tamil Nadu	607103	11.4548	79.3978
Kongarayanur	Tamil Nadu	607104	11.7966	79.6183
Vanamadevi	Tamil Nadu	607105	11.338	79.5041
Semmedu	Tamil Nadu	607106	11.7433	79.4998
Arasur	Tamil Nadu	607107	11.8293	79.4288
Bandarakottai	Tamil Nadu	607108	11.8294	79.4986
Kalaiyur	Tamil Nadu	607109	11.8139	79.709
Maligaimedu	Tamil Nadu	607112	11.5956	79.0876
Adaiyur	Tamil Nadu	607201	11.7889	79.1542
Elavanasur	Tamil Nadu	607202	11.7083	79.2291
Paiyur	Tamil Nadu	607203	11.9075	79.3473
Sendamangalam	Tamil Nadu	607204	11.7431	79.379
Kumaramangalam	Tamil Nadu	607205	11.4903	79.386
Amur	Tamil Nadu	607209	11.8367	79.311
Puliyur	Tamil Nadu	607301	11.6551	79.35
Kilur	Tamil Nadu	607302	11.535	79.4509
Karunguli	Tamil Nadu	607303	11.535	79.4509
Gandhi Nagar (Cuddalore)	Tamil Nadu	607308	11.535	79.4509
Padirikuppam	Tamil Nadu	607401	11.535	79.4509
Manamedu	Pondicherry	607402	11.9121	79.733
Pillayarkuppam	Pondicherry	607403	11.9121	79.733
Block 1,Neyveli	Tamil Nadu	607801	11.6048	79.521
Ammeri	Tamil Nadu	607802	11.5745	79.4571
Block 18,Neyveli	Tamil Nadu	607803	11.6048	79.521
Kotteri	Tamil Nadu	607804	11.5841	79.3772
Vallam	Tamil Nadu	607805	11.6627	79.4996
Block 29,Neyveli	Tamil Nadu	607807	11.6048	79.521
Chidambaram Cutcherry	Tamil Nadu	608001	11.6327	79.4467
Annamalai University	Tamil Nadu	608002	11.6327	79.4467
Pinnathur	Tamil Nadu	608102	11.4493	79.7668
Orathur	Tamil Nadu	608201	11.4033	79.5779
Kandamangalam	Tamil Nadu	608301	11.257	79.5321
Mullangudi	Tamil Nadu	608302	11.312	79.6512
Tirunaraiyur	Tamil Nadu	608303	11.2967	79.5979
Reddiyur	Tamil Nadu	608304	11.2071	79.5217
Mogaiyur	Tamil Nadu	608305	11.361	79.5853
Muttam	Tamil Nadu	608306	11.2224	79.5799
Karuppur	Tamil Nadu	608401	11.317	79.6789
Puduchatram	Tamil Nadu	608501	11.535	79.4509
Agaram	Tamil Nadu	608502	11.4821	79.7448
Sathapadi	Tamil Nadu	608601	11.4486	79.6056
Krishnapuram	Tamil Nadu	608602	11.4836	79.615
Ramapuram	Tamil Nadu	608701	11.3463	79.4373
Agara Alambadi	Tamil Nadu	608702	11.4366	79.4713
Kavanur	Tamil Nadu	608703	11.436	79.414
Marudur	Tamil Nadu	608704	11.493	79.5982
Alapakkam	Tamil Nadu	608801	11.535	79.4509
Alagapuram	Tamil Nadu	608901	11.3715	79.3332
Dharmapuram	Tamil Nadu	609001	10.8494	79.7389
Chittarkadu	Tamil Nadu	609003	11.1043	79.6272
Palayapalayam	Tamil Nadu	609101	10.8494	79.7389
Hanumanthapuram	Tamil Nadu	609102	10.8494	79.7389
Anandatandavapuram	Tamil Nadu	609103	10.8494	79.7389
Kadavasal	Tamil Nadu	609104	11.2564	79.7732
Kaveripattinam (Nagapattinam)	Tamil Nadu	609105	11.151	79.8407
Nangur	Tamil Nadu	609106	11.1772	79.7787
Kilaperumpallam	Tamil Nadu	609107	10.8494	79.7389
Gopalasamudram	Tamil Nadu	609108	11.2975	79.7159
Tiruvali	Tamil Nadu	609109	11.2037	79.7814
Sirkali H.O	Tamil Nadu	609110	11.203	79.5887
Arappakkam	Tamil Nadu	609111	11.2664	79.7506
Karkoil	Tamil Nadu	609112	11.1955	79.6606
Koolaiyar	Tamil Nadu	609113	11.24	79.8371
Manigramam	Tamil Nadu	609114	11.1573	79.8135
Edamanal	Tamil Nadu	609115	11.2691	79.8008
Elathur	Tamil Nadu	609116	11.203	79.5887
Punganur	Tamil Nadu	609117	11.2082	79.6995
Manakudi	Tamil Nadu	609118	10.8494	79.7389
Ilanthope	Tamil Nadu	609201	11.106	79.5953
Mudikondanallur	Tamil Nadu	609202	11.2048	79.5702
Pandur	Tamil Nadu	609203	11.1324	79.6081
Athur	Tamil Nadu	609204	10.8494	79.7389
Pulavanur	Tamil Nadu	609205	10.8494	79.7389
Mathur	Tamil Nadu	609301	11.1036	79.8162
Muthur	Tamil Nadu	609302	11.1915	79.7129
Ayappadi	Tamil Nadu	609303	10.8494	79.7389
Kilaiyur	Tamil Nadu	609304	11.1245	79.7455
Mannampandal	Tamil Nadu	609305	11.1033	79.6911
Nalladai	Tamil Nadu	609306	11.013	79.7451
Chandrapadi	Tamil Nadu	609307	10.8494	79.7389
Iluppur	Tamil Nadu	609308	11.0182	79.7565
Mudikondanallur	Tamil Nadu	609309	11.1178	79.7568
Sendamangalam	Tamil Nadu	609310	11.0365	79.7803
Tirucadaiyur	Tamil Nadu	609311	11.0562	79.7047
Buthanur	Tamil Nadu	609312	11.0562	79.7047
Manickapangu	Tamil Nadu	609313	11.0276	79.8543
Kodangudi	Tamil Nadu	609314	10.8494	79.7389
Elandangudi	Tamil Nadu	609401	11.0559	79.6495
Perambur	Tamil Nadu	609402	11.0347	79.6969
Keeranur	Tamil Nadu	609403	10.6797	79.536
Manganallur	Tamil Nadu	609404	11.0259	79.6301
Alathur	Tamil Nadu	609405	10.9629	79.6608
Pudukudi	Tamil Nadu	609501	10.6797	79.536
Alangudi	Tamil Nadu	609502	10.8958	79.6272
Agarathirumalam	Tamil Nadu	609503	10.9236	79.6908
Panangudi	Tamil Nadu	609504	10.8546	79.6337
Ervadi	Tamil Nadu	609601	10.909	79.7312
Dharmapuram	Pondicherry	609602	10.9181	79.8183
Nallathur	Pondicherry	609603	10.9742	79.7585
Alathur	Tamil Nadu	609604	10.8494	79.7389
Karaikalmedu	Pondicherry	609605	10.9434	79.7558
T.R.Pattinam South	Pondicherry	609606	10.9434	79.7558
Sellur	Pondicherry	609607	10.9261	79.792
Kollapuram	Tamil Nadu	609608	10.9606	79.7084
Kottuchery	Pondicherry	609609	10.9434	79.7558
Vadagarai	Tamil Nadu	609701	10.8564	79.6656
Ervadi	Tamil Nadu	609702	10.909	79.7312
Agara Kondagai	Tamil Nadu	609703	10.8434	79.7951
Pillali	Tamil Nadu	609704	10.8432	79.6968
Alangudi	Tamil Nadu	609801	11.1075	79.5482
Sathanur	Tamil Nadu	609802	11.003	79.4838
Tiruvavaduthurai	Tamil Nadu	609803	10.8494	79.7389
Manalur	Tamil Nadu	609804	11.0377	79.4882
Gangadarapuram	Tamil Nadu	609805	11.0212	79.5939
Maraiyur	Tamil Nadu	609806	11.0686	79.6233
Karuppur	Tamil Nadu	609807	10.8555	79.0199
Terizhandur	Tamil Nadu	609808	10.8494	79.7389
Tiruvalangadu	Tamil Nadu	609810	10.8494	79.7389
Tirumangalam	Tamil Nadu	609811	10.9829	79.6048
Madapuram	Tamil Nadu	610001	10.6797	79.536
Kidarankondan	Tamil Nadu	610003	10.6797	79.536
Thandalai	Tamil Nadu	610004	10.6797	79.536
Selvapuram	Tamil Nadu	610005	10.6797	79.536
Karaiyur	Tamil Nadu	610101	10.8213	79.6786
Budamangalam	Tamil Nadu	610102	10.7286	79.5276
Mangudi	Tamil Nadu	610103	10.7724	79.4959
Kattur	Tamil Nadu	610104	10.7907	79.6012
Vadagudi	Tamil Nadu	610105	10.8923	79.5912
Alivalam	Tamil Nadu	610106	10.7512	79.6611
Senganur	Tamil Nadu	610107	10.6797	79.536
Kilapadugai	Tamil Nadu	610109	10.7525	79.6352
Ammanur	Tamil Nadu	610201	10.6305	79.6378
Komal	Tamil Nadu	610202	10.6374	79.6317
Kunnur	Tamil Nadu	610203	10.5859	79.6244
Ettukudi	Tamil Nadu	610204	10.8494	79.7389
Keeralathur	Tamil Nadu	610205	10.6598	79.6237
Harischandrapuram	Tamil Nadu	610206	10.7007	79.5885
Koilkannapur	Tamil Nadu	610207	10.6519	79.6929
Nagapattinam Bazaar	Tamil Nadu	611001	10.8706	79.7716
Panangudi	Tamil Nadu	611002	10.8392	79.8191
Nagapattinam Collectorate	Tamil Nadu	611003	10.8706	79.7716
Andipalayam	Tamil Nadu	611101	10.6797	79.536
Andanapettai	Tamil Nadu	611102	10.8494	79.7389
Madapuram	Tamil Nadu	611103	10.8494	79.7389
Pattamangalam	Tamil Nadu	611104	10.744	79.7445
Kuthur	Tamil Nadu	611105	10.7411	79.7189
Palaiyur	Tamil Nadu	611106	10.7879	79.8126
Puliyur	Tamil Nadu	611108	10.8494	79.7389
Mohanur	Tamil Nadu	611109	10.6808	79.7425
Kameswaram	Tamil Nadu	611110	10.6265	79.8118
Prathabaramapuram	Tamil Nadu	611111	10.6833	79.8333
Koilpathu	Tamil Nadu	611112	10.597	79.8349
Thuvarankurichi	Tamil Nadu	612001	10.9706	79.4063
Melakaveri H.O	Tamil Nadu	612002	10.9706	79.4063
Govindapuram	Tamil Nadu	612101	11.0062	79.4689
Palakudi	Tamil Nadu	612102	10.6716	79.2413
Umamaheswarapuram	Tamil Nadu	612103	10.9858	79.4102
Andalampettai	Tamil Nadu	612104	10.9763	79.4545
Anaikudi	Tamil Nadu	612105	11.0097	79.4349
Aralur	Tamil Nadu	612106	11.0997	79.5203
Vayalur	Tamil Nadu	612201	10.9669	79.515
Ammangudi	Tamil Nadu	612202	10.9528	79.4957
Palaiyur	Tamil Nadu	612203	10.9945	79.5661
Ayyavadi	Tamil Nadu	612204	10.9561	79.4382
Adanur	Tamil Nadu	612301	10.9756	79.3114
Kottaiyur	Tamil Nadu	612302	10.9685	79.3576
Eraharam	Tamil Nadu	612303	10.981	79.338
Krishnapuram	Tamil Nadu	612401	10.9426	79.4283
Visalur	Tamil Nadu	612402	10.8987	79.4104
Asoor	Tamil Nadu	612501	10.6716	79.2413
Mullangudi	Tamil Nadu	612502	11.15	79.4803
Kallur	Tamil Nadu	612503	11.0213	79.3862
Senganur	Tamil Nadu	612504	11.0692	79.4381
Vellakulam	Tamil Nadu	612601	10.6797	79.536
Mathur	Tamil Nadu	612602	10.925	79.4502
Arasavanangadu	Tamil Nadu	612603	10.8238	79.5561
Kandramanickam	Tamil Nadu	612604	10.6797	79.536
Injikollai	Tamil Nadu	612605	10.6716	79.2413
Pudukudi	Tamil Nadu	612610	10.6797	79.536
Avoor	Tamil Nadu	612701	10.9102	79.3393
Darasuram	Tamil Nadu	612702	10.9499	79.3561
Cholanmaligai	Tamil Nadu	612703	10.93	79.3477
Alangudi-NID	Tamil Nadu	612801	10.6797	79.536
Kalathur	Tamil Nadu	612802	10.6716	79.2413
Kilapattu	Tamil Nadu	612803	10.7307	79.4264
Andankoil	Tamil Nadu	612804	10.6797	79.536
Kollapuram	Tamil Nadu	612901	11.1585	79.0798
Kodali	Tamil Nadu	612902	11.1306	79.4225
Pappakudi	Tamil Nadu	612903	11.1605	79.2442
Kargudi	Tamil Nadu	612904	11.088	79.3065
Ulkottai	Tamil Nadu	612905	10.8889	78.5704
Arisikara Street	Tamil Nadu	613001	10.6716	79.2413
Kalimedu	Tamil Nadu	613002	10.6716	79.2413
Ramapuram	Tamil Nadu	613003	10.8438	79.1575
Ramanathapuram	Tamil Nadu	613004	10.782	79.103
Inayathukkanpatti	Tamil Nadu	613005	10.8553	79.1064
Marungulam	Tamil Nadu	613006	10.6786	79.1454
Ganapathi Nagar	Tamil Nadu	613007	10.8553	79.1064
Thanjavur North Gate	Tamil Nadu	613008	10.8553	79.1064
Srinivasapuram	Tamil Nadu	613009	10.9235	79.4329
Tamil University	Tamil Nadu	613010	10.8553	79.1064
Varagur	Tamil Nadu	613101	10.8426	78.9978
Indalur	Tamil Nadu	613102	10.8218	78.8831
Kilathiruppanthuruthi	Tamil Nadu	613103	10.7531	78.9445
Kuthur	Tamil Nadu	613104	10.8534	78.9718
Puduchatram	Tamil Nadu	613105	10.8681	78.955
Kalyanapuram	Tamil Nadu	613201	10.8692	79.1088
Kandiyur	Tamil Nadu	613202	10.8609	79.1083
Sathanur	Tamil Nadu	613203	10.8822	79.0412
Vilangudi	Tamil Nadu	613204	10.9186	79.1032
Arkadu	Tamil Nadu	613205	10.6716	79.2413
Mohanur	Tamil Nadu	613301	10.5644	79.0757
Kurungulam	Tamil Nadu	613303	10.6542	79.0995
Tirumalaisamudram	Tamil Nadu	613401	10.7345	79.006
Pudukudi	Tamil Nadu	613402	10.6716	79.2413
Chennampatti	Tamil Nadu	613403	10.6974	79.0422
Kulichapattu	Tamil Nadu	613501	10.7581	79.201
Jambugambalpuram	Tamil Nadu	613502	10.7423	79.2398
Sri Pushpam College	Tamil Nadu	613503	10.7817	79.2462
Arsuthipattu	Tamil Nadu	613504	10.8132	79.2721
Alakkudi	Tamil Nadu	613601	10.7744	79.0522
Orathur	Tamil Nadu	613602	10.6716	79.2413
Ammayappan	Tamil Nadu	613701	10.987	79.7217
Attikkadai	Tamil Nadu	613702	10.8656	79.4781
Hanumanthapuram	Tamil Nadu	613703	10.6797	79.536
Kalyanamahadevi	Tamil Nadu	613704	10.7335	79.6007
Ilaiyur	Tamil Nadu	613705	10.8341	79.4678
Gopalasamudram	Tamil Nadu	614001	10.6797	79.536
Karaikottai	Tamil Nadu	614013	10.7012	79.3633
Karunavur	Tamil Nadu	614014	10.6804	79.4321
Kilakurichi	Tamil Nadu	614015	10.6716	79.2413
Asesham	Tamil Nadu	614016	10.6455	79.4202
Vallur	Tamil Nadu	614017	10.5518	79.4644
Peraiyur	Tamil Nadu	614018	10.6384	79.3783
Kattur	Tamil Nadu	614019	10.7305	79.2161
Painganadu	Tamil Nadu	614020	10.5884	79.4567
Kothangudi	Tamil Nadu	614101	10.7026	79.5172
Kudithangicheri	Tamil Nadu	614102	10.7031	79.5113
Adangudi	Tamil Nadu	614103	10.7332	79.5019
Ayyampet	Tamil Nadu	614201	10.8967	79.1943
Manalur	Tamil Nadu	614202	10.921	79.173
Sathyamangalam	Tamil Nadu	614203	10.6716	79.2413
Devarayanpettai	Tamil Nadu	614204	10.9163	79.2399
Papanasam Bazaar	Tamil Nadu	614205	10.6716	79.2413
Manangorai	Tamil Nadu	614206	10.8621	79.1586
Rajaghiri	Tamil Nadu	614207	10.6716	79.2413
Nallur	Tamil Nadu	614208	10.9238	79.3003
Neduntheru	Tamil Nadu	614210	10.6716	79.2413
Ayyampet R.S	Tamil Nadu	614211	10.6716	79.2413
Nariyanur	Tamil Nadu	614301	10.8489	79.2181
Idaiyiruppu	Tamil Nadu	614302	10.8529	79.271
Kavalur	Tamil Nadu	614303	10.8493	79.214
Ammapet	Tamil Nadu	614401	10.7948	79.3199
Kokkeri	Tamil Nadu	614402	10.7816	79.3223
Adanur(KVN)	Tamil Nadu	614403	10.7687	79.3644
Perambur	Tamil Nadu	614404	10.7455	79.4354
Pattukottai H.O	Tamil Nadu	614601	10.3986	79.2456
Alivalam	Tamil Nadu	614602	10.4171	79.2688
Ammanichatram	Tamil Nadu	614612	10.4574	79.2091
Thuvarankurichi	Tamil Nadu	614613	10.4018	79.4078
Akkaraivattam	Tamil Nadu	614614	10.4805	79.1966
Enadi	Tamil Nadu	614615	10.4686	79.2843
Veeramangalam	Tamil Nadu	614616	10.0411	78.9235
Ammapattinam	Tamil Nadu	614617	10.0153	79.2314
Alinjiyendal	Tamil Nadu	614618	10.3586	78.8812
Bayamariyanendal	Tamil Nadu	614619	10.3586	78.8812
Manalur	Tamil Nadu	614620	10.3586	78.8812
Kanadu	Tamil Nadu	614621	10.5694	79.1339
Kurumbur	Tamil Nadu	614622	10.2521	78.9557
Ammaiyandi	Tamil Nadu	614623	10.3049	79.1555
Nagaram	Tamil Nadu	614624	10.2995	79.0884
Kakkarai	Tamil Nadu	614625	10.6181	79.2852
Ambalapattu	Tamil Nadu	614626	10.5299	79.2728
Tiruchitrambalam	Tamil Nadu	614628	10.4261	79.2084
Idaiyur	Tamil Nadu	614629	10.3586	78.8812
Karaikottai	Tamil Nadu	614630	10.1228	79.0903
Adirampattinam	Tamil Nadu	614701	10.3406	79.3791
Devadanam	Tamil Nadu	614702	10.4863	79.5325
Idumbavanam	Tamil Nadu	614703	10.4224	79.6001
Kovilur	Tamil Nadu	614704	10.4165	79.501
Palaiyur	Tamil Nadu	614705	10.5266	79.4983
Pinnathur	Tamil Nadu	614706	10.5452	79.4941
Adanur	Tamil Nadu	614707	10.3682	79.8111
Kilapanaiyur	Tamil Nadu	614708	10.5452	79.4941
Mangudi	Tamil Nadu	614710	10.7724	79.4959
Korukkai	Tamil Nadu	614711	10.5303	79.7057
Manakudi	Tamil Nadu	614712	10.8494	79.7389
Tiruturaipundi Bazaar	Tamil Nadu	614713	10.6797	79.536
Annapettai	Tamil Nadu	614714	10.4292	79.6498
Mettupalayam	Tamil Nadu	614715	10.6797	79.536
Kattimodu	Tamil Nadu	614716	10.5032	79.6609
Renganathapuram	Tamil Nadu	614717	10.6041	79.5264
Alagiyanayakipuram	Tamil Nadu	614723	10.282	79.3122
Jambavanodai	Tamil Nadu	614738	10.5682	79.4143
Arasarkulam	Tamil Nadu	614801	10.3586	78.8812
Karambakadu	Tamil Nadu	614802	10.2744	79.2782
Chokkanathapuram	Tamil Nadu	614803	10.347	79.2901
Kalathur	Tamil Nadu	614804	10.6716	79.2413
Amarasimhendrapuram	Tamil Nadu	614805	10.3586	78.8812
Rajapuram	Tamil Nadu	614806	10.8494	79.7389
Kodiakkadu	Tamil Nadu	614807	10.8494	79.7389
Katripulam	Tamil Nadu	614808	10.8494	79.7389
Pushpavanam	Tamil Nadu	614809	10.4684	79.846
Agasthiampalli	Tamil Nadu	614810	10.3721	79.851
Alathur	Tamil Nadu	614901	10.4847	79.3414
Mudalipatti	Tamil Nadu	614902	10.3586	78.8812
Karuppur	Tamil Nadu	614903	10.5223	79.3721
Nadur	Tamil Nadu	614904	10.6716	79.2413
Vadaseri	Tamil Nadu	614905	10.5715	79.3815
Veppankulam	Tamil Nadu	614906	10.4726	79.3749
Bheemanagar	Tamil Nadu	620001	10.8889	78.5704
Rock Fort	Tamil Nadu	620002	10.8889	78.5704
Salainagar	Tamil Nadu	620003	10.8889	78.5704
Ambikapuram (Tiruchirappalli)	Tamil Nadu	620004	10.7823	78.7245
Tiruvanaikoil	Tamil Nadu	620005	10.849	78.7428
Melur	Tamil Nadu	620006	10.8711	78.665
Gundur	Tamil Nadu	620007	10.7339	78.7184
Clock Tower (Tiruchirappalli)	Tamil Nadu	620008	10.8889	78.5704
Ariyavur	Tamil Nadu	620009	10.7658	78.5735
Ariyamangalam	Tamil Nadu	620010	10.8209	78.7285
Alathur	Tamil Nadu	620011	10.7498	78.7763
Nagamangalam	Tamil Nadu	620012	10.7061	78.619
Vengur	Tamil Nadu	620013	10.8168	78.7689
Administrative Office(BHEL)	Tamil Nadu	620014	10.7498	78.7763
Asoor	Tamil Nadu	620015	10.7525	78.8021
Navalpattu	Tamil Nadu	620016	10.7505	78.7763
Puthur	Tamil Nadu	620017	10.8889	78.5704
Thillai Nagar	Tamil Nadu	620018	10.7498	78.7763
Pappakurichi Kattur	Tamil Nadu	620019	10.7498	78.7763
Mannarpuram	Tamil Nadu	620020	10.6605	78.7889
K.K.Nagar (Tiruchirappalli)	Tamil Nadu	620021	10.6605	78.7889
Thuvakudimalai	Tamil Nadu	620022	10.6605	78.7889
Khajanagar	Tamil Nadu	620023	10.6605	78.7889
Bharathidasan University	Tamil Nadu	620024	10.6605	78.7889
Hapf Township	Tamil Nadu	620025	10.6605	78.7889
Annanagar	Tamil Nadu	620026	10.6605	78.7889
Allur	Tamil Nadu	620101	10.8718	78.6283
Thayanur	Tamil Nadu	620102	10.8202	78.6282
Kottaiyur	Tamil Nadu	621001	11.158	78.5519
Pudur	Tamil Nadu	621002	11.2338	78.4803
Kottapalayam	Tamil Nadu	621003	11.2421	78.5007
Naduvalur	Tamil Nadu	621004	11.0981	78.6528
Alagiamanavalam	Tamil Nadu	621005	11.0269	78.746
Omandur	Tamil Nadu	621006	11.0293	78.6694
Abinimangalam	Tamil Nadu	621007	11.0653	78.668
Govindapuram	Tamil Nadu	621008	11.1659	78.5941
Kattukulam	Tamil Nadu	621009	11.1365	78.6283
Turaiyur Bus Stand	Tamil Nadu	621010	11.2554	78.4921
Puthur	Tamil Nadu	621011	10.8889	78.5704
Koppampatti	Tamil Nadu	621012	11.2938	78.4964
Ammapatti	Tamil Nadu	621014	11.114	78.6009
Ammapalayam	Tamil Nadu	621101	11.2181	78.7443
Annamangalam	Tamil Nadu	621102	11.3259	78.7943
Vengalam	Tamil Nadu	621103	11.3735	78.7809
Velur	Tamil Nadu	621104	10.8889	78.5704
Nedungur	Tamil Nadu	621105	11.0632	78.8243
Kolathur	Tamil Nadu	621106	11.2733	78.893
Alambadi	Tamil Nadu	621107	11.2598	78.8304
Athiyur	Tamil Nadu	621108	11.2733	78.893
Karai	Tamil Nadu	621109	11.1339	78.8805
Kadambur	Tamil Nadu	621110	11.4234	78.7209
Neikuppai	Tamil Nadu	621111	10.8889	78.5704
Marudur	Tamil Nadu	621112	10.9098	78.7686
Eraiyur	Tamil Nadu	621113	11.2733	78.893
Kannapadi	Tamil Nadu	621114	11.0885	78.716
Ayikudi	Tamil Nadu	621115	11.2733	78.893
Krishnapuram	Tamil Nadu	621116	11.3797	78.7885
Peraiyur	Tamil Nadu	621117	11.4005	78.9637
Adaikkampatti	Tamil Nadu	621118	11.1651	78.6847
Eraiyur (Perambalur)	Tamil Nadu	621133	11.2624	78.8227
Ayyampalayam	Tamil Nadu	621202	10.9305	78.5251
Arasalur	Tamil Nadu	621203	10.9834	78.3116
Amur	Tamil Nadu	621204	10.9154	78.5479
Mangalam	Tamil Nadu	621205	11.0495	78.4803
Kannanur	Tamil Nadu	621206	11.0822	78.5471
Kaduvetti	Tamil Nadu	621207	10.8889	78.5704
Ammangudi	Tamil Nadu	621208	11.0366	78.3742
Manamedu	Tamil Nadu	621209	10.9738	78.3882
Alagapuri	Tamil Nadu	621210	11.1966	78.4412
Mettupatti	Tamil Nadu	621211	10.8889	78.5704
Madanagopalapuram	Tamil Nadu	621212	11.2733	78.893
Cholanganallur	Tamil Nadu	621213	10.8889	78.5704
Devanur	Tamil Nadu	621214	11.1003	78.4455
Kamalapuram	Tamil Nadu	621215	11.0291	78.3294
Kuthur	Tamil Nadu	621216	11.0063	78.5566
Thandalai	Tamil Nadu	621217	10.8889	78.5704
Edayathimangalam	Tamil Nadu	621218	11.1605	79.2442
Anukkur	Tamil Nadu	621219	11.3327	78.8644
Aranarai	Tamil Nadu	621220	11.2292	78.8499
Manjanaickenpatti	Tamil Nadu	621301	10.7696	78.2139
Palayakottai	Tamil Nadu	621302	10.8889	78.5704
Kallupatti	Tamil Nadu	621305	10.8889	78.5704
Sevalur	Tamil Nadu	621306	10.6265	78.4183
Poosaripatti	Tamil Nadu	621307	10.5993	78.4126
Kulathupatti	Tamil Nadu	621308	9.9151	78.5987
Endapuli	Tamil Nadu	621310	10.4457	78.3676
Adhanur	Tamil Nadu	621311	10.843	78.1331
Samudram	Tamil Nadu	621312	10.653	78.4912
Puthur	Tamil Nadu	621313	10.843	78.1331
Palayapalayam	Tamil Nadu	621314	10.8889	78.5704
Nadupatti	Tamil Nadu	621315	10.8889	78.5704
Velur	Tamil Nadu	621316	10.6149	78.5838
Lalgudi H.O	Tamil Nadu	621601	11.0216	78.9534
Palanganatham	Tamil Nadu	621651	11.1605	79.2442
Kallakudi North	Tamil Nadu	621652	11.0216	78.9534
Poondi	Tamil Nadu	621653	11.0425	79.0083
Ambapur	Tamil Nadu	621701	11.0449	79.2557
Ariyur	Tamil Nadu	621702	10.8758	78.9105
Nagar	Tamil Nadu	621703	10.8947	78.7878
Kavanur	Tamil Nadu	621704	11.1546	79.201
Srinivasapuram	Tamil Nadu	621705	11.1625	79.1188
Mettupatti	Tamil Nadu	621706	10.8889	78.5704
Kilaiyur	Tamil Nadu	621707	11.042	79.0408
Varagur	Tamil Nadu	621708	11.2523	79.0411
Anganur	Tamil Nadu	621709	11.357	79.1606
Marudur	Tamil Nadu	621710	11.2639	79.2727
Venkatachalapuram	Tamil Nadu	621711	10.9267	78.9216
Thachankurichi	Tamil Nadu	621712	10.9195	78.8314
Gudalur	Tamil Nadu	621713	11.1366	79.0032
Nallampalayam	Tamil Nadu	621714	11.2677	79.1703
Kovilur	Tamil Nadu	621715	10.8889	78.5704
Vayalur	Tamil Nadu	621716	11.3603	79.1102
Olaipadi	Tamil Nadu	621717	11.2733	78.893
Vellur	Tamil Nadu	621718	11.2448	79.1379
Alathiyur	Tamil Nadu	621719	11.3106	79.2566
Alambadi	Tamil Nadu	621722	10.9073	79.0001
Ariyalur Cement Factory	Tamil Nadu	621729	11.1605	79.2442
Cement Nagar Dalavoy	Tamil Nadu	621730	11.0087	79.1969
Andimadam	Tamil Nadu	621801	11.3355	79.3771
Karadikulam	Tamil Nadu	621802	11.1605	79.2442
Kulathur	Tamil Nadu	621803	11.1605	79.2442
Edayar	Tamil Nadu	621804	11.1605	79.2442
Periakrishnapuram	Tamil Nadu	621805	11.3553	79.4186
Devanur	Tamil Nadu	621806	11.2653	79.3172
Venganur	Tamil Nadu	621851	10.9699	79.0255
Gandhinagar	Tamil Nadu	622001	10.3559	78.6876
Nallur	Tamil Nadu	622002	10.3736	78.6593
Attangudi	Tamil Nadu	622003	10.3452	78.8037
Mullur	Tamil Nadu	622004	10.4205	78.8588
Ambalpuram	Tamil Nadu	622005	10.3559	78.6876
Kilakurichi	Tamil Nadu	622101	10.4836	78.715
Illuppur	Tamil Nadu	622102	10.5135	78.6236
Muckanamalaipatti	Tamil Nadu	622103	10.4761	78.7619
Kudimianmalai	Tamil Nadu	622104	10.3975	78.6983
Kilapanaiyur	Tamil Nadu	622201	10.3629	78.7895
Vadakattupatti	Tamil Nadu	622202	10.2402	78.84
Ganapathipuram	Tamil Nadu	622203	10.3586	78.8812
Irumbanadu	Tamil Nadu	622204	10.0532	78.9886
Kallur-kilanilai	Tamil Nadu	622209	10.1691	78.8555
Alangudi	Tamil Nadu	622301	10.3606	78.9849
Tirumananjeri	Tamil Nadu	622302	10.4318	79.1
Kothakottai	Tamil Nadu	622303	10.3723	78.8892
Kottaikadu	Tamil Nadu	622304	10.3586	78.8812
Thenur	Tamil Nadu	622401	10.3586	78.8812
Sevalur	Tamil Nadu	622402	10.2966	78.6332
Selliampatti	Tamil Nadu	622403	10.2016	78.5029
Kottur	Tamil Nadu	622404	10.3227	78.736
Ponnamaravathy	Tamil Nadu	622407	10.2803	78.536
Kannanur	Tamil Nadu	622409	10.261	78.6824
Kesarapatti	Tamil Nadu	622411	10.3468	78.6818
Gudalur	Tamil Nadu	622412	10.3468	78.6818
Sivapuram	Tamil Nadu	622422	10.3586	78.8812
Puthambur	Tamil Nadu	622501	10.4678	78.7836
Keeranur	Tamil Nadu	622502	10.3586	78.8812
Athanur	Tamil Nadu	622503	10.4599	78.7186
Puliyur	Tamil Nadu	622504	10.6338	78.8414
Panangudi	Tamil Nadu	622505	10.2216	78.7887
Perungudi	Tamil Nadu	622506	10.2996	78.829
Melur	Tamil Nadu	622507	10.2427	78.733
Mathur	Tamil Nadu	622515	10.6564	78.6969
Idivilagi	Tamil Nadu	623115	9.2486	78.3691
Kuruvadi	Tamil Nadu	623120	9.1944	78.3959
Sevalpatti	Tamil Nadu	623135	9.1308	78.3533
Andavoorani	Tamil Nadu	623308	9.8661	78.936
Vellayapuram	Tamil Nadu	623315	9.8661	78.936
Anandur	Tamil Nadu	623401	9.7301	78.7766
Chinnakeeramangalam	Tamil Nadu	623402	9.4401	78.6733
Karankadu	Tamil Nadu	623403	9.6474	78.9581
Nagarikathan	Tamil Nadu	623404	9.4401	78.6733
Marungoor	Tamil Nadu	623406	9.4401	78.6733
Athiyur	Tamil Nadu	623407	9.4401	78.6733
Kurumilangudi	Tamil Nadu	623409	9.7604	79.0374
Ramanathapuram Bazaar	Tamil Nadu	623501	9.4401	78.6733
Mudalur	Tamil Nadu	623502	9.4401	78.6733
Pattanamkathan	Tamil Nadu	623503	9.4401	78.6733
Melakottai	Tamil Nadu	623504	9.4401	78.6733
Alagankulam	Tamil Nadu	623512	9.2881	78.9143
Peruvayal	Tamil Nadu	623513	9.4401	78.6733
Devipattinam	Tamil Nadu	623514	9.4776	78.8956
Ervadi	Tamil Nadu	623515	9.2246	78.7091
Irumeni	Tamil Nadu	623516	9.3081	79.0317
Kanjirangudi	Tamil Nadu	623517	9.2318	78.7854
Mandapam	Tamil Nadu	623518	9.2757	79.1236
Mandapam Camp	Tamil Nadu	623519	9.2691	79.1073
Marine Fisheries	Tamil Nadu	623520	9.4253	78.8043
Akkamadam	Tamil Nadu	623521	9.4401	78.6733
Panaikulam	Tamil Nadu	623522	9.3756	78.954
Kalimangundu	Tamil Nadu	623523	9.2726	78.9023
Pudumadam	Tamil Nadu	623524	9.4253	78.8043
Kavanur	Tamil Nadu	623525	9.5867	78.6975
Rameswaram	Tamil Nadu	623526	9.4401	78.6733
Valasai	Tamil Nadu	623527	9.5479	78.6629
Kilakidaram	Tamil Nadu	623528	9.2235	78.6339
Ariyangundu	Tamil Nadu	623529	9.4253	78.8043
Kulathur	Tamil Nadu	623530	9.4401	78.6733
Sambai	Tamil Nadu	623531	9.6992	78.9812
Kuthakottai	Tamil Nadu	623532	9.4401	78.6733
Kalari	Tamil Nadu	623533	9.4401	78.6733
Mangundu	Tamil Nadu	623534	9.4401	78.6733
Vani	Tamil Nadu	623536	9.4401	78.6733
Naranamangalam	Tamil Nadu	623537	9.5299	78.8616
Gudalur	Tamil Nadu	623538	9.7278	78.852
Ervadi Dargha	Tamil Nadu	623566	9.4394	78.7666
Anaiyur	Tamil Nadu	623601	9.3891	78.4374
Pudukottai	Tamil Nadu	623603	9.4401	78.6733
Kottaimedu	Tamil Nadu	623604	9.4232	78.2283
Eluvanur	Tamil Nadu	623605	9.5016	78.3629
Pudukudi	Tamil Nadu	623608	9.4401	78.6733
Alimadurai	Tamil Nadu	623701	9.5282	78.6143
Marandai	Tamil Nadu	623703	9.252	78.537
Keeranur	Tamil Nadu	623704	9.4401	78.6733
Nagaram	Tamil Nadu	623705	9.5546	78.783
Vilathur	Tamil Nadu	623706	9.4401	78.6733
Bharathinagar	Tamil Nadu	623707	9.5696	78.4393
Peraiyur (Ramanathapuram)	Tamil Nadu	623708	9.3571	78.4494
Kakkur	Tamil Nadu	623711	9.3502	78.5696
Kalaiyur	Tamil Nadu	623712	9.4401	78.6733
Sathaksalai	Tamil Nadu	623806	9.5186	78.5973
Angunagar	Tamil Nadu	624001	10.3315	78.1048
Mettupatti	Tamil Nadu	624002	10.3898	77.82
Reddiapatti	Tamil Nadu	624003	10.3898	77.82
Dindigul Collectorate	Tamil Nadu	624004	10.3315	78.1048
Kovilur	Tamil Nadu	624005	10.3856	78.0454
Srinivasapuram	Tamil Nadu	624101	10.3898	77.82
Kumbur	Tamil Nadu	624103	10.6518	77.9789
Pallapatti	Tamil Nadu	624201	10.2082	78.2556
Poosaripatti	Tamil Nadu	624202	10.322	77.858
Iyyampalayam	Tamil Nadu	624204	10.3898	77.82
Ammapatti	Tamil Nadu	624206	10.4075	77.8788
Nilakottai H.O	Tamil Nadu	624208	10.4612	77.7787
Moolaiyar	Tamil Nadu	624210	10.2793	77.6285
Ayyankottai	Tamil Nadu	624211	10.2123	77.7609
Nadupatti	Tamil Nadu	624212	10.3898	77.82
Kottur	Tamil Nadu	624215	10.4922	77.9388
Kamanur	Tamil Nadu	624216	10.2901	77.6772
Pillayarnatham	Tamil Nadu	624219	10.2722	78.1358
Sandaiyur	Tamil Nadu	624220	10.0941	77.7406
Chinnalapatti	Tamil Nadu	624301	10.2848	77.9233
Chettiapatti	Tamil Nadu	624302	10.2771	77.9195
Alamarathupatti	Tamil Nadu	624303	10.3898	77.82
Kosavapatti	Tamil Nadu	624304	10.2372	78.1347
Madur	Tamil Nadu	624306	10.3594	78.077
Narasingapuram	Tamil Nadu	624307	10.3075	77.9702
Jothampatti	Tamil Nadu	624308	10.2505	78.1202
Reddiapatti	Tamil Nadu	624401	10.2522	78.1521
Kottaiyur	Tamil Nadu	624402	10.3195	78.3362
Pillayarnatham	Tamil Nadu	624403	10.2978	78.0752
Palani Bazaar	Tamil Nadu	624601	10.4656	77.7684
Balasamudram (Dindigul)	Tamil Nadu	624610	10.419	77.4992
Odaipatti	Tamil Nadu	624612	10.3898	77.82
Amarapundi	Tamil Nadu	624613	10.5031	77.7061
Periyakottai	Tamil Nadu	624614	10.3772	78.0486
Thamaraikulam	Tamil Nadu	624615	10.3898	77.82
Mettupatti	Tamil Nadu	624616	10.3898	77.82
Puliampatti	Tamil Nadu	624617	10.3898	77.82
Manur	Tamil Nadu	624618	10.5094	77.4829
Puduchatram	Tamil Nadu	624619	10.4223	77.8097
Alambadi	Tamil Nadu	624620	10.7409	78.0541
Andipatti	Tamil Nadu	624621	10.3898	77.82
Ammapatti	Tamil Nadu	624622	10.4075	77.8788
Attur	Tamil Nadu	624701	10.2876	77.852
Chittoor	Tamil Nadu	624702	10.5202	78.0467
Mallapuram	Tamil Nadu	624703	10.6814	78.0429
Valayapatti	Tamil Nadu	624704	10.3898	77.82
Konur	Tamil Nadu	624705	10.3609	77.8836
Kovilur	Tamil Nadu	624706	10.5958	78.0797
Sembatti	Tamil Nadu	624707	10.2806	77.8715
Sedapatti	Tamil Nadu	624708	10.3898	77.82
Agaram	Tamil Nadu	624709	10.4433	77.9485
Alagapuri	Tamil Nadu	624710	10.5987	77.9755
Kuttam	Tamil Nadu	624711	10.5788	77.9221
Chinnakkampatti	Tamil Nadu	624712	10.6284	77.8025
Puthur	Tamil Nadu	624801	10.3898	77.82
Vadamadurai	Tamil Nadu	624802	10.4408	78.0978
Keerathurai	Tamil Nadu	625001	9.9919	78.1647
Ma Race Course	Tamil Nadu	625002	9.921	78.0063
Palanganatham	Tamil Nadu	625003	9.9181	78.0807
Pasumalai	Tamil Nadu	625004	9.8961	78.0813
Harveypatti	Tamil Nadu	625005	9.8694	78.0664
Pandian Nagar	Tamil Nadu	625006	9.9919	78.1647
Denobli Press	Tamil Nadu	625007	9.9919	78.1647
Kappalur	Tamil Nadu	625008	9.8444	78.0164
Panaiyur	Tamil Nadu	625009	9.8762	78.1564
Jaihindpuram	Tamil Nadu	625011	9.9485	78.1616
Avanivapuram	Tamil Nadu	625012	9.9	78.1222
Chatrapatti	Tamil Nadu	625014	9.9996	78.1377
Thiagarajar Engg College	Tamil Nadu	625015	9.9485	78.1616
Arasaradi H.O	Tamil Nadu	625016	9.9234	78.0898
Anaiyur	Tamil Nadu	625017	9.9615	78.1118
Vilangudi	Tamil Nadu	625018	9.9458	78.0935
Erkudi Achampathu	Tamil Nadu	625019	9.9174	78.0546
Andarkottaram	Tamil Nadu	625020	9.907	78.1812
Palkalai Nagar	Tamil Nadu	625021	9.9266	78.0096
Nallur	Tamil Nadu	625022	9.7881	78.1355
Madras High Court Madurai Bench	Tamil Nadu	625023	9.8751	78.1488
Nattarmangalam	Tamil Nadu	625101	9.921	78.0063
Malampatti	Tamil Nadu	625102	10.07	78.4443
Chockalingapuram	Tamil Nadu	625103	9.921	78.0063
Kodikulam	Tamil Nadu	625104	9.921	78.0063
Arukkampatti	Tamil Nadu	625105	10.17	78.2949
Kilaiyur	Tamil Nadu	625106	10.0474	78.3841
Kathakinaru	Tamil Nadu	625107	9.9272	78.2389
Budamangalam	Tamil Nadu	625108	10.1029	78.3842
Alagichipatti	Tamil Nadu	625109	10.0086	78.3682
Poonjuthi	Tamil Nadu	625110	9.9549	78.3155
Poosaripatti	Tamil Nadu	625122	9.921	78.0063
Puliankulam	Tamil Nadu	625201	9.8771	78.1915
G.Kallupatti	Tamil Nadu	625203	9.8902	77.4394
Irumbadi	Tamil Nadu	625205	9.921	78.0063
Ayyankuruvithurai	Tamil Nadu	625207	9.921	78.0063
Sholavandan	Tamil Nadu	625214	10.0216	77.9609
Andipatti	Tamil Nadu	625218	9.9711	78.3267
Ayyankottai	Tamil Nadu	625221	9.921	78.0063
Kachirayiruppu	Tamil Nadu	625234	10.0062	78.1578
Lakshmipuram	Tamil Nadu	625301	10.0268	78.2231
Vayalur	Tamil Nadu	625402	9.921	78.0063
Alagapuri	Tamil Nadu	625501	10.0612	78.2364
Sendamangalam	Tamil Nadu	625503	10.139	78.1448
Ammapatti	Tamil Nadu	625512	10.0415	77.5244
Bodinayakanur H.O	Tamil Nadu	625513	9.8902	77.4394
Chettikulam	Tamil Nadu	625514	9.995	78.1462
Muthulapuram	Tamil Nadu	625515	9.8572	77.3779
Cumbum (Theni)	Tamil Nadu	625516	9.7365	77.2847
Athankaraipatti	Tamil Nadu	625517	9.963	77.5704
Gudalur	Tamil Nadu	625518	9.6783	77.2495
Highwavys	Tamil Nadu	625519	9.8902	77.4394
Dharmapuri	Tamil Nadu	625520	9.8967	77.4426
Kamayakoundanpatti	Tamil Nadu	625521	9.883	77.4043
Kombai	Tamil Nadu	625522	9.8475	77.296
Alagapuri	Tamil Nadu	625523	9.8112	77.4123
Melasindalachery	Tamil Nadu	625524	9.8658	77.2952
Periyar Project	Tamil Nadu	625525	9.883	77.4043
Anamalayanpatti	Tamil Nadu	625526	9.7885	77.3443
Sedapatti	Tamil Nadu	625527	9.921	78.0063
Nagalapuram	Tamil Nadu	625528	9.9448	77.4852
Thummagundu	Tamil Nadu	625529	9.921	78.0063
Sankarapuram	Tamil Nadu	625530	9.8902	77.4394
Allinagaram	Tamil Nadu	625531	10.0274	77.4782
Vadugapatti	Tamil Nadu	625532	9.921	78.0063
Hanumanthanpatti	Tamil Nadu	625533	9.807	77.3272
Gopalapuram	Tamil Nadu	625534	9.8902	77.4394
Mallapuram	Tamil Nadu	625535	9.8296	77.6713
Bodidasanpatti	Tamil Nadu	625536	10.0069	77.6451
Ayyanarkulam	Tamil Nadu	625537	9.921	78.0063
Odaipatti	Tamil Nadu	625540	9.8323	77.4433
C.Pudupatti	Tamil Nadu	625556	9.8902	77.4394
Rengasamudram	Tamil Nadu	625562	9.8902	77.4394
Moolakadai	Tamil Nadu	625579	9.8902	77.4394
Kottagudi	Tamil Nadu	625582	10.0789	77.2623
Vadagarai	Tamil Nadu	625601	9.8902	77.4394
Silvarpatti	Tamil Nadu	625602	9.8994	77.2904
Vadugapatti	Tamil Nadu	625603	9.8902	77.4394
Endapuli	Tamil Nadu	625604	10.1197	77.6089
Agamalai	Tamil Nadu	625605	10.1094	77.4216
Odaipatti	Tamil Nadu	625701	9.921	78.0063
M.Pudupatti	Tamil Nadu	625702	9.921	78.0063
Sandaiyur	Tamil Nadu	625703	9.921	78.0063
T.Pudupatti	Tamil Nadu	625704	9.921	78.0063
Palaiyur	Tamil Nadu	625705	9.9528	78.3088
Alampatti	Tamil Nadu	625706	10.1216	78.3089
Lalapuram	Tamil Nadu	625707	9.7544	77.9701
Pappanaickenpatti	Tamil Nadu	625708	9.7544	77.9701
Kamaraj Nagar	Tamil Nadu	626001	9.4841	77.9427
Chatrareddiapatti	Tamil Nadu	626002	9.4841	77.9427
Inamreddiapatti	Tamil Nadu	626003	9.4841	77.9427
Kullursandai	Tamil Nadu	626004	9.4825	78.0053
Vellur	Tamil Nadu	626005	9.4841	77.9427
Aruppukottai Bazzar	Tamil Nadu	626101	9.5287	78.1321
Ramalingapuram	Tamil Nadu	626102	9.4825	78.0053
Pudukottai	Tamil Nadu	626103	9.4841	77.9427
Kalkurichi	Tamil Nadu	626104	9.6307	78.0971
Kallurani	Tamil Nadu	626105	9.4694	78.1625
Allalaperi	Tamil Nadu	626106	9.6498	78.1797
Kovilangulam	Tamil Nadu	626107	9.5287	78.1321
Chockalingapuram	Tamil Nadu	626108	9.4841	77.9427
Alagianallur	Tamil Nadu	626109	9.5287	78.1321
Melapattamkarisalkulam	Tamil Nadu	626110	9.443	77.8389
Puthur	Tamil Nadu	626111	9.4775	77.6896
Vellayapuram	Tamil Nadu	626112	9.443	77.8389
Koppusithampatti	Tamil Nadu	626113	9.443	77.8389
Sengulam	Tamil Nadu	626114	9.3303	78.2914
Aviyur	Tamil Nadu	626115	9.7403	78.1007
Seshapuram	Tamil Nadu	626116	9.443	77.8389
Pudupalayam (Virudhunagar)	Tamil Nadu	626117	9.443	77.8389
Vedanatham	Tamil Nadu	626118	9.4224	78.219
Muthulapuram	Tamil Nadu	626119	9.3733	77.5853
Devadanam	Tamil Nadu	626121	9.3859	77.4622
Settiyarpatti	Tamil Nadu	626122	9.3935	77.4935
Sivakasi Bazzar	Tamil Nadu	626123	9.4867	77.8778
Anaiyur	Tamil Nadu	626124	9.4841	77.9427
Meenakshipuram	Tamil Nadu	626125	9.5127	77.6337
Kunnur South	Tamil Nadu	626126	9.4867	77.8778
Lakshmipuram	Tamil Nadu	626127	9.3859	78.049
Subramaniapuram	Tamil Nadu	626128	9.4867	77.8778
Panaiyur	Tamil Nadu	626129	9.5044	78.2365
Alamarathupatti	Tamil Nadu	626130	9.4721	77.8409
Edirkottai	Tamil Nadu	626131	9.3772	77.727
Sethunarayanapuram	Tamil Nadu	626132	9.6364	77.6388
Kansapuram	Tamil Nadu	626133	9.6302	77.6018
Chettikurichi	Tamil Nadu	626134	9.4135	78.0546
Athikulam	Tamil Nadu	626135	9.4505	77.7881
Gopalapuram	Tamil Nadu	626136	9.3633	77.6237
Achanthavirthan	Tamil Nadu	626137	9.4505	77.7881
Mangalam	Tamil Nadu	626138	9.4841	77.9427
Cholapuram South	Tamil Nadu	626139	9.3679	77.5731
Sevalpatti	Tamil Nadu	626140	9.6643	78.0978
Appayanaickenpatti	Tamil Nadu	626141	9.4508	77.6358
Krishnapuram	Tamil Nadu	626142	9.4216	77.5737
Kottaiyur	Tamil Nadu	626149	9.6498	77.7001
Athipatti	Tamil Nadu	626161	9.4667	77.8638
Dhalavaipuram	Tamil Nadu	626188	9.2927	77.7657
Mudalipatti	Tamil Nadu	626189	9.4841	77.9427
Karisalpatti	Tamil Nadu	626201	9.4841	77.9427
Chockalingapuram	Tamil Nadu	626202	9.4841	77.9427
Venkatachalapuram	Tamil Nadu	626203	9.4099	77.6319
Pudupatti	Tamil Nadu	626204	9.4841	77.9427
Karuppur	Tamil Nadu	626205	8.8908	78.0044
Alagapuri	Tamil Nadu	626607	9.68	78.2597
Dharmam	Tamil Nadu	626612	9.5918	78.3497
Kailasapuram (Tirunelveli)	Tamil Nadu	627001	8.7987	77.542
Kulavanickerpuram	Tamil Nadu	627002	8.7987	77.542
Vannarpettai	Tamil Nadu	627003	8.7987	77.542
Tirunelveli Pettai	Tamil Nadu	627004	8.7236	77.6625
Melapalayam (Tirunelveli)	Tamil Nadu	627005	8.7008	77.7066
Kunnathur	Tamil Nadu	627006	8.7987	77.542
Jawahar Nagar (Tirunelveli)	Tamil Nadu	627007	8.7987	77.542
Gandhinagar (Tirunelveli)	Tamil Nadu	627008	8.7987	77.542
Tirunelveli Collectorate	Tamil Nadu	627009	8.7987	77.542
Kallur	Tamil Nadu	627010	8.726	77.5962
Krishnapuram	Tamil Nadu	627011	8.6874	77.8008
Vellalankulam	Tamil Nadu	627012	8.7681	77.6267
Rajakkamangalam	Tamil Nadu	627101	8.7987	77.542
Puliyurkurichi	Tamil Nadu	627102	8.4553	77.5869
Eruvadi	Tamil Nadu	627103	8.4439	77.6044
Idindakarai	Tamil Nadu	627104	8.1772	77.7431
Kavalkinaru	Tamil Nadu	627105	8.3854	77.5778
Erukkanthurai	Tamil Nadu	627106	8.7987	77.542
Mavadi	Tamil Nadu	627107	8.4309	77.6714
Surangudi	Tamil Nadu	627108	8.7987	77.542
Pushpavanam	Tamil Nadu	627109	8.7987	77.542
Pappankulam	Tamil Nadu	627110	8.4628	77.7584
Chidamabarapuram	Tamil Nadu	627111	8.2443	77.6797
Duraikudiyiruppu	Tamil Nadu	627112	8.349	77.6797
A Thirumalapuram	Tamil Nadu	627113	8.4037	77.6871
Jacobpuram	Tamil Nadu	627114	8.2068	77.6014
Nambithalaivanpattaiyam	Tamil Nadu	627115	8.4365	77.5657
Danakkarkulam	Tamil Nadu	627116	8.2455	77.6486
Anaikulam	Tamil Nadu	627117	9.0079	77.4532
Sankankulam	Tamil Nadu	627118	8.4467	77.8308
Vijayanarayanam Naval Base	Tamil Nadu	627119	8.4037	77.6871
Anuvijay Township	Tamil Nadu	627120	8.7987	77.542
Kannankulam	Tamil Nadu	627127	8.1502	77.5914
Perungudi	Tamil Nadu	627133	8.2792	77.6031
A. Sathankulam	Tamil Nadu	627151	8.5998	77.7348
Sengulam	Tamil Nadu	627152	8.6161	77.6718
Manur	Tamil Nadu	627201	8.8547	77.655
Vagaikulam	Tamil Nadu	627202	8.7258	77.4396
Marudur	Tamil Nadu	627351	8.7586	77.8126
Gangaikondan	Tamil Nadu	627352	8.8579	77.7802
Kizhanatham	Tamil Nadu	627353	8.738	77.746
Alwaneri	Tamil Nadu	627354	8.534	77.7473
Ramakrishnapuram	Tamil Nadu	627355	8.4669	77.7929
Karungulam	Tamil Nadu	627356	8.6919	77.704
Karaiyiruppu	Tamil Nadu	627357	8.7638	77.7178
Azhaganeri	Tamil Nadu	627358	9.0617	77.6974
Palamadai	Tamil Nadu	627359	8.8539	77.6828
Ambasamudram Angadi	Tamil Nadu	627401	8.8359	77.5981
Alwarkurichi	Tamil Nadu	627412	8.9974	77.641
Rengasamudram	Tamil Nadu	627413	8.9974	77.641
Karisalpatti	Tamil Nadu	627414	8.6085	77.5861
Servaikaranpatti	Tamil Nadu	627415	8.7987	77.542
Kottaitheru	Tamil Nadu	627416	8.6979	77.4991
Karaikurichi (Tirunelveli)	Tamil Nadu	627417	8.6794	77.5533
Ayanthiruvaleeswaram	Tamil Nadu	627418	8.9974	77.641
Manjolai	Tamil Nadu	627420	8.6747	77.5439
Aladiyur	Tamil Nadu	627421	8.6805	77.4285
Papanasam Mills	Tamil Nadu	627422	8.6747	77.5439
Pappankulam	Tamil Nadu	627423	8.8107	77.7635
Govindaperi	Tamil Nadu	627424	8.6747	77.5439
Tana	Tamil Nadu	627425	8.4766	77.4896
Attalanallur	Tamil Nadu	627426	8.7205	77.492
Kothayarmel Thangal	Tamil Nadu	627427	8.6747	77.5439
Agasthiyarpatti	Tamil Nadu	627428	8.6747	77.5439
Gopalasamudram	Tamil Nadu	627451	8.6747	77.6379
Melaseval	Tamil Nadu	627452	8.6736	77.6112
Karisulthamangalam	Tamil Nadu	627453	8.6726	77.5845
Pathai	Tamil Nadu	627501	8.5142	77.5601
Devanallur	Tamil Nadu	627502	8.5486	77.5951
Mukkudal	Tamil Nadu	627601	8.7431	77.5225
Idaikal	Tamil Nadu	627602	9.0361	77.3369
Vadakku Ariyanayagipuram Petta	Tamil Nadu	627603	8.9144	77.6748
Narasinganallur	Tamil Nadu	627604	8.7004	77.6535
Kuttam	Tamil Nadu	627651	8.3202	77.9384
Alagappapuram	Tamil Nadu	627652	8.4098	77.8464
Anaikarai	Tamil Nadu	627654	8.4471	77.6237
Kumarapuram	Tamil Nadu	627657	8.344	77.8366
Ilyarasanendal	Tamil Nadu	627713	9.2397	77.7268
Alagapuri	Tamil Nadu	627719	8.7987	77.542
Mangalapuram	Tamil Nadu	627751	8.7987	77.542
Manalur	Tamil Nadu	627753	9.2259	77.5524
Vagaikulam	Tamil Nadu	627754	8.7258	77.4396
Nagaram	Tamil Nadu	627755	8.7987	77.542
Sankarankovil Bazaar	Tamil Nadu	627756	8.7987	77.542
Vadugapatti	Tamil Nadu	627757	9.3224	77.4662
Ariyur	Tamil Nadu	627758	9.2129	77.4673
Krishnapuram (TVL)	Tamil Nadu	627759	8.7987	77.542
Gudalur	Tamil Nadu	627760	9.2745	77.4592
Panaiyur	Tamil Nadu	627761	9.2602	77.4943
Duraisamypuram	Tamil Nadu	627764	9.3037	77.4475
Courtallam	Tamil Nadu	627802	8.9303	77.2695
Achanpudur	Tamil Nadu	627803	8.9914	77.2946
Idaikal(TKS)	Tamil Nadu	627804	9.3158	77.6803
Ayyapuram	Tamil Nadu	627805	8.7987	77.542
Kilapavur	Tamil Nadu	627806	9.3158	77.6803
Karisalkudiyiruppu	Tamil Nadu	627807	9.0214	77.2502
Adaikalapattinam	Tamil Nadu	627808	8.8652	77.3666
Melur	Tamil Nadu	627809	8.5481	77.591
Tenkasi H.O	Tamil Nadu	627811	8.7987	77.542
Vadakarai (Tirunelveli)	Tamil Nadu	627812	9.1304	77.6944
Karkudi	Tamil Nadu	627813	8.7987	77.542
Ayiraperi	Tamil Nadu	627814	8.7987	77.542
Melagaram	Tamil Nadu	627818	8.7987	77.542
Pudur	Tamil Nadu	627851	9.2752	77.5627
Ayikudi	Tamil Nadu	627852	9.0032	77.3449
Ayyanarkulam	Tamil Nadu	627853	8.7987	77.542
Venkateswarapuram	Tamil Nadu	627854	8.7987	77.542
Chinthamani	Tamil Nadu	627855	9.1749	77.398
Poigai	Tamil Nadu	627856	9.0336	77.388
Valasai	Tamil Nadu	627857	8.7987	77.542
Sundapandiapuram	Tamil Nadu	627858	9.0878	77.6881
Anaikulam	Tamil Nadu	627859	9.0079	77.4532
Karuvanda	Tamil Nadu	627860	8.7987	77.542
Vadi	Tamil Nadu	627861	8.7987	77.542
Ariyanayagipuram	Tamil Nadu	627862	8.7987	77.542
Chocknatchiapuram	Tamil Nadu	627951	8.9619	77.6356
Balapadraramapuram	Tamil Nadu	627953	8.9619	77.6356
Cruz Fernandespuram	Tamil Nadu	628001	8.4083	78.0591
Alagesapuram	Tamil Nadu	628002	8.7481	78.0333
C.G.S. Colony	Tamil Nadu	628003	8.5782	78.0462
Tt. Thermal Power Plant	Tamil Nadu	628004	8.5782	78.0462
Athimarapatti	Tamil Nadu	628005	8.5782	78.0462
Thermal Nagagr	Tamil Nadu	628006	8.5782	78.0462
Heavy Water Project Colony	Tamil Nadu	628007	8.5782	78.0462
Chidambaranagar	Tamil Nadu	628008	8.5782	78.0462
Korampollam	Tamil Nadu	628101	8.8908	78.0044
Mudittanendal	Tamil Nadu	628102	8.7211	77.9935
Pudukottai	Tamil Nadu	628103	8.8908	78.0044
Chockalingapuram	Tamil Nadu	628104	8.8908	78.0044
Duraisamypuram	Tamil Nadu	628105	9.5139	78.308
Sendamangalam	Tamil Nadu	628151	8.8908	78.0044
Agaram	Tamil Nadu	628152	8.6582	78.0737
Kanam	Tamil Nadu	628201	8.5425	78.0574
Kandasamypuram	Tamil Nadu	628202	8.569	78.0981
Kalankudiyiruppu	Tamil Nadu	628203	8.4356	78.029
Kayalpatnam	Tamil Nadu	628204	8.5714	78.1199
Subramaniapuram	Tamil Nadu	628205	8.4942	78.0686
Alanthalai	Tamil Nadu	628206	8.3988	78.052
Nallur	Tamil Nadu	628207	8.5851	78.0562
Manaduthandapathu	Tamil Nadu	628208	8.5098	78.0641
Manapad	Tamil Nadu	628209	8.3773	78.0563
Lakshmipuram	Tamil Nadu	628210	8.5827	78.0354
Idaiyanvilai	Tamil Nadu	628211	8.5785	78.0317
Panickanadarkudiyiruppu	Tamil Nadu	628212	8.5999	78.0695
Kuthiraimozhi	Tamil Nadu	628213	8.4785	78.0465
Amalinagar	Tamil Nadu	628215	8.5999	78.0695
Virapandianpatanam	Tamil Nadu	628216	8.5999	78.0695
Adaikalapuram	Tamil Nadu	628217	8.4062	77.9734
Jerusalempatnam	Tamil Nadu	628218	8.5372	78.0568
Pitchivilai	Tamil Nadu	628219	8.4692	78.0388
Sahupuram	Tamil Nadu	628229	8.5639	78.0469
Subramaniapuram	Tamil Nadu	628251	8.6098	78.0005
Kaliyavoor	Tamil Nadu	628252	8.7064	77.8217
Kandasamypuram	Tamil Nadu	628301	8.8908	78.0044
Kollankinar	Tamil Nadu	628302	8.9	77.9392
Naraikinar	Tamil Nadu	628303	8.8281	77.864
Keelatattaparai	Tamil Nadu	628304	8.9427	77.8177
Akilandapuram	Tamil Nadu	628401	8.8908	78.0044
Jambulingapuram	Tamil Nadu	628402	8.9702	77.9406
Kovilpatti H.O	Tamil Nadu	628501	8.8908	78.0044
Uthupatti	Tamil Nadu	628502	8.8908	78.0044
Alampatti	Tamil Nadu	628503	8.8908	78.0044
Chettikurichi	Tamil Nadu	628552	8.8908	78.0044
Srivaikuntam H.O	Tamil Nadu	628601	8.5768	77.8769
Alwarthope West	Tamil Nadu	628612	8.5957	77.959
Puliankulam	Tamil Nadu	628613	8.5121	77.8794
Campbellabad	Tamil Nadu	628614	8.545	77.8664
Karungulam	Tamil Nadu	628615	8.6405	77.8517
Mukuperi	Tamil Nadu	628616	8.545	77.8664
Thailapuram	Tamil Nadu	628617	8.4895	77.8434
Katchanavilai	Tamil Nadu	628618	8.545	77.8664
Manakarai	Tamil Nadu	628619	8.6599	77.8655
Perur	Tamil Nadu	628620	8.6417	77.9468
Velur	Tamil Nadu	628621	9.1675	77.7382
Kalvoy	Tamil Nadu	628622	8.5755	77.8111
Kurangani	Tamil Nadu	628623	8.6177	77.9959
Naduvakurichi	Tamil Nadu	628653	8.3718	77.9141
Idaichivilai	Tamil Nadu	628656	8.4205	77.948
Chettikulam	Tamil Nadu	628701	8.6629	78.0223
Subramaniapuram	Tamil Nadu	628702	8.4269	77.948
Alagappapuram	Tamil Nadu	628703	8.5913	78.0491
Nedungulam	Tamil Nadu	628704	9.0656	78.2424
Adanur	Tamil Nadu	628712	9.0089	78.085
Kottali	Tamil Nadu	628714	8.908	77.8416
Idaiseval	Tamil Nadu	628716	9.0885	77.809
Meenakshipuram	Tamil Nadu	628718	9.1347	77.831
Koppampatti	Tamil Nadu	628720	8.8908	78.0044
Alagappapuram	Tamil Nadu	628721	8.5913	78.0491
Vedanatham	Tamil Nadu	628722	8.9299	78.0872
Nattathi	Tamil Nadu	628751	8.653	77.9975
Perungulam (Tuticorin)	Tamil Nadu	628752	8.6413	77.9985
Sivagalai	Tamil Nadu	628753	8.6491	77.9978
Eral	Tamil Nadu	628801	8.6258	78.0228
Maramangalam	Tamil Nadu	628802	8.6539	78.0615
Anavaradanallur	Tamil Nadu	628809	8.6885	77.8262
Pudupatti	Tamil Nadu	628851	8.8908	78.0044
Ariyanayagipuram	Tamil Nadu	628901	9.0908	78.2913
Muthulapuram	Tamil Nadu	628902	8.8908	78.0044
Kilavaippar	Tamil Nadu	628903	9.0239	78.2467
Duraisamypuram	Tamil Nadu	628904	8.8908	78.0044
Pudur	Tamil Nadu	628905	9.2917	78.1385
Periyasamipuram	Tamil Nadu	628906	9.0815	78.3633
Ramachandrapuram	Tamil Nadu	628907	9.1627	78.2421
Sholapuram	Tamil Nadu	628908	8.8908	78.0044
Athikulam	Tamil Nadu	628952	9.3266	78.1336
Catherin Booth Hospital	Tamil Nadu	629001	8.171	77.4982
Edalakudy	Tamil Nadu	629002	8.1632	77.4319
Parvathipuram	Tamil Nadu	629003	8.1671	77.465
Erumbukadu	Tamil Nadu	629004	8.1671	77.465
Alancholai	Tamil Nadu	629101	8.4393	77.3313
Kodayarkilthangal	Tamil Nadu	629102	8.4393	77.3313
Karod	Tamil Nadu	629151	8.3707	77.2328
Cheruvallur	Tamil Nadu	629152	8.3069	77.3614
Adaikkakuzhi	Tamil Nadu	629153	8.3069	77.3614
Kanjampuram	Tamil Nadu	629154	8.3069	77.3614
Kanjiracode	Tamil Nadu	629155	8.3069	77.3614
Kappiyarai	Tamil Nadu	629156	8.3069	77.3614
Mangarai	Tamil Nadu	629157	8.3069	77.3614
Eravipudurkadai	Tamil Nadu	629158	8.3069	77.3614
Alanchi	Tamil Nadu	629159	8.1972	77.2358
Fathima Nagar	Tamil Nadu	629160	8.3099	77.2568
Manalodai	Tamil Nadu	629161	8.3069	77.3614
Irenipuram	Tamil Nadu	629162	8.3099	77.2568
Kuzhithurai	Tamil Nadu	629163	8.3179	77.1919
Kumarapuram	Tamil Nadu	629164	8.2922	77.3215
Gnaramvilai	Tamil Nadu	629165	8.3081	77.2214
Chemparuthivilai	Tamil Nadu	629166	8.3099	77.2568
Alagiamandapam	Tamil Nadu	629167	8.3099	77.2568
Anducode	Tamil Nadu	629168	8.3099	77.2568
Kanjikuzhi	Tamil Nadu	629169	8.2683	77.2513
Alampara	Tamil Nadu	629170	8.3403	77.3452
Elavuvilai	Tamil Nadu	629171	8.3403	77.3452
Methukummal	Tamil Nadu	629172	8.3403	77.3452
Painkulam	Tamil Nadu	629173	8.3403	77.3452
Keralapuram	Tamil Nadu	629174	8.3403	77.3452
Puliyurkurichi	Tamil Nadu	629175	8.3069	77.3614
Poothurai	Tamil Nadu	629176	8.3403	77.3452
Attur	Tamil Nadu	629177	8.3224	77.2558
Mangalakunnu	Tamil Nadu	629178	8.3403	77.3452
Unnamalakada	Tamil Nadu	629179	8.3403	77.3452
Manakarai	Tamil Nadu	629180	8.2215	77.3611
Enayam	Tamil Nadu	629193	8.4393	77.3313
Anandanadarkudy	Tamil Nadu	629201	8.1256	77.3203
Azhikkal	Tamil Nadu	629202	8.1256	77.3203
Friday Market	Tamil Nadu	629203	8.1256	77.3203
Kalpadi	Tamil Nadu	629204	8.3069	77.3614
Colachel	Tamil Nadu	629251	8.1794	77.2582
Azhakamparai	Tamil Nadu	629252	8.1478	77.3055
Kumarapuram	Tamil Nadu	629301	8.1769	77.5047
Ramapuram	Tamil Nadu	629302	8.1964	77.477
Anjugramam	Tamil Nadu	629401	8.1544	77.5781
Marungoor	Tamil Nadu	629402	8.1721	77.5037
Kulasekharapuram	Tamil Nadu	629403	8.1437	77.4957
Eathamozhi	Tamil Nadu	629501	8.115	77.41
Ganapathipuram	Tamil Nadu	629502	8.3069	77.3614
Pallam	Tamil Nadu	629601	8.0991	77.4344
Melamanakudy	Tamil Nadu	629602	8.0991	77.4344
Agasteeswaram	Tamil Nadu	629701	8.1546	77.493
Vivekanandapuram	Tamil Nadu	629702	8.0997	77.5411
Kottaram	Tamil Nadu	629703	8.2081	77.4503
Nallur	Tamil Nadu	629704	8.1661	77.4769
Aloor	Tamil Nadu	629801	8.202	77.3469
Alancode	Tamil Nadu	629802	8.202	77.3469
Bethelpuram	Tamil Nadu	629803	8.202	77.3469
Chemponvilai	Tamil Nadu	629804	8.202	77.3469
Karankad	Tamil Nadu	629809	8.2011	77.3461
Kandanvilai	Tamil Nadu	629810	8.2068	77.3281
Andirapuram	Tamil Nadu	629851	8.3113	77.4262
Bhoothapandy	Tamil Nadu	629852	8.3113	77.4262
Erachakulam	Tamil Nadu	629901	8.231	77.4331
Kallukatti	Tamil Nadu	630001	10.0582	78.7645
Karaikudi Southstreet	Tamil Nadu	630002	10.0801	78.7782
Alagappapuram	Tamil Nadu	630003	9.9151	78.5987
Devakottai Road	Tamil Nadu	630005	9.9151	78.5987
Attangudi	Tamil Nadu	630101	10.1403	78.6648
Chettinad	Tamil Nadu	630102	10.12	78.7938
Kanadukathan	Tamil Nadu	630103	10.1721	78.7794
Kandanur	Tamil Nadu	630104	10.1037	78.8254
Lakshmipuram	Tamil Nadu	630105	10.1856	78.8044
Kottaiyur	Tamil Nadu	630106	10.1096	78.7956
Vadagudi	Tamil Nadu	630107	10.1461	78.8031
Periakottai	Tamil Nadu	630108	10.0514	78.8387
A.Thekkur	Tamil Nadu	630201	9.982	78.6934
Ariyakudi	Tamil Nadu	630202	9.9151	78.5987
Velangudi	Tamil Nadu	630203	10.2067	78.5944
Pattamangalam	Tamil Nadu	630204	10.0477	78.6091
Avanipatti	Tamil Nadu	630205	9.982	78.6934
Koratti	Tamil Nadu	630206	9.9151	78.5987
Athikaram	Tamil Nadu	630207	10.0783	78.6688
O.Siruvayal	Tamil Nadu	630208	10.1356	78.7239
M.Pudur	Tamil Nadu	630210	10.0864	78.5783
Alampatti	Tamil Nadu	630211	10.1259	78.5347
Iraniyur	Tamil Nadu	630212	10.1771	78.6256
Amaravathipudur	Tamil Nadu	630301	10.1639	78.5877
Devakottai H.O	Tamil Nadu	630302	10.1639	78.5877
Kannangudi	Tamil Nadu	630303	9.9151	78.5987
Kilapungudi	Tamil Nadu	630305	9.9906	78.6873
Kallupatti (Sivaganga)	Tamil Nadu	630306	10.1639	78.5877
Kovilur	Tamil Nadu	630307	10.081	78.7448
Karisalpatti	Tamil Nadu	630309	9.9151	78.5987
Pavanakottai	Tamil Nadu	630311	9.9174	78.7746
Kiliyur	Tamil Nadu	630312	9.8221	78.8549
Chockanathapuram	Tamil Nadu	630313	9.9989	78.6317
Kandadevi	Tamil Nadu	630314	9.9752	78.8254
A.Karungulam	Tamil Nadu	630321	10.0939	78.6439
Tuvar	Tamil Nadu	630405	10.2397	78.5721
Vilangattur	Tamil Nadu	630408	9.8329	78.8205
Kattukudipatti	Tamil Nadu	630410	10.3055	78.4928
Kumaravelur	Tamil Nadu	630411	9.8159	78.727
Kalapur	Tamil Nadu	630501	9.9151	78.5987
Kannamangalapatti	Tamil Nadu	630502	10.2161	78.4238
Marathur	Tamil Nadu	630551	9.8555	78.5009
Kilapungudi	Tamil Nadu	630552	9.8555	78.5009
Alagamanagiri	Tamil Nadu	630553	10.0035	78.5051
Mangalam (Sivaganga)	Tamil Nadu	630554	9.675	78.4947
Panangudi	Tamil Nadu	630555	9.8378	78.5502
Alagapuri	Tamil Nadu	630556	9.9607	78.5502
Sholapuram	Tamil Nadu	630557	9.9151	78.5987
Nagarampatti	Tamil Nadu	630558	9.9578	78.5579
Kallurani	Tamil Nadu	630559	9.8082	78.3672
Bosenagar (Sivaganga)	Tamil Nadu	630561	9.9151	78.5987
Pillur	Tamil Nadu	630562	9.9151	78.5987
Eriyur	Tamil Nadu	630566	10.0441	78.5118
Idaikattur	Tamil Nadu	630602	9.8282	78.286
Kannar Street	Tamil Nadu	630606	9.8282	78.286
Chinnakannanur	Tamil Nadu	630609	9.8282	78.286
Kanur	Tamil Nadu	630610	9.8054	78.3381
Allinagaram	Tamil Nadu	630611	9.793	78.2437
Ambalathadi	Tamil Nadu	630612	9.9151	78.5987
Kottaiyur	Tamil Nadu	630702	10.1096	78.7956
Kannamangalam	Tamil Nadu	630709	9.9151	78.5987
Sathanur	Tamil Nadu	630710	9.9773	78.5932
Akkavayal	Tamil Nadu	630713	9.6968	78.7508
Arakkonam H.O	Tamil Nadu	631001	13.0633	79.645
Ammanur	Tamil Nadu	631002	13.0651	79.653
Mudur	Tamil Nadu	631003	13.152	79.686
Kavanur	Tamil Nadu	631004	13.1058	79.6907
Winterpet	Tamil Nadu	631005	13.0633	79.645
Ins Rajali	Tamil Nadu	631006	13.0633	79.645
Sendamangalam	Tamil Nadu	631051	12.9862	79.6782
Karnavur	Tamil Nadu	631052	12.9664	79.5236
Guruvarajpet	Tamil Nadu	631101	13.0939	79.5789
Ayipedu	Tamil Nadu	631102	13.0354	79.4467
Arigilapadi	Tamil Nadu	631151	13.0315	79.753
Suraksha Cisf Campus	Tamil Nadu	631152	13.0315	79.753
Arungolam	Tamil Nadu	631201	13.2431	79.94
Konasamudram	Tamil Nadu	631202	13.2721	79.4592
Pandur	Tamil Nadu	631203	13.1556	79.8488
Ramapuram	Tamil Nadu	631204	13.1536	79.4209
Mambakkam	Tamil Nadu	631205	13.1433	79.5516
Ramasamudram	Tamil Nadu	631206	13.2279	79.5156
Kolathur	Tamil Nadu	631207	13.2431	79.94
Perumanallur	Tamil Nadu	631208	13.2431	79.94
Srinivasapuram	Tamil Nadu	631209	13.2237	79.5835
Mannur	Tamil Nadu	631210	13.2431	79.94
Karthikeyapuram	Tamil Nadu	631211	13.0989	79.7233
Nallathur	Tamil Nadu	631212	13.0989	79.7233
Alamelumangapuram	Tamil Nadu	631213	13.2431	79.94
Ammavarikuppam	Tamil Nadu	631301	13.1779	79.4128
Rangapuram	Tamil Nadu	631302	13.1448	79.3977
Adivaragapuram	Tamil Nadu	631303	13.1426	79.4577
Rajanagaram	Tamil Nadu	631304	13.1847	79.4291
Narasingapuram	Tamil Nadu	631402	12.6952	79.9479
Kanchipuram Collectorate	Tamil Nadu	631501	12.6207	79.6513
Perumanallur	Tamil Nadu	631502	12.6952	79.9479
Krishnapuram	Tamil Nadu	631551	12.8696	79.7195
Karai	Tamil Nadu	631552	12.8818	79.7242
Purisai	Tamil Nadu	631553	12.9866	79.7497
Vedal	Tamil Nadu	631561	12.7685	79.7318
Muthialpet	Tamil Nadu	631601	12.6952	79.9479
Arpakkam	Tamil Nadu	631603	12.7342	79.7621
Kunnam	Tamil Nadu	631604	12.8885	79.87
Asoor	Tamil Nadu	631605	12.6952	79.9479
Madhur	Tamil Nadu	631606	12.7525	79.8573
Mathur	Tamil Nadu	631701	12.4311	79.1677
Pudupalayam	Tamil Nadu	631702	12.4311	79.1677
Kasba (Vellore)	Tamil Nadu	632001	12.7779	79.1353
Sembedu	Tamil Nadu	632002	12.8031	79.383
Vellore Collectorate	Tamil Nadu	632004	12.7779	79.1353
Gandhinagar (Vellore)	Tamil Nadu	632006	12.7779	79.1353
Pallikuppam	Tamil Nadu	632007	12.8591	78.8899
Shenbakkam	Tamil Nadu	632008	12.7779	79.1353
Rangapuram	Tamil Nadu	632009	12.8485	78.8705
Abdullapuram	Tamil Nadu	632010	13.0318	79.2586
Nelvoy	Tamil Nadu	632011	13.0318	79.2586
Kagithapattarai	Tamil Nadu	632012	13.0318	79.2586
Karugambathur	Tamil Nadu	632013	13.0318	79.2586
Bramhapuram	Tamil Nadu	632014	13.0318	79.2586
Ariyur (Vellore)	Tamil Nadu	632055	12.8123	79.0104
Munjurpattu	Tamil Nadu	632057	12.8123	79.0104
Kattuputhur	Tamil Nadu	632058	12.8123	79.0104
Christianpet	Tamil Nadu	632059	12.8123	79.0104
Unai	Tamil Nadu	632101	12.8805	78.9749
Nagalur	Tamil Nadu	632102	12.8123	79.0104
Eriyur	Tamil Nadu	632103	12.8123	79.0104
Kothamangalam	Tamil Nadu	632104	12.8123	79.0104
Budur	Tamil Nadu	632105	12.9543	78.9367
Serkadu	Tamil Nadu	632106	13.017	79.2101
Chinnapallikuppam	Tamil Nadu	632107	12.7617	78.8351
Chinnapalampakkam	Tamil Nadu	632113	12.8123	79.0104
Poigai	Tamil Nadu	632114	12.8123	79.0104
Thiruvalluvar University	Tamil Nadu	632115	12.8123	79.0104
Kilvayathinankuppam	Tamil Nadu	632201	12.9351	79.1865
Tirumani	Tamil Nadu	632202	12.8123	79.0104
Melmankuppam	Tamil Nadu	632203	12.9351	79.1865
Angarankuppam	Tamil Nadu	632204	12.9351	79.1865
Machanur	Tamil Nadu	632209	12.9648	78.9659
Arni Fort	Tamil Nadu	632301	12.6349	79.3112
Kulathur	Tamil Nadu	632311	12.4311	79.1677
Kattazhambattu	Tamil Nadu	632312	12.8123	79.0104
Indiravanam	Tamil Nadu	632313	12.5406	79.3596
Agraharapalayam	Tamil Nadu	632314	12.7137	79.2258
Puthur	Tamil Nadu	632315	12.595	79.6801
Nesal	Tamil Nadu	632316	12.6275	79.3079
Adanur	Tamil Nadu	632317	12.7112	79.3119
Mambakkam	Tamil Nadu	632318	12.679	79.3972
Mottakkal	Tamil Nadu	632319	12.7732	79.1842
Thatchur	Tamil Nadu	632326	12.4311	79.1677
Navalpur	Tamil Nadu	632401	12.934	79.335
Ranipet Industrial Estate	Tamil Nadu	632403	12.9474	79.317
Karai	Tamil Nadu	632404	12.9377	79.3163
Ekambaranallur	Tamil Nadu	632405	12.9707	79.3116
Bhel Ranipet	Tamil Nadu	632406	12.9474	79.317
Katrambakkam	Tamil Nadu	632501	12.9889	79.4113
Kattupakkam	Tamil Nadu	632502	13.028	79.5405
Arcot	Tamil Nadu	632503	12.9057	79.319
Damarapakkam	Tamil Nadu	632504	12.7612	79.3087
Ayal	Tamil Nadu	632505	13.0462	79.4617
Agaram	Tamil Nadu	632506	12.7741	79.4091
Venkatapuram	Tamil Nadu	632507	13.0269	79.2555
Seri	Tamil Nadu	632508	12.9374	79.4663
Ayilam	Tamil Nadu	632509	12.8788	79.2582
Gudalur	Tamil Nadu	632510	13.0896	79.5155
Brammadesam	Tamil Nadu	632511	12.8417	79.4733
Puthur	Tamil Nadu	632512	12.595	79.6801
Poondi	Tamil Nadu	632513	12.9076	79.3763
Thengal	Tamil Nadu	632514	12.9472	79.2786
Gugainallore	Tamil Nadu	632515	12.9825	79.2661
Kuppireddithangal	Tamil Nadu	632516	13.0718	79.2264
Melakuppam	Tamil Nadu	632517	12.8123	79.0104
Panaiyur	Tamil Nadu	632518	12.8123	79.0104
Ammundi	Tamil Nadu	632519	12.9865	79.2505
Kokkeri	Tamil Nadu	632520	12.8123	79.0104
Tajpura	Tamil Nadu	632521	12.3137	78.6829
Kalathur	Tamil Nadu	632531	12.4922	78.6148
Sevur	Tamil Nadu	632601	12.9555	78.8531
Bhuvaneswaripet	Tamil Nadu	632602	12.8417	78.8582
Paradarami	Tamil Nadu	632603	12.7948	79.3166
Agraharam	Tamil Nadu	632604	12.8449	78.8909
Dowlatabad	Tamil Nadu	635001	12.5758	78.2512
Agraharam	Tamil Nadu	635002	12.577	78.2942
Gundalapatti	Tamil Nadu	635101	12.4592	78.2971
Kottaiyur	Tamil Nadu	635102	12.489	78.0327
Bagalur (Krishnagiri)	Tamil Nadu	635103	12.8307	77.8653
Venkatasamudram	Tamil Nadu	635104	12.4949	78.3917
Nandimangalam	Tamil Nadu	635105	12.7898	77.8982
Bannihalli	Tamil Nadu	635106	12.3923	78.1813
Bikkanapalli	Tamil Nadu	635107	12.4387	77.7946
Achamangalam	Tamil Nadu	635108	12.5825	78.2446
Venkatesapuram	Tamil Nadu	635109	12.6133	77.9667
Gopanapalli	Tamil Nadu	635110	12.6513	77.7964
Mukkulam	Tamil Nadu	635111	12.489	78.0327
Thimmapuram	Tamil Nadu	635112	12.489	78.0327
Nagamangalam	Tamil Nadu	635113	12.5668	77.9398
Muthur	Tamil Nadu	635114	12.6126	77.7487
Bikkanapalli	Tamil Nadu	635115	12.5806	78.0953
Gummanur	Tamil Nadu	635116	12.2805	78.4437
Kumbalam	Tamil Nadu	635117	12.7712	78.047
Marupalli	Tamil Nadu	635118	12.6438	77.6778
Agaram	Tamil Nadu	635119	12.6359	77.9215
Belavarthi	Tamil Nadu	635120	12.6082	78.2825
Nallur	Tamil Nadu	635121	12.3497	78.1771
Agaramittikkal	Tamil Nadu	635122	12.4818	78.1222
Papparapatti	Tamil Nadu	635123	12.2794	78.2672
Belathur	Tamil Nadu	635124	12.5786	78.1851
Begepalli	Tamil Nadu	635126	12.7879	77.8019
Bukkasagaram	Tamil Nadu	635130	12.7148	77.9285
Barur	Tamil Nadu	635201	12.0969	78.1958
Krishnapuram	Tamil Nadu	635202	12.205	78.2536
Nadupatti	Tamil Nadu	635203	12.489	78.0327
Agaram	Tamil Nadu	635204	12.337	78.2756
Kovilur	Tamil Nadu	635205	12.0969	78.1958
Puliampatti	Tamil Nadu	635206	12.489	78.0327
Karapattu	Tamil Nadu	635207	12.489	78.0327
Bommidi	Tamil Nadu	635301	11.9778	78.2701
Kurubarahalli	Tamil Nadu	635302	12.044	78.3595
Kadathur	Tamil Nadu	635303	12.0874	78.2822
Anandur	Tamil Nadu	635304	12.2616	78.3755
Dasarahalli	Tamil Nadu	635305	12.0969	78.1958
Kunnathur	Tamil Nadu	635306	12.489	78.0327
Govindapuram	Tamil Nadu	635307	12.3008	78.5835
Asiriyar Nagar	Tamil Nadu	635601	12.4453	78.6146
Pudukottai	Tamil Nadu	635602	12.5016	78.5905
Agraharam	Tamil Nadu	635651	12.5486	78.5091
Anganathavalasai	Tamil Nadu	635652	12.8123	79.0104
Rajapalayam	Tamil Nadu	635653	12.8123	79.0104
Natham	Tamil Nadu	635654	12.8123	79.0104
Chittoor	Tamil Nadu	635655	12.2995	78.6814
Peddur	Tamil Nadu	635701	12.6272	78.7544
Andiappanur	Tamil Nadu	635702	12.5263	78.676
Kovilur	Tamil Nadu	635703	12.5537	78.9168
Lalapettai	Tamil Nadu	635710	12.9919	79.3032
Govindapuram	Tamil Nadu	635751	12.675	78.6127
Kothakottai	Tamil Nadu	635752	12.6435	78.6504
Chinnapallikuppam	Tamil Nadu	635754	12.7617	78.8351
Thimmampet	Tamil Nadu	635801	12.6124	78.7389
Kumaramangalam	Tamil Nadu	635802	12.8123	79.0104
Veppur	Tamil Nadu	635803	12.9273	78.9214
Agaram	Tamil Nadu	635804	12.822	78.8907
Chendathur	Tamil Nadu	635805	12.8661	78.7795
Ananganallore	Tamil Nadu	635806	12.9184	78.8529
Minnur	Tamil Nadu	635807	12.7362	78.6739
Kottur	Tamil Nadu	635808	12.628	78.6966
Odiyathur	Tamil Nadu	635809	12.8933	78.9299
Kamalapuram	Tamil Nadu	635810	12.8123	79.0104
Karapattu	Tamil Nadu	635811	13.0087	79.0271
Kilmurungai	Tamil Nadu	635812	12.8492	78.8007
Sembedu	Tamil Nadu	635813	12.8031	79.383
Alankuppam	Tamil Nadu	635814	12.8123	79.0104
Athurkuppam	Tamil Nadu	635815	12.8247	78.9121
Ponneri	Tamil Nadu	635851	12.8123	79.0104
Athiperumanur	Tamil Nadu	635852	12.5884	78.4398
Kottaiyur	Tamil Nadu	635853	12.8726	78.9779
Kothur	Tamil Nadu	635854	12.8123	79.0104
Pallathur	Tamil Nadu	635901	12.891	78.9829
Devendrapuram	Tamil Nadu	636001	11.6741	78.2221
Annadanapatti	Tamil Nadu	636002	11.6741	78.2221
Ammapet Bazaar	Tamil Nadu	636003	11.6583	78.1834
Alagapuram	Tamil Nadu	636004	11.6755	78.1395
Jawahar Mills	Tamil Nadu	636005	11.6741	78.2221
Gugai	Tamil Nadu	636006	11.6425	78.1559
Hasthampatti	Tamil Nadu	636007	11.6741	78.2221
Ayyanthirumaligai	Tamil Nadu	636008	11.6741	78.2221
Arisipalayam	Tamil Nadu	636009	11.6741	78.2221
Puthur	Tamil Nadu	636010	11.6741	78.2221
Govt. College Of Engg	Tamil Nadu	636011	11.7527	78.2899
Karuppur	Tamil Nadu	636012	11.717	78.0924
Karukkalvadi	Tamil Nadu	636013	11.6714	78.0126
Kamaraj Nagar Colony	Tamil Nadu	636014	11.6741	78.2221
Dadubaikuttai	Tamil Nadu	636015	11.7527	78.2899
Fairlands	Tamil Nadu	636016	11.7527	78.2899
Allikuttai	Tamil Nadu	636017	11.7527	78.2899
Maramangalathupatti	Tamil Nadu	636030	11.5732	78.1955
Aragalur	Tamil Nadu	636101	11.5615	78.79
Atur H.O	Tamil Nadu	636102	11.6741	78.2221
Kullampatti	Tamil Nadu	636103	11.6922	78.26
Ramanathapuram	Tamil Nadu	636104	11.514	78.5846
Krishnapuram	Tamil Nadu	636105	11.4704	78.617
Ramalingapuram	Tamil Nadu	636106	11.6741	78.2221
Gopalapuram	Tamil Nadu	636107	11.573	78.4609
Chokkanathapuram	Tamil Nadu	636108	11.6741	78.2221
Dalavaipatti	Tamil Nadu	636109	11.6614	78.0834
Manmalai	Tamil Nadu	636110	11.3732	78.5235
Muthampatti	Tamil Nadu	636111	11.6741	78.2221
Puthur	Tamil Nadu	636112	11.6741	78.2221
Koneripatti	Tamil Nadu	636113	11.6741	78.2221
Mannur	Tamil Nadu	636114	11.725	78.5302
Periakrishnapuram	Tamil Nadu	636115	11.6396	78.4105
Navalur	Tamil Nadu	636116	11.5226	78.7409
A.Komarapalayam	Tamil Nadu	636117	11.6978	78.4648
Naraikinar	Tamil Nadu	636118	11.3163	78.1361
Ariyampalayam	Tamil Nadu	636119	11.6741	78.2221
Sathapadi	Tamil Nadu	636121	11.5805	78.6974
Kuppanur	Tamil Nadu	636122	11.7429	78.2847
Kunnur	Tamil Nadu	636138	11.6741	78.2221
Velampatti	Tamil Nadu	636139	11.7445	78.3244
Kandashramam	Tamil Nadu	636140	11.6741	78.2221
Ammampalayam	Tamil Nadu	636141	11.5646	78.6128
Moolakurichi	Tamil Nadu	636142	11.6741	78.2221
Dasanaickenpatti	Tamil Nadu	636201	11.6741	78.2221
Kattur	Tamil Nadu	636202	11.41	78.1422
Mullur	Tamil Nadu	636203	11.6741	78.2221
Adikarai	Tamil Nadu	636204	11.6741	78.2221
Attanur	Tamil Nadu	636301	11.5006	78.1356
Dalavaipatti	Tamil Nadu	636302	11.6614	78.0834
Chinnathanda	Tamil Nadu	636303	11.8787	77.7654
Muthunaickenpatti	Tamil Nadu	636304	11.7021	78.057
Poosaripatti	Tamil Nadu	636305	11.8593	78.0217
Pudupalayam	Tamil Nadu	636306	11.6533	77.9079
Andipatti	Tamil Nadu	636307	11.6741	78.2221
Akkarapalayam	Tamil Nadu	636308	11.5907	78.0832
Periapatti	Tamil Nadu	636309	11.4155	77.9025
Nadupatti	Tamil Nadu	636351	11.8089	78.5934
Thoppur	Tamil Nadu	636352	11.9068	77.9945
Kannapadi	Tamil Nadu	636354	11.8618	78.1282
Metturdam	Tamil Nadu	636401	11.8219	77.8601
Metturdam RS	Tamil Nadu	636402	11.8219	77.8601
Karumalaikudal	Tamil Nadu	636403	11.8219	77.8601
Andikarai	Tamil Nadu	636404	11.8219	77.8601
Mettur Thermal Project	Tamil Nadu	636406	11.8219	77.8601
Banapuram	Tamil Nadu	636451	11.7883	77.9498
Kolanaickenpatti	Tamil Nadu	636452	11.6741	78.2221
Mecheri	Tamil Nadu	636453	11.8341	77.9439
Veerakkal	Tamil Nadu	636454	11.6741	78.2221
Mettupatti	Tamil Nadu	636455	11.6741	78.2221
Salem Camp	Tamil Nadu	636456	11.6741	78.2221
Periavanavasi	Tamil Nadu	636457	11.75	77.8801
Nariyanur	Tamil Nadu	636458	11.8082	77.9041
Adaiyur	Tamil Nadu	636501	11.6923	77.8398
Arurpatti	Tamil Nadu	636502	11.7115	77.9456
Maramangalam	Tamil Nadu	636503	11.7524	77.9759
Puthur	Tamil Nadu	636601	11.6741	78.2221
Nagalur	Tamil Nadu	636602	11.84	78.2099
Dharmapuri Fort	Tamil Nadu	636701	12.1588	78.1636
Kuppur	Tamil Nadu	636704	12.1655	78.2047
Dharmapuri Collectorate	Tamil Nadu	636705	12.0969	78.1958
Indur	Tamil Nadu	636803	12.1324	78.0562
Boodanahalli	Tamil Nadu	636804	12.0615	78.1597
Jakkasamudram	Tamil Nadu	636805	12.3959	78.0536
Ammanimallapuram	Tamil Nadu	636806	12.3804	78.0096
Palayam	Tamil Nadu	636807	12.0537	78.0917
Hanumanthapuram	Tamil Nadu	636808	12.0998	78.3383
Padi	Tamil Nadu	636809	12.1851	78.1018
Senganur	Tamil Nadu	636810	12.092	77.9051
Chinnampalli	Tamil Nadu	636811	12.0071	77.967
Nammanadahalli	Tamil Nadu	636812	12.0782	77.9422
Mangarai	Tamil Nadu	636813	12.1189	77.9325
Eachambadi	Tamil Nadu	636902	12.489	78.0327
Agraharam	Tamil Nadu	636903	12.1006	78.4565
Jammanahalli	Tamil Nadu	636904	12.0014	78.4138
Pudupatti	Tamil Nadu	636905	12.0969	78.1958
Gudalur	Tamil Nadu	636906	12.0919	78.5655
Namakkal Bazaar	Tamil Nadu	637001	11.1561	78.1905
Ganesapuram	Tamil Nadu	637002	11.3163	78.1361
Vallipuram	Tamil Nadu	637003	11.2071	78.1266
Pudukottai	Tamil Nadu	637013	11.3163	78.1361
Kalangani	Tamil Nadu	637014	11.3361	78.1735
Ariyur	Tamil Nadu	637015	11.0967	78.1314
Palapatti	Tamil Nadu	637017	11.3163	78.1361
Puduchatram	Tamil Nadu	637018	11.3163	78.1361
Kolathupalayam	Tamil Nadu	637019	11.1695	78.0978
Mettupatti	Tamil Nadu	637020	11.3163	78.1361
Varagur	Tamil Nadu	637021	11.4356	78.3419
Chittoor	Tamil Nadu	637101	11.6741	78.2221
Konasamudram	Tamil Nadu	637102	11.6741	78.2221
Gudalur	Tamil Nadu	637103	11.5351	77.9934
Pullagoundampatti	Tamil Nadu	637104	11.3163	78.1361
Bodinaickenpatti	Tamil Nadu	637105	11.3163	78.1361
Koneripatti	Tamil Nadu	637107	11.3163	78.1361
Kosavampalayam	Tamil Nadu	637201	11.3008	77.9538
Ramapuram	Tamil Nadu	637202	11.4355	78.0021
Sullipalayam	Tamil Nadu	637203	11.2366	77.9766
Irukkur	Tamil Nadu	637204	11.1403	77.9709
Kumaramangalam	Tamil Nadu	637205	11.3684	77.9289
Pillur	Tamil Nadu	637206	11.199	78.0218
Konur	Tamil Nadu	637207	11.1746	78.0742
Vengarai	Tamil Nadu	637208	11.3163	78.1361
Chinnathambipalayam	Tamil Nadu	637209	11.3873	77.7972
Kavundampalayam	Tamil Nadu	637210	11.3163	78.1361
Tiruchengodu H.O	Tamil Nadu	637211	11.3305	77.9535
Akkalampatti	Tamil Nadu	637212	11.3153	78.072
Kothamangalam	Tamil Nadu	637213	11.3163	78.1361
Andipalayam	Tamil Nadu	637214	11.3163	78.1361
Kuchi Palayam	Tamil Nadu	637215	11.3305	77.9535
Vadugapatti	Tamil Nadu	637301	11.6741	78.2221
Karumapuram	Tamil Nadu	637302	11.4522	77.9365
Alathur	Tamil Nadu	637303	11.6741	78.2221
Anangur	Tamil Nadu	637304	11.3953	77.8285
Anaipalayam	Tamil Nadu	637401	11.4488	78.1413
Kalkurichi	Tamil Nadu	637402	11.3863	78.254
Agraharam	Tamil Nadu	637403	11.4386	78.183
Kalappanaickenpatti	Tamil Nadu	637404	11.3997	78.1368
Bodinaickenpatti	Tamil Nadu	637405	11.2438	78.1956
Ariyagoundampatti	Tamil Nadu	637406	11.3393	78.1381
Melur	Tamil Nadu	637407	11.3489	78.211
Pudupalayam	Tamil Nadu	637408	11.4338	78.0192
Sendamangalam	Tamil Nadu	637409	11.2811	78.2342
Karungalpatti	Tamil Nadu	637410	11.2678	77.9996
Semmedu	Tamil Nadu	637411	11.3163	78.1361
Bodinaickenpatti	Tamil Nadu	637412	11.4032	78.2088
Mangalam	Tamil Nadu	637501	11.8786	78.2329
Koneripatti	Tamil Nadu	637502	11.6741	78.2221
Vadugapalayam	Tamil Nadu	637503	11.3163	78.1361
Kakkapalayam	Tamil Nadu	637504	11.6741	78.2221
Alavaipatti	Tamil Nadu	637505	11.3163	78.1361
Erode East	Tamil Nadu	638001	11.5152	77.4143
Pudur	Tamil Nadu	638002	11.3866	77.4917
Karungalpalayam	Tamil Nadu	638003	11.5152	77.4143
Chikkaiah Naicker College	Tamil Nadu	638004	11.5152	77.4143
Peria Agraharam	Tamil Nadu	638005	11.5152	77.4143
Pallipalayam	Tamil Nadu	638006	11.3652	77.7623
Pappampalayam	Tamil Nadu	638007	11.313	77.7859
Alampalayam	Tamil Nadu	638008	11.3998	77.7596
Rangampalayam	Tamil Nadu	638009	11.3273	77.7112
SPB Colony	Tamil Nadu	638010	11.3103	77.7211
Erode Collectorate	Tamil Nadu	638011	11.3103	77.7211
Thindal	Tamil Nadu	638012	11.3103	77.7211
Ramalingapuram	Tamil Nadu	638051	11.2173	77.7471
Olapalayam	Tamil Nadu	638052	11.2501	77.5846
Perundurai Sanitorium	Tamil Nadu	638053	11.2882	77.6842
Siruvalur	Tamil Nadu	638054	11.3635	77.46
Pappampalayam	Tamil Nadu	638055	11.3272	77.4815
Nadupatti	Tamil Nadu	638056	11.5152	77.4143
Sullipalayam	Tamil Nadu	638057	11.3429	77.5372
Thoppupalayam	Tamil Nadu	638060	11.3103	77.7211
Vadugapatti	Tamil Nadu	638101	11.1518	77.7375
Gangapuram	Tamil Nadu	638102	11.3946	77.6588
Athiyur	Tamil Nadu	638103	11.5152	77.4143
Sinniampalayam	Tamil Nadu	638104	11.5152	77.4143
Muthur	Tamil Nadu	638105	11.5152	77.4143
Vadugapatti	Tamil Nadu	638106	11.1518	77.7375
Kadirampatti	Tamil Nadu	638107	11.3046	77.6452
Komarapalayam	Tamil Nadu	638108	11.5152	77.4143
Kagam	Tamil Nadu	638109	11.1477	77.7851
Getticheyur	Tamil Nadu	638110	11.131	77.814
Mettupalayam	Tamil Nadu	638111	11.5152	77.4143
Pungambadi	Tamil Nadu	638112	11.27	77.6509
Nathagoundenpalayam	Tamil Nadu	638115	11.231	77.7182
Pallapalayam	Tamil Nadu	638116	11.131	77.814
Ayyampalayam	Tamil Nadu	638151	11.5152	77.4143
Kolathupalayam	Tamil Nadu	638152	11.1278	77.8696
Ganapathipalayam	Tamil Nadu	638153	11.5152	77.4143
Kolanalli	Tamil Nadu	638154	11.1753	77.8524
Veeranampalayam	Tamil Nadu	638181	11.3163	78.1361
Sultanpet	Tamil Nadu	638182	11.3163	78.1361
Komarapalayam	Tamil Nadu	638183	11.4449	77.711
Bhavani Cutcherry	Tamil Nadu	638301	11.5322	77.6114
Ammapettai	Tamil Nadu	638311	11.6197	77.7426
Jambai	Tamil Nadu	638312	11.4678	77.6434
Kugalur	Tamil Nadu	638313	11.4824	77.5003
Mathur	Tamil Nadu	638314	11.573	77.6392
Mettupalayam	Tamil Nadu	638315	11.5152	77.4143
Elavamalai	Tamil Nadu	638316	11.5322	77.6114
Sathyamangalam	Tamil Nadu	638401	11.5053	77.2383
Rangasamudram	Tamil Nadu	638402	11.1167	77.7737
Kothamangalam	Tamil Nadu	638451	11.4902	77.1269
Gobichettipalayam East	Tamil Nadu	638452	11.3467	77.3831
Ayalur	Tamil Nadu	638453	11.4062	77.4018
Arasur	Tamil Nadu	638454	11.4533	77.2789
Alathur	Tamil Nadu	638455	11.4279	77.5601
Theethampalayam	Tamil Nadu	638456	11.3791	77.4293
Karattupalayam	Tamil Nadu	638457	11.4204	77.3482
Elathur Chettipalayam	Tamil Nadu	638458	11.3641	77.3367
Nallur	Tamil Nadu	638459	11.5152	77.4143
Emmammpoondi	Tamil Nadu	638460	11.6425	77.0264
Chikkahalli	Tamil Nadu	638461	11.7334	76.9441
Irugalur	Tamil Nadu	638462	11.3697	77.2733
Gobichettipalayam South	Tamil Nadu	638476	11.4133	77.3553
Alampalayam	Tamil Nadu	638501	11.6769	77.5761
Nagalur	Tamil Nadu	638502	11.5597	77.5504
Basuvanapuram	Tamil Nadu	638503	11.6378	77.2926
Reddipalayam	Tamil Nadu	638504	11.6721	77.6795
Kallipatti	Tamil Nadu	638505	11.5152	77.4143
Arakkankottai	Tamil Nadu	638506	11.4892	77.3443
Hanumanthapuram	Tamil Nadu	638656	11.5152	77.4143
Govindapuram	Tamil Nadu	638657	11.5152	77.4143
Avanashipalyaam	Tamil Nadu	638660	11.5152	77.4143
Alampalayam	Tamil Nadu	638661	11.5152	77.4143
Dalavoipattinam	Tamil Nadu	638672	11.5152	77.4143
Koneripatti	Tamil Nadu	638673	11.5152	77.4143
Keeranur	Tamil Nadu	638701	11.5152	77.4143
Bellampatti	Tamil Nadu	638702	11.5152	77.4143
Mudalipalayam	Tamil Nadu	638703	11.017	77.741
Kambiliampatti	Tamil Nadu	638706	11.5152	77.4143
Koothampalayam	Tamil Nadu	638751	11.5152	77.4143
Anaipalayam	Tamil Nadu	638752	11.5152	77.4143
Chengapalli	Tamil Nadu	638812	11.269	77.6519
Ramakrishnapuram	Tamil Nadu	639001	10.843	78.1331
Pallapalayam	Tamil Nadu	639002	10.9422	78.0018
Puthambur	Tamil Nadu	639003	10.9098	78.0464
Palaiyur	Tamil Nadu	639004	11.0412	78.1184
Kodangipatti	Tamil Nadu	639005	10.7758	78.0303
Kadaparai	Tamil Nadu	639006	10.843	78.1331
Emur	Tamil Nadu	639007	10.9112	78.1091
Athur	Tamil Nadu	639008	10.843	78.1331
Andanallur	Tamil Nadu	639101	10.8743	78.5973
Krishnarayapuram	Tamil Nadu	639102	10.9563	78.2831
Mudalaipatti	Tamil Nadu	639103	10.8889	78.5704
Kulittalai Bazaar	Tamil Nadu	639104	10.9482	78.3769
Chinthalavadi	Tamil Nadu	639105	10.843	78.1331
Marudur	Tamil Nadu	639107	10.7761	78.3964
Karuppur	Tamil Nadu	639108	10.9018	78.2172
Nagampalli	Tamil Nadu	639109	10.833	77.9314
Nallur	Tamil Nadu	639110	10.8179	78.4575
Ariyur	Tamil Nadu	639111	10.8061	77.9291
Pudukottai	Tamil Nadu	639112	10.8889	78.5704
Dalavapalayam	Tamil Nadu	639113	11.0742	78.0852
Puliyur	Tamil Nadu	639114	10.9499	78.1453
Kodiyalam	Tamil Nadu	639115	10.8672	78.5828
Minnampalli	Tamil Nadu	639116	11.0005	78.118
Velayuthampalayam	Tamil Nadu	639117	11.0768	78.0049
Chellandipatti	Tamil Nadu	639118	10.8543	78.1569
Vayalur	Tamil Nadu	639119	10.8717	78.3448
Naganur	Tamil Nadu	639120	10.7405	78.3821
Punnam	Tamil Nadu	639136	11.0137	77.9799
Rajapuram	Tamil Nadu	639201	10.8024	77.8938
Anangur	Tamil Nadu	639202	11.5152	77.4143
Ammapatti	Tamil Nadu	639203	10.6802	77.9845
Sendamangalam	Tamil Nadu	639205	10.843	78.1331
Gudalur	Tamil Nadu	639206	10.9021	77.8349
Kovilur	Tamil Nadu	639207	10.843	78.1331
Coimbatore Bazaar	Tamil Nadu	641001	10.9931	76.9598
R.S.Puram East	Tamil Nadu	641002	10.8745	76.9756
Lawley Road	Tamil Nadu	641003	10.8745	76.9756
Peelamedu	Tamil Nadu	641004	11.0266	77.0004
Singanallur	Tamil Nadu	641005	10.999	77.0324
Krishnarayapuram	Tamil Nadu	641006	10.8911	77.0331
Vedapatti	Tamil Nadu	641007	10.8745	76.9756
Coimbatore Ukkadam	Tamil Nadu	641008	10.9861	76.9638
Ramnagar Coimbatore	Tamil Nadu	641009	10.8745	76.9756
Kuppanur	Tamil Nadu	641010	10.9486	76.8624
Saibaba Mission	Tamil Nadu	641011	11.0179	76.9693
Gandhipuram (Coimbatore)	Tamil Nadu	641012	11.0265	76.9592
Govt.College Of Technology	Tamil Nadu	641013	11.0179	76.9693
Coimbatore Aerodrome	Tamil Nadu	641014	11.0179	76.9693
Uppilipalayam	Tamil Nadu	641015	11.0179	76.9693
Pappampatti	Tamil Nadu	641016	11.1572	77.1389
Thoppampatti	Tamil Nadu	641017	11.0823	76.9164
CBE Mpl.Central Busstand	Tamil Nadu	641018	11.0179	76.9693
Bilichi	Tamil Nadu	641019	11.0179	76.9693
Naickenpalayam	Tamil Nadu	641020	11.1526	76.9516
Coimbatore Industrial Estate	Tamil Nadu	641021	11.0766	76.971
Idigarai	Tamil Nadu	641022	11.1184	76.969
Konavaikalpalayam	Tamil Nadu	641023	10.9588	76.9924
Sundarapuram	Tamil Nadu	641024	11.0766	76.971
Edayarpalayam	Tamil Nadu	641025	11.0766	76.971
Selvapuram	Tamil Nadu	641026	11.0766	76.971
Rathinapuri	Tamil Nadu	641027	11.0766	76.971
Odayampalayam	Tamil Nadu	641028	11.0766	76.971
Cherannagar	Tamil Nadu	641029	11.0766	76.971
Kavundampalayam	Tamil Nadu	641030	10.8745	76.9756
Narasimhanaickenpalayam	Tamil Nadu	641031	11.1173	76.9363
Meenakshipuram	Tamil Nadu	641032	10.8423	77.0079
Neelikonampalayam	Tamil Nadu	641033	10.8745	76.9756
Tudiyalur	Tamil Nadu	641034	11.0816	76.9446
Keeranatham	Tamil Nadu	641035	10.8745	76.9756
Nanjundapuram	Tamil Nadu	641036	11.1173	77.0488
Pappanaickenpalayam	Tamil Nadu	641037	10.8745	76.9756
Kuppakonanpudur	Tamil Nadu	641038	10.8745	76.9756
Telungupalayam	Tamil Nadu	641039	10.8745	76.9756
Subramaniapuram.	Tamil Nadu	641040	10.9111	77.0415
Vadavalli	Tamil Nadu	641041	10.88	77.1539
Kovaipudur	Tamil Nadu	641042	10.9421	76.929
Sahs College	Tamil Nadu	641043	10.9111	77.0415
Siddhapudur	Tamil Nadu	641044	10.9111	77.0415
Krishnaswamy Nagar	Tamil Nadu	641045	10.9111	77.0415
Bharathiyar University	Tamil Nadu	641046	10.9111	77.0415
Gudalur-coimbatore	Tamil Nadu	641047	10.9111	77.0415
Kalapatti	Tamil Nadu	641048	10.9111	77.0415
Chinnavedampatti	Tamil Nadu	641049	10.9111	77.0415
Malumichampatti	Tamil Nadu	641050	11.0051	77.0956
Mylampatti	Tamil Nadu	641062	11.059	77.0838
Puluvapatti	Tamil Nadu	641101	10.8745	76.9756
Kamatchipuram	Tamil Nadu	641103	11.0178	77.0629
Marudur	Tamil Nadu	641104	11.2346	76.9064
Pichanur	Tamil Nadu	641105	10.9057	76.9634
Ganesapuram	Tamil Nadu	641107	10.8745	76.9756
Anaikatti	Tamil Nadu	641108	11.1162	76.7549
Devarayapuram	Tamil Nadu	641109	10.7601	76.9916
Athipalayam	Tamil Nadu	641110	11.1623	76.9973
Vellalapalayam Podanur	Tamil Nadu	641111	10.9775	77.026
Amritanagar	Tamil Nadu	641112	10.8911	76.9087
Medur	Tamil Nadu	641113	10.8745	76.9756
Semmedu	Tamil Nadu	641114	10.9562	76.7594
Chettipalayam	Tamil Nadu	641201	10.9125	77.037
Kondampatti	Tamil Nadu	641202	10.8284	77.0549
Mettupalayam Bazaar	Tamil Nadu	641301	10.8745	76.9756
Akkaraisengapalli	Tamil Nadu	641302	11.3214	77.0052
Mahadevapuram	Tamil Nadu	641305	10.8745	76.9756
Golenpet	Tamil Nadu	641401	10.8745	76.9756
Sulur	Tamil Nadu	641402	11.0243	77.1257
Arasur	Tamil Nadu	641407	11.0866	77.1146
Tirupur H.O	Tamil Nadu	641601	10.8745	76.9756
Puluvapatti	Tamil Nadu	641602	10.8745	76.9756
Ayyankalipalayam	Tamil Nadu	641603	10.8745	76.9756
Arasampalayam	Tamil Nadu	641604	10.8745	76.9756
Ganapathipalayam	Tamil Nadu	641605	11.5152	77.4143
Nallur	Tamil Nadu	641606	10.6711	76.9816
Mannarai	Tamil Nadu	641607	10.8745	76.9756
15 Velampalayam	Tamil Nadu	641652	10.8745	76.9756
Komarapalayam	Tamil Nadu	641653	10.8745	76.9756
Pudupalayam	Tamil Nadu	641654	10.8745	76.9756
Alathur	Tamil Nadu	641655	10.8745	76.9756
Puliampatti	Tamil Nadu	641658	10.8745	76.9756
Chennappachettipudur	Tamil Nadu	641659	11.16	77.1154
K.Ayyampalayam	Tamil Nadu	641662	10.8745	76.9756
Pallapalayam	Tamil Nadu	641663	10.8745	76.9756
Madapur	Tamil Nadu	641664	10.8745	76.9756
Alagumalai	Tamil Nadu	641665	10.8745	76.9756
Perumanallur	Tamil Nadu	641666	10.8745	76.9756
Doddampatti	Tamil Nadu	641667	10.8745	76.9756
Ichipatti	Tamil Nadu	641668	11.0845	77.1891
Komarapalayam	Tamil Nadu	641669	10.8745	76.9756
Ramanathapuram	Tamil Nadu	641670	11.0265	77.0971
J.Krishnapuram	Tamil Nadu	641671	10.8745	76.9756
Andipalayam	Tamil Nadu	641687	10.8745	76.9756
Pogalur	Tamil Nadu	641697	10.8745	76.9756
Vadugapalayam	Tamil Nadu	642001	10.6498	77
Puliampatti	Tamil Nadu	642002	10.8745	76.9756
Kanjampatti	Tamil Nadu	642003	10.6248	77.0761
Akilandapuram	Tamil Nadu	642004	10.6237	76.9631
Mannur	Tamil Nadu	642005	10.6903	76.9075
Suleeswaran Patti	Tamil Nadu	642006	10.6498	77
Angalakurichi	Tamil Nadu	642007	10.6498	77
Aliyar Nagar	Tamil Nadu	642101	10.8745	76.9756
Amaravathi Nagar	Tamil Nadu	642102	10.8745	76.9756
Ganapathipalayam	Tamil Nadu	642103	10.8745	76.9756
Anaimalai	Tamil Nadu	642104	10.583	76.9344
Mount Stuart	Tamil Nadu	642105	10.8745	76.9756
Chinnakallar	Tamil Nadu	642106	10.8745	76.9756
Lakshmapuram	Tamil Nadu	642107	10.5956	77.1294
Iyerpadi	Tamil Nadu	642108	10.8745	76.9756
Muthur	Tamil Nadu	642109	10.8745	76.9756
Mettupalayam	Tamil Nadu	642110	11.2997	76.9349
Agrahara Kannadiputhur	Tamil Nadu	642111	11.0299	76.9632
Pallapalayam	Tamil Nadu	642112	11.0299	76.9632
Solamadevi	Tamil Nadu	642113	11.0299	76.9632
Malayandipattinam	Tamil Nadu	642114	11.0299	76.9632
Mudis	Tamil Nadu	642117	11.0299	76.9632
Ramachandrapuram	Tamil Nadu	642120	10.8745	76.9756
Ganapathipalayam	Tamil Nadu	642122	10.8745	76.9756
Thondamuthur	Tamil Nadu	642123	10.9908	76.8418
Murugali Bazaar	Tamil Nadu	642125	10.7456	77.1038
Eripalayam	Tamil Nadu	642126	10.7456	77.1038
Akkamalai	Tamil Nadu	642127	10.3269	76.9512
Venkatesa Mills	Tamil Nadu	642128	10.7456	77.1038
Kaliapuram	Tamil Nadu	642129	10.7456	77.1038
Karamalai Bazaar	Tamil Nadu	642130	10.5195	76.9127
Sundakkampalayam	Tamil Nadu	642132	10.5195	76.9127
Sarkarpathi	Tamil Nadu	642133	10.4814	76.8698
Pethanaickanur	Tamil Nadu	642134	10.5691	76.9894
Andigoundanur	Tamil Nadu	642154	10.8745	76.9756
Kondampatti	Tamil Nadu	642201	10.8284	77.0549
Kattampatti	Tamil Nadu	642202	10.8079	77.1441
Kadathur	Tamil Nadu	642203	10.8745	76.9756
Pappankulam	Tamil Nadu	642204	10.8745	76.9756
Ammapatti	Tamil Nadu	642205	10.7201	76.9582
Athukinathupatti	Tamil Nadu	642206	10.8745	76.9756
Chellappampalayam	Tamil Nadu	642207	10.8745	76.9756
Charing Cross	Tamil Nadu	643001	11.4167	76.6863
Doddabetta	Tamil Nadu	643002	11.4624	76.7769
Athigaratti	Tamil Nadu	643003	11.3319	76.663
Fernhill	Tamil Nadu	643004	11.3954	76.6867
Dunsandle	Tamil Nadu	643005	11.4718	76.6747
Finger Post	Tamil Nadu	643006	11.4167	76.6863
Dhavani	Tamil Nadu	643007	11.4167	76.6863
Coonoor H.O	Tamil Nadu	643101	11.4559	76.6419
Adderly	Tamil Nadu	643102	11.4559	76.6419
Halakkarai	Tamil Nadu	643103	11.3791	76.812
Ottupattarai	Tamil Nadu	643105	11.4559	76.6419
Aravenu	Tamil Nadu	643201	11.4695	76.5523
Aruvankadu	Tamil Nadu	643202	11.3632	76.7579
Balacola	Tamil Nadu	643203	11.4695	76.5523
Bengalmattam	Tamil Nadu	643204	11.4695	76.5523
Cherambadi	Tamil Nadu	643205	11.5129	76.2781
Anikorai	Tamil Nadu	643206	11.4585	76.7327
Devarshola	Tamil Nadu	643207	11.5437	76.4404
Avalanchi Power House	Tamil Nadu	643209	11.4695	76.5523
Kargudi	Tamil Nadu	643211	11.4559	76.6419
Devala	Tamil Nadu	643212	11.4731	76.3794
Koderi	Tamil Nadu	643213	11.4146	76.8562
Billicombai	Tamil Nadu	643214	11.4146	76.8562
Ketti	Tamil Nadu	643215	11.4	76.7
Aracode	Tamil Nadu	643216	11.4516	76.9297
Kodanad	Tamil Nadu	643217	11.516	76.9055
Kullakamby	Tamil Nadu	643218	11.2864	76.7418
Manjoor	Tamil Nadu	643219	11.2711	76.6429
Cherambadi Tea Division	Tamil Nadu	643220	11.5338	76.5361
Araihatty	Tamil Nadu	643221	11.5338	76.5361
Singara	Tamil Nadu	643223	11.5682	76.6471
Naduvattam	Tamil Nadu	643224	11.4808	76.5437
Kariashola	Tamil Nadu	643225	11.5524	76.4176
Glenvans	Tamil Nadu	643226	11.5338	76.5361
Periashola	Tamil Nadu	643228	11.5338	76.5361
Berhatti	Tamil Nadu	643231	11.3655	76.7844
Pandalur	Tamil Nadu	643233	11.4908	76.3392
Hettakal	Tamil Nadu	643236	11.4144	76.9277
Glenmorgan	Tamil Nadu	643237	11.4236	76.6838
Nonsuch	Tamil Nadu	643238	11.4236	76.6838
Konnachal	Tamil Nadu	643239	11.4236	76.6838
Ambalamoola	Tamil Nadu	643240	11.5659	76.3708
Athikunna	Tamil Nadu	643241	11.4344	76.6831
Kunjapanai	Tamil Nadu	643242	11.3598	76.9337
Yellanhalli	Tamil Nadu	643243	11.3776	76.7446
Kolapalli	Tamil Nadu	643253	11.4412	76.7277
Kannur H.O	Kerala	670001	11.9357	75.3485
Civil Station Kannur	Kerala	670002	11.9357	75.3485
Kannur City	Kerala	670003	11.8675	75.3576
Pallikunnu	Kerala	670004	11.8899	75.3565
Kottali	Kerala	670005	12.0006	75.5262
Kappad	Kerala	670006	11.8773	75.4356
Kizhunna	Kerala	670007	11.8385	75.4208
Alavil	Kerala	670008	11.9357	75.3485
Azhikkal	Kerala	670009	12.0006	75.5262
Valapattanam	Kerala	670010	12.0006	75.5262
Chirakk R.S.	Kerala	670011	11.9126	75.361
Kannookara	Kerala	670012	11.9265	75.3331
Burnacherry	Kerala	670013	11.9265	75.3331
Chalad	Kerala	670014	11.9265	75.3331
Kannur District Hospital	Kerala	670017	11.9265	75.3331
Thazhe Chovva	Kerala	670018	11.9265	75.3331
Thalassery Bazar	Kerala	670101	11.744	75.6432
Chalil	Kerala	670102	11.7345	75.4992
Moozhikkara	Kerala	670103	11.7473	75.5151
Cherakkara	Kerala	670104	12.0006	75.5262
Nettur (Kannur)	Kerala	670105	12.0006	75.5262
Dharmadam	Kerala	670106	11.7754	75.4646
Eranholi	Kerala	670107	11.744	75.6432
Taliparamba H.O	Kerala	670141	12.0006	75.5262
Chuzhali	Kerala	670142	12.0006	75.5262
Aril	Kerala	670143	11.9871	75.5584
Cherukun R.S.	Kerala	670301	11.9778	75.3052
Mattul	Kerala	670302	12.0418	75.3473
Payangadi	Kerala	670303	12.0418	75.3473
Madayi	Kerala	670304	12.0418	75.3473
Palakkode	Kerala	670305	12.0418	75.3473
Vellora	Kerala	670306	12.1735	75.3586
Vellur	Kerala	670307	12.1475	75.2109
Ettikulam	Kerala	670308	12.053	75.191
Ezhilode	Kerala	670309	12.0418	75.3473
Ezhimala Naval Academy	Kerala	670310	12.0418	75.3473
Mattul North	Kerala	670325	12.0418	75.3473
Edat	Kerala	670327	12.0418	75.3473
Anchampeedika	Kerala	670331	12.0418	75.3473
Ezhome	Kerala	670334	12.0418	75.3473
CRPF Camp Aravanchal	Kerala	670353	12.0418	75.3473
Payangadi R S	Kerala	670358	12.0418	75.3473
Mandur-kannur	Kerala	670501	12.0588	75.3248
Chithapilapoyil	Kerala	670502	12.0588	75.3248
Pariyaram Medical College	Kerala	670503	12.0588	75.3248
Kadannapally	Kerala	670504	12.0588	75.3248
Chunda	Kerala	670511	12.2553	75.4335
Ettukudukka	Kerala	670521	12.0732	75.3962
Aroli	Kerala	670561	11.9543	75.3638
Kalliasseri	Kerala	670562	11.9554	75.352
Nanichery	Kerala	670563	11.9554	75.352
Kannur University Campus	Kerala	670567	11.9554	75.352
Alakode	Kerala	670571	12.0006	75.5262
Chepparapadava	Kerala	670581	12.1407	75.5505
Arang	Kerala	670582	12.1407	75.5505
Munderi	Kerala	670591	11.9303	75.4455
Chattuvapara	Kerala	670592	11.928	75.4616
Irukkur	Kerala	670593	11.928	75.4616
Mundayad	Kerala	670594	11.8772	75.4097
Edayannur	Kerala	670595	11.9766	75.5297
Cherupazhassi	Kerala	670601	11.9763	75.4168
Kandakai	Kerala	670602	11.9912	75.4313
Cheleri	Kerala	670604	11.9372	75.4031
Mamba	Kerala	670611	11.8977	75.4887
Vengad	Kerala	670612	12.0006	75.5262
Iriveri	Kerala	670613	11.8559	75.4736
Chala East	Kerala	670621	11.8547	75.483
Makreri	Kerala	670622	11.8547	75.483
Chempanthotty	Kerala	670631	12.0006	75.5262
Chemperi	Kerala	670632	12.0006	75.5262
Chamathachal	Kerala	670633	12.0006	75.5262
Ponniam	Kerala	670641	12.0006	75.5262
Eruvatty	Kerala	670642	12.0006	75.5262
Ayithara Mambram	Kerala	670643	11.8408	75.6093
Alattil	Kerala	670644	11.8055	75.8587
Kellur	Kerala	670645	11.7545	76.0251
Panavally	Kerala	670646	11.6697	76.0032
Kavumbhagam	Kerala	670649	12.0006	75.5262
Kannoth	Kerala	670650	12.0006	75.5262
Ambayathode	Kerala	670651	12.0006	75.5262
Melur-tly	Kerala	670661	12.0006	75.5262
Muzhappilangad	Kerala	670662	11.7979	75.4511
Etakkad	Kerala	670663	12.0006	75.5262
Paral	Kerala	670671	12.0006	75.5262
Chokli	Kerala	670672	11.7409	75.5793
Kolakkad	Kerala	670673	12.0006	75.5262
Santhigiri	Kerala	670674	12.0006	75.5262
Kidanhi	Kerala	670675	11.7072	75.5868
Kadavathur	Kerala	670676	12.0006	75.5262
Kottayampoil	Kerala	670691	11.7677	75.5993
Chendayad	Kerala	670692	11.7685	75.5757
Cheruparamba	Kerala	670693	11.7662	75.6464
Champad	Kerala	670694	11.7677	75.5993
Ambilat	Kerala	670701	11.9254	75.6818
Sivapuram	Kerala	670702	11.9087	75.6157
Iritty	Kerala	670703	11.9899	75.6714
Aralam	Kerala	670704	11.9738	75.7353
Arabi	Kerala	670705	12.037	75.6696
Angadikadavu	Kerala	670706	11.9254	75.6818
Arinjerummal	Kerala	670721	11.7401	76.0737
Kattayad	Kerala	670731	11.7238	75.9567
Mambram	Kerala	670741	11.8049	75.481
Adkathbail	Kerala	671121	12.5427	74.9819
Talangara	Kerala	671122	12.5427	74.9819
Alampady	Kerala	671123	12.5427	74.9819
Madhur	Kerala	671124	12.5427	74.9819
Edachakai	Kerala	671310	12.2277	75.205
Elambachi	Kerala	671311	12.1165	75.1852
Mavilakadapuram	Kerala	671312	12.1646	75.1372
Kayyur	Kerala	671313	12.25	75.2319
Kottapuram	Kerala	671314	12.4628	75.1537
Kanhangad H.O	Kerala	671315	12.2277	75.205
Pakkom	Kerala	671316	12.39	75.0714
Chandragiri	Kerala	671317	12.4609	75.0021
Bekal	Kerala	671318	12.3965	75.0351
Bare	Kerala	671319	12.446	75.042
Bela	Kerala	671321	12.5864	75.0237
Ammeri	Kerala	671322	12.6844	74.9007
Charla	Kerala	671323	12.7364	74.9292
Heroor	Kerala	671324	12.6516	74.9722
Mandapam	Kerala	671326	12.606	74.9866
Bayar	Kerala	671348	12.6923	75.0243
Achanthuruthi	Kerala	671351	12.4407	75.0863
Pullur	Kerala	671531	12.4628	75.1537
Rajapuram	Kerala	671532	12.4628	75.1537
Balal	Kerala	671533	12.3793	75.2755
Chully	Kerala	671534	12.4628	75.1537
Bandadka	Kerala	671541	12.4837	75.2729
Kanathur	Kerala	671542	12.522	75.12
Belluru	Kerala	671543	12.585	75.1754
Ariyapady	Kerala	671551	12.6036	75.0627
Balemoole	Kerala	671552	12.6332	75.1308
Calicut H.O	Kerala	673001	11.4256	75.8505
Tali	Kerala	673002	11.4256	75.8505
Kallai-kozhikode	Kerala	673003	11.4848	75.8344
Calicut City	Kerala	673004	11.248	75.7804
East Hill	Kerala	673005	11.4256	75.8505
Eranhipalam	Kerala	673006	11.4256	75.8505
Kommeri	Kerala	673007	11.4848	75.8344
Peruvayal	Kerala	673008	11.2686	75.8628
Malaparamba	Kerala	673009	11.4256	75.8505
Nedungottur	Kerala	673010	11.2905	75.7923
Vellayil	Kerala	673011	11.2664	75.8167
Marikunnu	Kerala	673012	11.3048	75.8259
Iringallur	Kerala	673014	11.2664	75.8167
Beypore	Kerala	673015	11.1715	75.8061
Govinda Puram	Kerala	673016	11.2703	75.8014
Chevarambalam	Kerala	673017	11.289	75.8168
Calicut Arts & Science College	Kerala	673018	11.2664	75.8167
Olavanna	Kerala	673019	11.2529	75.8906
Calicut Civil Station H.O	Kerala	673020	11.3046	75.76
Puthiyangadi	Kerala	673021	11.3046	75.76
Nallalam	Kerala	673027	11.3046	75.76
Arakinar	Kerala	673028	11.3046	75.76
Tiruvannur	Kerala	673029	11.3046	75.76
Calicut Beach	Kerala	673032	11.3373	75.8271
Kozhikode Parcel Centre	Kerala	673051	11.3373	75.8271
Vadakara H.O	Kerala	673101	11.6103	75.7806
Kannookkara	Kerala	673102	11.6103	75.7806
Vadakara Beach	Kerala	673103	11.6103	75.7806
Puthur	Kerala	673104	11.4848	75.8344
Mandarathur	Kerala	673105	11.6103	75.7806
Chorode	Kerala	673106	11.6166	75.5867
Kalpetta H.O	Kerala	673121	11.6304	76.0574
Mandad	Kerala	673122	11.6141	76.0353
Chundale	Kerala	673123	11.5737	76.0583
Kottathara	Kerala	673124	11.7033	76.0786
Chaliyam	Kerala	673301	11.15	75.8167
Kadalundi	Kerala	673302	11.5072	75.658
Vengalam	Kerala	673303	11.3647	75.7394
Kappad	Kerala	673304	11.4848	75.8344
Koyilandi H.O	Kerala	673305	11.5072	75.658
Melur	Kerala	673306	11.424	75.7098
Keezhariyur	Kerala	673307	11.4768	75.6687
Chombala	Kerala	673308	11.6615	75.5804
Azhiyur	Kerala	673309	11.6935	75.5601
Pallur	Pondicherry	673310	11.7017	75.5347
New Mahe	Kerala	673311	12.0006	75.5262
Peringadi	Kerala	673312	11.7134	75.5481
Olavilam	Kerala	673313	11.71	75.5557
Kadalundinagaram	Kerala	673314	11.1333	75.8333
Kolathur	Kerala	673315	11.4848	75.8344
Kariyad South	Kerala	673316	12.0006	75.5262
Annasseri	Kerala	673317	11.5515	75.7255
Kakkancheri	Kerala	673323	11.4654	75.7491
Mannur (Kozhikode)	Kerala	673328	11.6409	75.7771
Eramala	Kerala	673501	11.6859	75.591
Edacheri	Kerala	673502	11.4848	75.8344
Kotancheri	Kerala	673503	11.4456	76.0122
Perode	Kerala	673504	11.6846	75.6549
Iringannur	Kerala	673505	11.7081	75.6032
Chelakkad	Kerala	673506	11.6743	75.7004
Nittur	Kerala	673507	11.6458	75.7247
Adukkath	Kerala	673508	11.6411	75.755
Parakkadavu	Kerala	673509	11.7352	75.6542
Akkal	Kerala	673513	11.6737	75.7637
Chuzhali	Kerala	673517	11.7256	75.6492
Ayanikkad	Kerala	673521	11.4848	75.8344
Kilur Meladi	Kerala	673522	11.4848	75.8344
Iringath	Kerala	673523	11.5522	75.6503
Avala	Kerala	673524	11.5886	75.7007
Chenoli	Kerala	673525	11.5398	75.7605
Chakkittapara	Kerala	673526	11.5379	75.7975
Cherukad	Kerala	673527	11.4848	75.8344
Avadukka	Kerala	673528	11.4848	75.8344
Chingapuram	Kerala	673529	11.4909	75.6474
Ayancheri	Kerala	673541	11.6261	75.6743
Karthikappally	Kerala	673542	11.4848	75.8344
Iim Kozhikode Campus	Kerala	673570	11.5014	75.8855
Padanilam	Kerala	673571	11.4848	75.8344
Valiyaparamba	Kerala	673572	11.3792	75.9088
Chamal	Kerala	673573	11.5014	75.8855
Mangad	Kerala	673574	11.4152	75.8896
Achooranam	Kerala	673575	11.7112	76.0981
Lakkidi	Kerala	673576	11.5218	76.0244
Chembra	Kerala	673577	11.7112	76.0981
Pakkom	Kerala	673579	11.7953	76.1532
Kannoth	Kerala	673580	11.4848	75.8344
Chellangode	Kerala	673581	11.7112	76.0981
Neeleswaram	Kerala	673582	11.3782	75.9427
Eravannur	Kerala	673585	11.3578	75.8423
Adivaram Pudupadi	Kerala	673586	11.5	75.9667
Karani	Kerala	673591	11.6563	76.1696
Nenmeni	Kerala	673592	11.68	76.2618
Ambalavayal	Kerala	673593	11.619	76.2102
Cheeral	Kerala	673595	11.7112	76.0981
Athirattu Kunnu	Kerala	673596	11.7137	76.1639
Chathamangalam	Kerala	673601	11.3131	75.9421
Kumaranellur	Kerala	673602	11.4848	75.8344
Anakampoyil	Kerala	673603	11.3556	76.0029
Kakkatampoyil	Kerala	673604	11.4848	75.8344
Kizhakkumuri	Kerala	673611	11.3255	75.8038
Eramangalam	Kerala	673612	11.4305	75.7904
Kakkur	Kerala	673613	11.404	75.8136
Kottur	Kerala	673614	11.4971	75.7818
Chelannur	Kerala	673616	11.431	75.8041
Arikulam	Kerala	673620	11.4637	75.7139
Feroke	Kerala	673631	11.1799	75.8414
Azhinjilam	Kerala	673632	11.2002	75.867
Puducode - Feroke	Kerala	673633	11.1321	76.1558
Chelembra	Kerala	673634	11.1321	76.1558
Calicut University	Kerala	673635	11.2333	76.0375
Chenakkalangadi	Kerala	673636	11.2333	76.0375
Valiyaparamba	Kerala	673637	11.1321	76.1558
Peruvallur	Kerala	673638	11.1048	75.9327
Kavanur	Kerala	673639	11.1961	76.0604
Karumarakkad	Kerala	673640	11.246	75.9552
Akkaparamba	Kerala	673641	11.1885	76.0108
Mongam	Kerala	673642	11.1341	76.0346
Mundakkal	Kerala	673645	11.1321	76.1558
Calicut Airport	Kerala	673647	11.1808	76.0015
Cheruvannur	Kerala	673655	11.5663	75.7011
Pazhur	Kerala	673661	11.4709	76.0049
Tirur East Bazar	Kerala	676101	10.701	76.0214
Alathiyur	Kerala	676102	11.1321	76.1558
Iringavur	Kerala	676103	10.922	75.96
Trikkandiyur	Kerala	676104	10.909	75.9202
Mangattiri	Kerala	676105	10.8899	75.923
Athrisseri	Kerala	676106	10.9506	75.9516
Pookayil Bazar	Kerala	676107	10.701	76.0214
Codacal	Kerala	676108	10.701	76.0214
Niramaruthur	Kerala	676109	10.9204	75.8952
Manjeri Bazar	Kerala	676121	11.1496	76.132
Elankur	Kerala	676122	11.1624	76.1828
Amayur	Kerala	676123	11.1698	76.0873
Ananthavur	Kerala	676301	11.0775	75.9094
Pariyapuram	Kerala	676302	10.8911	75.908
Anjapura	Kerala	676303	11.0775	75.9094
Kannamangalam	Kerala	676304	11.1321	76.1558
Abdurahiman Nagar	Kerala	676305	11.0775	75.9094
Kakkad	Kerala	676306	11.1321	76.1558
Keraladheeswarapuram	Kerala	676307	10.958	75.9081
Kodinhi	Kerala	676309	11.0775	75.9094
Mooniyur	Kerala	676311	11.0698	75.9093
Ariyallur	Kerala	676312	11.0698	75.9093
Parambilpeedika	Kerala	676317	11.0698	75.9093
Chettipadi	Kerala	676319	11.0698	75.9093
Nannambra	Kerala	676320	10.9921	75.908
Edarikode	Kerala	676501	10.8781	76.003
Paravanna	Kerala	676502	11.0128	76.0669
Parappur	Kerala	676503	11.2094	76.0034
Chattipparamba	Kerala	676504	11.0128	76.0669
Malappuram Civil Station	Kerala	676505	11.0128	76.0669
Kottilangadi	Kerala	676506	11.0103	76.1043
Makkaraparamba	Kerala	676507	11.0137	76.1321
Chullippara	Kerala	676508	11.0128	76.0669
Anakkayam	Kerala	676509	11.0852	76.1218
Cherushola	Kerala	676510	11.1392	76.0485
Vellur	Kerala	676517	11.2068	76.0262
Downhill	Kerala	676519	11.1392	76.0485
Chembrassei	Kerala	676521	11.0964	76.2241
Kolaparamba	Kerala	676522	10.9146	76.3221
Iringattiri	Kerala	676523	11.1137	76.3265
Adakkakundu	Kerala	676525	11.1321	76.1558
Mattathur	Kerala	676528	11.1321	76.1558
Chathallur	Kerala	676541	11.2153	76.1418
Mampad	Kerala	676542	11.1321	76.1558
Kalpakancheri	Kerala	676551	10.954	75.9692
Edayur	Kerala	676552	10.9349	76.112
Kadampuzha	Kerala	676553	10.9468	76.0201
Chennara	Kerala	676561	10.8395	75.9258
Kuttayi	Kerala	676562	10.8491	75.9014
Palakkad Collectorate	Kerala	678001	10.7691	76.6533
Olavakkot H.O	Kerala	678002	10.7691	76.6533
Kalpathi	Kerala	678003	10.7902	76.6457
Koduntharapully	Kerala	678004	10.7652	76.6318
Chokkanathapuram	Kerala	678005	10.7691	76.6533
Kallekkad	Kerala	678006	10.7519	76.6824
Chandranagar	Kerala	678007	10.7691	76.6533
Akathethara	Kerala	678008	10.7691	76.6533
Dhoni	Kerala	678009	10.7691	76.6533
Sekharipuram	Kerala	678010	10.7922	76.6419
Ambikapuram (Palakkad)	Kerala	678011	10.7939	76.653
Kavalpad	Kerala	678012	10.7906	76.6308
Kunnathurmedu	Kerala	678013	10.7922	76.6419
Palakkad City	Kerala	678014	10.7922	76.6419
Chittur Courts	Kerala	678101	10.699	76.8001
Tattamangalam	Kerala	678102	10.6812	76.7052
Thekkegramam	Kerala	678103	10.6901	76.7526
Chittur College	Kerala	678104	10.6901	76.7526
Koduvayur	Kerala	678501	10.599	76.6922
Ettanur	Kerala	678502	10.599	76.6922
Karippode	Kerala	678503	10.6802	76.6836
Vadavannur	Kerala	678504	10.599	76.6922
Pallassana	Kerala	678505	10.599	76.6922
Nenmeni	Kerala	678506	10.6167	76.7
Govindapuram	Kerala	678507	10.6211	76.781
Chathamangalam	Kerala	678508	10.5384	76.6482
Ayalur	Kerala	678510	10.5503	76.5772
Kakkayur	Kerala	678512	10.658	76.6409
Peruvemba	Kerala	678531	10.699	76.6849
Karippali	Kerala	678532	10.6686	76.744
Meenakshipuram	Kerala	678533	10.6686	76.744
Kannimari	Kerala	678534	10.6479	76.8046
Alathur Mbr H.O	Kerala	678541	10.6633	76.4786
Kattusseri	Kerala	678542	10.6633	76.4786
Kavasseri	Kerala	678543	10.6568	76.4882
Tarur	Kerala	678544	10.6699	76.4689
Pudiyankam	Kerala	678545	10.6633	76.4786
Erimayur	Kerala	678546	10.6633	76.4786
Karingarapully	Kerala	678551	10.8329	76.4992
Panayur	Kerala	678552	10.7948	76.3143
Nallepilly	Kerala	678553	10.8329	76.4992
Nattukal	Kerala	678554	10.9661	76.347
Eruttenpadi	Kerala	678555	10.7378	76.8363
Attempathy	Kerala	678556	10.8329	76.4992
Kozhipara	Kerala	678557	10.8329	76.4992
Mathur Agraharam	Kerala	678571	10.7085	76.4722
Cherukulam	Kerala	678572	10.7085	76.4722
Chennangad	Kerala	678573	10.7085	76.4722
Chulanur	Kerala	678574	10.7085	76.4722
Pudur	Kerala	678581	10.6687	76.7696
Chindaki	Kerala	678582	11.0903	76.5269
Ariyur	Kerala	678583	10.9759	76.4022
Irimbakachola	Kerala	678591	10.7946	76.5586
Mundur Palakkad	Kerala	678592	10.8374	76.5759
Mudukurissi	Kerala	678593	10.7946	76.5586
Muttikulangara	Kerala	678594	10.7946	76.5586
Elambulasseri	Kerala	678595	10.9328	76.44
Kalladikode	Kerala	678596	10.7946	76.5586
Karimba	Kerala	678597	10.9231	76.5189
Poonchola	Kerala	678598	10.7946	76.5586
Alanallur	Kerala	678601	11.0094	76.3474
Edathara	Kerala	678611	10.7829	76.5761
Tenur	Kerala	678612	10.8033	76.5357
Kallur-palakkad	Kerala	678613	10.8113	76.514
Kanjikode	Kerala	678621	10.7555	76.7709
Elapulli	Kerala	678622	10.7555	76.7709
Kanjikode West	Kerala	678623	10.7555	76.7709
Chandrapuram	Kerala	678624	10.7555	76.7709
Cheraya	Kerala	678631	10.8711	76.5096
Konikazhi	Kerala	678632	10.8975	76.4927
Alangad	Kerala	678633	10.7946	76.5586
Keralasseri	Kerala	678641	10.8296	76.498
Kilakkumbram	Kerala	678642	10.804	76.4652
Anakkal	Kerala	678651	10.8107	76.6634
Parambikulam	Kerala	678661	10.3905	76.7924
Thenkurussi	Kerala	678671	10.7242	76.5247
Koottala	Kerala	678681	10.7946	76.5586
Anjumoorthy	Kerala	678682	10.7946	76.5586
Ayakkad	Kerala	678683	10.6091	76.4745
Elavampadam	Kerala	678684	10.7946	76.5586
Mannapra	Kerala	678685	10.6187	76.4742
Kannambra	Kerala	678686	10.6137	76.4447
Manappadam	Kerala	678687	10.7946	76.5586
Kudallur	Kerala	678688	10.8328	76.0751
Kannadi	Kerala	678701	10.7946	76.5586
Kalapatti	Kerala	678702	10.6456	76.4654
Cheramangalam	Kerala	678703	10.4848	76.6128
Chittilancheri	Kerala	678704	10.4848	76.6128
Mudappallur	Kerala	678705	10.5909	76.5173
Chittadi	Kerala	678706	10.4848	76.6128
Chimbukat	Kerala	678721	10.6191	76.5983
Nechur	Kerala	678722	10.6191	76.5983
Palakkad Industrial Estate	Kerala	678731	10.7982	76.6907
Kottekkad	Kerala	678732	10.7982	76.6907
Changileri	Kerala	678762	10.977	76.448
Ottapalam H.O	Kerala	679101	10.7946	76.5586
Thottakkara	Kerala	679102	10.7946	76.5586
Palappuram	Kerala	679103	10.7678	76.4103
Kanniampuram	Kerala	679104	10.7946	76.5586
Mayannur	Kerala	679105	10.7512	76.3835
Kondazhi	Kerala	679106	10.7089	76.4053
Paruthipra	Kerala	679121	10.8045	76.2616
Kallipadam	Kerala	679122	10.8045	76.2616
Ganeshgiri	Kerala	679123	10.8045	76.2616
Lakkidi	Kerala	679301	10.7562	76.4369
Akalur	Kerala	679302	10.8208	76.2022
Amayur	Kerala	679303	10.8548	76.1856
Vilathur	Kerala	679304	10.8605	76.1171
Cherukutangad	Kerala	679305	10.8208	76.2022
Maruthur	Kerala	679306	10.8166	76.2161
Melmuri	Kerala	679307	10.8581	76.1698
Naduvattom	Kerala	679308	10.7591	76.255
Vilayur	Kerala	679309	10.9022	76.1638
Kalladipatta	Kerala	679313	10.8108	76.2268
Ramapuram	Kerala	679321	10.9993	76.1385
Amminikkad	Kerala	679322	10.9708	76.2719
Chelakkad	Kerala	679323	10.916	76.2088
Kadannamanna	Kerala	679324	11.0372	76.1604
Vengoor	Kerala	679325	11.0222	76.2378
Edapatta	Kerala	679326	11.0692	76.2565
Chembrasseri East	Kerala	679327	11.1312	76.284
Kappil	Kerala	679328	11.1321	76.1558
Nilambur	Kerala	679329	11.2727	76.2257
Karulai	Kerala	679330	11.303	76.2999
Munda	Kerala	679331	11.1014	76.2443
Amarambalam	Kerala	679332	11.2249	76.2716
Kambalakallu	Kerala	679333	11.3857	76.3443
Munderi	Kerala	679334	11.4491	76.2749
Ezhuvanthala	Kerala	679335	10.8764	76.2804
Choorakode	Kerala	679336	10.9031	76.3687
Chundampatta	Kerala	679337	10.8846	76.2004
Moorkkanad	Kerala	679338	10.9369	76.1273
Karad	Kerala	679339	11.1733	76.2398
Eravimangalam	Kerala	679340	10.9526	76.2403
Arkkuparamba	Kerala	679341	10.923	76.2393
Aliparamba	Kerala	679357	10.9216	76.2654
Melur	Kerala	679501	10.8289	76.3817
Munnurkode	Kerala	679502	10.8368	76.336
Veeramangalam	Kerala	679503	10.8368	76.336
Karumanamkurissi	Kerala	679504	10.8368	76.336
Chalavara	Kerala	679505	10.8228	76.3002
Karalmanna	Kerala	679506	10.8952	76.3119
Chunangad	Kerala	679511	10.7962	76.4033
Ambalapara	Kerala	679512	10.8314	76.4127
Kottappuram	Kerala	679513	10.9168	76.408
Kattukulam	Kerala	679514	10.8748	76.4066
Kadambur (Palakkad)	Kerala	679515	10.8426	76.4112
Vengasseri	Kerala	679516	10.8701	76.4054
Cherottur	Kerala	679521	10.7709	76.3173
Panayur	Kerala	679522	10.7948	76.3143
Mannanur	Kerala	679523	10.7531	76.3144
Painkulam	Kerala	679531	10.7483	76.2995
Pallur	Kerala	679532	10.7592	76.2318
Koottanad	Kerala	679533	10.7578	76.1166
Mala	Kerala	679534	10.7753	76.1094
Chaliyattiri	Kerala	679535	10.7946	76.5586
Perumannur	Kerala	679536	10.7553	76.098
Anakkara (Palakkad)	Kerala	679551	10.812	76.0429
Angadi	Kerala	679552	10.7695	76.0539
Kumbidi	Kerala	679553	10.7946	76.5586
Kudallur	Kerala	679554	10.8328	76.0751
Chammannur	Kerala	679561	10.6567	75.993
Kallur-Vadakkekkad	Kerala	679562	10.6521	75.9951
Nhamanghat	Kerala	679563	10.6392	76.0157
Andathode	Kerala	679564	10.6789	75.9681
Naduvattom	Kerala	679571	10.8425	76.0308
Irimbiliyam	Kerala	679572	10.8624	76.0922
Athalur	Kerala	679573	10.8329	75.978
Mookkuthala	Kerala	679574	10.8078	76.0432
Cheruvallur	Kerala	679575	10.7022	76.0069
Ayilakkad	Kerala	679576	10.7694	75.9874
Ponani H.O	Kerala	679577	10.8078	76.0432
Mudur	Kerala	679578	10.7903	76.0331
Gramam	Kerala	679579	10.7209	75.946
Ayirur	Kerala	679580	10.6938	75.9616
Marancheri	Kerala	679581	10.7405	75.971
Kadancheri	Kerala	679582	10.8264	75.9909
Ponani Nagaram	Kerala	679583	10.7587	75.974
Kanhiramukku	Kerala	679584	10.7587	75.974
Alankode	Kerala	679585	10.7587	75.974
Kadavanad	Kerala	679586	10.7569	75.9362
Eramangalam	Kerala	679587	10.7151	75.978
Kokkur	Kerala	679591	10.73	76.0608
Thrissur Central	Kerala	680001	10.5179	76.2204
Punkunnu	Kerala	680002	10.5179	76.2204
Ayyanthole	Kerala	680003	10.5179	76.2204
Poothole	Kerala	680004	10.5179	76.2204
Nellikunnu	Kerala	680005	10.4712	76.3162
Nehrunagar	Kerala	680006	10.507	76.2352
Kurkancheri	Kerala	680007	10.5015	76.2071
Cherur	Kerala	680008	10.4712	76.3162
Thrissur Engg College	Kerala	680009	10.5179	76.2204
Kolazhi RM	Kerala	680010	10.553	76.2266
Kanattukara	Kerala	680011	10.5296	76.1974
Chettupuzha	Kerala	680012	10.5094	76.1676
Kuttur (Thrissur)	Kerala	680013	10.5586	76.1998
Kainoor	Kerala	680014	10.4991	76.2794
Thrissur City	Kerala	680020	10.4924	76.2287
Thrissur R S	Kerala	680021	10.4924	76.2287
Thiruvambady TSR	Kerala	680022	10.4924	76.2287
Chiyyaram	Kerala	680026	10.4924	76.2287
Chovvur	Kerala	680027	10.4924	76.2287
Kattilapoovam	Kerala	680028	10.4924	76.2287
Guruvayur	Kerala	680101	10.5943	76.0411
Ariyannur	Kerala	680102	10.6091	76.0839
Iringapuram	Kerala	680103	10.5949	76.0648
Brahmakulam	Kerala	680104	10.5814	76.0693
Chelur	Kerala	680121	10.4712	76.3162
Edathirinji	Kerala	680122	10.4712	76.3162
Karumathra	Kerala	680123	10.4712	76.3162
Irinjalakuda North	Kerala	680125	10.4712	76.3162
Chittissery	Kerala	680301	10.4138	76.2606
Alagappanagar	Kerala	680302	10.3422	76.2977
Varandarappilly	Kerala	680303	10.3422	76.2977
Chimmoni Dam	Kerala	680304	10.3422	76.2977
Anandapuram	Kerala	680305	10.3774	76.2611
Ollur	Kerala	680306	10.4667	76.2333
Chalakudi H.O	Kerala	680307	10.3422	76.2977
Koratti	Kerala	680308	10.266	76.3477
Annanad	Kerala	680309	10.3422	76.2977
Parappukkara	Kerala	680310	10.4005	76.2493
Koovakkattukunnu	Kerala	680311	10.2943	76.3551
Chengallur	Kerala	680312	10.3994	76.3346
Kallur (Thrissur)	Kerala	680317	10.3797	76.3026
Eyyal	Kerala	680501	10.6554	76.1174
Choondal	Kerala	680502	10.697	76.0648
Kunnamkulam H.O	Kerala	680503	10.697	76.0648
Koonamoochi	Kerala	680504	10.697	76.0648
Kavida	Kerala	680505	10.6157	76.022
Blangad	Kerala	680506	10.5618	76.0222
Maruthayur	Kerala	680507	10.5594	76.0495
Peruvallur	Kerala	680508	10.5537	76.0926
Mullassery	Kerala	680509	10.697	76.0648
Kannoth	Kerala	680510	10.4712	76.3162
Chittattukara	Kerala	680511	10.5732	76.0745
Vattekkad	Kerala	680512	10.5701	76.0291
Toyakkavu	Kerala	680513	10.5085	76.0794
Kadappuram	Kerala	680514	10.5475	76.023
Edakkaliyur	Kerala	680515	10.4712	76.3162
Tiruvatra	Kerala	680516	10.5933	76.0028
Chemmannur	Kerala	680517	10.6195	76.075
Agalad	Kerala	680518	10.6445	75.9847
Akathiyur	Kerala	680519	10.6809	76.0942
Thozhiyur	Kerala	680520	10.6247	76.051
Arthat	Kerala	680521	10.6242	76.0526
Paluvai	Kerala	680522	10.5783	76.0554
Kizhur	Kerala	680523	10.6522	76.0548
Padoor	Kerala	680524	10.6247	76.051
Anjur Mundur	Kerala	680541	10.6024	76.1752
Mangad	Kerala	680542	10.6889	76.1915
Kadavallur	Kerala	680543	10.5787	76.0789
Kattakampal	Kerala	680544	10.6233	76.1344
Peramangalam	Kerala	680545	10.5733	76.1689
Kaiparamba	Kerala	680546	10.6083	76.139
Adat	Kerala	680551	10.5453	76.1522
Parappur	Kerala	680552	10.5645	76.123
Puzhakkal	Kerala	680553	10.5471	76.1777
Amalanagar	Kerala	680555	10.5625	76.144
Cherpu	Kerala	680561	10.7172	76.0861
Arattupuzha	Kerala	680562	10.4333	76.2167
Ammadam	Kerala	680563	10.7172	76.0861
Inchamudi	Kerala	680564	10.7172	76.0861
Peringottukara	Kerala	680565	10.7172	76.0861
Nattika	Kerala	680566	10.4199	76.0999
Chulur	Kerala	680567	10.4712	76.3162
Edamuttam	Kerala	680568	10.7172	76.0861
Edassery	Kerala	680569	10.7172	76.0861
Vadakkummuri	Kerala	680570	10.4712	76.3162
Chazhur	Kerala	680571	10.4712	76.3162
Chottupara	Kerala	680581	10.6081	76.2113
Wadakanchery-TC H.O	Kerala	680582	10.664	76.2793
Attur	Kerala	680583	10.701	76.2885
Erumapetty	Kerala	680584	10.686	76.1578
Tali	Kerala	680585	10.6973	76.2131
Kurumala	Kerala	680586	10.6832	76.334
Chelakode	Kerala	680587	10.6653	76.4236
Malavattom	Kerala	680588	10.664	76.2793
Karumathra	Kerala	680589	10.6422	76.2855
Kanjirakode	Kerala	680590	10.7233	76.3188
Killimangalam	Kerala	680591	10.7233	76.3188
Kaniyarkod	Kerala	680594	10.7233	76.3188
Thangalur	Kerala	680596	10.7233	76.3188
Kiralur	Kerala	680601	10.4712	76.3162
Alur Mattom	Kerala	680602	10.4712	76.3162
Chiramanangad	Kerala	680604	10.6905	76.1177
Elthuruth	Kerala	680611	10.5089	76.1306
Kanjani	Kerala	680612	10.5089	76.1306
Kandassankadavu	Kerala	680613	10.5089	76.1306
Naduvilkkara	Kerala	680614	10.5089	76.1306
Engandiyur	Kerala	680615	10.5056	76.0656
Kundaliyur	Kerala	680616	10.5089	76.1306
Manalur	Kerala	680617	10.5089	76.1306
Aranattukara	Kerala	680618	10.5121	76.1956
Trithallur	Kerala	680619	10.5089	76.1306
Arimpur	Kerala	680620	10.4002	76.2065
Mundathicode West	Kerala	680623	10.4002	76.2065
Ramavarmapuram	Kerala	680631	10.4002	76.2065
Alapad	Kerala	680641	10.4712	76.3162
Puthenpeedika	Kerala	680642	10.4712	76.3162
Madakkathara	Kerala	680651	10.5665	76.2589
Chuvannamannu	Kerala	680652	10.5611	76.3609
Chennaipara	Kerala	680653	10.552	76.3017
Vellanikkara	Kerala	680654	10.5475	76.2583
Ollukkara	Kerala	680655	10.552	76.3017
Kerala Agri-university	Kerala	680656	10.552	76.3017
Nadavaramba	Kerala	680661	10.4712	76.3162
Thumbur	Kerala	680662	10.3108	76.2634
Pullut	Kerala	680663	10.2442	76.2084
Kodungallur	Kerala	680664	10.2326	76.1951
Panangad (Thrissur)	Kerala	680665	10.4712	76.3162
Azhikode Jetty	Kerala	680666	10.2103	76.1674
Kottappuram	Kerala	680667	10.4712	76.3162
Santhipuram	Kerala	680668	10.245	76.1881
Methala	Kerala	680669	10.2326	76.1951
Karupadanna	Kerala	680670	10.2359	76.1619
Kara	Kerala	680671	10.2316	76.1528
Chalingad	Kerala	680681	10.47	76.2244
Kannikulangara	Kerala	680682	10.47	76.2244
Pullur	Kerala	680683	10.4712	76.3162
Mattathur	Kerala	680684	10.3722	76.3502
Mathilakam	Kerala	680685	10.47	76.2244
Chakkarappadam	Kerala	680686	10.47	76.2244
Chamakkala	Kerala	680687	10.47	76.2244
Padiyur	Kerala	680688	10.47	76.2244
Kanakamala	Kerala	680689	10.47	76.2244
Koolimuttam	Kerala	680691	10.2862	76.1356
Karur	Kerala	680697	10.3047	76.3052
Chokkana	Kerala	680699	10.3591	76.4128
Thanissery	Kerala	680701	10.4712	76.3162
Karanchira	Kerala	680702	10.4712	76.3162
Kuttamangalam	Kerala	680703	10.4712	76.3162
Karuvannur	Kerala	680711	10.4038	76.187
Madayikonam	Kerala	680712	10.4038	76.187
Vettilappara	Kerala	680721	10.4712	76.3162
Chalakudi R S	Kerala	680722	10.3207	76.3368
Chaipankuzhi	Kerala	680724	10.5482	76.3041
Annallur	Kerala	680731	10.2909	76.2841
Kottamuri	Kerala	680732	10.2383	76.2615
Poyya	Kerala	680733	10.2144	76.2451
Kundur	Kerala	680734	10.1797	76.2941
Alathur(Thrissur)	Kerala	680741	10.2213	76.3196
Eravimangalam	Kerala	680751	10.4995	76.2679
Kochi H.O	Kerala	682001	10.1131	76.2858
Mattancherry	Kerala	682002	10.1131	76.2858
Willingdon Island	Kerala	682003	10.1131	76.2858
Kochi Naval Base	Kerala	682004	10.1131	76.2858
Thoppumpady	Kerala	682005	10.1131	76.2858
Palluruthy	Kerala	682006	10.1131	76.2858
Kumbalangi	Kerala	682007	10.1131	76.2858
Andikkadavu	Kerala	682008	10.1131	76.2858
North End	Kerala	682009	10.1131	76.2858
Edakochi	Kerala	682010	9.967	76.3159
Ernakulam H.O	Kerala	682011	9.967	76.3159
Pachalam	Kerala	682012	9.967	76.3159
Thevara	Kerala	682013	9.967	76.3159
Perumanur	Kerala	682015	9.967	76.3159
Kochi M.G.Road	Kerala	682016	9.967	76.3159
Kaloor	Kerala	682017	9.967	76.3159
Ernakulam North	Kerala	682018	9.967	76.3159
Vyttila	Kerala	682019	9.967	76.3159
Kadavanthara	Kerala	682020	10.1975	76.2147
Thrikkakara	Kerala	682021	10.1975	76.2147
Kochi University	Kerala	682022	10.1975	76.2147
Vaduthala	Kerala	682023	10.0577	76.4727
Edapally	Kerala	682024	10.022	76.3087
Palarivattom	Kerala	682025	10.1975	76.2147
Elamakkara	Kerala	682026	10.1975	76.2147
Chittoor-ekm	Kerala	682027	10.0568	76.254
Vennala	Kerala	682028	10.1975	76.2147
Matsyapuri	Kerala	682029	10.1975	76.2147
Kakkanad	Kerala	682030	10.0164	76.3417
Ernakulam High Court	Kerala	682031	10.0492	76.3705
Thammanam	Kerala	682032	10.0492	76.3705
Changampuzha Nagar	Kerala	682033	10.0492	76.3705
Cheranallur	Kerala	682034	10.1728	76.4759
Ernakulam College	Kerala	682035	10.0492	76.3705
Panampilly Nagar	Kerala	682036	9.9584	76.2939
Cochin Special Economic Zone	Kerala	682037	10.0492	76.3705
Poonithura	Kerala	682038	10.0492	76.3705
Rajagiri Valley	Kerala	682039	10.0492	76.3705
Nettoor	Kerala	682040	10.1131	76.2858
AIMS Ponekkara	Kerala	682041	10.1131	76.2858
Infopark-Kochi	Kerala	682042	10.1131	76.2858
International Business Centre	Kerala	682050	10.1131	76.2858
Kochi Parcel Centre	Kerala	682051	10.1131	76.2858
Thekkumbhagom	Kerala	682301	10.0577	76.4727
Ambalamugal	Kerala	682302	10.0577	76.4727
Brahmapuram	Kerala	682303	10.0577	76.4727
Maradu	Kerala	682304	9.9365	76.3238
Kadungamangalam	Kerala	682305	10.0509	76.2833
Eroor (Ernakulam)	Kerala	682306	10.0577	76.4727
Nadakkavu	Kerala	682307	10.0577	76.4727
Varikoli	Kerala	682308	9.9773	76.4105
Irimbanam	Kerala	682309	10.0577	76.4727
Kaninad	Kerala	682310	9.984	76.4273
Kadakkanad	Kerala	682311	9.9781	76.474
Chottanikkara	Kerala	682312	9.9364	76.3811
Arakunnam	Kerala	682313	10.0577	76.4727
Mulanthuruthy	Kerala	682314	9.9555	76.4032
Kanjiramattom	Kerala	682315	10.0577	76.4727
Kunnackal	Kerala	682316	9.9555	76.4032
Kulayettikara	Kerala	682317	9.9555	76.4032
Ayyampilly	Kerala	682501	10.0099	76.2416
Edavanakad	Kerala	682502	10.0837	76.2095
Elamkunnapuzha	Kerala	682503	10.0267	76.2223
Mulavukad	Kerala	682504	10.0136	76.2631
Narakkal	Kerala	682505	10.0099	76.2416
Kumbalam	Kerala	682506	9.9063	76.3113
Mundamveli	Kerala	682507	9.9201	76.2559
Azheekal	Kerala	682508	10.0025	76.2364
Nayarambalam	Kerala	682509	10.0628	76.2081
Malipuram	Kerala	682511	10.019	76.2278
Androth	Lakshadweep	682551	11.0915	72.7343
Amini	Lakshadweep	682552	11.1141	72.7191
Agathi	Lakshadweep	682553	11.0915	72.7343
Bithra	Lakshadweep	682554	11.0915	72.7343
Kavaratti H.O	Lakshadweep	682555	11.0915	72.7343
Kadamat	Lakshadweep	682556	11.0915	72.7343
Kalpeni	Lakshadweep	682557	10.0826	73.6432
Kiltan	Lakshadweep	682558	11.4858	73.0038
Minicoy	Lakshadweep	682559	8.289	73.0617
Aluva Bazar	Kerala	683101	10.0614	76.3263
Desom	Kerala	683102	10.0614	76.3263
Rajagiri	Kerala	683104	10.0614	76.3263
Marampally	Kerala	683105	10.0614	76.3263
Thaikkattukara	Kerala	683106	10.0614	76.3263
Thottakkattukara	Kerala	683108	10.0614	76.3263
Muppathadam	Kerala	683110	10.0614	76.3263
Kochi Airport	Kerala	683111	10.0614	76.3263
Erumathala	Kerala	683112	10.0614	76.3263
Kuttikkattukara	Kerala	683501	10.1039	76.4103
Binanipuram	Kerala	683502	10.1039	76.4103
Hmt Colony	Kerala	683503	10.1039	76.4103
Alangad	Kerala	683511	10.1019	76.291
Chendamangalam	Kerala	683512	10.1632	76.2346
Ezhikkara	Kerala	683513	10.132	76.236
Cherai	Kerala	683514	9.977	76.27
Palliport	Kerala	683515	10.1128	76.2465
Gothuruthy	Kerala	683516	10.1899	76.2008
Varapuzha	Kerala	683517	10.1128	76.2465
Kongorpilly	Kerala	683518	10.1128	76.2465
Kaitharam	Kerala	683519	10.1128	76.2465
Manjaly	Kerala	683520	10.0577	76.4727
Vadakkumpuram	Kerala	683521	10.0577	76.4727
Kunjithai	Kerala	683522	10.0577	76.4727
Airapuram	Kerala	683541	10.0605	76.5235
Perumbavoor H.O	Kerala	683542	10.1346	76.4823
Rayonpuram	Kerala	683543	10.1346	76.4823
Kodanad	Kerala	683544	10.1821	76.5175
Methala	Kerala	683545	10.0577	76.4727
Vengoor	Kerala	683546	10.1323	76.5253
Mudikkal	Kerala	683547	10.1346	76.4823
Iringole	Kerala	683548	10.1346	76.4823
Asamannoor	Kerala	683549	10.1346	76.4823
Okkal	Kerala	683550	10.151	76.4577
Allapra	Kerala	683556	10.151	76.4577
Edathala	Kerala	683561	10.0502	76.4243
Kizhakkambalam	Kerala	683562	10.0261	76.4124
Naval Armament Depot - Aluva	Kerala	683563	10.0261	76.4124
Kumarapuram (Ernakulam)	Kerala	683565	10.002	76.4005
Chowara	Kerala	683571	10.0577	76.4727
Kidangoor	Kerala	683572	10.054	76.3531
Angamally South	Kerala	683573	10.0975	76.3717
Manickamangalam	Kerala	683574	10.1874	76.4458
Kanjoor	Kerala	683575	10.0975	76.3717
Karukutty	Kerala	683576	10.0975	76.3717
Thabore	Kerala	683577	10.0577	76.4727
Chengamanad	Kerala	683578	10.1541	76.3416
Parakkadavu	Kerala	683579	10.0577	76.4727
Sreemoolanagaram	Kerala	683580	10.1705	76.4125
Chully	Kerala	683581	10.1705	76.4125
Athani (Ernakulam)	Kerala	683585	10.154	76.3552
Malayattoor	Kerala	683587	10.2	76.5333
Mekkad	Kerala	683589	10.1717	76.3597
Elanthikara	Kerala	683594	10.1039	76.4103
Cheenthalar	Kerala	685501	9.6351	76.9786
Kottamala	Kerala	685503	9.683	76.9049
Karimkulam Chappath	Kerala	685505	9.8843	76.8679
Ayyappancoil	Kerala	685507	9.8843	76.8679
Kattappana H.O	Kerala	685508	9.8843	76.8679
Amaravathy	Kerala	685509	9.8822	77.0275
Kozhimala	Kerala	685511	9.6906	76.9977
Anakkara (Idukki)	Kerala	685512	9.6906	76.9977
Bethel	Kerala	685514	9.6906	76.9977
Nellipara	Kerala	685515	9.6906	76.9977
Pallikunnu	Kerala	685531	9.8822	77.0275
Kanayankavayal	Kerala	685532	9.5564	76.9501
Arnakal	Kerala	685533	9.5222	77.1205
Viswanathapuram	Kerala	685535	9.5434	77.0484
Mali	Kerala	685551	9.7159	77.1423
Kallar	Kerala	685552	9.8249	77.1574
Manjappara	Kerala	685553	9.8419	77.1527
Chathurangapara	Kerala	685554	9.7731	77.1653
Adimali	Kerala	685561	9.8822	77.0275
Kallarkutty	Kerala	685562	9.8822	77.0275
Ponmudi	Kerala	685563	9.8822	77.0275
Sengulam	Kerala	685565	9.8822	77.0275
Mukkudil	Kerala	685566	9.8822	77.0275
Mullarikudy	Kerala	685571	9.6906	76.9977
Cheppukulam	Kerala	685581	9.9029	76.7696
Kodikulam	Kerala	685582	9.934	76.7566
Kuninji	Kerala	685583	9.9029	76.7696
Thodupuzha H.O	Kerala	685584	9.9029	76.7696
Anchiri	Kerala	685585	9.9029	76.7696
Karimkunnam	Kerala	685586	9.9029	76.7696
Ellumpuram	Kerala	685587	9.9029	76.7696
Alakode	Kerala	685588	9.8822	77.0275
Edad-idukki	Kerala	685589	9.9029	76.7696
Kanjar	Kerala	685590	9.6906	76.9977
Arakulam	Kerala	685591	9.6906	76.9977
Amayapra	Kerala	685595	9.6906	76.9977
Karippalangad	Kerala	685601	9.8822	77.0275
Mariyapuram	Kerala	685602	9.8822	77.0275
Idukki Painavu	Kerala	685603	9.8822	77.0275
Rajapuram	Kerala	685604	9.8822	77.0275
Ezhallur	Kerala	685605	9.8987	76.7404
Venmony	Kerala	685606	9.8822	77.0275
Kaliyar	Kerala	685607	9.8822	77.0275
Arikuzha	Kerala	685608	9.8822	77.0275
Marigiri	Kerala	685609	9.8822	77.0275
Edamalakudi	Kerala	685612	10.0797	77.0551
Anayirankal	Kerala	685613	10.0648	77.1074
Chattamannar	Kerala	685614	10.0777	77.1209
Ellapatti	Kerala	685615	10.1279	77.2097
Mattupatty ISP	Kerala	685616	10.0777	77.1209
Chinnakanal	Kerala	685618	10.0365	77.1773
Aruvilanchal	Kerala	685619	10.0777	77.1209
Maraiyur	Kerala	685620	10.2764	77.162
Kottayam H.O	Kerala	686001	9.5951	76.4958
Kottayam Collectorate	Kerala	686002	9.5951	76.4958
Veloor	Kerala	686003	9.5951	76.4958
Devalokam	Kerala	686004	9.5951	76.4958
Kummanam	Kerala	686005	9.5951	76.4958
Nattassery S H Mount	Kerala	686006	9.5951	76.4958
Pallom	Kerala	686007	9.5951	76.4958
Arpookara	Kerala	686008	9.5951	76.4958
Rubber Board	Kerala	686009	9.5951	76.4958
Vadavathoor	Kerala	686010	9.5634	76.528
Eravinalloor	Kerala	686011	9.5	76.5333
Moolavattom	Kerala	686012	9.5634	76.528
Kottayam South	Kerala	686013	9.5634	76.528
Olessa	Kerala	686014	9.5634	76.528
Aymanam	Kerala	686015	9.6068	76.5005
Kumaranalloor	Kerala	686016	9.5634	76.528
Kudamaloor	Kerala	686017	9.5634	76.528
Manganam	Kerala	686018	9.5833	76.55
Amayannur	Kerala	686019	9.5634	76.528
Kanjiram	Kerala	686020	9.5713	76.5199
Pariyaram (Kottayam)	Kerala	686021	9.5713	76.5199
Chengalam South	Kerala	686022	9.5713	76.5199
Malloossery	Kerala	686041	9.5713	76.5199
Changanacherry College	Kerala	686101	9.6875	76.7789
Fathimapuram	Kerala	686102	9.6875	76.7789
Kumarankary	Kerala	686103	9.4236	76.4496
Kurisummoodu	Kerala	686104	9.6875	76.7789
Kottamurickal	Kerala	686105	9.6875	76.7789
Changanacherry Industrialnagar	Kerala	686106	9.6875	76.7789
Erattupetta	Kerala	686121	9.6875	76.7789
Aruvithura	Kerala	686122	9.6875	76.7789
Thidanad	Kerala	686123	9.6875	76.7789
Vaikom H.O	Kerala	686141	9.6875	76.7789
Akkarapadom	Kerala	686143	9.6875	76.7789
Ambika Market	Kerala	686144	9.6875	76.7789
Ayyarkulangara	Kerala	686146	9.6875	76.7789
Areeparampu	Kerala	686501	9.5566	76.7342
Kothala	Kerala	686502	9.5715	76.6612
Anikad	Kerala	686503	9.5566	76.7342
Vazhoor	Kerala	686504	9.5597	76.7056
Theerthapadapuram	Kerala	686505	9.5566	76.7342
Chennakunnu	Kerala	686506	9.56	76.75
Kanjirapally H.O	Kerala	686507	9.5566	76.7342
Anakkal	Kerala	686508	9.5981	76.7762
Erumely	Kerala	686509	9.4836	76.8454
Chathenthara	Kerala	686510	9.4495	76.8748
Kunnam Vechoochira	Kerala	686511	9.2841	76.929
Chittadi	Kerala	686512	9.5424	76.8406
Karinilam	Kerala	686513	9.5375	76.8852
Mukkulam	Kerala	686514	9.6118	76.8918
Kanam	Kerala	686515	9.5416	76.6986
Meenadom	Kerala	686516	9.5573	76.8523
Chakompathal	Kerala	686517	9.5573	76.8523
Koovapally	Kerala	686518	9.5573	76.8523
Kavumbhagom	Kerala	686519	9.5573	76.8523
Chenappady	Kerala	686520	9.5449	76.7695
Pampady South	Kerala	686521	9.5715	76.7497
Koorali	Kerala	686522	9.5982	76.7299
Chingavanam	Kerala	686531	9.5079	76.5379
Kurichy	Kerala	686532	9.5079	76.5379
Channanikadu	Kerala	686533	9.5138	76.5375
Eara North	Kerala	686534	9.4965	76.5065
Thuruthy	Kerala	686535	9.5079	76.5379
Mammoodu	Kerala	686536	9.5079	76.5379
Pallickachirakavala	Kerala	686537	9.5079	76.5379
Puthenchantha	Kerala	686538	9.5135	76.5697
Eravuchira	Kerala	686539	9.5079	76.5379
Champakara	Kerala	686540	9.5	76.6333
Edayarickapuzha	Kerala	686541	9.5167	76.7
Manthuruthy	Kerala	686542	9.5	76.6944
Cheruvally	Kerala	686543	9.4833	76.75
Alapra	Kerala	686544	9.5	76.6944
Santhipuram	Kerala	686545	9.5	76.6944
Amara	Kerala	686546	9.5	76.6944
Chunkapara	Kerala	686547	9.2841	76.929
Nalukody	Kerala	686548	9.5	76.6944
Devagiri	Kerala	686555	9.5557	76.7133
Priyadarsini Hills	Kerala	686560	9.6	76.4333
Amalagiri	Kerala	686561	9.6	76.4333
Athirampuzha	Kerala	686562	9.6	76.4333
Cheepunkal	Kerala	686563	9.6	76.4333
Arumanur	Kerala	686564	9.6	76.4333
Kadaplamattom	Kerala	686571	9.7155	76.607
Kidangoor	Kerala	686572	9.6371	76.6509
Kozhuvanal	Kerala	686573	9.633	76.679
Edanad	Kerala	686574	9.633	76.679
Pala Town	Kerala	686575	9.633	76.679
Ramapuram	Kerala	686576	9.7997	76.6623
Elikulam	Kerala	686577	9.633	76.679
Ampara Nirappel	Kerala	686578	9.697	76.7241
Anjoottimangalam	Kerala	686579	9.7138	76.769
Adukkam	Kerala	686580	9.7034	76.8128
Chennad	Kerala	686581	9.6371	76.6509
Peringalam	Kerala	686582	9.6371	76.6509
Kidangoor South	Kerala	686583	9.6371	76.6509
Chempilavu	Kerala	686584	9.6371	76.6509
Kanjiramattom	Kerala	686585	9.5966	76.4678
Chovvur	Kerala	686586	9.6371	76.6509
Vayala	Kerala	686587	9.6371	76.6509
Moozhikulangara	Kerala	686601	9.6851	76.5057
Kaipuzha	Kerala	686602	9.6664	76.5047
Manjoor	Kerala	686603	9.7499	76.4428
Arunoottimangalam	Kerala	686604	9.75	76.5
Brahmamangalam	Kerala	686605	9.779	76.4503
Chemmanathukara	Kerala	686606	9.7261	76.4065
Kothavara	Kerala	686607	9.7119	76.4255
Enadi	Kerala	686608	9.8004	76.3951
Mevelloor	Kerala	686609	9.7499	76.4428
Peruva	Kerala	686610	9.6371	76.6509
Kallara (Kottayam)	Kerala	686611	9.6371	76.6509
Kattampack	Kerala	686612	9.6371	76.6509
Eravimangalam	Kerala	686613	9.6371	76.6509
Newsprint Nagar	Kerala	686616	9.6371	76.6509
Thellakom	Kerala	686630	9.669	76.5592
Ettumanur	Kerala	686631	9.669	76.5592
Kanakari	Kerala	686632	9.669	76.5592
Vempally	Kerala	686633	9.669	76.5592
Kurichithanam	Kerala	686634	9.669	76.5592
Kudakkachira	Kerala	686635	9.669	76.5592
Kurianad	Kerala	686636	9.669	76.5592
Peroor	Kerala	686637	9.669	76.5592
Alanad	Kerala	686651	9.7408	76.7725
Edamaruku	Kerala	686652	9.7408	76.7725
Kadanad Meenachil	Kerala	686653	9.7408	76.7725
Muvattupuzha H.O	Kerala	686661	9.8841	76.5473
Edayar	Kerala	686662	9.8722	76.5506
Kizhmuri	Kerala	686663	9.9333	76.5
Kakkad	Kerala	686664	9.8833	76.4833
Elanji	Kerala	686665	9.8319	76.5449
Kothamangalam College	Kerala	686666	9.8841	76.5473
Anchelpetty	Kerala	686667	9.8925	76.5054
Kaloor	Kerala	686668	9.9697	76.6717
Mazhuvannoor	Kerala	686669	9.8841	76.5473
Avoly	Kerala	686670	9.95	76.65
Pallarimangalam	Kerala	686671	10.0298	76.6668
Arakuzha	Kerala	686672	9.9899	76.6584
Enanalloor	Kerala	686673	9.9899	76.6584
Malipara	Kerala	686681	10.0577	76.4727
Cheruvattoor	Kerala	686691	10.0808	76.6836
Airoopadam	Kerala	686692	10.103	76.637
Oonnukal	Kerala	686693	10.0577	76.4727
Alappuzha Collectorate	Kerala	688001	9.4333	76.35
Thiruvampady Junction	Kerala	688002	9.4333	76.35
Sanathanapuram	Kerala	688003	9.4333	76.35
Punnapra	Kerala	688004	9.4333	76.35
Alappuzha Medical College	Kerala	688005	9.4333	76.35
Avalukkunnu	Kerala	688006	9.4333	76.35
Alappuzha North	Kerala	688007	9.4333	76.35
Thumpoly	Kerala	688008	9.4333	76.35
Pandarakulam	Kerala	688009	9.4333	76.35
Alappuzha District Hospital	Kerala	688011	9.5046	76.3477
Alappuzha Bazar	Kerala	688012	9.5046	76.3477
Thathampally	Kerala	688013	9.5046	76.3477
Punnapra North	Kerala	688014	9.5046	76.3477
Kuttamangalam	Kerala	688501	9.4744	76.4461
Chathurthiakary	Kerala	688502	9.4502	76.4129
Moncombu Thekkekara	Kerala	688503	9.4744	76.4461
Kannady	Kerala	688504	9.4744	76.4461
Champakulam	Kerala	688505	9.4744	76.4461
Chennamkary East	Kerala	688506	9.4866	76.4626
Pathirappally	Kerala	688521	9.4236	76.4496
Kalavoor	Kerala	688522	9.5705	76.3276
Mararikulam North BO	Kerala	688523	9.4236	76.4496
Cherthala Cutcherry	Kerala	688524	9.4236	76.4496
Muhamma	Kerala	688525	9.4236	76.4496
Panavally	Kerala	688526	9.4236	76.4496
Kannankara	Kerala	688527	9.4236	76.4496
Thycattussery	Kerala	688528	9.4236	76.4496
Kadakkarapally	Kerala	688529	9.4236	76.4496
Arthingal	Kerala	688530	9.8029	76.3288
Andhakaranazhy	Kerala	688531	9.8029	76.3288
Thuravoor	Kerala	688532	9.7667	76.3167
Kuthiathode	Kerala	688533	9.8	76.3333
Aroor	Kerala	688534	9.8694	76.305
Arookutty	Kerala	688535	9.8667	76.35
Kalavamkodam	Kerala	688536	9.7116	76.3389
Chandiroor BO	Kerala	688537	9.8029	76.3288
Aryad North BO	Kerala	688538	9.8029	76.3288
Cherthala South BO	Kerala	688539	9.8029	76.3288
Pallithode	Kerala	688540	9.4236	76.4496
Kochuramapuram BO	Kerala	688541	9.4236	76.4496
Varanam	Kerala	688555	9.6487	76.3764
Amabalapuzha East  B O	Kerala	688561	9.3846	76.3551
Kelamangalam	Kerala	688562	9.3622	76.4266
Perumbalam	Kerala	688570	9.85	76.3667
Kanichukulangara BO	Kerala	688582	9.7763	76.3253
Tiruvalla H.O	Kerala	689101	9.2841	76.929
Kavumbhagom	Kerala	689102	9.2841	76.929
Chumathra	Kerala	689103	9.2841	76.929
Valanjavattom	Kerala	689104	9.2841	76.929
Kattode	Kerala	689105	9.2841	76.929
Kuttur (Pathanamthitta)	Kerala	689106	9.2841	76.929
Perumthuruthy	Kerala	689107	9.2841	76.929
Karakkal	Kerala	689108	9.2841	76.929
Eramallikkara	Kerala	689109	9.4236	76.4496
Nedumpuram	Kerala	689110	9.2841	76.929
Tiruvalla RS	Kerala	689111	9.2841	76.929
Amichikary	Kerala	689112	9.2841	76.929
Alumthuruthy	Kerala	689113	9.2841	76.929
Thirumoolapuram	Kerala	689115	9.2841	76.929
Chengannur H.O	Kerala	689121	9.3205	76.6332
Angadical Chengannur	Kerala	689122	9.3205	76.6332
Arattupuzha	Kerala	689123	9.2841	76.929
Kallisserry	Kerala	689124	9.3205	76.6332
Ala (Alappuzha)	Kerala	689126	9.3205	76.6332
Kurampala South	Kerala	689501	9.2841	76.929
Keerukuzhy	Kerala	689502	9.2193	76.7119
Chenneerkara	Kerala	689503	9.2841	76.929
Kotta	Kerala	689504	9.4236	76.4496
Areekara	Kerala	689505	9.2746	76.6444
Pandanad	Kerala	689506	9.4236	76.4496
Mezhuveli	Kerala	689507	9.2841	76.929
Kodukulanji	Kerala	689508	9.2695	76.6112
Venmony	Kerala	689509	9.2451	76.6244
Bhudhanoor	Kerala	689510	9.3031	76.585
Cheriyanadu	Kerala	689511	9.3031	76.585
Kudassanad	Kerala	689512	9.3031	76.585
Mammoodu	Kerala	689513	9.2841	76.929
Karithotta	Kerala	689514	9.2841	76.929
Poomala	Kerala	689520	9.4236	76.4496
Kozhuvallur	Kerala	689521	9.4236	76.4496
Koipuram	Kerala	689531	9.2841	76.929
Edayaramula West	Kerala	689532	9.2841	76.929
Aranmula	Kerala	689533	9.3333	76.6833
Kozhimala	Kerala	689541	9.4	76.6667
Eraviperoor	Kerala	689542	9.4	76.6667
Kavungumprayar	Kerala	689543	9.4	76.6667
Narakathanni	Kerala	689544	9.4	76.6667
Kolabhagom	Kerala	689545	9.4	76.6667
Kunnathukara HSC	Kerala	689546	9.4	76.6667
Kadapra Kumbanadu	Kerala	689547	9.4	76.6667
Kuravankuzhy	Kerala	689548	9.4	76.6667
Chirayirambu	Kerala	689549	9.4	76.6667
Kuriannoor	Kerala	689550	9.2841	76.929
Otherawest	Kerala	689551	9.2841	76.929
Karikuzhy	Kerala	689571	9.4236	76.4496
Anaprambal	Kerala	689572	9.4236	76.4496
Changankary	Kerala	689573	9.4236	76.4496
Muttar	Kerala	689574	9.4236	76.4496
Kunnamthanam	Kerala	689581	9.4329	76.6107
Anjilithanam	Kerala	689582	9.4404	76.6564
Kadamankulam	Kerala	689583	9.4404	76.6564
Mallappally East	Kerala	689584	9.4404	76.6564
Anikad Mallappally GDS	Kerala	689585	9.4404	76.6564
Chalappally	Kerala	689586	9.4404	76.6564
Keezhvaipur	Kerala	689587	9.4404	76.6564
Kulathur	Kerala	689588	9.4478	76.7021
Noorommavu BO	Kerala	689589	9.4404	76.6564
Veliyanadu	Kerala	689590	9.4236	76.4496
Mepral	Kerala	689591	9.2841	76.929
Perumpatty	Kerala	689592	9.2841	76.929
Chengaroor	Kerala	689594	9.2841	76.929
Kodupunna	Kerala	689595	9.4236	76.4496
Thuruthicaud	Kerala	689597	9.2841	76.929
Puthusserry South	Kerala	689602	9.265	76.7873
Ayroor South	Kerala	689611	9.265	76.7873
Ayroor North	Kerala	689612	9.265	76.7873
Vellayil	Kerala	689613	9.265	76.7873
Edappavoor	Kerala	689614	9.265	76.7873
Kariamplavu	Kerala	689615	9.265	76.7873
Kadapra Mannar	Kerala	689621	9.265	76.7873
Eramathoor	Kerala	689622	9.4236	76.4496
Kuttemperur	Kerala	689623	9.4236	76.4496
Ennakkad	Kerala	689624	9.4236	76.4496
Elavanthitta	Kerala	689625	9.265	76.7873
Parumala	Kerala	689626	9.265	76.7873
Melpadom	Kerala	689627	9.4236	76.4496
Kozhencherry	Kerala	689641	9.2422	76.7424
Naranganam	Kerala	689642	9.2422	76.7424
Edapariyaram	Kerala	689643	9.2422	76.7424
Kuzhikala	Kerala	689644	9.2422	76.7424
Makkankunnu	Kerala	689645	9.2422	76.7424
Mallasseri	Kerala	689646	9.2422	76.7424
Mathur	Kerala	689647	9.2841	76.929
Chandanapally	Kerala	689648	9.2303	76.754
Anthiyalankavu	Kerala	689649	9.2422	76.7424
Cherukole Kozhencherri	Kerala	689650	9.265	76.7873
Punnakkad	Kerala	689652	9.265	76.7873
Kizhakkupuram	Kerala	689653	9.265	76.7873
Kozhencherry  Thekkemala	Kerala	689654	9.265	76.7873
Elappupara	Kerala	689656	9.265	76.7873
Kumpalampoika	Kerala	689661	9.2841	76.929
Angamoozhy	Kerala	689662	9.2841	76.929
Chittar	Kerala	689663	9.2841	76.929
Chengara	Kerala	689664	9.2841	76.929
Malayalapuzha Thazham	Kerala	689666	9.2841	76.929
Gurunathanmannu	Kerala	689667	9.2841	76.929
Churulicode	Kerala	689668	9.2841	76.929
Chengalthadom	Kerala	689671	9.265	76.7873
Edakulam	Kerala	689672	9.265	76.7873
Cherukulanji	Kerala	689673	9.265	76.7873
Angadi (Pathanamthitta)	Kerala	689674	9.265	76.7873
Ettichuvadu	Kerala	689675	9.265	76.7873
Makkapuzha	Kerala	689676	9.265	76.7873
Chellakkad	Kerala	689677	9.265	76.7873
Mannarakulanji	Kerala	689678	9.265	76.7873
Kummannoor	Kerala	689691	9.2841	76.929
Adumpumkulam	Kerala	689692	9.2841	76.929
Nedumoncavu	Kerala	689693	9.2841	76.929
Mancode	Kerala	689694	9.1211	76.9238
Pathanapuram	Kerala	689695	9.0999	76.83
Achencoil	Kerala	689696	9.0697	76.8981
Muthupezhumkal	Kerala	689698	9.2841	76.929
Manneera	Kerala	689699	9.2841	76.929
Adichipuzha	Kerala	689711	9.2841	76.929
Mavelikara Court	Kerala	690101	9.2297	76.5637
Puthiyacavu	Kerala	690102	9.2502	76.5674
Kandiyoor	Kerala	690103	9.2297	76.5637
Cherukole	Kerala	690104	9.2297	76.5637
Chennithala	Kerala	690105	9.2808	76.5185
Kannamangalam	Kerala	690106	9.2297	76.5637
Pallarimangalam	Kerala	690107	9.2094	76.5524
Eravankara	Kerala	690108	9.1782	76.6165
Arunoottimangalam	Kerala	690110	9.2297	76.5637
Puthenchantha	Kerala	690501	9.1331	76.5818
Kayangulam College	Kerala	690502	9.1694	76.591
Bharanickavu	Kerala	690503	9.1761	76.5633
Athikattukulangara	Kerala	690504	9.1588	76.6395
Charumoodu	Kerala	690505	9.1694	76.591
Choolatheruvu	Kerala	690506	9.1694	76.591
Evur	Kerala	690507	9.1694	76.591
Keerikad	Kerala	690508	9.1694	76.591
Kallimel	Kerala	690509	9.246	76.5887
Olakettiambalam	Kerala	690510	9.4134	76.4651
Muttom-alleppey	Kerala	690511	9.4134	76.4651
Naduvattom	Kerala	690512	9.2788	76.4863
Akamkudy	Kerala	690513	9.4134	76.4651
Haripad	Kerala	690514	9.2836	76.4552
Mangalam	Kerala	690515	9.4236	76.4496
Karthikappally	Kerala	690516	9.2568	76.4487
Ayaparambu	Kerala	690517	9.3239	76.4431
Karunagappaly H.O	Kerala	690518	8.961	76.8749
Kallelibhagom	Kerala	690519	9.0363	76.5786
Ambalathumbhagom	Kerala	690520	9.0912	76.6593
Karali Jn	Kerala	690521	9.0331	76.5947
Patharam	Kerala	690522	9.1065	76.6301
Edakulangara	Kerala	690523	9.0981	76.5545
Padinjattakkara	Kerala	690524	9.0034	76.5756
Clappana	Kerala	690525	9.1062	76.4984
Madathilkaranma	Kerala	690526	9.1348	76.5117
Govindamuttom	Kerala	690527	9.4236	76.4496
Varavila	Kerala	690528	9.0964	76.581
Padanilam	Kerala	690529	9.1981	76.6237
Thamarakulam	Kerala	690530	9.4236	76.4496
Pattoli Market	Kerala	690531	9.4236	76.4496
Chingoli	Kerala	690532	9.4236	76.4496
Kappil East	Kerala	690533	9.1521	76.5234
Chunakara	Kerala	690534	9.4236	76.4496
Arattupuzha	Kerala	690535	9.4236	76.4496
Kollaka	Kerala	690536	9.0408	76.545
Pullikanakku	Kerala	690537	9.1738	76.5262
Arinallur	Kerala	690538	9.1223	76.5315
S R P Market	Kerala	690539	9.1223	76.5315
Karimthottuva	Kerala	690540	9.0792	76.4916
Athinad North	Kerala	690542	9.0792	76.4916
Kulasekharapuram	Kerala	690544	9.0792	76.4916
Amrithapuri	Kerala	690546	9.0792	76.4916
Alumpeedika	Kerala	690547	9.0792	76.4916
Kumarapuram (Alappuzha)	Kerala	690548	9.4236	76.4496
Ayiranikudy	Kerala	690558	9.2291	76.5999
Perungala	Kerala	690559	9.185	76.5173
Anayadi	Kerala	690561	8.961	76.8749
Nooranad Sanatorium	Kerala	690571	9.4236	76.4496
Eruva	Kerala	690572	9.4236	76.4496
Alumkadavu	Kerala	690573	9.1067	76.5933
Manappally North	Kerala	690574	9.1067	76.5933
Kollam Bazar	Kerala	691001	8.8862	76.5956
Asramom	Kerala	691002	8.8994	76.5863
Kavanad	Kerala	691003	8.9191	76.56
Kallumthazham	Kerala	691004	8.8994	76.5863
T K M College	Kerala	691005	8.8994	76.5863
Pallithottam	Kerala	691006	8.8994	76.5863
Thangasserry	Kerala	691007	8.8994	76.5863
Kadappakada	Kerala	691008	8.893	76.6032
Thevally	Kerala	691009	8.8994	76.5863
Mundakkal	Kerala	691010	8.8667	76.6095
Eravipuram	Kerala	691011	8.8576	76.6279
Thirumullavaram	Kerala	691012	8.8721	76.6734
Kollam Civil Station	Kerala	691013	8.8721	76.6734
Chandanathope	Kerala	691014	8.9292	76.6409
Mangad	Kerala	691015	8.7996	76.9297
Thekkevila	Kerala	691016	8.8721	76.6734
Uliyakovil	Kerala	691019	8.9017	76.6017
Koottikada	Kerala	691020	8.8717	76.6384
Ayathil	Kerala	691021	8.8965	76.635
Paravur (Kollam)	Kerala	691301	8.7947	76.668
Bhoothakulam	Kerala	691302	8.916	76.8769
Kakkotumoola	Kerala	691303	8.8373	76.6451
Pullichira	Kerala	691304	8.916	76.8769
Punalur H.O	Kerala	691305	8.916	76.8769
Anchal	Kerala	691306	8.9281	76.9098
Anapettakongal	Kerala	691307	8.993	76.9859
Kallada Irrigation Project	Kerala	691308	8.95	77.0667
Edapalayam	Kerala	691309	8.916	76.8769
Chozhiakode	Kerala	691310	8.909	77.0593
Anakulam	Kerala	691311	8.8694	76.9878
Ayilara	Kerala	691312	8.8892	77.0236
Thekkumbhagom	Kerala	691319	8.8892	77.0236
Elampal	Kerala	691322	8.9303	76.9077
Kakkode	Kerala	691331	9.0142	76.884
Kariyara	Kerala	691332	9.0406	76.8781
Tholicode	Kerala	691333	8.9878	76.89
Nedungolam	Kerala	691334	9.0142	76.884
Peruvelikara	Kerala	691500	8.9956	76.7347
Kanjiracode	Kerala	691501	8.9956	76.7347
East Kallada	Kerala	691502	8.9956	76.7347
Kumbalam	Kerala	691503	8.9923	76.6618
Perumpuzha	Kerala	691504	8.9956	76.7347
Neeleswaram	Kerala	691505	8.9915	76.717
Kottarakara H.O	Kerala	691506	8.9956	76.7347
Mavadi	Kerala	691507	9.0238	76.7592
Ambalathinnirappu	Kerala	691508	9.0326	76.8492
Nedumoncavu	Kerala	691509	8.9353	76.73
Chenkulam	Kerala	691510	8.9919	76.963
Vellimon	Kerala	691511	8.9538	76.6498
Kudavattur	Kerala	691512	8.9111	76.7844
Nallila	Kerala	691515	8.9247	76.7097
Akkal	Kerala	691516	8.8614	76.8174
Cheppara	Kerala	691520	8.9436	76.8007
Kulakada	Kerala	691521	9.0114	76.7954
Panthaplavu	Kerala	691522	9.0114	76.7954
Adur( Kla) H.O	Kerala	691523	9.2841	76.929
Marur	Kerala	691524	9.1068	76.8296
Anandapally	Kerala	691525	9.2841	76.929
Enathu	Kerala	691526	9.091	76.7549
Nellikunnam	Kerala	691527	8.9753	76.7772
Mannady (Pathanamthitta)	Kerala	691530	9.2841	76.929
Court Complex	Kerala	691531	9.0032	76.8003
Perumannur	Kerala	691532	8.9593	76.8529
Vengoor	Kerala	691533	8.8994	76.8349
Chadayamangalam	Kerala	691534	9.0806	76.8307
Kaithode	Kerala	691535	8.8237	76.883
Edathara	Kerala	691536	8.961	76.8749
Nettayam	Kerala	691537	8.9043	76.7984
Kokkad	Kerala	691538	8.961	76.8749
Veliyam	Kerala	691540	8.9189	76.7679
Kollayil	Kerala	691541	8.815	77.0164
Cherupoika	Kerala	691543	8.8669	76.8921
Choorakode	Kerala	691551	9.1383	76.7133
Edakkad	Kerala	691552	8.961	76.8749
Kadambanad South	Kerala	691553	9.0833	76.7744
Puthumala	Kerala	691554	9.0833	76.7744
Angadical South	Kerala	691555	9.1863	76.7677
Chayalode	Kerala	691556	9.1286	76.796
Kura	Kerala	691557	9.0833	76.7744
Ayirakuzhy	Kerala	691559	8.8182	76.9709
Kalayapuram	Kerala	691560	9.0584	76.7776
Perumkulam	Kerala	691566	9.0356	76.7623
Kottiyam	Kerala	691571	8.8657	76.67
Chathannur	Kerala	691572	8.8663	76.7057
Adichanallur	Kerala	691573	8.8805	76.7156
Kizhakkenela	Kerala	691574	8.8663	76.7057
Kannanallur	Kerala	691576	8.908	76.693
Alumoodu	Kerala	691577	8.8663	76.7057
Chirakkara	Kerala	691578	8.8457	76.7178
Edanad	Kerala	691579	8.8663	76.7057
Sakthikulangara	Kerala	691581	8.9944	76.5274
Neendakara	Kerala	691582	8.9944	76.5274
Chavara	Kerala	691583	8.9673	76.5419
Chavara South	Kerala	691584	8.9944	76.5274
Mukundapuram	Kerala	691585	8.9944	76.5274
Umayanallur I E	Kerala	691589	8.9944	76.5274
Koivila	Kerala	691590	8.9959	76.7631
Panayam	Kerala	691601	9.1167	76.4833
Ashtamudi	Kerala	691602	9.1167	76.4833
Thiruvananthapuram  AG's	Kerala	695001	8.4467	76.9817
Karamana	Kerala	695002	8.4467	76.9817
Kaudiar	Kerala	695003	8.5225	76.9606
Goureesapattom	Kerala	695004	8.4467	76.9817
Ambalamukku	Kerala	695005	8.4467	76.9817
Tirumala (Thiruvananthapuram)	Kerala	695006	8.4467	76.9817
Thiruvananthapuram  Beach	Kerala	695007	8.371	77.0028
Beemapally	Kerala	695008	8.4467	76.9817
Attukkal	Kerala	695009	8.4467	76.9817
Sasthamangalam	Kerala	695010	8.6085	77.015
Cheruvikkal	Kerala	695011	8.6085	77.015
Poojapura H.O	Kerala	695012	8.6085	77.015
Nettayam	Kerala	695013	8.7449	76.9093
Cotton Hill	Kerala	695014	8.6085	77.015
Mannanathala	Kerala	695015	8.6085	77.015
Thiruvananthapuram  Engg College	Kerala	695016	8.6085	77.015
Sreekaryam	Kerala	695017	8.6085	77.015
Pappanamcode	Kerala	695018	8.6085	77.015
Industrial Estate (Thiruvananthapuram)	Kerala	695019	8.6085	77.015
Nemom	Kerala	695020	8.4954	76.9305
Karikkakom	Kerala	695021	8.4954	76.9305
Thiruvananthapuram  ISRO	Kerala	695022	8.4954	76.9305
Attakulangara	Kerala	695023	8.4954	76.9305
Chakkai	Kerala	695024	8.4954	76.9305
Muttada	Kerala	695025	8.4954	76.9305
Ambalathara	Kerala	695026	8.4954	76.9305
Pachallur	Kerala	695027	8.4954	76.9305
Pandalacode	Kerala	695028	8.4954	76.9305
Anayara	Kerala	695029	8.4954	76.9305
Kanjirampara	Kerala	695030	8.5988	76.8788
Aramada	Kerala	695032	8.5988	76.8788
PMG Jn	Kerala	695033	8.5988	76.8788
Thiruvananthapuram  University	Kerala	695034	8.5988	76.8788
Vanchiyoor Junction	Kerala	695035	8.7143	76.841
Thiruvananthapuram  Chalai	Kerala	695036	8.4833	76.9167
PTP Nagar	Kerala	695038	8.5988	76.8788
Kaimanam	Kerala	695040	8.5509	76.9357
Kalliyoor	Kerala	695042	8.5509	76.9357
Kallayam	Kerala	695043	8.5509	76.9357
Kerala Governor's Camp	Kerala	695099	8.5509	76.9357
Attingal H.O	Kerala	695101	8.6344	76.9382
Perumkulam	Kerala	695102	8.5053	77.0803
Ayilam	Kerala	695103	8.6989	76.8672
Edakode	Kerala	695104	8.6344	76.9382
Neyyattinkara H.O	Kerala	695121	8.6592	76.838
Mariyapuram	Kerala	695122	8.6592	76.838
Aralumoodu	Kerala	695123	8.6592	76.838
Anavoor	Kerala	695124	8.6592	76.838
Dalmughom	Kerala	695125	8.6592	76.838
Aruvipuram	Kerala	695126	8.6592	76.838
Chenkal	Kerala	695132	8.6707	76.851
Mulluvila	Kerala	695133	8.6707	76.851
Vlathankara	Kerala	695134	8.6707	76.851
Janardhanapuram	Kerala	695141	8.7333	76.7167
Cherunniyur	Kerala	695142	8.7109	76.768
Palachira	Kerala	695143	8.7314	76.7467
Moongode	Kerala	695144	8.7109	76.768
Muttappalam	Kerala	695145	8.6681	76.8407
Muthana	Kerala	695146	8.7109	76.768
Channamkara	Kerala	695301	8.6581	76.7823
Murukumpuzhaa	Kerala	695302	8.6581	76.7823
Perumathura	Kerala	695303	8.6581	76.7823
Cheruvallimukku	Kerala	695304	8.6547	76.7816
Azhurmarket	Kerala	695305	8.6221	76.821
Anathalavattom	Kerala	695306	8.6807	76.7689
Kaikara	Kerala	695307	8.6581	76.7823
Vakkom	Kerala	695308	8.6581	76.7823
Anjengo	Kerala	695309	8.6748	76.7578
Ayroor-varkala	Kerala	695310	8.7124	76.7431
Kappil	Kerala	695311	8.7805	76.6789
Melvettoor	Kerala	695312	8.7124	76.7431
Kudavur	Kerala	695313	8.7124	76.7431
Pallipuram (Thiruvananthapuram)	Kerala	695316	8.5931	76.853
Thonnakkal	Kerala	695317	8.7124	76.7431
Vennicode	Kerala	695318	8.7124	76.7431
Chowara	Kerala	695501	8.354	77.0267
Ayira	Kerala	695502	8.5078	77.0711
Dhanuvachapuram	Kerala	695503	8.5078	77.0711
Cheriakolla	Kerala	695504	8.4805	77.0691
Manali	Kerala	695505	8.6085	77.015
Kakkavila	Kerala	695506	8.5078	77.0711
Ooruttambalam	Kerala	695507	8.5078	77.0711
Parasuvaickal	Kerala	695508	8.5078	77.0711
Kandala	Kerala	695512	8.6881	76.9398
Pozhiyoor	Kerala	695513	8.6881	76.9398
Mullur	Kerala	695521	8.6085	77.015
Cgo Complex Poonkulam	Kerala	695522	8.6085	77.015
Venganur	Kerala	695523	8.6085	77.015
Kanjiramkulam	Kerala	695524	8.6085	77.015
Arumanoor	Kerala	695525	8.3146	77.0686
Kazhavur	Kerala	695526	8.6085	77.015
Kovalam (Thiruvananthapuram)	Kerala	695527	8.3893	76.9788
Naruvamoodu	Kerala	695528	8.6085	77.015
Mancha	Kerala	695541	8.6367	77.005
Changa	Kerala	695542	8.6175	77.0163
Mundela	Kerala	695543	8.5598	77.0503
Valiamala	Kerala	695547	8.6175	77.0163
Ponmudi	Kerala	695551	8.7084	77.1283
Irinchayam	Kerala	695561	8.6881	76.9398
Elavattom	Kerala	695562	8.6881	76.9398
Thennur	Kerala	695563	8.6881	76.9398
Aruvikara	Kerala	695564	8.6881	76.9398
Panayam	Kerala	695568	8.6881	76.9398
Machel	Kerala	695570	8.5106	77.0519
Machel	Kerala	695571	8.5106	77.0519
Amachal	Kerala	695572	8.5042	77.0803
Moongode	Kerala	695573	8.5169	77.0235
Kalliyal	Kerala	695574	8.5106	77.0519
Panniyode	Kerala	695575	8.5106	77.0519
Karyavattom	Kerala	695581	8.5842	76.8766
Kazhakuttam	Kerala	695582	8.5673	76.8741
Karimanal	Kerala	695583	8.5842	76.8766
Andoorkonam	Kerala	695584	8.6133	76.9062
Sainik School (Thiruvananthapuram)	Kerala	695585	8.5842	76.8766
Pallithura	Kerala	695586	8.5505	76.8614
Chempazhanthy	Kerala	695587	8.5842	76.8766
Powdikonam	Kerala	695588	8.5842	76.8766
Santhigiri	Kerala	695589	8.5842	76.8766
Peroor	Kerala	695601	8.7613	76.8545
Madavoor-pallickal	Kerala	695602	8.7477	76.8535
Maruthikunnu	Kerala	695603	8.791	76.7866
Kokkottukonam	Kerala	695604	8.7477	76.8535
Kallambalam	Kerala	695605	8.7646	76.7885
Anakudy	Kerala	695606	8.7113	76.8967
Mukkudil	Kerala	695607	8.6601	76.9156
Kallara (Thiruvananthapuram)	Kerala	695608	8.7596	76.9395
Bharathannur	Kerala	695609	8.7477	76.8535
Mithirmala	Kerala	695610	8.7691	76.8384
Manambur	Kerala	695611	8.7383	76.7975
Koduvazhannur	Kerala	695612	8.7691	76.8384
Adayamon	Kerala	695614	8.7999	76.8792
Cheeranikkara	Kerala	695615	8.7691	76.8384
Council House Street	West Bengal	700001	22.5553	88.3558
Tala	West Bengal	700002	22.5553	88.3558
Amrita Bazar Partika	West Bengal	700003	22.5553	88.3558
R.G.Kar Medical College	West Bengal	700004	22.5553	88.3558
Ahritola	West Bengal	700005	22.5553	88.3558
Simla	West Bengal	700006	22.5553	88.3558
Archana	West Bengal	700007	22.5553	88.3558
Barisha	West Bengal	700008	22.5553	88.3558
Parsibagan	West Bengal	700009	22.5553	88.3558
Beleghata H.O	West Bengal	700010	22.5553	88.3558
Narkeldanga	West Bengal	700011	22.5553	88.3558
Bowbazar (Kolkata)	West Bengal	700012	22.5553	88.3558
Dharmatala	West Bengal	700013	22.5553	88.3558
Taltala	West Bengal	700014	22.5553	88.3558
Tangra	West Bengal	700015	22.55	88.3833
Madrassa	West Bengal	700016	22.5553	88.3558
Circus Avenue	West Bengal	700017	22.5553	88.3558
Bartala	West Bengal	700018	22.5553	88.3558
Ballygunge	West Bengal	700019	22.529	88.368
A.J.C.Bose Road	West Bengal	700020	22.5553	88.3558
Fort William	West Bengal	700021	22.5553	88.3558
Bakery Road	West Bengal	700022	22.55	88.3333
Khiddirpore	West Bengal	700023	22.5553	88.3558
Garden Reach	West Bengal	700024	22.5439	88.3067
Bhawanipore	West Bengal	700025	22.5553	88.3558
Kalighat	West Bengal	700026	22.5553	88.3558
Mominpur	West Bengal	700027	22.5553	88.3558
Kamalapur	West Bengal	700028	22.5553	88.3558
Dover Lane	West Bengal	700029	22.5553	88.3558
Ghugudanga	West Bengal	700030	22.5553	88.3558
Dhakuria	West Bengal	700031	22.5553	88.3558
Bijoygarh	West Bengal	700032	22.5553	88.3558
Indrani Park	West Bengal	700033	22.5553	88.3558
Panchanantala	West Bengal	700034	22.5553	88.3558
Alambazar	West Bengal	700035	22.5553	88.3558
Baranagar	West Bengal	700036	22.5553	88.3558
Belgachia	West Bengal	700037	22.6	88.3833
Sahapur	West Bengal	700038	22.5553	88.3558
Bediadanga	West Bengal	700039	22.1168	88.4167
Netaji Nagar (Kolkata)	West Bengal	700040	22.5333	88.3917
Paschim Putiari	West Bengal	700041	22.5333	88.3917
Bosepukur Road	West Bengal	700042	22.5333	88.3917
Sonai (Kolkata)	West Bengal	700043	22.5333	88.3917
Badartala	West Bengal	700044	22.5333	88.3917
Lake Gardens	West Bengal	700045	22.5333	88.3917
Abinash Chaowdhury Lane	West Bengal	700046	22.5333	88.3917
Ganguly Bagan	West Bengal	700047	22.5553	88.3558
Patipukur	West Bengal	700048	22.6	88.4
Udaipur	West Bengal	700049	22.4656	88.7803
Sinthee	West Bengal	700050	22.5553	88.3558
Sultanpur	West Bengal	700051	22.4656	88.7803
Kendriya Vihar	West Bengal	700052	22.5553	88.3558
Kalabagan	West Bengal	700053	22.5246	88.3317
Bengal Chemical	West Bengal	700054	22.5553	88.3558
Bangur Avenue	West Bengal	700055	22.4656	88.7803
Belgharia H.O	West Bengal	700056	22.4656	88.7803
Ariadaha	West Bengal	700057	22.4656	88.7803
Kamarhati	West Bengal	700058	22.6711	88.3747
Raghunathpur	West Bengal	700059	22.6823	88.8278
Mahendra Banerjee Road	West Bengal	700060	22.5553	88.3558
Kasthadanga	West Bengal	700061	22.5553	88.3558
W.B.Governors Camp.	West Bengal	700062	22.5553	88.3558
Kalagachia (Kolkata)	West Bengal	700063	22.5553	88.3558
Bidhan Nagar	West Bengal	700064	22.4656	88.7803
Durganagar	West Bengal	700065	22.5553	88.3558
Bidhangarh	West Bengal	700066	22.5553	88.3558
Lily Biscuit	West Bengal	700067	22.5553	88.3558
Jodhpur Park	West Bengal	700068	22.5553	88.3558
Esplanade	West Bengal	700069	22.5644	88.3462
Bansdroni	West Bengal	700070	22.1168	88.4167
Little Russel Street	West Bengal	700071	22.5553	88.3558
Hindustan Building	West Bengal	700072	22.5553	88.3558
Chittaranjan Avenue (Kolkata)	West Bengal	700073	22.5553	88.3558
Dumdum Road	West Bengal	700074	22.5553	88.3558
Santoshpur	West Bengal	700075	22.5553	88.3558
Dakshineswar	West Bengal	700076	22.6557	88.3672
Bediapara	West Bengal	700077	22.5553	88.3558
Haltu	West Bengal	700078	22.5553	88.3558
Italghacha	West Bengal	700079	22.4656	88.7803
Jessore Road	West Bengal	700080	22.5553	88.3558
Rajbari Colony	West Bengal	700081	22.4656	88.7803
Haridevpur	West Bengal	700082	22.5553	88.3558
Basudebpur	West Bengal	700083	22.4656	88.7803
Garia (South 24 Parganas)	West Bengal	700084	22.4632	88.3979
K.G Bose Sarani	West Bengal	700085	22.5553	88.3558
Baghajatin	West Bengal	700086	22.5553	88.3558
New Market	West Bengal	700087	22.5553	88.3558
Brace Bridge	West Bengal	700088	22.5553	88.3558
Kalindi Housing Estate	West Bengal	700089	22.5553	88.3558
Noapara	West Bengal	700090	22.5553	88.3558
Bidhan Nagar CK Market	West Bengal	700091	22.4656	88.7803
Regent Estate	West Bengal	700092	22.5553	88.3558
Purba Putiary	West Bengal	700093	22.4485	88.3883
Baishnab Ghata Patuli Township	West Bengal	700094	22.4485	88.3883
Golf Green	West Bengal	700095	22.5553	88.3558
Brahmapur	West Bengal	700096	22.4485	88.3883
Purbachal	West Bengal	700097	22.4656	88.7803
Kalikapur	West Bengal	700099	22.5553	88.3558
Vip Nagar	West Bengal	700100	22.1168	88.4167
Prafulla Kanan	West Bengal	700101	22.4656	88.7803
Krishnapur (North 24 Parganas)	West Bengal	700102	22.4656	88.7803
Narendrapur	West Bengal	700103	22.1168	88.4167
Amgachi	West Bengal	700104	22.1168	88.4167
Nowbhanga	West Bengal	700105	22.4656	88.7803
Bidhan Nagar IB Market	West Bengal	700106	22.4656	88.7803
EAST KOLKATA TOWNSHIP	West Bengal	700107	22.1168	88.4167
Bonhooghly	West Bengal	700108	22.5553	88.3558
Agarpara	West Bengal	700109	22.6833	88.3667
Bijoypur	West Bengal	700110	22.4656	88.7803
Ghola	West Bengal	700111	22.6909	88.4077
Kalyan Nagar Cooperative Society B.	West Bengal	700112	22.4656	88.7803
Panchanantala	West Bengal	700113	22.4656	88.7803
Bangodaya	West Bengal	700114	22.6909	88.374
Sukchar (North 24 Parganas)	West Bengal	700115	22.4656	88.7803
B.D.Sopan	West Bengal	700116	22.4656	88.7803
Jeliapara	West Bengal	700117	22.7186	88.3781
Rahara	West Bengal	700118	22.4656	88.7803
Bandipur	West Bengal	700119	22.4656	88.7803
Barrackpore Bazar	West Bengal	700120	22.4656	88.7803
Suryapur	West Bengal	700121	22.4656	88.7803
Jaffarpur	West Bengal	700122	22.4656	88.7803
Barrackpore RS	West Bengal	700123	22.4656	88.7803
Barasat Bazar	West Bengal	700124	22.4656	88.7803
Kazipara	West Bengal	700125	22.7572	88.4556
Jagannathpur	West Bengal	700126	22.4656	88.7803
Hridaypur	West Bengal	700127	22.7017	88.4695
Kirtipur	West Bengal	700128	22.4656	88.7803
Madhyamgram	West Bengal	700129	22.6894	88.4459
Korachandigarh	West Bengal	700130	22.4656	88.7803
Aharampur	West Bengal	700131	22.4656	88.7803
Ganti	West Bengal	700132	22.4656	88.7803
Michealnagar	West Bengal	700133	22.4656	88.7803
Nilachal	West Bengal	700134	22.4656	88.7803
Chandpur	West Bengal	700135	22.4656	88.7803
Narayanpur	West Bengal	700136	22.7611	88.7615
Shyampur	West Bengal	700137	22.4256	88.1934
Achhipur	West Bengal	700138	22.4679	88.1452
Daulatpur	West Bengal	700139	22.1168	88.4167
Akra Krishnanagar	West Bengal	700140	22.2604	88.2917
Raipur	West Bengal	700141	22.4069	88.1497
Santosh Pur (Maheshtala)so	West Bengal	700142	22.2604	88.2917
Sarkarpool	West Bengal	700143	22.2604	88.2917
Baruipur H.O	West Bengal	700144	22.2604	88.2917
Bamangachi	West Bengal	700145	21.7849	88.1644
Kodalia	West Bengal	700146	22.2604	88.2917
Subhas Gram	West Bengal	700147	22.2604	88.2917
Harinavi	West Bengal	700148	22.4117	88.4205
Chowhati	West Bengal	700149	22.4382	88.432
Hadia	West Bengal	700150	22.1168	88.4167
Dakshin Jagatdal	West Bengal	700151	22.1168	88.4167
Panchpota	West Bengal	700152	22.1168	88.4167
Laskar Pur	West Bengal	700153	22.1168	88.4167
Rania	West Bengal	700154	22.1168	88.4167
Abdalpur	West Bengal	700155	22.4656	88.7803
Hatgacha	West Bengal	700156	22.4656	88.7803
Ghuni	West Bengal	700157	22.6028	88.4493
Bisharpara	West Bengal	700158	22.4656	88.7803
Ashwini Nagar	West Bengal	700159	22.4656	88.7803
New Town Action Area III	West Bengal	700160	22.4656	88.7803
New Town Action Area II	West Bengal	700161	22.4656	88.7803
Gouranganagar	West Bengal	700162	22.4656	88.7803
Ramkrishnapur	West Bengal	711101	22.526	88.0676
Sibpur	West Bengal	711102	22.5667	88.3167
Andul Road	West Bengal	711103	22.526	88.0676
Dharsa	West Bengal	711104	22.5833	88.3
Dasnagar	West Bengal	711105	22.526	88.0676
Bamangachi	West Bengal	711106	22.526	88.0676
Ghusuri	West Bengal	711107	22.6167	88.35
Netajigarh	West Bengal	711108	22.526	88.0676
Bakultala	West Bengal	711109	22.526	88.0676
Baksara	West Bengal	711110	22.6368	88.288
Jagacha	West Bengal	711111	22.6368	88.288
Gip Colony	West Bengal	711112	22.6368	88.288
Balitikuri	West Bengal	711113	22.6368	88.288
Kona	West Bengal	711114	22.6368	88.288
Jagadishpurhat	West Bengal	711115	22.6368	88.288
Bally	West Bengal	711201	22.6486	88.3411
Belur Bazar	West Bengal	711202	22.526	88.0676
Bhattanagar	West Bengal	711203	22.526	88.0676
Chakpara	West Bengal	711204	22.6322	88.3486
Durgapur	West Bengal	711205	22.526	88.0676
Sapuipara	West Bengal	711206	22.526	88.0676
Pacharul	West Bengal	711225	22.526	88.0676
Rampur	West Bengal	711226	22.526	88.0676
Ghoshpara (Howrah)	West Bengal	711227	22.526	88.0676
Kotra	West Bengal	711301	22.526	88.0676
Kendua	West Bengal	711302	22.526	88.0676
Kalyanpur	West Bengal	711303	22.526	88.0676
Banipur (Howrah)	West Bengal	711304	22.526	88.0676
Bauria	West Bengal	711305	22.4939	88.168
Kulgachia	West Bengal	711306	22.526	88.0676
Khalisani	West Bengal	711307	22.5167	88.0828
Chengail	West Bengal	711308	22.5044	88.1436
Sarenga	West Bengal	711309	22.5254	88.2176
Hirapur	West Bengal	711310	22.526	88.0676
Ramnagar	West Bengal	711312	22.526	88.0676
Bharat Cooperative	West Bengal	711313	22.5669	88.2397
Gobindapur	West Bengal	711314	22.5931	88.0914
Alipur	West Bengal	711315	22.2975	88.0783
Sundarpur	West Bengal	711316	22.526	88.0676
Radhadasi	West Bengal	711317	22.526	88.0676
Tehatta	West Bengal	711322	22.5474	88.1473
Deora	West Bengal	711401	22.5211	88.1398
Bankra	West Bengal	711403	22.6029	88.2775
Bargachia	West Bengal	711404	22.6533	88.126
Parbatipur	West Bengal	711405	22.6625	88.2222
Jagatballavpur	West Bengal	711408	22.58	88.1958
Makardaha	West Bengal	711409	22.58	88.1958
Kanpur	West Bengal	711410	22.526	88.0676
Rudrapur	West Bengal	711411	22.6303	88.1753
Raichak	West Bengal	711412	22.526	88.0676
Tajpur	West Bengal	711413	22.526	88.0676
Naskarpur	West Bengal	711414	22.3159	88.0212
Chinsurah Bazar	West Bengal	712101	22.8847	88.0798
Kamdebpur	West Bengal	712102	22.8847	88.0798
BIKRAMNAGORE BALI	West Bengal	712103	22.9088	88.3967
Keotalatbagan	West Bengal	712104	22.9275	88.3944
Dharampur	West Bengal	712105	22.8847	88.0798
Addconagar	West Bengal	712121	22.9775	88.1701
Santipur	West Bengal	712122	22.8847	88.0798
Rajhat	West Bengal	712123	22.9333	88.3667
Nanda	West Bengal	712124	22.8245	88.3384
Rajabazar (Hooghly)	West Bengal	712125	22.9775	88.1701
Barul	West Bengal	712134	23.1011	88.178
Ballaldighi	West Bengal	712135	22.8841	88.2335
Boraichanditala	West Bengal	712136	22.8622	88.368
Gondalpara	West Bengal	712137	22.8841	88.2335
Noapara	West Bengal	712138	22.8847	88.0798
Mankundu	West Bengal	712139	22.8393	88.3607
Brindabanpur	West Bengal	712146	22.8847	88.0798
Radhanagar	West Bengal	712147	22.7264	87.866
Patna	West Bengal	712148	22.8847	88.0798
Chandpur	West Bengal	712149	22.8847	88.0798
Chandpur	West Bengal	712152	22.8847	88.0798
Kalbazar	West Bengal	712201	22.8847	88.0798
Mahesh -1	West Bengal	712202	22.8847	88.0798
Simla	West Bengal	712203	22.8847	88.0798
Chatra (Hooghly)	West Bengal	712204	22.8847	88.0798
Angus	West Bengal	712221	23.0455	88.3215
Baidyabati	West Bengal	712222	22.785	88.3259
Chandanpur	West Bengal	712223	22.8847	88.0798
Bhadrakali	West Bengal	712232	23.1511	88.1839
Hindmotor	West Bengal	712233	22.6861	88.3357
Kanaipur	West Bengal	712234	22.8847	88.0798
Criper Road	West Bengal	712235	22.7051	88.3445
Raghunathpur	West Bengal	712245	22.8847	88.0798
Barabahera	West Bengal	712246	22.8847	88.0798
Bangurpark	West Bengal	712248	22.7239	88.3456
Nutangram	West Bengal	712249	22.8847	88.0798
Nutangram	West Bengal	712250	22.8847	88.0798
Uttarpara	West Bengal	712258	22.6608	88.3471
Mandra	West Bengal	712301	22.8333	88.0833
Hazipur	West Bengal	712302	22.8847	88.0798
Sankarpur	West Bengal	712303	22.8847	88.0798
Baksha	West Bengal	712304	22.7129	88.2523
Alipur	West Bengal	712305	22.9115	88.1716
Borai	West Bengal	712306	22.7478	88.2487
Kharua	West Bengal	712308	22.9655	88.1729
Chakundi	West Bengal	712310	22.6685	88.291
Dankuni	West Bengal	712311	22.6685	88.291
Balipur	West Bengal	712401	22.8847	88.0798
Chenchua	West Bengal	712402	22.8847	88.0798
Mora	West Bengal	712403	22.8233	88.05
Prasadpur	West Bengal	712404	22.8847	88.0798
Bajitpur	West Bengal	712405	22.889	88.1349
Hirapur	West Bengal	712406	22.8847	88.0798
Bandipur	West Bengal	712407	22.8464	88.1806
Rahimpur	West Bengal	712408	22.7679	88.0059
Anandanagar	West Bengal	712409	22.8847	88.0798
Ramnagar	West Bengal	712410	22.7778	88.2464
Narayanpur	West Bengal	712412	22.8283	88.0778
Madhabpur	West Bengal	712413	22.8847	88.0798
Baikunthapur	West Bengal	712414	22.9808	88.2058
Hati	West Bengal	712415	22.8847	88.0798
Chingra	West Bengal	712416	22.8847	88.0798
Jagatpur	West Bengal	712417	22.8847	88.0798
Basna	West Bengal	712501	22.8847	88.0798
Bansberia	West Bengal	712502	22.9539	88.401
Btps (Hooghly)	West Bengal	712503	22.9867	88.3987
Chandrahati	West Bengal	712504	22.8896	88.4116
Aidakismat	West Bengal	712512	22.8847	88.0798
Gopalpur	West Bengal	712513	22.8847	88.0798
Sripur Bazar (Hooghly)	West Bengal	712514	22.8847	88.0798
Baneswarpur	West Bengal	712515	22.8847	88.0798
Arambagh Court	West Bengal	712601	22.6703	88.2694
Gobindapur	West Bengal	712602	22.7267	88.0975
Bhurkunda	West Bengal	712611	22.8847	88.0798
Sripur	West Bengal	712612	22.8847	88.0798
Ghoshpur	West Bengal	712613	22.8847	88.0798
Ratanpur	West Bengal	712614	22.8303	88.2569
Karui	West Bengal	712615	22.8847	88.0798
Damodarpur	West Bengal	712616	22.8847	88.0798
Kishorepur	West Bengal	712617	22.8847	88.0798
Haripur	West Bengal	712701	22.9361	88.2319
Kalachara	West Bengal	712702	22.6932	88.2579
Kumirmorah	West Bengal	712704	22.7745	88.2257
Aniya	West Bengal	712706	22.7745	88.2257
Agriculture Farm	West Bengal	713101	23.4278	87.7677
Mirzapur	West Bengal	713102	23.4278	87.7677
Kamalpur	West Bengal	713103	23.4278	87.7677
Baikunthapur	West Bengal	713104	23.4278	87.7677
Ratanpur	West Bengal	713121	23.4278	87.7677
Badla	West Bengal	713122	23.4278	87.7677
Agardanga	West Bengal	713123	23.7614	87.9169
Deriapur	West Bengal	713124	23.7614	87.9169
Bhatar	West Bengal	713125	23.4125	87.9153
Kurumba	West Bengal	713126	23.7614	87.9169
Narayanpur	West Bengal	713127	23.7333	87.9833
Digha	West Bengal	713128	23.4278	87.7677
Bamundi	West Bengal	713129	23.7288	87.9704
Atuhatpara	West Bengal	713130	23.4278	87.7677
Bamunara	West Bengal	713131	23.4278	87.7677
Chakulia	West Bengal	713132	23.4278	87.7677
Nabagram	West Bengal	713140	23.4278	87.7677
Baghar	West Bengal	713141	23.4278	87.7677
Nischintapur	West Bengal	713142	23.4278	87.7677
Gobardhanpur	West Bengal	713143	23.5493	87.9476
Bhalki	West Bengal	713144	23.43	87.6334
Bhojpur	West Bengal	713145	23.639	87.9485
Sultanpur	West Bengal	713146	23.4278	87.7677
Kunda	West Bengal	713147	23.5493	87.9476
Kota	West Bengal	713148	23.4278	87.7677
Bhaita	West Bengal	713149	23.209	87.9734
Alampur	West Bengal	713150	23.141	87.135
Rasulpur	West Bengal	713151	23.4278	87.7677
Ausgram	West Bengal	713152	23.5176	87.6661
Kuldiha	West Bengal	713153	23.4278	87.7677
Amadpur	West Bengal	713154	23.4278	87.7677
Ausgram	West Bengal	713156	23.5176	87.6661
Abujhati	West Bengal	713166	23.4278	87.7677
Durgapur H.O	West Bengal	713201	23.4278	87.7677
Durgapur Coke Oven Colony	West Bengal	713202	23.4278	87.7677
Amrai	West Bengal	713203	23.4278	87.7677
Kamalpur	West Bengal	713204	23.4278	87.7677
Dhabani	West Bengal	713205	23.4278	87.7677
Fuljhore	West Bengal	713206	23.4278	87.7677
Durgapur Thermal Power Station	West Bengal	713207	23.4278	87.7677
Durgapur ASP SB Bureau	West Bengal	713208	24.2028	87.9815
Durgapur Mg Avenue	West Bengal	713209	23.4278	87.7677
Durgapur Heavy Engg Plant	West Bengal	713210	23.4278	87.7677
Gopinathpur	West Bengal	713211	23.4278	87.7677
Gopalpur	West Bengal	713212	23.4278	87.7677
Benachity	West Bengal	713213	23.4278	87.7677
Amrabati	West Bengal	713214	23.4278	87.7677
Angadpur	West Bengal	713215	23.4278	87.7677
City Centre	West Bengal	713216	23.4278	87.7677
Oyaria	West Bengal	713217	23.4278	87.7677
Asansol H.O	West Bengal	713301	23.8561	87.4564
Dakhin Dhadka	West Bengal	713302	23.8561	87.4564
B.B.College	West Bengal	713303	23.8561	87.4564
Kumarpur	West Bengal	713304	23.8561	87.4564
Ramkrishna Mission	West Bengal	713305	23.8561	87.4564
Kapista	West Bengal	713315	23.8168	86.9792
Madanpur	West Bengal	713321	23.4278	87.7677
Bahula	West Bengal	713322	23.6518	87.1648
Ballavpur	West Bengal	713323	23.5854	87.5061
Ramnagar	West Bengal	713324	24.4891	87.8306
Dharampur	West Bengal	713325	24.1096	87.6599
Chotodighari	West Bengal	713326	23.5854	87.5061
Shibpur	West Bengal	713330	23.7283	87.0588
Chittaranjan	West Bengal	713331	23.8568	86.9032
Bogra	West Bengal	713332	23.9614	87.1708
Sitalpur	West Bengal	713333	25.3555	87.9106
Baraboni	West Bengal	713334	23.7834	87.0715
Achra	West Bengal	713335	23.9614	87.1708
Jamuriahat	West Bengal	713336	23.9614	87.1708
Benali	West Bengal	713337	23.4278	87.7677
Kajoragram	West Bengal	713338	23.4278	87.7677
Damra	West Bengal	713339	24.1034	87.6719
Kalla Central Hospital	West Bengal	713340	23.65	87.0047
Kanyapur	West Bengal	713341	23.65	87.0047
Kenda	West Bengal	713342	23.4278	87.7677
Kendua	West Bengal	713343	23.877	87.2496
Nandi (Bardhaman)	West Bengal	713344	23.65	87.0047
Kendra	West Bengal	713346	23.65	87.0047
Kharsuli Bazar	West Bengal	713347	23.65	87.0047
Salanpur	West Bengal	713357	23.767	86.8749
Bijpur	West Bengal	713358	23.4278	87.7677
Lalganj	West Bengal	713359	25.9307	87.9232
Asanboni	West Bengal	713360	23.54	87.8777
Suryanagar (Bardhaman)	West Bengal	713361	23.54	87.8777
Bahadurpur	West Bengal	713362	23.4278	87.7677
Sankarpur	West Bengal	713363	23.4278	87.7677
Chittaranjan TS	West Bengal	713365	23.54	87.8777
Kalyaneshwari	West Bengal	713369	23.54	87.8777
Nigha	West Bengal	713370	24.2636	87.867
Bidyanandapur	West Bengal	713371	24.2636	87.867
Radhanagar Rly Colony	West Bengal	713372	24.2636	87.867
Sripur	West Bengal	713373	24.2994	87.8981
Dhandadihi	West Bengal	713376	23.4278	87.7677
Sonepur	West Bengal	713378	23.4278	87.7677
Amdahi	West Bengal	713381	23.4278	87.7677
Parasea	West Bengal	713384	23.4278	87.7677
Balijuri	West Bengal	713385	23.4278	87.7677
Rupnarayanpur Bazar	West Bengal	713386	23.8561	87.4564
Habaspur	West Bengal	713401	23.1342	88.0405
Arjunpur (Bardhaman)	West Bengal	713402	23.3857	88.0371
Kasba	West Bengal	713403	23.4013	87.5389
Bishnubati	West Bengal	713404	23.3857	88.0371
Sahajpur	West Bengal	713405	23.3857	88.0371
Bhuri	West Bengal	713406	23.4026	87.9525
Suhari	West Bengal	713407	23.3857	88.0371
Bahadurpur	West Bengal	713408	23.4278	87.7677
Baramitrapara	West Bengal	713409	23.2194	88.3629
Panagar (Bardhaman)	West Bengal	713420	23.3523	88.0344
Tajpur	West Bengal	713421	23.4278	87.7677
Mangalpur	West Bengal	713422	23.4278	87.7677
Keshabpur	West Bengal	713423	23.4278	87.7677
Sankari	West Bengal	713424	23.018	87.8758
Faridpur	West Bengal	713426	23.4278	87.7677
Sherpur	West Bengal	713427	23.4278	87.7677
Mohara	West Bengal	713428	23.4278	87.7677
Islampur	West Bengal	713502	23.4278	87.7677
Lakshmipur	West Bengal	713512	23.5134	88.3361
Parulia	West Bengal	713513	23.4278	87.7677
Kurchi	West Bengal	713514	23.3759	88.2985
Nowpara	West Bengal	713515	23.3759	88.2985
Raipur	West Bengal	713519	23.4278	87.7677
Nityanandapur	West Bengal	713520	23.4278	87.7677
Boxibazar	West Bengal	721101	22.4617	87.1485
Chandra	West Bengal	721102	22.4617	87.1485
Nepura	West Bengal	721121	22.4143	87.267
Sahaspur	West Bengal	721122	22.4143	87.267
Darra	West Bengal	721124	22.4143	87.267
Kuldiha	West Bengal	721125	22.4143	87.267
Arjuni	West Bengal	721126	22.4143	87.267
Krishnapur	West Bengal	721127	22.4143	87.267
Debagram	West Bengal	721128	22.4143	87.267
Beuncha	West Bengal	721129	22.4143	87.267
Rain	West Bengal	721130	22.0208	87.7744
Gobardhanpur	West Bengal	721131	22.4143	87.267
Reserve Bank Nm Ltd.	West Bengal	721132	22.4143	87.267
Chakla	West Bengal	721133	22.4143	87.267
Amalhara	West Bengal	721134	22.4166	87.8833
Pathra	West Bengal	721135	22.4143	87.267
Hariharpur	West Bengal	721136	22.4143	87.267
Alinan	West Bengal	721137	22.0208	87.7744
Kishorepur	West Bengal	721139	22.4042	87.7175
Jamna	West Bengal	721140	22.4143	87.267
Rohini	West Bengal	721143	22.164	87.0901
Kharika	West Bengal	721144	22.7825	87.5962
Salua	West Bengal	721145	22.4143	87.267
Fatepur	West Bengal	721146	22.4143	87.267
Saidpur	West Bengal	721147	22.4143	87.267
Nischintapur	West Bengal	721148	22.4143	87.267
Krishnanagar	West Bengal	721149	22.4143	87.267
Ghoshpur	West Bengal	721150	22.4143	87.267
Baharpota	West Bengal	721151	22.7437	87.8364
Pratappur	West Bengal	721152	22.7437	87.8364
Joteghanashyam	West Bengal	721153	22.4143	87.267
Sitapur	West Bengal	721154	22.7437	87.8364
Kerur	West Bengal	721155	22.4143	87.267
Bharatpur	West Bengal	721156	22.4143	87.267
Kantore	West Bengal	721157	22.4143	87.267
Baishnabchak	West Bengal	721158	22.7437	87.8364
Nayagram	West Bengal	721159	22.033	87.1722
Radhamohanpur	West Bengal	721160	22.361	87.6112
Mohar	West Bengal	721161	22.2029	87.5509
Badalpur	West Bengal	721166	22.1238	87.5207
Dalpara	West Bengal	721167	22.0208	87.7744
Ktpp T.S	West Bengal	721171	22.0208	87.7744
Demarihat	West Bengal	721172	22.0208	87.7744
Bala	West Bengal	721201	22.4143	87.267
Dharampur	West Bengal	721211	22.4143	87.267
Radhanagar	West Bengal	721212	22.4143	87.267
Sultanpur	West Bengal	721222	22.4143	87.267
Mangrul	West Bengal	721232	22.3797	87.4336
Laxmipur	West Bengal	721242	22.8169	87.5959
Kadra	West Bengal	721253	22.4143	87.267
Chandur	West Bengal	721260	22.4143	87.267
Pratappur	West Bengal	721301	22.4143	87.267
Kharagpur Technology	West Bengal	721302	22.4143	87.267
Kalaikunda A F	West Bengal	721303	22.4143	87.267
Dharenda	West Bengal	721304	22.4143	87.267
Harishpur	West Bengal	721305	22.4143	87.267
Hijli	West Bengal	721306	22.4143	87.267
Contai H.O	West Bengal	721401	22.0208	87.7744
Contai Super Market	West Bengal	721402	22.0208	87.7744
Daudpur	West Bengal	721403	22.0208	87.7744
Dhangaon	West Bengal	721404	22.0208	87.7744
Ajodhyapur	West Bengal	721405	22.0208	87.7744
Darua	West Bengal	721406	22.0208	87.7744
Alangiri	West Bengal	721420	22.0208	87.7744
Naskarpur	West Bengal	721422	22.0208	87.7744
Karanji	West Bengal	721423	22.0208	87.7744
Kanpur	West Bengal	721424	22.4143	87.267
Basuli Bazar	West Bengal	721425	22.4143	87.267
Gazipur	West Bengal	721426	22.4143	87.267
Aurai	West Bengal	721427	22.0208	87.7744
Saripur	West Bengal	721428	21.6278	87.5197
Bartana	West Bengal	721429	21.8995	87.5379
Thakurnagar	West Bengal	721430	22.0208	87.7744
Boga	West Bengal	721431	21.8532	87.9147
Jahanabad	West Bengal	721432	22.0208	87.7744
Majna	West Bengal	721433	22.0208	87.7744
Barmakhal	West Bengal	721434	22.0208	87.7744
Koria	West Bengal	721435	22.0208	87.7744
Rajnagar	West Bengal	721436	22.4143	87.267
Rampura	West Bengal	721437	22.4143	87.267
Chandanpur	West Bengal	721438	22.0208	87.7744
Amarpur	West Bengal	721439	22.0208	87.7744
Srirampur	West Bengal	721440	22.0208	87.7744
Hirapur	West Bengal	721441	22.0208	87.7744
Baikunthapur	West Bengal	721442	22.0208	87.7744
Mustafapur	West Bengal	721443	21.9467	87.4938
Analberia	West Bengal	721444	22.0208	87.7744
Sabra	West Bengal	721445	22.4143	87.267
Damodarpur	West Bengal	721446	22.0208	87.7744
Kalyanpur Tentulmuri	West Bengal	721447	21.8104	87.448
Shipur	West Bengal	721448	21.7746	87.4726
Banamalichatta	West Bengal	721449	22.3233	87.804
Jhawa	West Bengal	721450	22.3432	87.8407
Kashimpur	West Bengal	721451	22.4143	87.267
Biswanathpur	West Bengal	721452	22.0208	87.7744
Depal	West Bengal	721453	21.7344	87.5491
Barhat	West Bengal	721454	22.0603	87.6029
Islampur	West Bengal	721455	22.0208	87.7744
Mathura	West Bengal	721456	21.9979	87.636
Borai	West Bengal	721457	22.4143	87.267
Dhankar	West Bengal	721458	22.3432	87.8407
Digha New Township	West Bengal	721463	22.0208	87.7744
Bonai	West Bengal	721467	22.1762	87.6063
Bamundiha	West Bengal	721501	22.4143	87.267
Balidiha	West Bengal	721503	22.4143	87.267
Andharia	West Bengal	721504	22.5022	86.9911
Dumuria	West Bengal	721505	22.4143	87.267
Alampur	West Bengal	721506	22.4143	87.267
Jamda (West Midnapore)	West Bengal	721507	22.6125	87.7099
Joypur	West Bengal	721513	22.351	87.0859
Bandgora	West Bengal	721514	22.5813	86.9207
Sahari	West Bengal	721515	22.4143	87.267
Dharampur	West Bengal	721516	22.4143	87.267
Kaima	West Bengal	721517	22.2721	86.9541
Lalpur	West Bengal	721601	22.0208	87.7744
Basudevpur	West Bengal	721602	22.0758	88.1375
Jagatpur	West Bengal	721603	22.0208	87.7744
Haldia	West Bengal	721604	22.0605	88.1097
H.I.T	West Bengal	721606	22.0208	87.7744
Haldia Port	West Bengal	721607	22.0208	87.7744
Etamogra	West Bengal	721624	22.0208	87.7744
Muradpur	West Bengal	721625	22.0208	87.7744
Bahadurpur	West Bengal	721626	22.0208	87.7744
Gobindapur	West Bengal	721627	22.0208	87.7744
Gopalpur	West Bengal	721628	22.1997	88.0081
Changra	West Bengal	721629	22.0208	87.7744
Rampur	West Bengal	721631	22.0208	87.7744
Kalyanpur	West Bengal	721632	22.0208	87.7744
Gopinathpur	West Bengal	721633	22.0208	87.7744
Sundarnagar	West Bengal	721634	22.3623	87.7811
Anantapur	West Bengal	721635	22.1033	88.1143
Parbatipur	West Bengal	721636	22.0208	87.7744
Abasbari	West Bengal	721637	22.0208	87.7744
Jagannathpur	West Bengal	721641	22.0208	87.7744
Raichak	West Bengal	721642	22.0208	87.7744
Dhanyaghar	West Bengal	721643	22.0208	87.7744
Paramanandapur	West Bengal	721644	22.0208	87.7744
Raghurampur	West Bengal	721645	22.0838	88.0403
Gokulnagar	West Bengal	721646	22.0208	87.7744
Barakurmarchak	West Bengal	721647	22.0208	87.7744
Mirpur	West Bengal	721648	22.0208	87.7744
Simulia	West Bengal	721649	22.0208	87.7744
Kamalpur	West Bengal	721650	22.0208	87.7744
Bargoda	West Bengal	721651	22.0208	87.7744
Kumarchak	West Bengal	721652	22.1454	87.9751
Haridaspur	West Bengal	721653	22.0208	87.7744
Kumarpur	West Bengal	721654	22.1303	88.0483
Madhusudanchak	West Bengal	721655	22.0208	87.7744
Tajpur	West Bengal	721656	22.0208	87.7744
Debhog	West Bengal	721657	22.0208	87.7744
Baroda	West Bengal	721658	22.187	88.1068
Iswarpur	West Bengal	721659	22.0208	87.7744
Bankura  DSB	West Bengal	722101	23.2505	87.3849
Bankati	West Bengal	722102	23.2505	87.3849
Rampur	West Bengal	722121	23.141	87.135
Gopalnagar	West Bengal	722122	23.141	87.135
Chandra	West Bengal	722132	23.141	87.135
Ranipur	West Bengal	722133	23.141	87.135
Pali	West Bengal	722134	23.141	87.135
Dabri	West Bengal	722135	23.141	87.135
Gopalpur	West Bengal	722136	23.141	87.135
Kamalpur	West Bengal	722137	23.141	87.135
Joypur	West Bengal	722138	23.141	87.135
Baidyalokhesole	West Bengal	722139	23.141	87.135
Kashipur	West Bengal	722140	23.141	87.135
Darapur	West Bengal	722141	23.141	87.135
Nityanandapur	West Bengal	722142	23.4756	87.2248
Pabra	West Bengal	722143	23.5673	87.108
Onda	West Bengal	722144	23.1387	87.2026
Bhagabandh	West Bengal	722146	23.141	87.135
Patpur	West Bengal	722147	23.3554	87.1768
Deuli	West Bengal	722148	23.141	87.135
Dauni	West Bengal	722149	23.3554	87.1768
Chingra	West Bengal	722150	22.7619	87.0212
Bikrampur	West Bengal	722151	23.141	87.135
Ratanpur	West Bengal	722152	23.1064	87.0699
Bamuntore	West Bengal	722153	23.1554	87.3394
Asurali	West Bengal	722154	23.141	87.135
Kanchanpur	West Bengal	722155	23.3116	87.0943
Mandalgram	West Bengal	722156	22.9655	87.1613
Bhara	West Bengal	722157	23.2279	87.2881
Shyampur	West Bengal	722158	23.5227	86.936
Parsola	West Bengal	722160	22.9274	87.0137
Gopinathpur	West Bengal	722161	23.141	87.135
Barikul	West Bengal	722162	23.141	87.135
Bankadaha	West Bengal	722164	22.9793	87.3579
Brahmandiha	West Bengal	722173	23.1715	86.8339
Mejia Th Power Station	West Bengal	722183	23.2505	87.3849
Mandra	West Bengal	722201	23.141	87.135
Krishnanagar	West Bengal	722202	23.141	87.135
Jagannathpur	West Bengal	722203	23.141	87.135
Hatasuria	West Bengal	722204	23.141	87.135
Paharpur	West Bengal	722205	23.141	87.135
Hamirpur	West Bengal	722206	23.141	87.135
Birsinghpur	West Bengal	722207	23.141	87.135
Radhakantapur	West Bengal	722208	23.141	87.135
Alangidanga	West Bengal	723101	23.2774	86.4183
Gobindapur	West Bengal	723102	23.2774	86.4183
Ranibandh	West Bengal	723103	23.2774	86.4183
Lakhanpur	West Bengal	723104	23.2774	86.4183
Rampur	West Bengal	723121	23.4161	85.9948
Anara	West Bengal	723126	23.3808	86.4697
Nischintapur	West Bengal	723127	23.2774	86.4183
Bansa	West Bengal	723128	23.3744	85.9253
Lata	West Bengal	723129	23.2774	86.4183
Daldali	West Bengal	723130	23.2774	86.4183
Bari	West Bengal	723131	23.2774	86.4183
Simla	West Bengal	723132	23.2774	86.4183
Tarabari	West Bengal	723133	23.4704	86.4988
Ramchandrapur Ashram	West Bengal	723142	23.2774	86.4183
Shyamnagar	West Bengal	723143	23.2774	86.4183
Bogra	West Bengal	723145	23.2842	85.9267
Deoli	West Bengal	723146	23.4672	86.7136
Baghra	West Bengal	723147	23.2872	85.9225
Bhangra	West Bengal	723148	23.2774	86.4183
Chainpur	West Bengal	723149	23.2774	86.4183
Gopalpur	West Bengal	723151	23.3504	85.9836
Burda	West Bengal	723152	23.2489	85.9817
Puara	West Bengal	723153	23.1906	86.3502
Satra	West Bengal	723154	23.2752	86.1983
Udaipur	West Bengal	723155	23.5269	86.5137
Murardih	West Bengal	723156	23.2878	86.4834
Bargoria	West Bengal	723161	23.2774	86.4183
Manihara	West Bengal	723168	23.2774	86.4183
Srirampur	West Bengal	723201	23.2774	86.4183
Pandua	West Bengal	723202	23.2774	86.4183
Kalimati	West Bengal	723212	23.2342	85.9224
Bamnia	West Bengal	723213	23.4387	85.9953
Pundag	West Bengal	723215	23.2772	85.9069
B.Collectorate	West Bengal	731101	23.7968	87.6952
Chakdaha	West Bengal	731102	23.9536	87.6665
Baram	West Bengal	731103	23.7968	87.6952
Sahapur	West Bengal	731104	24.1072	87.8229
Sikarpur	West Bengal	731121	23.9536	87.6665
Panditpur	West Bengal	731123	23.8367	87.3746
Kota	West Bengal	731124	23.9536	87.6665
Hazratpur	West Bengal	731125	23.9536	87.6665
Ganeshpur	West Bengal	731126	23.9536	87.6665
Rampur	West Bengal	731127	24.0948	87.6362
Damdama	West Bengal	731129	23.9536	87.6665
Joypur	West Bengal	731130	24.1261	87.6915
Kabilpur	West Bengal	731132	24.2122	87.7978
Ranipathar	West Bengal	731133	24.1261	87.6915
Paharpur	West Bengal	731201	24.2943	87.9142
Joykrishnapur	West Bengal	731202	23.9536	87.6665
Raipur	West Bengal	731204	24.1013	87.6467
Chunpalasi	West Bengal	731214	24.1395	87.8054
Srikrishnapur	West Bengal	731215	24.2069	87.9004
Damra	West Bengal	731216	24.1034	87.6719
Kusumi	West Bengal	731218	23.6193	87.8905
Bahadurpur	West Bengal	731219	24.3192	87.7925
Kaitha	West Bengal	731220	24.2899	87.9125
Gaganpur	West Bengal	731221	24.4431	87.9506
Srirampur	West Bengal	731222	24.2726	87.8163
Narayanpur	West Bengal	731223	24.1098	87.8759
Nischintapur	West Bengal	731224	24.1767	87.7743
Tarapur	West Bengal	731233	24.1039	87.807
Ramnagar	West Bengal	731234	24.4891	87.8306
Paruldanga	West Bengal	731235	23.6823	87.6864
Digha	West Bengal	731236	23.9536	87.6665
Bara	West Bengal	731237	24.3135	87.9632
Khanpur	West Bengal	731238	24.1701	87.8186
Banagram	West Bengal	731240	24.1508	87.8519
Chandpara	West Bengal	731241	24.1914	87.9127
Sardha	West Bengal	731242	24.242	87.8983
Haridaspur	West Bengal	731243	24.0696	87.6294
Tentulia	West Bengal	731244	24.1461	87.8894
Begunia	West Bengal	731245	24.0489	87.8456
Mohanpur	West Bengal	731301	24.5795	87.7736
Nurpur	West Bengal	731302	23.9536	87.6665
Gopalpur	West Bengal	731303	24.1446	87.7868
Kazipara	West Bengal	731304	24.5164	87.8648
Bansbari	West Bengal	732101	25.1367	88.0923
Haripur	West Bengal	732102	25.1367	88.0923
Fulbari	West Bengal	732103	25.1367	88.0923
Gandhinagar	West Bengal	732121	25.0741	87.9359
Gopalpurhat	West Bengal	732122	25.1367	88.0923
Rasulpur	West Bengal	732123	25.4006	87.9745
Arjunpur	West Bengal	732124	25.1367	88.0923
Fatehpur	West Bengal	732125	25.2974	87.8609
Santoshpur	West Bengal	732126	25.4058	87.9036
Chamagram	West Bengal	732127	25.0741	87.9359
Arapur	West Bengal	732128	25.0795	88.1462
Binodpur	West Bengal	732138	25.2576	87.9852
Sripur	West Bengal	732139	25.3699	87.874
Bishanpur	West Bengal	732140	25.2142	87.8895
Jatradanga	West Bengal	732141	25.4076	87.8574
Sahapur	West Bengal	732142	25.1367	88.0923
Arapur	West Bengal	732143	25.0056	87.9102
Kotwali (Malda)	West Bengal	732144	25.0056	87.9102
Bamangola	West Bengal	732147	25.1833	88.2667
Kharba	West Bengal	732150	25.426	88.0689
Ramnagar	West Bengal	732201	25.4155	87.8604
Dharampur	West Bengal	732202	25.1367	88.0923
Nurpur	West Bengal	732203	25.1367	88.0923
Pukhuria	West Bengal	732204	25.1419	88.0166
Kamalpur	West Bengal	732205	25.4718	87.9235
Jalalpur	West Bengal	732206	25.3854	87.8656
Birampur	West Bengal	732207	25.1367	88.0923
Madapur	West Bengal	732208	25.0362	88.0045
Gopalpur	West Bengal	732209	25.2924	87.9547
Krishnapur	West Bengal	732210	25.1367	88.0923
Milki	West Bengal	732211	25.1367	88.0923
Jadupur	West Bengal	732212	25.1367	88.0923
Pukhuria	West Bengal	732213	25.1419	88.0166
Araidanga	West Bengal	732214	25.1228	87.9837
Pubarun	West Bengal	732215	25.1367	88.0923
Nawada	West Bengal	732216	25.1367	88.0923
Chakbhabani	West Bengal	733101	24.8616	87.887
Radhanagar	West Bengal	733102	25.4223	87.8808
Khidirpur	West Bengal	733103	25.3266	87.858
Durgapur	West Bengal	733121	25.5287	88.1506
Hatia	West Bengal	733123	25.881	88.1583
Jalalpur	West Bengal	733124	24.4794	87.9174
Harirampur	West Bengal	733125	24.1684	87.9108
Fatepur	West Bengal	733126	24.5838	88.0444
Ramchandrapur	West Bengal	733127	24.0326	87.7189
Radhanagar	West Bengal	733128	25.881	88.1583
Raghunathpur	West Bengal	733129	25.881	88.1583
Dadhikotbari	West Bengal	733130	25.6771	88.2228
Sarala	West Bengal	733132	25.5259	88.3651
Khanpur	West Bengal	733133	24.3931	87.8225
Raipur	West Bengal	733134	25.881	88.1583
Fulbari	West Bengal	733140	22.2786	88.3207
Narayanpur	West Bengal	733141	24.1098	87.8759
Joypur	West Bengal	733142	24.0732	88.221
Sonapur	West Bengal	733143	25.9889	87.8419
Jamalpur	West Bengal	733145	24.0551	87.7262
Bharatpur	West Bengal	733156	25.881	88.1583
Atrai	West Bengal	733158	24.8274	88.1336
Maheshpur	West Bengal	733201	25.881	88.1583
Khunti	West Bengal	733202	26.2654	88.1898
Narayanpur	West Bengal	733207	25.881	88.1583
Amalia	West Bengal	733208	26.0528	87.9738
Nizampur	West Bengal	733209	26.017	87.9001
Sahapur	West Bengal	733210	25.881	88.1583
Altapur	West Bengal	733215	25.7315	87.9951
Mahananda Bridge	West Bengal	734001	26.9135	88.3947
Salbari	West Bengal	734002	26.9135	88.3947
Champasari	West Bengal	734003	26.9135	88.3947
Dabgram	West Bengal	734004	26.731	88.9486
Jyoti Nagar	West Bengal	734005	26.9135	88.3947
Ghugumali	West Bengal	734006	26.731	88.9486
Bhaktinagar	West Bengal	734007	26.731	88.9486
Baigunta Pur	West Bengal	734008	26.9135	88.3947
Gulma	West Bengal	734009	26.9135	88.3947
Matigara	West Bengal	734010	26.723	88.3806
Kadamtala (Darjiling)	West Bengal	734011	26.7111	88.3462
Ranidanga	West Bengal	734012	26.7111	88.3462
New Rangia	West Bengal	734013	26.7111	88.3462
Bagdogra	West Bengal	734014	26.6993	88.3118
Fulbari Hat	West Bengal	734015	26.6605	89.0844
Bhanugram	West Bengal	734101	27.051	88.2618
Simkuna	West Bengal	734102	27.008	88.2373
Rajbari	West Bengal	734103	26.9135	88.3947
Singla	West Bengal	734104	27.1256	88.2896
Badamtam	West Bengal	734105	27.0623	88.2829
Dooteriah	West Bengal	734121	27.051	88.2618
Rangbull	West Bengal	734123	27.051	88.2618
Tukvar	West Bengal	734124	27.051	88.2618
Bansbotey	West Bengal	734201	27.0824	88.175
Ambootia	West Bengal	734203	26.8743	88.2412
Dowhill	West Bengal	734204	27.0144	88.2031
Maney Dara	West Bengal	734213	26.9083	88.2224
Duptin-10	West Bengal	734214	26.8882	88.1901
Dhajea	West Bengal	734215	26.9083	88.2224
Pokhriabong	West Bengal	734216	26.9571	88.1668
Jamdar Vitta	West Bengal	734217	26.8304	88.2625
Phuguri	West Bengal	734218	26.9083	88.2224
Balasun	West Bengal	734219	26.9575	88.27
Deorali	West Bengal	734220	26.9051	88.3002
Batasia	West Bengal	734221	26.9709	88.3462
Takdah	West Bengal	734222	27.0565	88.3313
Chunbhati	West Bengal	734223	26.8547	88.3436
Bagora	West Bengal	734224	26.9709	88.3462
Geile Banjyang	West Bengal	734226	27.019	88.378
Soureni Bazar	West Bengal	734227	26.9709	88.3462
Samthar	West Bengal	734301	26.9881	88.5197
Kagay Bazar	West Bengal	734311	27.1539	88.6145
Bar Dara	West Bengal	734312	27.0573	88.4193
School Dhura	West Bengal	734313	27.0886	88.5287
Lava	West Bengal	734314	27.086	88.6617
Burmeck	West Bengal	734315	27.0886	88.5287
Upper Dalapchand	West Bengal	734316	27.0886	88.5287
Echhey	West Bengal	734317	27.0886	88.5287
Kalijhora	West Bengal	734320	26.9319	88.4504
Reang	West Bengal	734321	26.9319	88.4504
Bagdogra Air Port	West Bengal	734421	26.6827	88.22
Belgachi	West Bengal	734423	26.6827	88.22
Bendubi	West Bengal	734424	26.6827	88.22
Bidhan Nagar	West Bengal	734425	26.6827	88.22
Buraganj	West Bengal	734426	26.6827	88.22
Khoribari	West Bengal	734427	26.6827	88.22
Badrajote	West Bengal	734429	26.6827	88.22
Sahabad	West Bengal	734431	26.5864	88.368
Rangapani	West Bengal	734434	26.5864	88.368
Chathat	West Bengal	734436	26.5864	88.368
Bagrakote	West Bengal	734501	26.6605	89.0844
Gairibas	West Bengal	734503	26.9251	88.5689
Panpara	West Bengal	735101	26.6605	89.0844
Kharia	West Bengal	735102	26.6605	89.0844
Paharpur	West Bengal	735121	26.6605	89.0844
Kachua	West Bengal	735122	26.6605	89.0844
Brajapur	West Bengal	735132	26.6605	89.0844
Sikarpur	West Bengal	735133	26.6605	89.0844
Rajganj	West Bengal	735134	24.2238	87.7399
Balaram	West Bengal	735135	24.2238	87.7399
Kathalguri	West Bengal	735202	26.792	89.0287
Binnaguri	West Bengal	735203	26.6771	88.4814
Birpara	West Bengal	735204	26.7042	89.1455
Carron	West Bengal	735205	26.7644	88.8616
Batabari	West Bengal	735206	26.8841	88.7907
Ambaribagan	West Bengal	735207	26.7644	88.8616
Dalsingpara	West Bengal	735208	26.7644	88.8616
Damdim	West Bengal	735209	26.7644	88.8616
Fulbari	West Bengal	735210	26.6326	89.0465
Atpukuria Nayahat	West Bengal	735211	26.4963	89.2102
Gairkata	West Bengal	735212	26.6998	89.0257
Deogaon	West Bengal	735213	26.5394	88.9784
Dakshin Latabari	West Bengal	735214	26.5394	88.9784
Hasimara	West Bengal	735215	26.7469	89.3538
Alinagar	West Bengal	735216	25.4514	87.8886
Atiabari Bagan.	West Bengal	735217	26.6889	89.4483
Kailashpur	West Bengal	735218	26.7523	88.7218
Panbari	West Bengal	735219	26.703	88.7638
Totopara	West Bengal	735220	26.6952	89.2815
Bataigole Bazaar	West Bengal	735221	26.8052	89.0414
Manabari	West Bengal	735222	26.8052	89.0414
Indong	West Bengal	735223	26.6605	89.0844
Amguri Bazar	West Bengal	735224	26.291	89.3437
Champaguri	West Bengal	735225	26.8803	88.9013
Panabasti	West Bengal	735226	26.8052	89.0414
Jainti	West Bengal	735227	26.7024	89.6107
Dumchipara	West Bengal	735228	26.8052	89.0414
Rungamatee	West Bengal	735229	26.8052	89.0414
Neora	West Bengal	735230	26.725	88.7436
Ahlay	West Bengal	735231	26.9135	88.3947
Binnaguri Cantt	West Bengal	735232	26.725	88.7436
Bamni	West Bengal	735233	26.725	88.7436
Gajaldoba	West Bengal	735234	26.725	88.7436
Bhotebari	West Bengal	735301	26.4156	88.9187
Kumarpara	West Bengal	735302	26.6605	89.0844
Buraburi	West Bengal	735303	26.291	89.3437
Bagdokra	West Bengal	735304	26.291	89.3437
Dharampur	West Bengal	735305	26.6605	89.0844
Bangchatra	West Bengal	736101	26.291	89.3437
Birpara	West Bengal	736121	26.7042	89.1455
Ghagra	West Bengal	736122	26.7042	89.1455
Damanpur	West Bengal	736123	26.7042	89.1455
Bakla	West Bengal	736131	26.3884	89.7594
Gopalpur	West Bengal	736133	26.291	89.3437
Kumarganj	West Bengal	736134	26.291	89.3437
Karala	West Bengal	736135	26.1353	89.4613
Phulbari	West Bengal	736145	26.291	89.3437
Shikarpur	West Bengal	736146	26.291	89.3437
Krishnapur	West Bengal	736156	26.291	89.3437
Akrahat Bandar.	West Bengal	736157	26.3144	89.3013
Bamanpara	West Bengal	736158	26.291	89.3437
Debagram	West Bengal	736159	26.291	89.3437
Bilsi	West Bengal	736160	26.3599	89.5546
Madhupur	West Bengal	736165	26.291	89.3437
Brahmottar Chatra	West Bengal	736167	26.3599	89.5546
Durganagar	West Bengal	736168	26.3599	89.5546
Barasakdal	West Bengal	736169	26.3599	89.5546
Dudherkuthi Dewanbash	West Bengal	736170	26.291	89.3437
Sutarpara	West Bengal	736171	26.291	89.3437
Shibpur	West Bengal	736172	26.291	89.3437
Kalmati	West Bengal	736176	26.291	89.3437
Khagrabari.	West Bengal	736179	26.291	89.3437
Jaigaon	West Bengal	736182	26.8477	89.3756
Chuniajhora	West Bengal	736201	25.5088	88.582
Brojerkuthi.	West Bengal	736202	26.4762	89.763
Barodaldali	West Bengal	736203	25.5088	88.582
Sonapur	West Bengal	736204	25.9889	87.8419
New Lands	West Bengal	736205	25.5088	88.582
Kadampur	West Bengal	736206	26.5148	89.6522
Rampur	West Bengal	736207	24.4433	87.961
Bhelukdabri	West Bengal	736208	25.5088	88.582
Gangtok H.O	Sikkim	737101	27.3218	88.5884
Deorali	Sikkim	737102	27.3417	88.7553
Bhusuk	Sikkim	737103	27.3218	88.5884
Bering	Sikkim	737106	27.2376	88.4249
Gor	Sikkim	737107	27.3761	88.5015
Karjee	Sikkim	737111	27.2635	88.2548
Bermiok	Sikkim	737113	27.2885	88.2108
Phamtam	Sikkim	737116	27.5159	88.5538
Chungthang	Sikkim	737120	27.6059	88.6447
Majitar	Sikkim	737121	27.1569	88.2608
Maniram	Sikkim	737126	27.1645	88.4055
Manpur	Sikkim	737128	27.1002	88.4199
Chujachen	Sikkim	737131	27.1728	88.6384
Maney Dara	Sikkim	737132	27.1873	88.5337
Amba	Sikkim	737133	27.2101	88.6262
Bermiok	Sikkim	737134	27.2385	88.4887
Ahoo Busty	Sikkim	737135	27.3319	88.6019
Majitar	Sikkim	737136	27.2175	88.5363
Ben	Sikkim	737139	27.275	88.3491
Nagendranagar	West Bengal	741101	23.4827	88.5215
Joypur	West Bengal	741102	23.4827	88.5215
Radhanagar	West Bengal	741103	23.4827	88.5215
Chandra	West Bengal	741121	23.4827	88.5215
Bansberia	West Bengal	741122	23.4827	88.5215
Lakshmipur	West Bengal	741123	23.4827	88.5215
Shibpur	West Bengal	741124	23.4827	88.5215
Rajapur	West Bengal	741125	23.4827	88.5215
Bikrampur	West Bengal	741126	23.4827	88.5215
Birnagar	West Bengal	741127	23.4827	88.5215
Debagram	West Bengal	741137	23.6883	88.3008
Billwagram	West Bengal	741138	23.4827	88.5215
Dhubulia	West Bengal	741139	23.4827	88.5215
Panditpur	West Bengal	741140	23.4827	88.5215
Juranpur	West Bengal	741150	23.7269	88.2314
Chapri	West Bengal	741151	23.6994	88.1823
Khanpur	West Bengal	741152	23.4827	88.5215
Matiari	West Bengal	741153	23.4827	88.5215
Digha	West Bengal	741154	23.4827	88.5215
Bhawanipur	West Bengal	741155	23.4827	88.5215
Bali	West Bengal	741156	23.4827	88.5215
Bhurulia	West Bengal	741157	23.6994	88.1823
Darermath	West Bengal	741158	23.9808	88.7197
Taherpur	West Bengal	741159	23.6994	88.1823
Raghunathpur	West Bengal	741160	23.4827	88.5215
Rampur	West Bengal	741161	23.4827	88.5215
Chandanpur	West Bengal	741162	23.4827	88.5215
Betai	West Bengal	741163	23.4827	88.5215
Ichhapur	West Bengal	741164	23.4827	88.5215
Gopalpur	West Bengal	741165	23.1253	88.5469
Kalinga	West Bengal	741166	23.4827	88.5215
Bhimpur	West Bengal	741167	23.4827	88.5215
Bharatpur	West Bengal	741181	23.4827	88.5215
Ramnagar	West Bengal	741201	23.4827	88.5215
Chapra	West Bengal	741202	23.5279	88.5543
Barajaguli	West Bengal	741221	23.4827	88.5215
Deuli	West Bengal	741222	23.4827	88.5215
Balia	West Bengal	741223	23.4827	88.5215
Cooper's Camp	West Bengal	741232	23.4827	88.5215
Gayeshpur	West Bengal	741234	23.4827	88.5215
Bidhanpark	West Bengal	741235	23.4827	88.5215
Debagram	West Bengal	741238	23.6883	88.3008
Kalipur	West Bengal	741245	23.4827	88.5215
Haringhat River Research Insti	West Bengal	741246	23.4827	88.5215
Pritinagar	West Bengal	741247	23.4827	88.5215
Bhagirathisilpaashram	West Bengal	741248	23.4827	88.5215
Narayanpur	West Bengal	741249	23.4827	88.5215
Bedibhavan	West Bengal	741250	22.9394	88.6378
Majerchar	West Bengal	741251	22.9394	88.6378
Krishivisyavidyalaya	West Bengal	741252	22.9394	88.6378
Anishmali	West Bengal	741253	22.9394	88.6378
Kalinarayanpur	West Bengal	741254	22.9394	88.6378
Noapara	West Bengal	741255	22.9394	88.6378
Begopara	West Bengal	741256	22.9394	88.6378
Dighalgram	West Bengal	741257	22.9394	88.6378
Char Brahmanagar	West Bengal	741301	23.4827	88.5215
Rudrapara	West Bengal	741302	23.4827	88.5215
Nidaya	West Bengal	741313	23.4827	88.5215
Amghata	West Bengal	741315	23.4827	88.5215
Bablari	West Bengal	741316	23.4827	88.5215
Aluipara	West Bengal	741317	23.4827	88.5215
Bidyanagar	West Bengal	741319	23.4827	88.5215
Dignagar	West Bengal	741401	23.3238	88.452
Tarapur	West Bengal	741402	23.4827	88.5215
Santipur	West Bengal	741404	23.25	88.4333
Panchberia	West Bengal	741501	23.5544	88.3506
Patikabari	West Bengal	741502	23.3591	88.6625
Bijoypur	West Bengal	741503	23.4489	88.7637
Baranberia	West Bengal	741504	23.5544	88.3506
Gobindapur	West Bengal	741505	23.4827	88.5215
Durgapur	West Bengal	741506	23.4827	88.5215
Mathurapur	West Bengal	741507	23.4827	88.5215
Maheshpur	West Bengal	741508	23.4827	88.5215
Chowgacha	West Bengal	741509	23.5544	88.3506
Berhampore (WB) H.O	West Bengal	742101	24.1107	88.0112
Muktinagar	West Bengal	742102	24.1107	88.0112
Saidabad	West Bengal	742103	24.1107	88.0112
Chotobathan	West Bengal	742104	24.1107	88.0112
Rampur	West Bengal	742113	24.1343	87.9194
Chandpur	West Bengal	742121	24.1612	88.231
Nagra	West Bengal	742122	24.2273	88.2581
Bhandara	West Bengal	742123	24.2387	88.2645
Fatepur	West Bengal	742132	24.1612	88.231
Mirzapur	West Bengal	742133	24.4057	88.0651
Gopinathpur	West Bengal	742134	24.1082	87.9171
Bahadurpur	West Bengal	742135	24.1612	88.231
Bagore	West Bengal	742136	24.0589	88.12
Kandi Bazar	West Bengal	742137	24.1086	88.0562
Brahmanpara	West Bengal	742138	24.1612	88.231
Benipur	West Bengal	742140	24.1612	88.231
Haripur	West Bengal	742147	24.6502	87.9649
Paharpur	West Bengal	742148	24.1612	88.231
Gopinathpur	West Bengal	742149	24.1082	87.9171
Laskarpur	West Bengal	742151	24.1612	88.231
Ramchandrapur	West Bengal	742159	24.0154	87.9446
Nashipur Rajbati	West Bengal	742160	23.9474	88.0423
Tarapur	West Bengal	742161	24.1612	88.231
Milki	West Bengal	742163	24.1874	87.9836
Roshanbagh	West Bengal	742164	23.9474	88.0423
Jagannathpur	West Bengal	742165	24.8345	87.9044
Sripur	West Bengal	742166	24.1612	88.231
Kundal	West Bengal	742168	23.9875	87.922
Jhikra	West Bengal	742174	24.1612	88.231
Rajnagar	West Bengal	742175	24.1612	88.231
Rasulpur	West Bengal	742184	24.1612	88.231
Durgapur	West Bengal	742187	24.03	87.9873
Jalalpur	West Bengal	742189	24.1612	88.231
Hasanpur	West Bengal	742201	24.3394	87.9719
Lalpur	West Bengal	742202	24.6759	87.9661
Bewa	West Bengal	742212	24.7843	87.8722
Gangaprasad	West Bengal	742213	24.5643	88.0252
Raghunathpur	West Bengal	742223	24.1612	88.231
Naskarpur	West Bengal	742224	24.6197	87.9636
Fultala	West Bengal	742225	24.3317	87.9972
Samsabad	West Bengal	742226	24.1612	88.231
Rajnagar	West Bengal	742227	24.1612	88.231
Ghorshala	West Bengal	742235	24.1612	88.231
Nabarun	West Bengal	742236	24.1612	88.231
Balia	West Bengal	742237	24.1612	88.231
Palsandamore	West Bengal	742238	24.1612	88.231
Sahapur	West Bengal	742301	24.1612	88.231
Hasanpur	West Bengal	742302	24.1612	88.231
Raipur	West Bengal	742303	24.1612	88.231
Madanpur	West Bengal	742304	24.1612	88.231
Harekrishnapur	West Bengal	742305	24.1612	88.231
Rajapur	West Bengal	742306	24.1612	88.231
Mohanganj	West Bengal	742308	24.1612	88.231
Raigram	West Bengal	742401	23.7708	88.1021
Talibpur	West Bengal	742402	24.1612	88.231
Koregram	West Bengal	742404	24.1612	88.231
Gobindapur	West Bengal	742405	24.6581	87.9593
Brindabanpur	West Bengal	742406	24.1612	88.231
Chaltia	West Bengal	742407	24.1612	88.231
Sargachi Ashram	West Bengal	742408	24.1612	88.231
Shaikhpara.	West Bengal	742409	24.1612	88.231
Rejinagar	West Bengal	742410	24.1612	88.231
Bengal Enamel	West Bengal	743122	22.8347	88.4655
Bhatpara	West Bengal	743123	22.8664	88.4011
ESD (M)	West Bengal	743124	22.8347	88.4655
Golghar	West Bengal	743125	22.85	88.3833
Narayanpur	West Bengal	743126	22.7611	88.7615
Feeder Road	West Bengal	743127	22.8333	88.3833
Athpur	West Bengal	743128	22.8347	88.4655
Fingapara	West Bengal	743129	22.8347	88.4655
Dogachia	West Bengal	743130	22.8767	88.585
Garulia	West Bengal	743133	22.8211	88.3744
Halishahar	West Bengal	743134	22.9322	88.4186
Malancha	West Bengal	743135	22.4656	88.7803
Nabanagar	West Bengal	743136	22.708	88.409
Ichapur	West Bengal	743144	22.805	88.3709
Palashi	West Bengal	743145	22.4656	88.7803
Naihati	West Bengal	743165	22.894	88.4152
Madarpur	West Bengal	743166	22.8982	88.4329
Kampa	West Bengal	743193	22.8827	88.4194
Kelabagan	West Bengal	743194	22.8827	88.4194
Adhata	West Bengal	743221	22.8464	88.5736
Sabdalpur	West Bengal	743222	22.8464	88.5736
Haripur (North 24 Parganas)	West Bengal	743223	22.8464	88.5736
Chandpur	West Bengal	743232	22.4656	88.7803
Banipur (North 24 Parganas)	West Bengal	743233	23.0361	88.7773
Bira Ballavepara	West Bengal	743234	22.7774	88.5686
Angrail	West Bengal	743235	23.0762	88.8272
Digha	West Bengal	743245	22.4656	88.7803
Chandipur	West Bengal	743247	22.4656	88.7803
Digha	West Bengal	743248	22.4656	88.7803
Dharampur	West Bengal	743249	22.4656	88.7803
Sundarpur	West Bengal	743251	22.4656	88.7803
Gaipur	West Bengal	743252	22.8774	88.7548
Simulia	West Bengal	743262	22.4656	88.7803
Akrampur	West Bengal	743263	22.4656	88.7803
Habra Prafulla Nagar	West Bengal	743268	22.4656	88.7803
Bhawanipur	West Bengal	743270	22.4656	88.7803
Hijalpukuria	West Bengal	743271	22.4656	88.7803
Samudrapur	West Bengal	743272	22.8624	88.5891
Ramnagar	West Bengal	743273	22.9078	88.8599
Tentulia	West Bengal	743286	22.4656	88.7803
Thakurnagar	West Bengal	743287	22.4656	88.7803
Ghoshpur	West Bengal	743289	22.4656	88.7803
Taranipur	West Bengal	743290	22.881	88.8719
Mominpur	West Bengal	743291	22.78	88.6252
Badartala	West Bengal	743292	22.6809	88.9039
Eojnagar	West Bengal	743293	22.7371	88.7422
Bohara	West Bengal	743294	22.7343	88.5795
Mongalganj	West Bengal	743297	22.8358	88.7482
Bharatgarh	West Bengal	743312	22.1544	88.6822
Mayapur	West Bengal	743318	22.1168	88.4167
Rampur	West Bengal	743329	22.0561	88.6094
Kalikapur	West Bengal	743330	22.0554	88.3386
Dakshin Hazi Pur	West Bengal	743331	22.314	88.6651
Sultanpur	West Bengal	743332	22.1168	88.4167
Gazipur	West Bengal	743336	22.1168	88.4167
Amtala	West Bengal	743337	22.2569	88.5694
Taltala	West Bengal	743338	22.1745	88.4933
Kashipur	West Bengal	743345	22.1168	88.4167
Rajnagar	West Bengal	743347	22.1168	88.4167
Karanjali	West Bengal	743348	22.032	88.2493
Khari	West Bengal	743349	22.0929	88.4288
Ramkrishnapur	West Bengal	743351	22.1458	88.215
Lalpur	West Bengal	743354	22.1168	88.4167
Haripur	West Bengal	743355	22.1168	88.4167
Ghoramara Mandirtala	West Bengal	743356	22.1168	88.4167
Haripur	West Bengal	743357	22.1168	88.4167
Narayanpur	West Bengal	743363	22.4854	88.5638
Mathur	West Bengal	743368	22.4328	88.2677
Bijoynagar	West Bengal	743370	22.1168	88.4167
Indrapur	West Bengal	743371	22.1168	88.4167
Kashimpur	West Bengal	743372	22.1993	88.432
Lalpur	West Bengal	743373	22.1168	88.4167
Raghunathpur	West Bengal	743374	22.1219	88.3478
Baneswarpur	West Bengal	743375	22.3055	88.3149
Belegachi	West Bengal	743376	22.3055	88.3149
Sarberia	West Bengal	743377	22.3055	88.3149
Taranagar	West Bengal	743378	22.1168	88.4167
Debipur	West Bengal	743383	22.3055	88.2023
Begampur	West Bengal	743387	22.3756	88.4788
Chandpur	West Bengal	743395	22.4064	88.2512
Ramchandrapur	West Bengal	743399	22.2781	88.4944
Raghunathpur	West Bengal	743401	22.6823	88.8278
Chhoygharia	West Bengal	743405	22.6259	88.6827
Basirhat Bazar	West Bengal	743411	22.8337	88.8136
Harishpur	West Bengal	743412	23.0289	88.7326
Sangrampur	West Bengal	743422	22.6191	88.8788
Parulia	West Bengal	743423	22.4656	88.7803
Chandpur	West Bengal	743424	22.4656	88.7803
Adampur	West Bengal	743425	22.4656	88.7803
Hasnabad	West Bengal	743426	22.5707	88.9169
Bajitpur	West Bengal	743427	22.4656	88.7803
Raghunathpur	West Bengal	743428	22.6823	88.8278
Takipur	West Bengal	743429	22.4656	88.7803
Kanchanpur	West Bengal	743435	22.4656	88.7803
Matia	West Bengal	743437	22.4656	88.7803
Mandra	West Bengal	743438	22.4656	88.7803
Chandanpur	West Bengal	743439	22.4656	88.7803
Bamanibad	West Bengal	743442	22.4656	88.7803
Bhabanipur	West Bengal	743445	22.4656	88.7803
Atapur	West Bengal	743446	22.3484	88.8997
Nurpur	West Bengal	743456	22.9011	88.5795
Joypur	West Bengal	743502	22.4104	88.5151
Chandi	West Bengal	743503	22.3578	88.2835
Jamira	West Bengal	743504	22.1168	88.4167
Sherpur	West Bengal	743513	22.3024	88.2334
Kamalpur	West Bengal	743609	22.1168	88.4167
Sankarpur	West Bengal	743610	22.1168	88.4167
Bat Tali	West Bengal	743611	22.2972	88.7883
Beniabow	West Bengal	743613	22.1168	88.4167
Palla	West Bengal	743701	22.8451	88.5958
Dogachia	West Bengal	743702	22.8767	88.585
Guma	West Bengal	743704	22.8135	88.6066
Panchberia	West Bengal	743710	22.8889	88.4146
Dariapur	West Bengal	743711	22.8729	88.5067
Marine Jetty	Andaman & Nicobar Islands	744101	11.6647	92.7026
Chatham	Andaman & Nicobar Islands	744102	11.6833	92.7167
Wandoor	Andaman & Nicobar Islands	744103	11.7167	92.6167
Sitapur	Andaman & Nicobar Islands	744104	11.6647	92.7026
Beodnabad	Andaman & Nicobar Islands	744105	11.6	92.7333
Shadipur	Andaman & Nicobar Islands	744106	11.6588	92.7438
Bambooflat	Andaman & Nicobar Islands	744107	11.6647	92.7026
Chakragaon	Andaman & Nicobar Islands	744112	11.6647	92.7026
Betapur	Andaman & Nicobar Islands	744201	12.7167	92.9
Ramnagar	Andaman & Nicobar Islands	744202	13.211	92.9389
Long Island	Andaman & Nicobar Islands	744203	12.6435	92.8794
Rampur	Andaman & Nicobar Islands	744204	12.6435	92.8794
Bakultala	Andaman & Nicobar Islands	744205	12.503	92.9077
Mathura	Andaman & Nicobar Islands	744206	11.7167	92.6833
Ramakrishnapur	Andaman & Nicobar Islands	744207	11.5179	92.6486
Kadamtala (North And Middle Andaman)	Andaman & Nicobar Islands	744209	12.6435	92.8794
Kanchangarh	Andaman & Nicobar Islands	744210	12.1853	92.7718
Havelock	Andaman & Nicobar Islands	744211	11.5179	92.6486
Carnicobar	Andaman & Nicobar Islands	744301	9.1833	92.7667
Gandhinagar	Andaman & Nicobar Islands	744302	9.1833	92.7667
Champin	Andaman & Nicobar Islands	744303	9.1833	92.7667
Nehrugram	Andaman & Nicobar Islands	744304	9.1833	92.7667
A G	Odisha	751001	20.09	85.5114
Gopinathpur	Odisha	751002	20.09	85.5114
Baramunda Colony	Odisha	751003	20.09	85.5114
Utkal University	Odisha	751004	20.09	85.5114
Sainik School (Khorda)	Odisha	751005	20.09	85.5114
Jharapada	Odisha	751006	20.09	85.5114
Saheed Nagar	Odisha	751007	20.09	85.5114
Rajbhawan (Khorda)	Odisha	751008	20.09	85.5114
Ashok Nagar (Khorda)	Odisha	751009	20.09	85.5114
Rasulgarh	Odisha	751010	20.09	85.5114
C R P Lines	Odisha	751011	20.09	85.5114
Nayapalli	Odisha	751012	20.09	85.5114
Regional Research Laboratory	Odisha	751013	20.09	85.5114
B J B Nagar	Odisha	751014	20.09	85.5114
I R C Village	Odisha	751015	20.09	85.5114
Chandra Sekhar Pur	Odisha	751016	20.09	85.5114
Mancheswar	Odisha	751017	20.09	85.5114
Badagarh Brit Colony	Odisha	751018	20.09	85.5114
Jadupur	Odisha	751019	20.09	85.5114
Aerodrome Area	Odisha	751020	20.09	85.5114
Sailashree Vihar	Odisha	751021	20.09	85.5114
Acharya Vihar	Odisha	751022	20.09	85.5114
S.E Rly.Proj. Complex	Odisha	751023	20.09	85.5114
K I I T	Odisha	751024	20.09	85.5114
G.G.P.Colony	Odisha	751025	20.09	85.5114
N.M.D OF PARCEL CENTRE Bhubaneswar	Odisha	751026	20.09	85.5114
International Business Centre	Odisha	751027	20.09	85.5114
Tamando	Odisha	751028	20.2109	85.7385
Bharatpur	Odisha	751029	20.09	85.5114
Khandagiri	Odisha	751030	20.2597	85.7899
Patia	Odisha	751031	20.2597	85.7899
Balisahi	Odisha	752001	19.8765	85.7209
Badagaon	Odisha	752002	19.8765	85.7209
Srivihar	Odisha	752003	19.8765	85.7209
Gopinathpur	Odisha	752010	19.8765	85.7209
Khajuria	Odisha	752011	19.8765	85.7209
Chandanpur	Odisha	752012	19.8868	85.8138
Kapileswarpur	Odisha	752013	19.8765	85.7209
Biswanathpur	Odisha	752014	19.8765	85.7209
Kalyanpur	Odisha	752015	19.8765	85.7209
Bilaspur	Odisha	752016	19.8765	85.7209
Jagannathpur	Odisha	752017	19.7983	85.8249
Malipada	Odisha	752018	20.09	85.5114
Kesharpur	Odisha	752019	20.09	85.5114
Raipur	Odisha	752020	20.09	85.5114
Haripur	Odisha	752021	20.09	85.5114
Jaripada	Odisha	752022	20.09	85.5114
Badapari	Odisha	752023	20.09	85.5114
Champagarh	Odisha	752024	20.2131	84.9994
Sinduria	Odisha	752025	20.128	85.1158
Balabhadrapur	Odisha	752026	20.1817	85.0638
Soran	Odisha	752027	20.09	85.5114
Balugaon	Odisha	752030	21.0336	85.1801
Bhimpur	Odisha	752031	20.09	85.5114
Bajrakote	Odisha	752032	19.5667	85.25
Gangadharpur	Odisha	752034	20.09	85.5114
Harichandanpur	Odisha	752035	20.09	85.5114
Navalbasechilika	Odisha	752037	20.09	85.5114
Siko	Odisha	752038	20.0422	85.4207
Mahura	Odisha	752045	19.8765	85.7209
Balapur	Odisha	752046	20.003	85.8064
Kantia	Odisha	752050	20.09	85.5114
Madanpur	Odisha	752054	20.09	85.5114
Khorda H.O	Odisha	752055	20.09	85.5114
Kalyanpur	Odisha	752056	20.09	85.5114
Saradhapur	Odisha	752057	20.09	85.5114
Anda	Odisha	752060	20.1177	85.6125
Kantabad	Odisha	752061	20.09	85.5114
Begunia	Odisha	752062	20.2021	85.457
Bijipur	Odisha	752063	20.3025	85.2179
Deuli	Odisha	752064	20.09	85.5114
Narendrapur	Odisha	752065	20.1528	85.1174
Haripur	Odisha	752066	20.09	85.5114
Saradhapur	Odisha	752068	20.1798	85.1284
Sinduria	Odisha	752069	20.128	85.1158
Kalyanpur	Odisha	752070	20.059	85.0824
Bhagabanpur	Odisha	752077	20.2225	85.1926
Madhapur	Odisha	752078	20.3455	85.2354
Kesharpur	Odisha	752079	20.346	85.0171
Hariharpur	Odisha	752080	20.1061	85.0908
Banthapur	Odisha	752081	20.0162	84.9872
Beruanbadi	Odisha	752082	20.111	84.9013
Korada	Odisha	752083	20.2709	84.9572
Srirampur	Odisha	752084	20.2131	84.9994
Patanda	Odisha	752085	20.2131	84.9994
Nuagaon	Odisha	752089	20.2519	84.9687
Madanpur	Odisha	752090	20.3666	84.9296
Subalaya	Odisha	752091	20.3196	84.9092
Baulasahi	Odisha	752092	20.0452	85.0964
Nuapada	Odisha	752093	20.2131	84.9994
Mahipur	Odisha	752094	20.1618	85
Balakati	Odisha	752100	20.09	85.5114
Jagannathpur	Odisha	752101	20.09	85.5114
Biswanathpur	Odisha	752102	20.09	85.5114
Padmapur	Odisha	752103	20.09	85.5114
Haripur	Odisha	752104	20.1187	85.8749
Balanga	Odisha	752105	20.0347	85.8799
Bishnupur	Odisha	752106	19.8765	85.7209
Baulagan	Odisha	752107	19.8765	85.7209
Kahala	Odisha	752108	19.8765	85.7209
Nagar	Odisha	752109	19.8765	85.7209
Nagapur	Odisha	752110	19.9364	86.0109
Kurujanga	Odisha	752111	19.8765	85.7209
Tulasipur	Odisha	752113	19.8765	85.7209
Bhanpur	Odisha	752114	19.8765	85.7209
Bhatpatna	Odisha	752115	20.2471	85.8133
Mahalpada	Odisha	752116	19.8765	85.7209
Bangurigaon	Odisha	752118	19.8765	85.7209
Rasulpur	Odisha	752119	19.8765	85.7209
Baharana	Odisha	752120	20.3461	85.6837
Badaninigaon	Odisha	752121	19.8765	85.7209
Choudhury Bazar	Odisha	753001	20.47	85.0606
Binod Bihari	Odisha	753002	20.4496	85.7057
Sikharpur	Odisha	753003	20.4496	85.7057
Chauliaganj	Odisha	753004	20.4496	85.7057
C R R I (Cuttack)	Odisha	753006	20.4496	85.7057
Medical College (Cuttack)	Odisha	753007	20.4496	85.7057
Tulasipur	Odisha	753008	20.4496	85.7057
Rajabagicha	Odisha	753009	20.4496	85.7057
Industrial Estate (Cuttack)	Odisha	753010	20.461	85.8695
Bhanpur	Odisha	753011	20.4496	85.7057
Khannagar	Odisha	753012	20.461	85.8695
Kalyani Nagar	Odisha	753013	20.461	85.8695
Avinab Bidanasi	Odisha	753014	20.4887	85.839
Sector ll CDA,Cuttack	Odisha	753015	20.461	85.8695
Kalyanpur	Odisha	754001	20.09	85.5114
Kantapada	Odisha	754002	20.2508	85.9828
Bramhanda	Odisha	754003	20.3253	86.0202
Nuagaon	Odisha	754004	20.4906	85.2
Raghunathpur	Odisha	754005	20.3667	86.15
Banra	Odisha	754006	20.4712	85.7692
Dompara	Odisha	754007	20.4496	85.7057
Durgapur	Odisha	754008	20.4496	85.7057
Balabhadrapur	Odisha	754009	20.4496	85.7057
Anlo	Odisha	754010	20.4265	85.2766
Adaspur	Odisha	754011	20.4265	85.2766
Bhola	Odisha	754012	20.09	85.5114
CISF Mundali	Odisha	754013	20.4265	85.2766
Patasundarpur	Odisha	754018	20.4265	85.2766
Jagatpur	Odisha	754021	20.5096	85.9249
Karanji	Odisha	754022	20.4496	85.7057
Rudrapur	Odisha	754023	20.8559	86.1522
Bantala	Odisha	754024	20.8559	86.1522
Birol	Odisha	754025	20.5392	85.9151
Daulatabad (Cuttack)	Odisha	754026	20.4496	85.7057
Mancheswar	Odisha	754027	20.4496	85.7057
Kumarpur	Odisha	754028	20.4496	85.7057
Athagarh College	Odisha	754029	20.4496	85.7057
Bandalo	Odisha	754030	20.4496	85.7057
Ichhapur	Odisha	754031	20.4496	85.7057
Saradhapur	Odisha	754032	20.4496	85.7057
Nuapatna	Odisha	754035	20.447	85.0496
Kanpur	Odisha	754037	20.4036	85.1733
Kapaleswar	Odisha	754071	20.4265	85.2766
Salapada	Odisha	754082	20.8559	86.1522
Kandarpur	Odisha	754100	20.4071	86.0104
Puran	Odisha	754102	20.2218	86.3437
Gadama	Odisha	754103	20.2218	86.3437
Gopalpur	Odisha	754104	20.2218	86.3437
Kasarda	Odisha	754105	20.4771	85.3596
Sarana	Odisha	754106	20.2218	86.3437
Alanahat	Odisha	754107	20.2218	86.3437
Sangrampur	Odisha	754108	20.2218	86.3437
Ashrampatna	Odisha	754109	20.2218	86.3437
Goda	Odisha	754110	20.2218	86.3437
Hajipur	Odisha	754111	20.3472	86.0389
Jharkata	Odisha	754112	20.4496	85.7057
Bansa	Odisha	754113	20.2218	86.3437
Palasa	Odisha	754114	20.273	86.1116
Anantapur	Odisha	754119	20.2218	86.3437
Atharbanki Rly Colony	Odisha	754120	20.2218	86.3437
Damodarpur	Odisha	754130	20.4496	85.7057
Banda	Odisha	754131	20.4496	85.7057
Adheikul	Odisha	754132	20.1901	86.2292
Jaipur	Odisha	754133	20.2218	86.3437
Bhagabanpur	Odisha	754134	20.5531	86.6097
Bishanpur	Odisha	754135	20.2218	86.3437
Govindpur	Odisha	754136	20.2218	86.3437
Dhanua	Odisha	754137	20.3052	86.3294
Srirampur	Odisha	754138	20.2218	86.3437
Ambiki	Odisha	754139	20.2033	86.4077
Pandua	Odisha	754140	20.2218	86.3437
Nuagaon	Odisha	754141	20.2167	86.535
Barakolikhala	Odisha	754142	20.3164	86.6085
Sector-21	Odisha	754143	20.2218	86.3437
Ppl Township	Odisha	754145	20.2218	86.3437
Bamara Cuttack	Odisha	754153	20.3865	86.3714
Gobardhanpur	Odisha	754160	20.2218	86.3437
Bilaspur	Odisha	754162	20.2218	86.3437
Gopinathpur	Odisha	754200	20.3837	85.3724
Mohanpur	Odisha	754201	20.4496	85.7057
Manoharpur	Odisha	754202	20.4496	85.7057
Gopinathpur	Odisha	754203	20.3837	85.3724
Madhupur	Odisha	754204	20.4333	85.1196
Kusupur	Odisha	754205	20.8559	86.1522
Champatipur	Odisha	754206	20.5837	86.2427
Gopalpur	Odisha	754207	20.416	85.2438
Chandol	Odisha	754208	20.5203	86.2692
Harirajpur	Odisha	754209	20.4496	85.7057
Mahal	Odisha	754210	20.5531	86.6097
Kendrapara College	Odisha	754211	20.5531	86.6097
Rajgarh	Odisha	754212	20.5531	86.6097
Jadupur	Odisha	754213	20.5531	86.6097
Indupur	Odisha	754214	20.5531	86.6097
Amber	Odisha	754215	20.5531	86.6097
Gunupur	Odisha	754216	20.5531	86.6097
Balabhadrapur	Odisha	754217	20.5531	86.6097
Nuapada	Odisha	754218	20.5531	86.6097
Balakati	Odisha	754219	20.5531	86.6097
Jaynagar	Odisha	754220	20.5531	86.6097
Mirzapur	Odisha	754221	20.4496	85.7057
Basupur	Odisha	754222	20.5531	86.6097
Bharatpur	Odisha	754223	20.5531	86.6097
Balia	Odisha	754224	20.5531	86.6097
Mahulia	Odisha	754225	20.5531	86.6097
Nuagaon	Odisha	754227	20.5531	86.6097
Akhua Dakhini	Odisha	754228	20.5531	86.6097
Mahu	Odisha	754231	20.5531	86.6097
Bhuinpur	Odisha	754239	20.5531	86.6097
Andara	Odisha	754240	20.5531	86.6097
Bachharai	Odisha	754244	20.5531	86.6097
Babar	Odisha	754245	20.5531	86.6097
Koilipur	Odisha	754246	20.5531	86.6097
Krishnanagar	Odisha	754248	20.5531	86.6097
Badagaon	Odisha	754250	20.5531	86.6097
Padmapur	Odisha	754253	20.5531	86.6097
Jagulaipara	Odisha	754289	20.5531	86.6097
Bhera	Odisha	754290	20.4496	85.7057
Raipur	Odisha	754292	20.8559	86.1522
Bhagabanpur	Odisha	754293	20.4496	85.7057
Palli	Odisha	754294	20.2218	86.3437
Bishnupur	Odisha	754295	20.4496	85.7057
Bidyadharpur	Odisha	754296	20.8559	86.1522
Ankula	Odisha	755001	20.8559	86.1522
Rajapur	Odisha	755003	20.8559	86.1522
Mohanpur	Odisha	755004	20.8559	86.1522
Haripur	Odisha	755005	20.8559	86.1522
Khosalpur	Odisha	755006	20.8559	86.1522
Simulia	Odisha	755007	20.8559	86.1522
Mirzapur	Odisha	755008	20.8559	86.1522
Kabirpur	Odisha	755009	20.8065	86.2516
Sherpur	Odisha	755010	20.8559	86.1522
Iswarpur	Odisha	755011	20.8559	86.1522
Fatehpur	Odisha	755012	20.8559	86.1522
Chasakhanda	Odisha	755013	20.8559	86.1522
Rambag	Odisha	755014	20.8559	86.1522
Laxminagar	Odisha	755015	20.8559	86.1522
Bangra	Odisha	755016	20.6919	86.5072
Udaypur	Odisha	755017	20.8559	86.1522
Mangalpur	Odisha	755018	20.8205	86.52
Andhari	Odisha	755019	20.8559	86.1522
Ferro Chrome Project	Odisha	755020	20.8559	86.1522
Ramakrishnapur	Odisha	755022	20.8559	86.1522
Endal	Odisha	755023	20.8559	86.1522
Haridaspur	Odisha	755024	20.7261	86.1179
Mukundapur	Odisha	755025	21.0295	86.2171
Dangadi	Odisha	755026	20.7938	86.0647
Sayedpur	Odisha	755027	20.8559	86.1522
Kansa	Odisha	755028	20.8559	86.1522
Kamalpur	Odisha	755036	20.8559	86.1522
Bhuinpur	Odisha	755043	20.8559	86.1522
Chandikhol	Odisha	755044	20.8559	86.1522
Kantigadia	Odisha	755049	20.8559	86.1522
Jaraka	Odisha	755050	20.8559	86.1522
Rasulpur	Odisha	755051	20.8559	86.1522
Madhuban	Odisha	755061	20.5531	86.6097
Bandhamunda	Odisha	755062	20.8559	86.1522
Azimabad	Odisha	756001	21.4898	86.917
Sahada	Odisha	756002	21.4898	86.917
Haripur	Odisha	756003	21.4898	86.917
Kashimpur	Odisha	756019	21.4898	86.917
Patna	Odisha	756020	21.4898	86.917
Bhimpur	Odisha	756021	21.4898	86.917
Barada	Odisha	756022	21.4898	86.917
Kumbhari	Odisha	756023	21.4898	86.917
Nuagaon	Odisha	756024	21.4898	86.917
Chandipur	Odisha	756025	21.4441	87.0283
Bishnupur	Odisha	756026	21.4898	86.917
Sargaon	Odisha	756027	21.6233	87.0623
Nuagaon	Odisha	756028	21.4898	86.917
Jamalpur	Odisha	756029	21.4898	86.917
Gopinathpur	Odisha	756030	21.4898	86.917
Jaleswar H.O	Odisha	756032	21.4898	86.917
Kalama	Odisha	756033	21.4898	86.917
Ambadiha	Odisha	756034	21.4898	86.917
Belda	Odisha	756035	21.4898	86.917
Narayanpur	Odisha	756036	21.4898	86.917
Sankhari	Odisha	756037	21.4898	86.917
Rasalpur	Odisha	756038	21.5299	87.1423
Barbatia Bazar	Odisha	756039	21.6466	87.4622
Shyamsundarpur	Odisha	756040	21.4898	86.917
Gopalpur	Odisha	756041	21.3224	86.8227
Iswarpur	Odisha	756042	21.4898	86.917
Chakajagannathpur	Odisha	756043	21.4898	86.917
Jagannathpur	Odisha	756044	21.4898	86.917
Simulia	Odisha	756045	21.7032	87.1571
Kumarpur	Odisha	756046	20.9859	86.6254
Manipur	Odisha	756047	21.4898	86.917
Fatehpur	Odisha	756048	21.4898	86.917
Srirampur	Odisha	756049	21.4898	86.917
Bishnupur	Odisha	756051	21.4898	86.917
Santhapada	Odisha	756055	21.4898	86.917
Basantapur	Odisha	756056	21.7289	87.1111
Tentulia	Odisha	756058	21.4898	86.917
Sundarpur	Odisha	756059	21.2714	86.4175
Bahala	Odisha	756060	21.4898	86.917
Rasalpur	Odisha	756079	21.4898	86.917
Sahada	Odisha	756080	21.4898	86.917
Remu	Odisha	756081	21.4898	86.917
Karanja	Odisha	756083	21.4898	86.917
Dhansimulia	Odisha	756084	21.4898	86.917
Bajitpur	Odisha	756085	21.4898	86.917
Rajpur	Odisha	756086	21.4898	86.917
Sikharpur	Odisha	756087	21.4898	86.917
Bhadrak Banka Bazar	Odisha	756100	20.9859	86.6254
Amroli	Odisha	756101	20.9859	86.6254
Balanta	Odisha	756111	20.9859	86.6254
Gobindpur	Odisha	756112	20.9859	86.6254
Ramakrishnapur	Odisha	756113	20.9859	86.6254
Kantia	Odisha	756114	20.9859	86.6254
Haripur	Odisha	756115	21.4898	86.917
Balabhadrapur	Odisha	756116	20.9859	86.6254
Narayanpur	Odisha	756117	20.9859	86.6254
Kalyani	Odisha	756118	20.9859	86.6254
Sahaspur	Odisha	756119	20.9859	86.6254
Rahania	Odisha	756120	20.9859	86.6254
Bandalo	Odisha	756121	20.9859	86.6254
Kumbharia	Odisha	756122	20.9859	86.6254
Andrai	Odisha	756123	20.9859	86.6254
Padamapur	Odisha	756124	20.9859	86.6254
Radhaballavpur	Odisha	756125	20.9859	86.6254
Bari	Odisha	756126	21.4898	86.917
Nandapur	Odisha	756127	20.9859	86.6254
Keshpur	Odisha	756128	20.9859	86.6254
Raipur	Odisha	756129	20.9859	86.6254
Mangalpur	Odisha	756130	20.9859	86.6254
Sahapur	Odisha	756131	20.9859	86.6254
Rampur	Odisha	756132	20.9859	86.6254
Gopalpur	Odisha	756133	20.9859	86.6254
Mirjapur	Odisha	756134	21.4898	86.917
Badabarchikayan	Odisha	756135	20.9859	86.6254
Fatepur	Odisha	756137	20.9859	86.6254
Nandapur	Odisha	756138	20.9859	86.6254
Talapada	Odisha	756139	20.9859	86.6254
Apanda	Odisha	756144	20.9859	86.6254
Nuagaon	Odisha	756162	20.9859	86.6254
Jaipur	Odisha	756163	20.9859	86.6254
Govindpur	Odisha	756164	20.9859	86.6254
Bachhipur	Odisha	756165	20.9859	86.6254
Ramakrishnapur	Odisha	756166	21.4898	86.917
Barunai	Odisha	756167	20.9859	86.6254
Narasinghpur	Odisha	756168	20.9859	86.6254
Dhamara	Odisha	756171	20.7955	86.8965
Madhabnagar	Odisha	756181	20.9859	86.6254
Damodarpur	Odisha	756182	21.4898	86.917
Ambikasahi	Odisha	757001	21.8952	86.4112
Bhanjpur	Odisha	757002	21.8952	86.4112
Damodar Pur	Odisha	757003	21.8952	86.4112
Baghuasole	Odisha	757014	21.8952	86.4112
Jharia	Odisha	757016	21.8952	86.4112
Chandanpur	Odisha	757017	21.8952	86.4112
Patpur	Odisha	757018	21.8952	86.4112
Hirapur	Odisha	757019	21.8952	86.4112
Chakulia	Odisha	757020	21.8952	86.4112
Deuli	Odisha	757021	21.8952	86.4112
Bari	Odisha	757022	21.8952	86.4112
Kui	Odisha	757023	21.8952	86.4112
Jadunathpur	Odisha	757024	21.8952	86.4112
Durgapur	Odisha	757025	21.8952	86.4112
Ranibandh	Odisha	757026	21.8952	86.4112
Kuamara	Odisha	757027	21.621	86.7428
Purunia	Odisha	757028	21.9913	85.9913
Dhanpur	Odisha	757029	21.8952	86.4112
Nuagaon	Odisha	757030	22.0034	85.7284
Bagjhumpa	Odisha	757031	21.8952	86.4112
Dighi	Odisha	757032	22.0808	86.1432
Asana	Odisha	757033	21.8952	86.4112
Durdura	Odisha	757034	21.8952	86.4112
Nuagaon	Odisha	757035	22.0034	85.7284
Badgaon	Odisha	757036	21.8952	86.4112
Indupur	Odisha	757037	21.787	85.9314
Mahuldiha	Odisha	757038	21.4245	86.0353
Talgaon	Odisha	757039	21.8952	86.4112
Jaida	Odisha	757040	21.8952	86.4112
Patpur	Odisha	757041	21.8952	86.4112
Badgaon	Odisha	757042	21.8952	86.4112
Mahuldiha	Odisha	757043	21.5247	85.5945
Talgaon	Odisha	757045	21.8952	86.4112
Purunapani	Odisha	757046	21.8952	86.4112
Dova	Odisha	757047	22.0898	86.1138
Manikpur	Odisha	757048	22.0209	85.7257
Jagannathpur	Odisha	757049	21.8952	86.4112
Kusumi	Odisha	757050	21.8952	86.4112
Pokharia	Odisha	757051	21.8708	85.9337
Durgapur	Odisha	757052	21.8952	86.4112
Lupung	Odisha	757053	21.8952	86.4112
Asana	Odisha	757054	21.8952	86.4112
Haripur	Odisha	757055	21.8952	86.4112
Mahulia	Odisha	757073	21.8952	86.4112
Bangra	Odisha	757074	22.3834	86.0815
Chandrapur	Odisha	757075	21.8952	86.4112
Manikpur	Odisha	757077	22.0209	85.7257
Saradiha	Odisha	757079	21.8952	86.4112
Kesharpur	Odisha	757081	21.8952	86.4112
Durgapur	Odisha	757082	21.8952	86.4112
Bhimda	Odisha	757083	21.8952	86.4112
Dharampura	Odisha	757084	21.8952	86.4112
Jaipur	Odisha	757085	21.8952	86.4112
Jalda	Odisha	757086	21.8952	86.4112
Chandrapur	Odisha	757087	21.8952	86.4112
Begunia	Odisha	757091	21.8952	86.4112
Badgaon	Odisha	757092	21.8952	86.4112
Paktia	Odisha	757093	21.8952	86.4112
Muktapur	Odisha	757100	21.8952	86.4112
Bairatpur	Odisha	757101	21.8952	86.4112
Chaturi	Odisha	757102	21.8952	86.4112
Haripur	Odisha	757103	21.8952	86.4112
Nuagaon	Odisha	757104	22.0034	85.7284
Kantapal	Odisha	757105	21.8952	86.4112
Salchua	Odisha	757106	21.8952	86.4112
Bankisole	Odisha	757107	21.8879	85.8805
Madhapur	Odisha	758001	21.5371	85.7051
Ranki	Odisha	758002	21.3136	85.4591
Nuagaon	Odisha	758013	21.7283	85.5367
Raghunathpur	Odisha	758014	21.5988	85.7082
Santoshpur	Odisha	758015	21.2503	85.8765
Tanda	Odisha	758016	21.5981	85.793
Rajanagar	Odisha	758017	21.5371	85.7051
Kanjipani	Odisha	758018	21.4949	85.4752
Talapada	Odisha	758019	21.5371	85.7051
Purunia	Odisha	758020	21.5371	85.7051
Nuagaon	Odisha	758021	21.7283	85.5367
Samana	Odisha	758022	21.5371	85.7051
Sadha	Odisha	758023	21.2937	85.5564
Kanpur	Odisha	758025	21.5371	85.7051
Talapada	Odisha	758026	21.5371	85.7051
Tara	Odisha	758027	21.6394	85.4755
Chakradharpur	Odisha	758028	21.5371	85.7051
Manoharpur	Odisha	758029	21.5303	85.7776
Dumuria	Odisha	758030	21.8672	85.6397
Malda	Odisha	758031	21.8207	85.4586
Baria	Odisha	758032	21.8517	85.6776
Bansapani	Odisha	758034	21.6211	85.5215
Barbil	Odisha	758035	22.1019	85.3775
Kolhabarapada	Odisha	758036	21.6365	85.3612
Balaguda	Odisha	758037	21.5371	85.7051
Baneikela	Odisha	758038	21.6365	85.3612
Dhanurjaypur Haramatha	Odisha	758040	21.3325	85.4774
Sasang	Odisha	758041	21.954	85.5899
Madanpur	Odisha	758043	21.5371	85.7051
Padmapur	Odisha	758044	21.5371	85.7051
Khuntapada	Odisha	758045	21.5943	85.5549
Sadangi	Odisha	758046	21.7537	85.7667
Balabhadrapur	Odisha	758047	21.5371	85.7051
Nuagaon	Odisha	758076	21.7283	85.5367
Kanpur	Odisha	758078	21.5371	85.7051
Junga	Odisha	758079	21.4935	85.6294
Nuagaon	Odisha	758080	21.7283	85.5367
Goras	Odisha	758081	21.5371	85.7051
Kansa	Odisha	758082	21.5371	85.7051
Orali	Odisha	758083	21.3172	85.3586
Tana	Odisha	758084	21.5371	85.7051
Singpur	Odisha	758085	21.6841	85.2655
Basantapur	Odisha	758086	21.5371	85.7051
Basantapur	Odisha	758087	21.5371	85.7051
Dhenkanal College	Odisha	759001	20.9406	85.2911
Shankarpur	Odisha	759013	20.8262	85.5262
Khankar	Odisha	759014	20.8262	85.5262
Mangalpur	Odisha	759015	20.8464	85.2875
Kashipur	Odisha	759016	20.8262	85.5262
Ramakrishnapur	Odisha	759017	20.8262	85.5262
Khajuria	Odisha	759018	20.8262	85.5262
Chandpur	Odisha	759019	20.9428	85.3528
Karanda	Odisha	759020	20.6945	85.2546
Buhalipal	Odisha	759021	20.6298	85.3126
Kansara	Odisha	759022	20.7171	85.1468
Dighi	Odisha	759023	20.5995	85.1972
Anal	Odisha	759024	20.8262	85.5262
Balarampur	Odisha	759025	20.8262	85.5262
Kantapal	Odisha	759026	21.0647	85.5221
Manipur	Odisha	759027	20.8262	85.5262
Kantapal	Odisha	759028	21.0647	85.5221
Chandapur	Odisha	759029	21.0727	85.3458
Samal Barrage Township	Odisha	759037	21.1202	85.4978
Jagannathpur	Odisha	759039	20.8262	85.5262
Talmul	Odisha	759040	20.9406	85.2911
Dharampur	Odisha	759100	21.0446	85.066
Talcher Thermal	Odisha	759101	21.0079	84.9798
Deulbera Colliery	Odisha	759102	21.0079	84.9798
Dera	Odisha	759103	21.4586	84.1086
Jagannathpur	Odisha	759104	20.7259	84.8658
Rengali	Odisha	759105	21.2544	85.033
Vikrampur	Odisha	759106	21.0079	84.9798
Talcher Town	Odisha	759107	21.0079	84.9798
Jindal Nagar	Odisha	759111	21.198	85.1262
Balanda	Odisha	759116	20.6284	84.4526
Jarada	Odisha	759117	20.8504	84.9526
Khamar	Odisha	759118	21.2673	85.1978
Dimiria	Odisha	759119	21.2725	85.1833
Damal	Odisha	759120	20.9243	85.3471
Patala	Odisha	759121	20.7766	85.3045
Angul Bazar	Odisha	759122	20.7961	84.996
Kuio	Odisha	759123	21.1745	84.5067
Nuapada	Odisha	759124	21.2711	85.1772
Madhapur	Odisha	759125	20.4469	84.5099
Kalyanpur	Odisha	759126	20.059	85.0824
Durgapur	Odisha	759127	20.9198	84.8827
Bonda	Odisha	759128	21.3381	83.0515
Manapur	Odisha	759129	20.3969	85.1794
Brahmanbil	Odisha	759130	21.0601	84.9447
Jagannathpur	Odisha	759132	20.7259	84.8658
Nuagaon	Odisha	759141	20.5445	84.8881
Golabandha	Odisha	759143	20.1132	84.5672
Kandasar	Odisha	759145	20.8573	84.9125
Akhuapal	Odisha	759146	21.0411	85.1956
Deepasikha	Odisha	759147	20.8573	84.9125
Nehru Satabdi Nagar(Bharatpu)r	Odisha	759148	20.8573	84.9125
Bijipur	Odisha	760001	20.1568	84.559
Lathi	Odisha	760002	20.1568	84.559
Padmapur	Odisha	760003	19.6269	84.6711
Baidyanathpur	Odisha	760004	19.6269	84.6711
Hillpatna	Odisha	760005	20.1568	84.559
Panigrahipentho	Odisha	760006	20.1568	84.559
Narendrapur	Odisha	760007	19.3355	84.8685
Industrial Estates	Odisha	760008	20.1568	84.559
Nabeen	Odisha	760009	20.1568	84.559
Ankuli	Odisha	760010	20.1568	84.559
Ambapua	Odisha	760011	20.1568	84.559
Palasi	Odisha	761001	19.6269	84.6711
Narayanapur	Odisha	761002	19.6269	84.6711
Laxmipur	Odisha	761003	19.6269	84.6711
Bhimpur	Odisha	761004	19.6269	84.6711
Ambapur	Odisha	761005	19.0236	84.3752
Jayantipur	Odisha	761006	19.7452	84.4079
Chaitanyapur	Odisha	761007	19.6269	84.6711
Biswanathpur	Odisha	761008	19.6269	84.6711
Haripur	Odisha	761009	19.6269	84.6711
Nuagaon	Odisha	761010	19.219	84.654
Nuapada	Odisha	761011	19.6269	84.6711
Sahaspur	Odisha	761012	19.6269	84.6711
Gangapur	Odisha	761013	19.7817	84.6091
Singipur	Odisha	761014	19.1734	84.1607
Mohana	Odisha	761015	19.4427	84.2613
Ramagiri	Odisha	761016	19.0868	84.2908
Chandragiri	Odisha	761017	19.3067	84.2858
Purushottampur	Odisha	761018	19.5202	84.8851
Alladigam	Odisha	761019	19.4921	84.9338
Chatrapur Bazar	Odisha	761020	19.8744	84.4258
Jayashree	Odisha	761025	19.8744	84.4258
Rajpur	Odisha	761026	19.6269	84.6711
Santoshpur	Odisha	761027	19.4333	85.0833
Dimiria	Odisha	761028	19.6269	84.6711
Bikrampur	Odisha	761029	19.6269	84.6711
Mathura	Odisha	761030	19.6269	84.6711
Beguniapada	Odisha	761031	19.6269	84.6711
Danapur	Odisha	761032	19.6243	84.9408
Angaragam	Odisha	761035	19.6269	84.6711
Surangi	Odisha	761037	19.1599	84.5272
Arakhapur	Odisha	761041	19.6269	84.6711
Manikyapur	Odisha	761042	19.6269	84.6711
Kalidaspur	Odisha	761043	19.5135	84.8323
Bada Aryapalli	Odisha	761045	19.6269	84.6711
Golabandha	Odisha	761052	20.1132	84.5672
Dengapadar	Odisha	761054	19.3815	84.6958
Baritola	Odisha	761055	19.4053	84.4986
Gopinathpur	Odisha	761100	19.6269	84.6711
Saru	Odisha	761101	19.9345	84.7836
Chandulli	Odisha	761102	19.4817	84.7449
Narendrapur	Odisha	761103	19.3355	84.8685
Gangapur	Odisha	761104	19.7817	84.6091
Mathura	Odisha	761105	19.5859	85.1649
S.Gopalpur	Odisha	761106	19.5673	84.5844
Manikyapur	Odisha	761107	19.6414	84.578
Ratnapur	Odisha	761108	19.6269	84.6711
Gangapur	Odisha	761109	19.7817	84.6091
Aska H.O	Odisha	761110	20.0969	84.619
Alipur	Odisha	761111	19.7671	84.4102
Badula	Odisha	761114	20.0969	84.619
Mangalpur	Odisha	761115	19.6269	84.6711
Badakholi	Odisha	761116	19.6785	84.708
Mangalpur	Odisha	761117	19.6269	84.6711
Golabandha	Odisha	761118	20.1132	84.5672
Ambapua	Odisha	761119	19.4921	84.9338
Aladi	Odisha	761120	19.9614	84.5675
Alasuguma	Odisha	761121	19.6269	84.6711
Benapata	Odisha	761122	19.6269	84.6711
Bori	Odisha	761123	19.6269	84.6711
Gobara	Odisha	761124	19.6269	84.6711
Badakodanda	Odisha	761125	20.0423	84.4611
Bhejiput	Odisha	761126	20.0423	84.4611
Balisahi	Odisha	761131	20.0173	84.8517
Birikote	Odisha	761132	20.0649	84.5837
Baunsalundi	Odisha	761133	20.0362	84.6658
Dhumchai	Odisha	761140	19.6269	84.6711
Kupati	Odisha	761141	20.139	84.5146
Takarada	Odisha	761143	19.6269	84.6711
Kurla	Odisha	761144	19.6269	84.6711
Gobindapur	Odisha	761146	19.6269	84.6711
Bhagabanpur	Odisha	761151	19.6269	84.6711
Chitrakar Street	Odisha	761200	19.1734	84.1607
B.Sitapur	Odisha	761201	19.1734	84.1607
Kolla	Odisha	761206	18.8954	83.9012
Krishnachandrapur	Odisha	761207	19.1734	84.1607
Bapenbadi	Odisha	761208	18.8893	83.8939
Talapada	Odisha	761209	19.6269	84.6711
Gurandi	Odisha	761210	18.8183	84.2196
Madhusudanpur	Odisha	761211	19.1734	84.1607
Laxmipur	Odisha	761212	18.9492	84.2801
Parisola	Odisha	761213	18.972	84.1579
Badapada	Odisha	761214	19.1734	84.1607
Singipur	Odisha	761215	19.1734	84.1607
Birikote	Odisha	761217	19.5568	84.0747
Madikunda	Odisha	762001	20.4666	84.2338
Talapada	Odisha	762002	20.1289	84.0472
Badimunda	Odisha	762010	20.2165	84.3276
Rabingia	Odisha	762011	20.3194	84.0444
Madhapur	Odisha	762012	20.4469	84.5099
Ramgarh	Odisha	762013	20.718	84.4465
Brahmanpalli	Odisha	762014	20.5863	84.6128
Sangrampur	Odisha	762015	20.8245	84.1574
Bilaspur	Odisha	762016	20.6468	84.1776
Baragaon	Odisha	762017	20.6468	84.1776
Ambagaon	Odisha	762018	20.1289	84.0472
Gandagaon	Odisha	762019	20.5464	84.2949
Kumari	Odisha	762020	20.6075	84.6668
Gadapur	Odisha	762021	19.6911	84.0403
Kalinga	Odisha	762022	20.1635	84.415
Laxmanpur	Odisha	762023	20.5814	84.4232
Mathura	Odisha	762024	20.7146	84.3277
Sarsara	Odisha	762026	20.8017	84.3055
Bapalamendi	Odisha	762027	20.4169	84.3034
Chahali	Odisha	762028	20.211	84.4827
Badabhuin	Odisha	762029	20.1289	84.0472
Barapadar	Odisha	762030	20.6178	84.2207
Raikala	Odisha	762100	20.1289	84.0472
Bandha	Odisha	762101	20.1289	84.0472
Dharampur	Odisha	762102	20.1289	84.0472
Badagaon	Odisha	762103	20.0627	84.0975
Sonepur	Odisha	762104	20.1289	84.0472
Srirampur	Odisha	762105	20.1289	84.0472
Bandaguda	Odisha	762106	20.1289	84.0472
Gumma	Odisha	762107	19.8739	83.6651
Balimusti	Odisha	762109	19.9585	83.7268
Rabingia	Odisha	762110	20.3194	84.0444
Adasikupa	Odisha	762112	20.1508	84.2973
Sunabeda-1	Odisha	763001	18.8166	82.7213
R Zone(Sunabeda)	Odisha	763002	18.8166	82.7213
D.P.Camp,Sunabeda	Odisha	763003	18.8166	82.7213
Nad,Sunabeda	Odisha	763004	18.8166	82.7213
Bhitarguda	Odisha	763008	18.8166	82.7213
B.D.Pur	Odisha	764001	18.9322	82.4017
Asana	Odisha	764002	18.8931	82.3047
Dabuguda	Odisha	764003	18.9931	82.8044
Jeypore(K) Irrigation Colony	Odisha	764004	18.9322	82.4017
Anta	Odisha	764005	18.8259	82.4728
Bariniput	Odisha	764006	18.9322	82.4017
Deoghati	Odisha	764011	18.8166	82.7213
Podapadar	Odisha	764014	18.8166	82.7213
Koraput Collectorate	Odisha	764020	18.9973	83.0688
Nandigam	Odisha	764021	18.8178	82.7662
Jabaguda	Odisha	764027	19.0384	83.2746
Dasamanthpur	Odisha	764028	18.8166	82.7213
Renga	Odisha	764036	18.8166	82.7213
Nandapur	Odisha	764037	18.5622	82.7393
Balda	Odisha	764038	18.8166	82.7213
Kotiya	Odisha	764039	18.7885	83.1179
Badigada	Odisha	764040	18.7065	82.3284
Badel	Odisha	764041	18.7065	82.3284
Ondrahal	Odisha	764042	18.7065	82.3284
Majhiguda	Odisha	764043	19.1054	82.24
Pandripani	Odisha	764044	18.2581	81.9563
Korukonda	Odisha	764045	18.2777	81.9891
Somnathpur	Odisha	764046	18.2581	81.9563
Kalimela	Odisha	764047	18.1743	81.5399
Malkangiri Colony	Odisha	764048	18.2581	81.9563
Kamta	Odisha	764049	19.35	82.5833
Tarlakota	Odisha	764051	18.2845	82.0661
Doraguda	Odisha	764052	18.5943	82.3801
Kusumi	Odisha	764055	19.3162	82.2318
Nuagaon	Odisha	764056	18.8166	82.7213
Kamta	Odisha	764057	18.8166	82.7213
Bhansuli	Odisha	764058	18.8166	82.7213
Bikrampur	Odisha	764059	20.2342	82.697
Bhamini	Odisha	764061	19.2456	82.2291
Bikrampur	Odisha	764062	19.3623	83.5138
Dengapadar	Odisha	764063	18.8917	82.2952
Pujariguda	Odisha	764070	18.9769	82.4798
Majhiguda	Odisha	764071	19.2829	82.2494
Borigaon	Odisha	764072	19.7709	82.6665
Hirapur	Odisha	764073	20.1464	82.5545
Sonepur	Odisha	764074	19.9351	83.3055
Dongra	Odisha	764075	19.2216	82.6406
Palia	Odisha	764076	19.4454	82.327
Saradhapur	Odisha	764077	20.6415	84.4388
B. Maliguda	Odisha	764078	19.2175	82.6459
Tikarpada	Odisha	764081	18.8166	82.7213
Khatiguda	Odisha	764085	19.2375	82.7881
Bodili	Odisha	764086	18.2581	81.9563
Anantapali	Odisha	764087	18.2581	81.9563
Deobharandi	Odisha	764088	19.9933	81.9313
R K Nagar,Rayagada	Odisha	765001	19.1661	83.443
B.Haluva	Odisha	765002	19.1661	83.443
Burja	Odisha	765013	19.0094	83.127
Gorakhpur	Odisha	765015	19.2335	83.1041
Narayanpur	Odisha	765016	19.3623	83.5138
Kothapeta	Odisha	765017	19.3321	83.2461
Buduni	Odisha	765018	19.4365	83.5896
Kurli	Odisha	765019	19.5295	83.4252
Laxmipur	Odisha	765020	19.3623	83.5138
Ichhapur	Odisha	765021	19.8552	83.4544
Sagada	Odisha	765022	19.1031	83.9038
Panasaguda	Odisha	765023	19.4887	83.5238
Bhamini	Odisha	765024	19.2131	83.7794
Padmapur	Odisha	765025	19.2428	83.8181
Madhuban	Odisha	765026	19.3623	83.5138
Bankili	Odisha	765029	19.2735	83.6111
Khaira	Odisha	765033	19.3623	83.5138
Jaganathpur	Odisha	765034	19.3623	83.5138
Bhawanipatna B.B.Pada	Odisha	766001	20.0472	83.3801
Dadpur	Odisha	766002	19.9761	83.2292
Uchhula	Odisha	766011	19.9473	83.3766
Boria	Odisha	766012	20.1419	83.1907
Mandal	Odisha	766013	19.8677	83.1092
Rajpur	Odisha	766014	19.8677	83.1092
Tarapur	Odisha	766015	19.8677	83.1092
Kegaon	Odisha	766016	20.1014	82.8949
Dahagaon	Odisha	766017	20.0441	82.868
Mangalpur	Odisha	766018	19.8677	83.1092
Majhiguda	Odisha	766019	19.8677	83.1092
Gopinathpur	Odisha	766020	19.9602	83.2501
Mathura	Odisha	766023	19.8677	83.1092
Mahulpatna	Odisha	766026	19.3495	82.8777
Bijepur	Odisha	766027	19.9477	83.2267
Ampani	Odisha	766028	19.5804	82.6231
Kumbhari	Odisha	766029	19.8677	83.1092
Gajabahal	Odisha	766031	20.0212	83.2012
Rajpur	Odisha	766032	19.8677	83.1092
Bargaon	Odisha	766036	19.8005	82.8997
Gopalpur	Odisha	766037	19.9784	83.364
Bhanpur	Odisha	766100	19.8677	83.1092
Palam	Odisha	766101	19.8677	83.1092
Madanpur	Odisha	766102	20.3087	83.5332
Behera	Odisha	766103	19.8677	83.1092
Bhanpur	Odisha	766104	20.9284	82.6622
Lakhana	Odisha	766105	20.7333	82.6667
Nuagaon	Odisha	766106	20.4657	82.5783
Bargaon	Odisha	766107	20.3432	82.6886
Nuapada	Odisha	766108	20.8167	82.5333
Madhupur	Odisha	766110	19.9958	83.3573
Khaira	Odisha	766111	20.3184	82.6076
Bargaon	Odisha	766118	20.3432	82.6886
Tikrapara	Odisha	767001	20.3977	82.7449
Jamgaon	Odisha	767002	20.5905	83.1739
Narayanpur	Odisha	767016	20.8985	84.105
Khaliapali	Odisha	767017	21.4543	84.1421
Kamalpur	Odisha	767018	20.8427	84.1799
Bhandar	Odisha	767019	21.0372	83.7479
Hirapur	Odisha	767020	20.5905	83.1739
Rampur	Odisha	767021	20.5905	83.1739
Nagaon	Odisha	767022	20.5905	83.1739
Ichhapur	Odisha	767023	21.0397	83.4638
Rengali	Odisha	767024	21.052	83.3813
Gangasagar	Odisha	767025	20.5905	83.1739
Mandal	Odisha	767026	20.6336	83.0284
Darlipali	Odisha	767027	20.5905	83.1739
Bhanpur	Odisha	767028	20.5905	83.1739
Badbandh	Odisha	767029	20.5905	83.1739
Samra	Odisha	767030	20.5905	83.1739
Kumbhari	Odisha	767032	20.5905	83.1739
Alanda	Odisha	767033	20.8741	83.4882
Dedgaon	Odisha	767035	20.2285	82.9392
Haldi	Odisha	767037	20.5905	83.1739
Malpara	Odisha	767038	20.5905	83.1739
Sargul	Odisha	767039	20.5905	83.1739
Khaira	Odisha	767040	20.5905	83.1739
Deulgaon	Odisha	767041	20.5905	83.1739
Bhatipara	Odisha	767042	20.8948	83.5374
Babupali	Odisha	767045	21.1225	83.7421
Dhanpur	Odisha	767046	20.4464	83.5776
Ramchandrapur	Odisha	767048	20.5905	83.1739
Badbanki	Odisha	767060	20.5022	82.7978
Duduka	Odisha	767061	20.5905	83.1739
Raksa	Odisha	767062	20.7947	84.0044
Jhankarpali	Odisha	767065	21.0284	83.3525
Jagua	Odisha	767066	20.5905	83.1739
Arjunpur	Odisha	767067	20.5905	83.1739
Rengali	Odisha	767068	21.8965	84.4446
Of Badmal	Odisha	767070	20.5905	83.1739
Bileisarda	Odisha	767071	20.5905	83.1739
Bss Nagar	Odisha	768001	21.4319	83.9965
Mudipara	Odisha	768002	21.4319	83.9965
Khetrajpur	Odisha	768003	21.4875	83.957
Ainthapali	Odisha	768004	21.4925	83.9853
Jhankarpali	Odisha	768005	21.4066	84.0546
A.Katapali	Odisha	768006	21.4107	83.9683
Hirakud	Odisha	768016	21.525	83.8727
Burla	Odisha	768017	21.5098	83.8726
Engineering College Burla	Odisha	768018	21.5174	83.8727
Jyoti Vihar Burla	Odisha	768019	21.5174	83.8727
Jagruti Vihar Burla	Odisha	768020	21.4519	84.2809
Basantpur	Odisha	768025	21.3903	83.9077
Chiplima	Odisha	768026	21.4519	84.2809
Attabira	Odisha	768027	21.3739	83.7867
Bargarh Bazar	Odisha	768028	21.2854	83.7185
Kumbhari	Odisha	768029	21.2088	83.6467
Gopalpur	Odisha	768030	21.4511	83.551
Ambabhana	Odisha	768031	21.2162	83.4519
Patharia	Odisha	768032	21.1395	83.687
Govindpur	Odisha	768033	21.2202	83.3534
Jhar	Odisha	768034	21.2291	83.2767
Chantipali	Odisha	768035	21.0238	83.29
Dahigaon	Odisha	768036	20.9328	83.0875
Dangabahal	Odisha	768037	21.2202	83.3534
Deogaon	Odisha	768038	21.3636	83.5779
Temri	Odisha	768039	21.0099	82.8959
Sarsara	Odisha	768040	21.2995	83.6102
Bilaspur	Odisha	768042	21.0243	82.7096
Bara	Odisha	768045	21.5793	83.3876
Jokhipali	Odisha	768048	21.122	83.3726
Jamla	Odisha	768049	21.0318	83.213
Chendeikela	Odisha	768050	21.6758	83.5792
Lakhanpur	Odisha	768052	21.641	83.6112
Kadobahal	Odisha	768102	21.309	83.8424
Burda	Odisha	768103	21.2435	83.76
Manpur	Odisha	768104	21.2096	83.8691
Hatibari	Odisha	768105	21.3319	84.0981
Batgaon	Odisha	768106	21.2403	84.6548
Bhojpur	Odisha	768107	21.6512	84.4064
Nuadihi	Odisha	768108	21.4104	84.8048
Salebhata	Odisha	768109	21.4659	84.8037
Balanda	Odisha	768110	21.5004	84.7461
Dulampur	Odisha	768111	21.3812	83.8385
Padiabahal	Odisha	768112	21.4501	84.1733
Bargaon	Odisha	768113	21.3161	83.945
Rusuda	Odisha	768115	21.2202	83.3534
Naktideul	Odisha	768118	21.2545	84.5431
Purunagarh	Odisha	768119	21.533	84.7192
Barghat	Odisha	768121	21.4659	84.8037
Talab	Odisha	768200	21.5531	84.0058
Jharsuguda H.O	Odisha	768201	21.84	84.0102
Arda	Odisha	768202	21.9076	84.1019
Industrial Estate Jharsuguda S	Odisha	768203	21.806	83.9547
Panchpara	Odisha	768204	21.9082	84.0052
THELKULI	Odisha	768210	21.4519	84.2809
Dalgaon	Odisha	768211	21.7234	83.9031
Rengali	Odisha	768212	21.646	84.0531
Paramanandapur	Odisha	768213	21.8253	84.2213
Binjipali	Odisha	768214	21.6701	84.2116
Sahaspur	Odisha	768215	21.9426	84.2916
Rajpur	Odisha	768216	21.8887	83.9318
Banjari	Odisha	768217	21.8183	83.8179
Belpahar	Odisha	768218	21.8218	83.8458
Bagmunda	Odisha	768219	21.6286	83.9639
Bagdehi	Odisha	768220	21.8807	84.1557
Badapada	Odisha	768221	21.4519	84.2809
Bhoipali	Odisha	768222	21.6462	84.2705
Sagra	Odisha	768224	21.5041	84.0001
Katabaga	Odisha	768225	21.806	83.9547
Attabira	Odisha	768226	21.806	83.9547
Kusumi	Odisha	768227	21.7646	84.5255
Nuadihi	Odisha	768228	21.4104	84.8048
Orient Colliery Brajarajnagar	Odisha	768233	21.6748	83.778
Sunari	Odisha	768234	21.6755	83.7589
Bisra Road	Odisha	769001	22.2345	84.7808
Rourkela - 2	Odisha	769002	22.2345	84.7808
Kacharu	Odisha	769003	22.2345	84.7808
Brahmani Tarang	Odisha	769004	22.2345	84.7808
Rourkela - 5	Odisha	769005	22.2345	84.7808
Rourkela - 6	Odisha	769006	22.2345	84.7808
Fertilizer Township	Odisha	769007	22.2345	84.7808
Rourkela - 8	Odisha	769008	22.2345	84.7808
Luakera	Odisha	769009	22.2345	84.7808
Rourkela - 10	Odisha	769010	21.9673	84.6737
Rourkela - 11	Odisha	769011	21.9673	84.6737
Basanti Colony	Odisha	769012	21.9673	84.6737
Rourkela - 13	Odisha	769013	21.9673	84.6737
Rourkela - 14	Odisha	769014	21.9673	84.6737
Kalinga Vihar	Odisha	769015	21.9673	84.6737
Rourkela -16	Odisha	769016	21.9673	84.6737
Lahanda	Odisha	769042	22.0798	84.5106
Jalda	Odisha	769043	22.1872	84.8436
Dengibhadi	Odisha	770001	21.748	84.886
Hamirpur	Odisha	770002	21.748	84.886
Belsara	Odisha	770011	22.0798	84.5106
Laikera	Odisha	770012	21.9947	83.8395
Durubaga	Odisha	770013	21.969	83.7556
Deogaon	Odisha	770014	21.8254	84.9418
Rampur	Odisha	770015	22.0798	84.5106
Itma	Odisha	770016	22.0798	84.5106
Alanda	Odisha	770017	22.0798	84.5106
Kutra	Odisha	770018	22.2333	84.4667
Deuli	Odisha	770019	22.0798	84.5106
Rajpur	Odisha	770020	22.0798	84.5106
Raidihi	Odisha	770021	21.9834	83.8754
Karla	Odisha	770022	22.0798	84.5106
Gyanpali	Odisha	770023	22.0798	84.5106
Bileimunda	Odisha	770024	22.0798	84.5106
NTPC,Darlipali SO	Odisha	770025	22.0798	84.5106
Balanda	Odisha	770031	22.0798	84.5106
Bandomunda	Odisha	770032	21.9065	84.7232
Indrapur	Odisha	770033	21.7492	84.8958
Chungimati	Odisha	770034	22.2164	84.6635
Nuagaon	Odisha	770035	21.7336	84.8977
Santoshpur	Odisha	770036	22.237	84.9568
Chandrapur	Odisha	770037	22.0798	84.5106
Narendra	Odisha	770038	21.7961	84.9625
Padampur	Odisha	770039	22.0798	84.5106
Sardhapur	Odisha	770040	22.0798	84.5106
Barsuan	Odisha	770041	21.7876	85.0709
Tensa	Odisha	770042	21.8728	85.1713
Kansar	Odisha	770043	22.0798	84.5106
Kurda	Odisha	770044	22.0798	84.5106
Hatibari	Odisha	770046	21.7876	85.0709
Koira	Odisha	770048	21.9049	85.2421
Govindpur	Odisha	770051	22.0798	84.5106
Kalta	Odisha	770052	21.9743	85.2251
Jharbeda	Odisha	770070	22.0798	84.5106
Jhargaon	Odisha	770072	22.0798	84.5106
Baladmal	Odisha	770073	22.0798	84.5106
Kantabahal	Odisha	770074	21.7808	84.8218
Rohini	Odisha	770075	21.8192	83.6909
Barpali	Odisha	770076	22.0798	84.5106
Fancy Bazar	Assam	781001	26.2528	91.5362
IBC Guwahati	Assam	781002	26.2528	91.5362
Silpukhuri	Assam	781003	26.2528	91.5362
Kharguli	Assam	781004	26.2528	91.5362
Dispur	Assam	781005	26.118	91.4061
Assam Sachivalaya	Assam	781006	26.2528	91.5362
Ulubari	Assam	781007	26.118	91.4061
Paltanbazar	Assam	781008	26.2528	91.5362
Bharalumukh	Assam	781009	26.2528	91.5362
Kamakhya	Assam	781010	26.118	91.4061
Debgotanagar	Assam	781011	26.118	91.4061
Pandu	Assam	781012	26.1691	91.6771
Jalukbari	Assam	781013	26.118	91.4061
Guwahati University H.O	Assam	781014	26.118	91.4061
Bongra	Assam	781015	26.118	91.4061
Gopinathnagar	Assam	781016	26.118	91.4061
Dharapur	Assam	781017	26.1495	91.642
Binovanagar	Assam	781018	26.118	91.4061
Kahilipara	Assam	781019	26.118	91.4061
Noonmati	Assam	781020	26.118	91.4061
Bamunimaidan	Assam	781021	26.118	91.4061
Khanapara	Assam	781022	26.118	91.4061
Jorabat	Assam	781023	26.118	91.4061
Gitanagar	Assam	781024	26.118	91.4061
Ambari Fatasil	Assam	781025	26.118	91.4061
Bonda	Assam	781026	26.118	91.4061
Satgaon	Assam	781027	26.118	91.4061
Beltola	Assam	781028	26.118	91.4061
Basistha	Assam	781029	26.118	91.4061
Barbaka	Assam	781030	26.1975	91.7202
Amingaon	Assam	781031	26.1849	91.6786
Indrapur	Assam	781032	26.118	91.4061
Odalbakra	Assam	781034	26.118	91.4061
Garchuk	Assam	781035	26.118	91.4061
Hengrabari	Assam	781036	26.118	91.4061
Panjabari	Assam	781037	26.118	91.4061
Hatigaon Chariali	Assam	781038	26.118	91.4061
I I T	Assam	781039	26.118	91.4061
Sawkuchi	Assam	781040	26.174	91.7052
Baralabari	Assam	781101	26.3053	91.6806
Gerua	Assam	781102	26.1954	91.6023
Bamundi	Assam	781103	26.182	91.561
Bargaon	Assam	781104	26.3442	91.7577
Rajapara	Assam	781120	25.9774	91.4742
Kendua	Assam	781121	26.3894	91.8024
Rangamati	Assam	781122	26.118	91.4061
Birpara	Assam	781123	26.0214	91.2624
Ratanpur	Assam	781124	26.118	91.4061
Amranga	Assam	781125	26.0365	91.5265
Narayanpur	Assam	781126	26.3679	91.3877
Alupati	Assam	781127	26.118	91.4061
Agchia	Assam	781128	26.118	91.4061
Aradanga	Assam	781129	25.8902	91.1839
Jirang	Assam	781131	25.8083	91.2969
Nahira	Assam	781132	26.1093	91.4704
Dagaon	Assam	781133	26.0759	91.3622
Amtala	Assam	781134	26.0779	91.4179
Singra	Assam	781135	25.9438	91.1565
Baruapathar	Assam	781136	26.0989	91.1425
Hatipara	Assam	781137	26.0973	91.287
Kachupathar	Assam	781138	26.263	91.3011
Santipur	Assam	781141	26.118	91.4061
Gobardhan	Assam	781150	26.118	91.4061
Patharquerry	Assam	781171	26.183	91.4494
Barpeta H.O	Assam	781301	26.3419	91.2134
Baharihat	Assam	781302	26.3419	91.2134
Panigaon	Assam	781303	26.3679	91.3877
Barnibari	Assam	781304	26.3637	91.3439
Bhogdia	Assam	781305	26.3419	91.2134
Amani	Assam	781306	26.3679	91.3877
Kamalabari	Assam	781307	26.3629	91.2231
Manikpur	Assam	781308	26.3402	91.0108
Bhella	Assam	781309	26.2989	91.076
Bagrihati	Assam	781310	26.3679	91.3877
Bagodi	Assam	781311	26.4409	91.1576
Bamunbari	Assam	781312	26.3679	91.3877
Mazgaon	Assam	781313	26.4409	91.1576
Garaimari	Assam	781314	26.4409	91.1576
Gobardhana	Assam	781315	26.5028	90.9694
Ambari	Assam	781316	26.4224	90.98
Amguri	Assam	781317	26.3402	91.0108
Anandabazar	Assam	781318	26.3402	91.0108
Balagaon	Assam	781319	26.3402	91.0108
Ishapur	Assam	781321	26.3402	91.0108
Amdah	Assam	781325	26.3402	91.0108
Gobindapur	Assam	781326	26.3402	91.0108
Betbari	Assam	781327	26.3402	91.0108
Baghmarabazar	Assam	781328	26.3402	91.0108
Bhogpur	Assam	781329	26.3402	91.0108
Simla	Assam	781330	26.3402	91.0108
Barimakha	Assam	781333	26.3796	91.2951
Bhadra	Assam	781334	26.3679	91.3877
Bidyapur	Assam	781335	26.3796	91.2951
Sondha	Assam	781337	26.3796	91.2951
Bori	Assam	781338	26.3796	91.2951
Bala	Assam	781339	26.3796	91.2951
Bakuajari	Assam	781340	26.4626	91.4788
Kazipara	Assam	781341	26.4626	91.4788
Amingaon Chowk	Assam	781343	26.4626	91.4788
Muktapur	Assam	781344	26.3679	91.3877
Madhapur	Assam	781346	26.3679	91.3877
Arangmow	Assam	781347	26.3491	91.48
Bagalsroad Chowk	Assam	781348	26.4626	91.4788
Balitara	Assam	781349	26.4626	91.4788
Balisatra	Assam	781350	26.118	91.4061
Barbari	Assam	781351	26.477	91.4874
Kamalpur	Assam	781352	26.3402	91.0108
Sandheli	Assam	781353	26.4389	91.4266
Gopalpur	Assam	781354	26.453	91.573
Assam Syntex	Assam	781355	26.3679	91.3877
Paharpur	Assam	781360	26.3679	91.3877
Barpathar	Assam	781364	26.118	91.4061
Jamtala	Assam	781365	26.118	91.4061
Bhogpur	Assam	781366	26.118	91.4061
Dumuria	Assam	781367	26.335	91.2507
Latibari	Assam	781368	26.3679	91.3877
Allia	Assam	781369	26.3679	91.3877
Gobradal	Assam	781370	26.4526	91.3843
Bhaluki	Assam	781371	26.4758	91.2669
Narayanpur	Assam	781372	26.3679	91.3877
Ahopa	Assam	781373	26.536	91.4097
Bhojkuchi	Assam	781374	26.4463	91.2674
Bangaon (Nalbari)	Assam	781375	26.4167	91.3333
Tulsibari	Assam	781376	26.118	91.4061
Rampur	Assam	781377	26.2764	91.26
Bali	Assam	781378	26.536	91.4097
Kaniha	Assam	781380	26.118	91.4061
Karora	Assam	781381	26.118	91.4061
Bardekpar	Assam	781382	26.3438	91.6423
Nagaon Girls  College	Assam	782001	26.223	92.8425
Aibheti	Assam	782002	26.223	92.8425
Madhupur	Assam	782003	26.223	92.8425
Biharigaon	Assam	782101	26.223	92.8425
Kandali	Assam	782102	26.223	92.8425
Saragaon	Assam	782103	26.2333	92.5167
Goroimari	Assam	782104	26.2848	92.282
Manipur	Assam	782105	26.2848	92.282
Bhomoraguri	Assam	782106	26.223	92.8425
Ambagan	Assam	782120	26.223	92.8425
Baralimari	Assam	782121	26.2848	92.282
Balisatra	Assam	782122	26.223	92.8425
Silpukhuri	Assam	782123	26.4679	92.4734
Dagaon	Assam	782124	26.223	92.8425
Kanchanpur	Assam	782125	26.223	92.8425
Datialbori	Assam	782126	26.2848	92.282
Barangani	Assam	782127	26.4333	92.35
Kathalguri	Assam	782135	26.3367	92.8807
Amguri	Assam	782136	26.5712	93.0511
Bengenaati	Assam	782137	26.4868	92.9697
Amoni	Assam	782138	26.4868	92.9697
Salana	Assam	782139	26.4537	92.9769
Magurmari	Assam	782140	26.416	92.8438
Teliagaon	Assam	782141	26.3764	92.796
Majgaon	Assam	782142	26.223	92.8425
Bhomoraguri	Assam	782143	26.6031	92.9264
Baligaon	Assam	782144	26.223	92.8425
Panbari	Assam	782401	26.118	91.4061
Sonapur	Assam	782402	26.118	91.4061
Gandhinagar	Assam	782403	26.118	91.4061
Dayang Beloguri	Assam	782410	26.2078	92.406
Jhargaon	Assam	782411	26.2848	92.282
Ahatguri	Assam	782412	26.1605	92.3518
Amguri	Assam	782413	26.0654	93.1487
Bargaon	Assam	782425	26.0654	93.1487
Kachua	Assam	782426	26.223	92.8425
Jumurmur	Assam	782427	26.223	92.8425
Barapatia	Assam	782428	26.1015	92.7426
Radhanagar	Assam	782429	26.223	92.8425
Gopalnagar	Assam	782435	26.0028	92.856
Charing	Assam	782439	26.0028	92.856
Changmaji	Assam	782440	25.8862	93.0109
Padumpukhuri	Assam	782441	26.0654	93.1487
Bhalukmari	Assam	782442	26.0162	92.9777
Ambari	Assam	782445	25.8862	93.0109
Sankarpur	Assam	782446	25.7962	93.0465
Barlongpher	Assam	782447	26.0654	93.1487
Amrang	Assam	782448	25.8533	92.8827
Amtreng	Assam	782450	26.0654	93.1487
Diphu H.O	Assam	782460	26.0654	93.1487
Amlakhi Bazar	Assam	782461	26.0654	93.1487
Baghmari	Assam	782462	26.0654	93.1487
Daldali	Assam	782470	26.0654	93.1487
Bokajan	Assam	782480	26.0213	93.7795
Amonigaon	Assam	782481	26.0917	93.1396
Teteliguri	Assam	782482	26.0654	93.1487
Satgaon	Assam	782485	26.0654	93.1487
Khanduli	Assam	782486	25.9335	92.6166
Bogijan	Assam	782490	26.0654	93.1487
Kalyanpur	Assam	783101	26.1271	90.608
Baida	Assam	783120	26.0285	90.4054
Damra	Assam	783122	26.0672	90.511
Ambari	Assam	783123	25.96	91.0578
Amjonga	Assam	783124	26.0672	90.511
Chakla	Assam	783125	26.106	90.7957
Tukura	Assam	783126	26.0603	90.6795
Patakata	Assam	783127	26.5145	90.1306
Hazirhat	Assam	783128	26.0675	90.0224
Bashbari	Assam	783129	26.0733	90.3281
Athiabari	Assam	783130	26.0555	90.6055
Barkona	Assam	783131	26.0675	90.0224
Dharai	Assam	783132	26.043	90.9533
Rajapara	Assam	783133	26.043	90.9533
Darragiri	Assam	783134	26.043	90.9533
Kalapani	Assam	783135	25.7099	89.9008
Dhubri Bazar	Assam	783301	26.0675	90.0224
Aironjongla	Assam	783323	26.0675	90.0224
Dharmasala	Assam	783324	26.0675	90.0224
Khalilpur	Assam	783325	26.0675	90.0224
Simlabari	Assam	783330	26.0675	90.0224
Gauripur	Assam	783331	26.0833	89.9612
Srinagar	Assam	783332	26.5145	90.1306
Dingdinga	Assam	783333	26.3506	89.8933
Raipur	Assam	783334	26.1409	89.838
Kaimari	Assam	783335	26.2954	89.8278
Bhowraguri	Assam	783336	26.4267	90.0688
Dhanpur	Assam	783337	26.3278	90.1659
Rangamati	Assam	783339	26.0675	90.0224
Baghmari	Assam	783345	26.3617	90.1824
Patgaon	Assam	783346	26.5695	90.231
Batabari	Assam	783347	26.5145	90.1306
Bangalipara	Assam	783348	26.0675	90.0224
Bagribari	Assam	783349	26.1989	90.1292
Bairali	Assam	783350	26.3533	90.3689
Chitila Bhubannagar	Assam	783354	26.3533	90.3689
Chakma	Assam	783360	26.5145	90.1306
Goladangi	Assam	783361	26.4623	89.891
Kalipukhuri	Assam	783369	26.4442	90.364
Chandrapara	Assam	783370	26.4567	90.2525
Chapar	Assam	783371	26.2727	90.4456
Bilaspur	Assam	783372	26.5145	90.1306
Duttapur	Assam	783373	26.3652	90.6248
Ranipur	Assam	783375	26.5145	90.1306
Choibari	Assam	783376	26.5145	90.1306
Barpara	Assam	783380	26.4213	90.5965
Simlaguri	Assam	783381	26.4638	90.5639
Barjana	Assam	783382	26.2265	90.5725
Bhotguti Huramara	Assam	783383	26.3656	90.6348
Nayagaon	Assam	783384	26.3652	90.6248
Dhaligaon	Assam	783385	26.3652	90.6248
Koreya	Assam	783388	26.3652	90.6248
Boitamari	Assam	783389	26.3511	90.511
Bijni	Assam	783390	26.3652	90.6248
Panbari	Assam	783391	26.3652	90.6248
Chakla	Assam	783392	26.3652	90.6248
Joypur	Assam	783393	26.3652	90.6248
Ouguri	Assam	783394	26.3652	90.6248
Hazarapar	Assam	784001	26.7824	92.9393
Tezpur Medical College	Assam	784010	26.7824	92.9393
Panchmile	Assam	784025	26.7824	92.9393
Khalihamari	Assam	784026	26.7824	92.9393
Balichapori	Assam	784027	26.7824	92.9393
Napaam	Assam	784028	26.7824	92.9393
Ameribari	Assam	784101	26.8198	92.684
Lokra	Assam	784102	26.7824	92.9393
Gamani	Assam	784103	26.7824	92.9393
Haleswar	Assam	784104	26.7824	92.9393
Bokajan	Assam	784105	26.7824	92.9393
Ghogra	Assam	784110	26.6563	92.4695
Batashipur	Assam	784111	26.6589	92.4784
Alisinga	Assam	784112	26.6589	92.4784
Bongaligaon	Assam	784113	26.4493	92.0374
Jamuguri	Assam	784114	26.4493	92.0374
Galandi	Assam	784115	26.4493	92.0374
Dalgaon	Assam	784116	26.5597	92.1983
Balipukhuri Joradia	Assam	784117	26.6589	92.4784
Mangaldoi H.O	Assam	784125	26.4493	92.0374
Barampur	Assam	784144	26.4493	92.0374
Garukhuti	Assam	784145	26.4493	92.0374
Dhula	Assam	784146	26.4493	92.0374
Naharbari	Assam	784147	26.4493	92.0374
Kenduguri	Assam	784148	26.4695	91.844
Bargaon	Assam	784149	26.7336	92.5865
Besseria	Assam	784150	26.6833	92.65
Khelmati	Assam	784153	26.6833	92.65
Balipukhuri Tiniali	Assam	784154	26.6833	92.65
Sonapur	Assam	784160	27.169	94.1258
Rajabari	Assam	784161	27.169	94.1258
Barbali	Assam	784163	27.169	94.1258
Kamalpur	Assam	784164	27.169	94.1258
Kachua	Assam	784165	27.169	94.1258
Behali	Assam	784166	26.8325	93.3452
Arragaon No.1	Assam	784167	26.7824	92.9393
Sonapur	Assam	784168	26.7824	92.9393
Diphalu Satra	Assam	784169	26.7824	92.9393
Amlakhi Dalani	Assam	784170	26.7824	92.9393
Balijan Barua	Assam	784171	26.8535	93.4797
Balijan	Assam	784172	26.7824	92.9393
Mijikajan	Assam	784173	26.7824	92.9393
Balichang	Assam	784174	26.7824	92.9393
Pratapgarh	Assam	784175	26.7824	92.9393
Monabari	Assam	784176	26.7824	92.9393
Biswanathghat	Assam	784177	26.7824	92.9393
Alupara	Assam	784178	26.9081	93.7088
Batiamari	Assam	784179	26.7824	92.9393
Panpur	Assam	784180	26.7887	92.965
Balijuri	Assam	784182	26.7887	92.965
Borjharani	Assam	784184	26.7887	92.965
Karsontala	Assam	784189	26.7887	92.965
Barbagan	Assam	784190	26.4493	92.0374
Solmara	Assam	784501	26.7824	92.9393
Bahbari	Assam	784502	26.7167	92.7167
Fulaguri	Assam	784504	26.7824	92.9393
Thakurbari	Assam	784505	26.8377	92.6688
Missamari	Assam	784506	26.8061	92.5977
Batabari	Assam	784507	26.4493	92.0374
Bhalukmari	Assam	784508	26.4493	92.0374
Mohanpur	Assam	784509	26.4493	92.0374
Ambagan	Assam	784510	26.4493	92.0374
Bhairubkunda	Assam	784513	26.4493	92.0374
Aminpara	Assam	784514	26.4493	92.0374
Chamuapara	Assam	784521	26.4493	92.0374
Barangabari	Assam	784522	26.454	91.9188
Ratanpur	Assam	784523	26.4493	92.0374
Ajodhyapur	Assam	784524	26.4493	92.0374
Bholabari	Assam	784525	26.4493	92.0374
Dimakuchi	Assam	784526	26.4493	92.0374
Khagrabari	Assam	784527	26.4493	92.0374
Dhopguri	Assam	784528	26.4493	92.0374
Rangamati	Assam	784529	26.3833	91.9667
Garali	Assam	785001	26.7167	94.2333
Barbheta	Assam	785004	26.7167	94.2333
Borhaam Kathani	Assam	785006	26.7167	94.2333
Hatigarh	Assam	785007	26.7167	94.2333
Gojpuria	Assam	785008	26.7167	94.2333
Bajalani Kohar	Assam	785009	26.7167	94.2333
Chengeli Gaon	Assam	785010	26.794	94.2565
Assam Agriculture University	Assam	785013	26.794	94.2565
Rajabari	Assam	785014	26.794	94.2565
Desoinagar	Assam	785015	26.794	94.2565
Potiagaon	Assam	785101	26.794	94.2565
Chumaimari Missing Gaon	Assam	785102	26.794	94.2565
Madhupur	Assam	785104	26.794	94.2565
Borpomua Lakhimi	Assam	785105	26.794	94.2565
Kamalabari	Assam	785106	26.794	94.2565
Sundarpur	Assam	785107	26.794	94.2565
Alengmora	Assam	785108	26.8275	94.0862
Ratanpur	Assam	785110	26.832	94.4165
Fakalapather	Assam	785111	26.832	94.4165
Koliapani	Assam	785112	26.832	94.4165
Gohaingaon	Assam	785601	26.8437	94.2001
Bilgaon	Assam	785602	26.4573	93.8334
Jamuguri	Assam	785603	26.3874	93.9637
Hatikhuli	Assam	785609	26.6	93.35
Borjan	Assam	785610	26.4692	94.0174
Bholaguri	Assam	785611	26.4573	93.8334
Balijan Aamtenga	Assam	785612	26.6402	93.6005
Bokial	Assam	785613	26.624	93.5416
Rangamati	Assam	785614	26.4573	93.8334
Behora	Assam	785615	26.6225	93.7223
Chungi	Assam	785616	26.794	94.2565
Baruabamungaon	Assam	785618	26.4573	93.8334
Kachupathar	Assam	785619	26.6089	93.8342
Golaghat H.O	Assam	785621	26.4573	93.8334
Kathalguri	Assam	785622	26.4573	93.8334
Borjan	Assam	785625	26.4573	93.8334
Bartingnaochalia	Assam	785626	26.4573	93.8334
Madhapur	Assam	785630	26.794	94.2565
Rajabari	Assam	785631	26.794	94.2565
Birina Shayak	Assam	785632	26.9658	94.577
Bahoni	Assam	785633	26.9658	94.577
Doklongia	Assam	785634	26.6572	94.3153
Lakhibari	Assam	785635	26.7063	94.3952
Gabharu Konwargaon	Assam	785636	26.9658	94.577
Betbari	Assam	785640	27.0073	94.82
Charing	Assam	785661	27.1513	94.7565
Udaypur	Assam	785662	27.0073	94.82
Afala	Assam	785663	27.0667	94.55
Silpukhuri	Assam	785664	27.1513	94.7565
Joysagar	Assam	785665	27.1513	94.7565
Sologuri	Assam	785666	27.1513	94.7565
Santipur	Assam	785667	27.0073	94.82
Moran	Assam	785669	27.0073	94.82
Bishrampur	Assam	785670	27.0073	94.82
Dihingia Gaon	Assam	785671	27.2053	94.7353
Charagua	Assam	785672	27.2053	94.7353
Chakalia	Assam	785673	27.0073	94.82
Bakhor Bengena	Assam	785674	27.2053	94.7353
Kathalguri	Assam	785675	27.2754	94.8757
Baligaon	Assam	785676	27.3664	95.0562
Amguri	Assam	785680	26.8148	94.5261
Madhavnagar	Assam	785681	27.0073	94.82
Dagaon	Assam	785682	27.0073	94.82
Bonai	Assam	785683	27.0073	94.82
Chetia Gaon	Assam	785684	27.0073	94.82
Bamunpukhuri	Assam	785685	27.1054	95.0114
Simaluguri	Assam	785686	26.9185	94.7568
Nagaon	Assam	785687	27.0073	94.82
Chalapather	Assam	785688	27.0073	94.82
Bonomali	Assam	785689	27.0073	94.82
Aideopukhuri	Assam	785690	27.0246	95.0163
Bhalukaguri	Assam	785691	26.9172	94.6841
Rahan	Assam	785692	27.0073	94.82
Barpatra Te	Assam	785693	27.0157	94.6644
Deogharia	Assam	785696	26.7962	94.655
Gohaingaon	Assam	785697	27.0073	94.82
Lakwah R.S.	Assam	785698	26.9122	94.6695
Kanaighat	Assam	785699	26.4573	93.8334
Dhekiakhowa	Assam	785700	26.794	94.2565
Bhadhara	Assam	785701	27.0073	94.82
Kacharihat	Assam	785702	26.5969	94.4868
Bormukoli	Assam	785703	26.794	94.2565
Murmuria	Assam	785704	26.794	94.2565
Kachamari	Assam	785705	27.0073	94.82
Panchali	Assam	786001	27.3664	95.0562
Assam Medical College	Assam	786002	27.3664	95.0562
Ratanpur	Assam	786003	27.3664	95.0562
Barpathar	Assam	786004	27.3664	95.0562
Jalan Nagar	Assam	786005	27.3664	95.0562
Lepetkata	Assam	786006	27.3664	95.0562
Gohaingaon	Assam	786007	27.3664	95.0562
Konwar Handique Gaon	Assam	786008	27.3664	95.0562
Bokul	Assam	786010	27.3664	95.0562
Harabari	Assam	786012	27.3664	95.0562
Oakland	Assam	786101	27.2851	95.2188
Chabua Air Field	Assam	786102	27.3328	95.1908
Bhajoni	Assam	786103	27.3804	95.1628
Durgabari	Assam	786125	27.5786	95.6265
Borguri	Assam	786126	27.5786	95.6265
Kadamoni	Assam	786145	27.5786	95.6265
Lohari	Assam	786146	27.5786	95.6265
Khamti Gowali	Assam	786147	27.5696	95.2973
Khetopathergaon	Assam	786148	27.5786	95.6265
Santipur	Assam	786150	27.5786	95.6265
Bordubi Te	Assam	786151	27.5688	95.5566
Borali	Assam	786152	27.6999	95.6124
Rupaisiding	Assam	786153	27.6999	95.6124
Hatighuli	Assam	786154	27.6999	95.6124
Sadiya	Assam	786155	27.831	95.6682
Kordoiguri	Assam	786156	27.6999	95.6124
Amarpur	Assam	786157	27.6999	95.6124
Kukuremara	Assam	786158	27.6999	95.6124
Netaji Road	Assam	786159	27.6999	95.6124
Amguri	Assam	786160	27.5786	95.6265
Borgaon	Assam	786170	27.5786	95.6265
Balijan	Assam	786171	27.5786	95.6265
Jubilee Digboi	Assam	786173	27.5786	95.6265
Kathalguri	Assam	786174	27.4229	95.7652
Challet	Assam	786179	27.5786	95.6265
Alubari	Assam	786181	27.5786	95.6265
Bisagaon	Assam	786182	27.5786	95.6265
Barchapri	Assam	786183	27.492	95.2541
Chetia Gaon	Assam	786184	27.4825	95.1745
Agbandha Bengali Gaon	Assam	786187	27.5786	95.6265
Rampur	Assam	786188	27.5786	95.6265
Baghbari Gaon	Assam	786189	27.5786	95.6265
Hansara	Assam	786190	27.5786	95.6265
Bhadoi Pachali	Assam	786191	27.3011	95.3439
Dihingia Gaon	Assam	786192	27.5786	95.6265
Balijan T.E.	Assam	786601	27.5786	95.6265
Kathalguri	Assam	786602	27.3604	95.3181
Dhaman	Assam	786610	27.3779	95.2828
Barbam	Assam	786611	27.3779	95.2828
Ratanpur	Assam	786612	27.3779	95.2828
Sologuri	Assam	786613	27.3779	95.2828
Kamargaon	Assam	786614	27.3779	95.2828
Ashabam	Assam	786621	27.1939	95.3193
Namrup Thermal Power Station	Assam	786622	27.1939	95.3193
Parbatpur	Assam	786623	27.1939	95.3193
Anandapara	Assam	786692	27.3107	95.3067
North Lakhimpur H.O	Assam	787001	27.169	94.1258
Sagarpur	Assam	787023	27.169	94.1258
Jairampur	Assam	787026	27.5777	94.7778
Khelmati	Assam	787031	27.169	94.1258
Goroimari	Assam	787032	27.169	94.1258
Madhupur	Assam	787033	27.169	94.1258
Gogamukh	Assam	787034	27.169	94.1258
Gerukamukh	Assam	787035	27.169	94.1258
Chaboti	Assam	787051	27.1844	94.2395
Panigaon	Assam	787052	27.169	94.1258
Kaligaon	Assam	787053	27.3051	94.3967
Daulatpur	Assam	787054	27.1844	94.2395
Gobindapur	Assam	787055	27.1593	94.3832
Katri Chapori	Assam	787056	27.4255	94.2933
Bishnupur	Assam	787057	27.5777	94.7778
Kachari Pathar	Assam	787058	27.5777	94.7778
Bhagwan	Assam	787059	27.5944	94.724
Ratanpur	Assam	787060	27.8328	95.2207
Dekapam	Assam	787061	27.7246	94.8545
Aktai	Assam	787110	27.5273	94.6755
Dewanji Bazar	Assam	788001	25.0165	92.549
Chhoto Dudpatil	Assam	788002	25.0165	92.549
Chirukandi	Assam	788003	25.0165	92.549
G C College	Assam	788004	25.0165	92.549
Berenga	Assam	788005	25.0165	92.549
Kanakpur	Assam	788006	25.0165	92.549
Kanchanpur	Assam	788007	25.0165	92.549
Arkutipur	Assam	788009	25.0165	92.549
Bharakhai	Assam	788010	24.8313	92.804
Assam University	Assam	788011	24.8313	92.804
Saidpur	Assam	788013	24.8313	92.804
Silchar Medical College	Assam	788014	24.8313	92.804
Meherpur	Assam	788015	24.8313	92.804
Krishnapur	Assam	788025	24.8667	92.7667
Rajnagar	Assam	788026	24.8352	92.7158
Madhura	Assam	788030	24.8313	92.804
Dumurghat	Assam	788031	24.8313	92.804
Sibpur	Assam	788098	24.8304	93.0248
Sundari	Assam	788099	24.6077	92.964
Chandrapur	Assam	788101	24.8112	92.8564
Dewan	Assam	788102	24.977	92.7592
Lakhipur (Cachar)	Assam	788103	24.977	92.7592
Jirighat	Assam	788104	24.8072	93.1099
Dilkhush T E	Assam	788106	24.977	92.7592
Mauchar	Assam	788107	24.8112	92.8564
Kumbhir	Assam	788108	24.9431	92.9591
Kumbhirgram Airport	Assam	788109	24.977	92.7592
Chandpur	Assam	788110	24.8112	92.8564
Dalu	Assam	788111	24.9232	92.7829
Clever House	Assam	788112	24.7441	92.7721
Barthal	Assam	788113	24.6322	92.7094
Debipur	Assam	788114	24.7441	92.7721
Narsingpur	Assam	788115	24.7441	92.7721
Chekarcham	Assam	788116	24.7441	92.7721
Sahapur	Assam	788117	24.4941	92.5888
Silcuri	Assam	788118	24.7441	92.7721
Mangalpur	Assam	788119	24.7256	92.8812
Jamalpur	Assam	788120	24.6853	92.761
Baromuni	Assam	788121	24.6642	92.8659
Santipur	Assam	788123	24.8112	92.8564
Binnakandi	Assam	788126	24.725	92.979
Hayairbond	Assam	788127	24.6915	92.8687
Mohanpur	Assam	788150	24.4941	92.5888
Hailakandi H.O	Assam	788151	24.4941	92.5888
Narainpur	Assam	788152	24.4941	92.5888
Ratanpur	Assam	788155	24.4941	92.5888
Anilgarh	Assam	788156	24.5813	92.3775
Sudarshanpur	Assam	788160	24.4941	92.5888
Harishnagar	Assam	788161	24.4941	92.5888
Ramnathpur	Assam	788162	24.4941	92.5888
Lala	Assam	788163	24.5542	92.6159
Nischintapur	Assam	788164	24.4941	92.5888
Lalpani	Assam	788165	24.4941	92.5888
Sripur	Assam	788166	24.5813	92.3775
Nityanandapur	Assam	788168	24.4941	92.5888
Mirzapur	Assam	788701	24.8384	92.4575
Nayagram	Assam	788709	24.5687	92.4221
Subashnagar	Assam	788710	24.8513	92.3148
Nathupur	Assam	788711	24.8513	92.3148
Manikganj	Assam	788712	24.8513	92.3148
Barkatpur	Assam	788713	24.8513	92.3148
Kayasthagram	Assam	788719	24.8513	92.3148
Shyamnagar	Assam	788720	24.6949	92.3182
Durganagar	Assam	788722	24.8486	92.2791
Asalkandi	Assam	788723	24.6949	92.3182
Bhurunga	Assam	788724	24.6181	92.3378
Basantinagar	Assam	788725	24.6949	92.3182
Baithakhal Basti	Assam	788726	24.6949	92.3182
Bazaricherra Bazar	Assam	788727	24.6949	92.3182
Balipipla Bazar	Assam	788728	24.6949	92.3182
Nagendranagar	Assam	788733	24.5998	92.4019
Bidyanagar	Assam	788734	24.5998	92.4019
Dalgram PT II	Assam	788735	24.4941	92.5888
Banskhantilla	Assam	788736	24.5998	92.4019
Cheragh	Assam	788737	24.4941	92.5888
Baropunji	Assam	788781	24.7227	92.3761
Kalinagar	Assam	788801	24.5813	92.3775
Fulbari	Assam	788802	24.8614	92.5963
Badarpurghat	Assam	788803	24.5813	92.3775
Gangapur	Assam	788804	24.9357	92.6461
Harinagar	Assam	788805	24.9357	92.6461
Hasanpur	Assam	788806	24.8457	92.5086
Bhairabpur	Assam	788815	24.9687	92.5691
Jalalpur (Cachar)	Assam	788816	24.8112	92.8564
Sonapur	Assam	788817	24.8112	92.8564
Narainpur	Assam	788818	25.1	92.8333
Christiankempai	Assam	788819	25.2421	93.0147
Electric Veng	Assam	788820	25.2285	92.856
Saran	Assam	788830	25.1608	93.2078
Hajang	Assam	788831	25.3012	93.1381
Dezabra	Assam	788832	25.4351	93.1162
Govindanagar	Assam	788931	25.3771	93.0342
Salari	Arunachal Pradesh	790001	27.3167	92.4468
Balemu	Arunachal Pradesh	790002	26.9594	92.1461
Shergaon	Arunachal Pradesh	790003	27.1257	92.2589
Dirang	Arunachal Pradesh	790101	27.3333	92.2667
Bana	Arunachal Pradesh	790102	27.4411	92.968
Seijosa	Arunachal Pradesh	790103	27.4411	92.968
B.Supply	Arunachal Pradesh	790104	27.5811	91.8694
Jang	Arunachal Pradesh	790105	27.5667	91.9833
Gispu	Arunachal Pradesh	790106	27.6619	91.9536
Bhalukpong	Arunachal Pradesh	790114	27.2625	92.439
Dahung	Arunachal Pradesh	790116	27.3143	92.3716
Bagra	Arunachal Pradesh	791001	28.0817	94.7531
Geku	Arunachal Pradesh	791002	28.419	95.0893
Mechuka	Arunachal Pradesh	791003	28.5975	94.1318
Dali	Arunachal Pradesh	791101	27.9892	94.6457
Nari	Arunachal Pradesh	791102	27.7945	95.0456
Riga	Arunachal Pradesh	791103	28.4345	95.0389
Ayeng	Arunachal Pradesh	791104	28.1238	95.1634
Singa	Arunachal Pradesh	791105	28.9184	94.8139
Nirjuli	Arunachal Pradesh	791109	27.1329	93.7465
Model Village	Arunachal Pradesh	791110	27.1257	93.7072
Arunachal Pradesh Secretariat	Arunachal Pradesh	791111	27.2888	93.5969
Arunachal University	Arunachal Pradesh	791112	27.1763	93.7551
Vidya Vihar	Arunachal Pradesh	791113	27.2888	93.5969
Sagalee	Arunachal Pradesh	791114	27.2338	93.4965
Tali	Arunachal Pradesh	791118	28.0181	93.7515
Yazali	Arunachal Pradesh	791119	27.4072	93.746
Hari	Arunachal Pradesh	791120	27.5999	93.8555
Hawa Camp	Arunachal Pradesh	791121	27.2888	93.5969
Maro	Arunachal Pradesh	791122	27.9758	94.4214
Balijan	Arunachal Pradesh	791123	26.9494	93.5018
Garu	Arunachal Pradesh	791125	28.3209	94.5116
Gohaingaon	Arunachal Pradesh	792001	27.9126	96.1288
Gandhigram	Arunachal Pradesh	792055	27.3626	96.3452
Rajanagar	Arunachal Pradesh	792056	27.3626	96.3452
Alinye	Arunachal Pradesh	792101	28.9513	95.9028
Chakma	Arunachal Pradesh	792102	27.7821	96.3474
Udaipur	Arunachal Pradesh	792103	27.3626	96.3452
Khopa	Arunachal Pradesh	792104	27.2888	93.5969
Padumani	Arunachal Pradesh	792105	27.9025	96.1904
Santipur	Arunachal Pradesh	792110	28.2086	95.7843
Sunpura	Arunachal Pradesh	792111	27.8341	95.8779
Bubang	Arunachal Pradesh	792120	27.1887	95.7253
Manmao	Arunachal Pradesh	792121	27.2343	95.9139
Dharampur	Arunachal Pradesh	792122	27.4545	96.09
Nampong	Arunachal Pradesh	792123	27.3061	96.106
Deomali	Arunachal Pradesh	792129	27.1931	95.4672
Kheti	Arunachal Pradesh	792130	26.997	95.5167
Tissa	Arunachal Pradesh	792131	26.8356	95.3769
Oakland	Meghalaya	793001	25.5675	91.8645
Iewduh	Meghalaya	793002	25.5675	91.8645
Laitumkhrah	Meghalaya	793003	25.5707	91.8977
Bishnupur	Meghalaya	793004	25.5675	91.8645
Diengiei	Meghalaya	793005	25.5644	91.8312
Rynjah	Meghalaya	793006	25.5675	91.8645
Happy Valley	Meghalaya	793007	25.5675	91.8645
Mawroh	Meghalaya	793008	25.5675	91.8645
Mawklot	Meghalaya	793009	25.5675	91.8645
Laitkor	Meghalaya	793010	25.5486	91.9149
Assam Rifles	Meghalaya	793011	25.5486	91.9149
Diengpasoh	Meghalaya	793012	25.599	91.925
Nongthymmai	Meghalaya	793014	25.5637	91.9064
Mawlong	Meghalaya	793015	25.5056	91.9278
Mawiong	Meghalaya	793016	25.6232	91.8817
Mawlai	Meghalaya	793017	25.6232	91.8817
Diengpasoh	Meghalaya	793018	25.5486	91.9149
Nongmynsong	Meghalaya	793019	25.5486	91.9149
Kynton - U - Mon	Meghalaya	793021	25.556	92.0616
Kynton Massar	Meghalaya	793022	25.556	92.0616
Jorabat	Meghalaya	793101	25.87	91.8821
Mawlong	Meghalaya	793102	25.9023	91.8769
Kyrdem	Meghalaya	793103	25.6938	92.0758
Sumer	Meghalaya	793104	25.6019	91.9144
Umran	Meghalaya	793105	25.7701	91.8781
Rajapara	Meghalaya	793106	25.6421	90.6352
Bholaganj Bazar	Meghalaya	793107	25.6019	91.9144
Cherrapunjee	Meghalaya	793108	25.3009	91.6962
Muktapur	Meghalaya	793109	25.1837	92.0244
Iewmawiong	Meghalaya	793110	25.4998	91.8829
Cherrabazar	Meghalaya	793111	25.4345	91.6342
Mawlong	Meghalaya	793112	25.1786	91.6395
Lawbah	Meghalaya	793113	25.2985	91.5823
Nonglang	Meghalaya	793114	25.5935	91.2608
Khlieh Lyngkhoi	Meghalaya	793115	25.5935	91.2608
Langdongdai	Meghalaya	793119	25.5634	91.611
Manai	Meghalaya	793120	25.6176	91.597
Madan Bitaw	Meghalaya	793121	25.4491	91.6976
Ucc	Meghalaya	793122	25.87	91.8821
Umsaw	Meghalaya	793123	25.87	91.8821
Langdongdai	Meghalaya	793126	25.386	91.8117
Jarain	Meghalaya	793150	25.3184	92.1342
Khanduli	Meghalaya	793151	25.5354	92.1914
Bataw	Meghalaya	793160	25.4837	92.275
Amlari	Meghalaya	793161	25.5935	91.2608
Pala	Meghalaya	793200	25.4837	92.275
Sonapur	Meghalaya	793210	25.4837	92.275
Tura H.O	Meghalaya	794001	25.7466	90.3804
Achitchonggiri	Meghalaya	794002	25.7466	90.3804
Dadengiri	Meghalaya	794003	25.7466	90.3804
Bolchugre	Meghalaya	794005	25.7466	90.3804
Araimile	Meghalaya	794101	25.584	90.2635
Baghmara	Meghalaya	794102	25.1895	90.6479
Barengapara	Meghalaya	794103	25.584	90.2635
Haripur	Meghalaya	794104	25.584	90.2635
Haldibari	Meghalaya	794105	25.6292	90.1911
Majerchar	Meghalaya	794106	25.6292	90.1911
Jadigitim	Meghalaya	794107	25.6421	90.6352
Dagal	Meghalaya	794108	25.6421	90.6352
Belguri	Meghalaya	794109	25.584	90.2635
Dabu	Meghalaya	794110	25.7027	90.8233
Balkinigiri	Meghalaya	794111	25.5725	90.5712
Mendipathar	Meghalaya	794112	25.6292	90.1911
Dambuk Agal	Meghalaya	794114	25.3941	90.4309
Ampati	Meghalaya	794115	25.6292	90.1911
D.M College	Manipur	795001	24.6816	93.1544
Ahallup	Manipur	795002	24.6816	93.1544
Canchipur	Manipur	795003	24.6816	93.1544
Central Agriculture University	Manipur	795004	24.6816	93.1544
Awang Kongpal	Manipur	795005	24.8166	93.9421
Mission Compound	Manipur	795006	24.2271	93.2055
Karong	Manipur	795007	25.3034	94.044
Irilbung	Manipur	795008	24.8166	93.9421
Bitrarakhong	Manipur	795009	24.6816	93.1544
Heinoumakhong	Manipur	795010	24.8166	93.9421
Ningthoukhong	Manipur	795011	24.5352	93.8011
Semol	Manipur	795101	24.2355	94.0932
Anal Khullen	Manipur	795102	24.2355	94.0932
Arong Nongmaikhong	Manipur	795103	24.4779	93.9396
Chawanamei	Manipur	795104	25.4788	94.135
Khongdei Simphung	Manipur	795105	25.397	94.1643
Oklong	Manipur	795106	25.1965	94.0402
Thingsat	Manipur	795107	25.0338	93.8933
Kolhen	Manipur	795112	25.1965	94.0402
CRPF Camp Langjing	Manipur	795113	24.6816	93.1544
Dolaithabi	Manipur	795114	24.9574	94.0242
Kashimpur	Manipur	795115	24.6816	93.1544
Sonapur	Manipur	795116	24.6816	93.1544
Saikot	Manipur	795117	24.2898	93.4269
Dolang	Manipur	795118	24.5352	93.8011
Kalapahar	Manipur	795122	25.13	93.9562
Charoi Khullel	Manipur	795124	24.5352	93.8011
Kadi	Manipur	795125	25.3027	93.7734
Dolang	Manipur	795126	24.5352	93.8011
Chandel	Manipur	795127	24.3299	94.0038
Mission Compound	Manipur	795128	24.4117	93.5664
Henbung	Manipur	795129	25.1964	93.9334
Heinoumakhong	Manipur	795130	24.7111	93.9746
Bongjang	Manipur	795131	24.3182	94.224
Arong	Manipur	795132	24.6816	93.1544
Boroyangbi	Manipur	795133	24.4975	93.7779
Awangjiri	Manipur	795134	24.6883	93.834
Aimol Kodamphai	Manipur	795135	24.5308	93.9716
Awang Leikinthabi	Manipur	795136	24.6816	93.1544
Athokpam	Manipur	795138	24.5532	93.968
Behiang	Manipur	795139	24.1564	93.5763
Laiphrakom	Manipur	795140	24.6816	93.1544
Akhui	Manipur	795141	25.0044	93.4314
Chamu	Manipur	795142	25.3148	94.4139
Huime	Manipur	795144	25.1679	94.2891
Semol	Manipur	795145	24.8379	94.3266
Christian Centre Haochong	Manipur	795146	24.9473	93.5273
Kambiron	Manipur	795147	24.7435	93.4175
Tollen	Manipur	795148	24.5892	94.0639
Andro	Manipur	795149	24.6813	94.063
Mao	Manipur	795150	25.5134	94.1413
Awangkhul	Manipur	795159	24.6816	93.1544
Aizawl H.O	Mizoram	796001	23.498	92.7292
Mizoram University	Mizoram	796004	23.498	92.7292
Hualngohmun	Mizoram	796005	23.6567	92.7278
Chandmary	Mizoram	796007	23.8106	92.8891
Armed Veng	Mizoram	796008	23.498	92.7292
Chawlhhmun	Mizoram	796009	23.498	92.7292
Chaltlang	Mizoram	796012	23.749	92.7255
Bawngkawn	Mizoram	796014	23.784	92.7784
Muthi	Mizoram	796015	23.8005	92.7342
Putlungasih	Mizoram	796017	23.7846	92.8256
Bualpui	Mizoram	796070	24.0963	92.6831
Bairabi	Mizoram	796081	24.2239	92.6787
Bilkhawthlir	Mizoram	796091	24.198	92.7269
Phainuam	Mizoram	796101	24.198	92.7269
Mauchar	Mizoram	796111	24.1037	92.9257
Baktawng	Mizoram	796161	23.5366	92.8467
Chekawn	Mizoram	796181	23.302	92.9197
Chekawn	Mizoram	796184	23.1323	93.0653
Chhipphir	Mizoram	796186	23.2497	92.7441
Aibawk	Mizoram	796190	23.561	92.7048
Tualbung	Mizoram	796261	23.7621	92.9404
Hrianghmun	Mizoram	796290	23.85	93.2151
Chalrang	Mizoram	796310	23.5044	93.1602
Bungzung	Mizoram	796320	23.079	93.2954
Bethel	Mizoram	796321	23.5424	93.3329
Biate	Mizoram	796370	23.2487	93.1214
Dapchhuah	Mizoram	796410	23.8103	92.6523
Hmunpui	Mizoram	796421	23.8623	92.5797
Damparengpui	Mizoram	796431	23.5326	92.4493
Dampui	Mizoram	796441	23.8692	92.4054
Boraibazar	Mizoram	796470	24.1347	92.3319
Ailawng	Mizoram	796501	23.5707	92.5939
Bualpui H	Mizoram	796571	22.9342	92.9241
Bualpui H	Mizoram	796581	22.9284	93.0987
Haulawng	Mizoram	796691	23.0595	92.7735
Bunghmun	Mizoram	796701	23.2201	92.6304
Bunghmun	Mizoram	796710	23.2628	92.475
Diblibagh	Mizoram	796751	22.912	92.498
Ajasora	Mizoram	796770	22.9719	92.7226
Balhlakawn	Mizoram	796891	22.4314	92.8049
Bualpui 'ng'	Mizoram	796901	22.4521	93.0196
Kohima H.O	Nagaland	797001	25.6333	94.1031
Jotsoma	Nagaland	797002	25.6542	94.0218
Chakhabama	Nagaland	797003	25.6698	94.1951
Meriema	Nagaland	797004	25.6333	94.1031
Jakhama	Nagaland	797006	25.5759	94.0925
Bhandari	Nagaland	797099	26.1849	94.1926
Mbaulwa	Nagaland	797101	25.4996	93.6235
Chumukedima	Nagaland	797103	25.8248	93.7759
Chetheba	Nagaland	797104	25.6669	94.2563
Botsa	Nagaland	797105	25.8412	94.1314
Agri College	Nagaland	797106	25.7511	93.9175
Chizami Town	Nagaland	797107	25.6608	94.5255
Ketsapo	Nagaland	797108	25.7675	94.4743
Asukika	Nagaland	797109	25.8807	94.2667
Athibung	Nagaland	797110	25.5444	93.6183
Aitepyong	Nagaland	797111	26.2997	94.2496
Kuda	Nagaland	797112	25.9568	93.8499
Industrial Estate	Nagaland	797113	25.7785	93.7851
Akhegwo	Nagaland	797114	25.7219	94.6799
Aoyimti	Nagaland	797115	25.7785	93.7851
Seluophe	Nagaland	797116	25.7785	93.7851
Golaghat	Nagaland	797117	25.7785	93.7851
Rangapahar	Nagaland	797118	25.7785	93.7851
Lalmati	Nagaland	797120	25.8435	94.1581
Chare	Nagaland	798601	26.472	94.5318
Namsa	Nagaland	798602	26.7312	95.0217
Ukha	Nagaland	798603	26.4886	94.9519
Khari	Nagaland	798604	26.6109	94.49
Alichen	Nagaland	798607	26.4412	94.7093
Moya	Nagaland	798611	25.8449	94.8251
Kuthur	Nagaland	798612	26.2217	94.8563
Chantongia	Nagaland	798613	26.5459	94.6856
Chuchuyimlang	Nagaland	798614	26.4422	94.6348
Impur	Nagaland	798615	26.472	94.5318
Angangba	Nagaland	798616	26.2181	94.6713
Tuli	Nagaland	798618	26.6643	94.6421
Aghunato	Nagaland	798620	26.0162	94.6273
Mon	Nagaland	798621	26.7358	95.0584
Baranamsang	Nagaland	798622	26.8149	94.8108
Tzudikong	Nagaland	798623	26.472	94.5318
Sakchi	Nagaland	798625	26.4039	94.8499
Aizito	Nagaland	798627	26.1661	94.4871
Agartala Bazar	Tripura	799001	23.8903	91.4025
Krishnanagar	Tripura	799002	23.8903	91.4025
Madhuban	Tripura	799003	23.8903	91.4025
Anandanagar	Tripura	799004	23.8903	91.4025
Abhoynagar	Tripura	799005	23.8903	91.4025
Indranagar	Tripura	799006	23.8903	91.4025
Banamalipur	Tripura	799007	23.8903	91.4025
Khasnoagaon	Tripura	799008	23.8903	91.4025
Narayanpur	Tripura	799009	23.8903	91.4025
Agartala Secretariat	Tripura	799010	23.8903	91.4025
Jampuijala Colony	Tripura	799011	23.8903	91.4025
Gandhigram	Tripura	799012	23.8903	91.4025
Jamjuri	Tripura	799013	23.2012	91.5825
Agartala ONGC	Tripura	799014	23.8903	91.4025
Narayanpur Bazar	Tripura	799015	23.8903	91.4025
Tripura University	Tripura	799022	23.8903	91.4025
Durganagar	Tripura	799035	23.8903	91.4025
Shantinagar	Tripura	799045	23.8903	91.4025
NIT Agartala	Tripura	799046	23.8903	91.4025
Paharpur	Tripura	799101	23.2012	91.5825
Madhupur	Tripura	799102	23.7215	91.2126
Barjala	Tripura	799103	23.8903	91.4025
Raima	Tripura	799104	23.2012	91.5825
Rani	Tripura	799105	23.2012	91.5825
Bagma	Tripura	799113	23.4955	91.3298
Gakulpur	Tripura	799114	23.2012	91.5825
Bagabassa	Tripura	799115	23.2012	91.5825
Radhakishorepur H.O	Tripura	799120	23.2012	91.5825
Rajapur	Tripura	799125	23.2012	91.5825
Amtali	Tripura	799130	23.8903	91.4025
Durgapur	Tripura	799131	23.4755	91.2659
Maheshpur	Tripura	799132	23.3481	91.3204
Dakshin Hichacherri	Tripura	799141	23.2156	91.6229
Charakbai	Tripura	799142	23.2156	91.6229
Srinagar	Tripura	799143	23.2156	91.6229
Kanchannagar	Tripura	799144	23.3227	91.5721
Bijoynagar	Tripura	799145	23.0015	91.7243
Kasari	Tripura	799150	23.2518	91.4541
Radhanagar (West Tripura)	Tripura	799153	23.8903	91.4025
Debipur	Tripura	799155	23.2518	91.4541
Madhabnagar	Tripura	799156	23.2518	91.4541
Anandapur (South Tripura)	Tripura	799157	23.2518	91.4541
Agagartilla	Tripura	799201	23.8903	91.4025
Khowai Court	Tripura	799202	23.8903	91.4025
Durgapur	Tripura	799203	23.8903	91.4025
Balarambazar	Tripura	799204	23.8449	91.9269
Netajinagar	Tripura	799205	23.8903	91.4025
Sonatala	Tripura	799207	23.8903	91.4025
Bodhjungnagar	Tripura	799210	23.8903	91.4025
Tarapur	Tripura	799211	23.8903	91.4025
Ishanpur	Tripura	799212	23.8903	91.4025
Dharmanagar H.O	Tripura	799250	24.1041	92.2079
Gobindapur	Tripura	799251	24.1041	92.2079
Krishnapur	Tripura	799253	24.1041	92.2079
Baithangbari	Tripura	799254	24.1041	92.2079
Kacharicherra	Tripura	799256	24.1041	92.2079
Padmabil	Tripura	799260	24.1041	92.2079
Ranibari	Tripura	799261	24.1041	92.2079
Fulbari	Tripura	799262	24.1041	92.2079
Andharcherra	Tripura	799263	24.1041	92.2079
Bhatisonaimuri	Tripura	799264	24.1041	92.2079
Betcherra	Tripura	799266	24.1041	92.2079
Hmunpui	Tripura	799269	24.1041	92.2079
Joyasree	Tripura	799270	24.1041	92.2079
Anandabazar	Tripura	799271	24.1041	92.2079
Manikpur	Tripura	799273	23.8449	91.9269
Demchedrra Colony	Tripura	799275	23.8449	91.9269
Chandipur	Tripura	799277	24.1041	92.2079
Kachucherra	Tripura	799278	23.8449	91.9269
Chantail	Tripura	799279	24.1041	92.2079
Jagannathpur	Tripura	799280	24.1041	92.2079
Irani	Tripura	799281	24.1041	92.2079
Bhagabannagar	Tripura	799282	24.1041	92.2079
Laxmipur	Tripura	799284	24.0789	91.8987
Baligaon	Tripura	799285	24.1959	91.8344
Abhanga	Tripura	799286	24.0789	91.8987
Kamalpur Aerodrome	Tripura	799287	24.0789	91.8987
Masauli	Tripura	799288	24.1041	92.2079
Ambassa	Tripura	799289	23.936	91.8544
Tarapur	Tripura	799290	24.1041	92.2079
B.C. Road	Bihar	800001	25.5891	85.1171
Pakri	Bihar	800002	25.5876	85.158
Kadamkuan	Bihar	800003	25.5386	85.2732
Bankipore H.O	Bihar	800004	25.5386	85.2732
Patna University	Bihar	800005	25.5386	85.2732
M.Y.Sandalpur	Bihar	800006	25.5386	85.2732
Fatehpur	Bihar	800007	25.3856	85.6486
Chaughara	Bihar	800008	25.5986	85.2202
Sabalpur	Bihar	800009	25.5609	85.2703
Sadaquat Ashram	Bihar	800010	25.6716	85.0646
Dighaghat	Bihar	800011	25.6716	85.0646
Panapur	Bihar	800012	25.6729	85.0715
Patliputra	Bihar	800013	25.6716	85.0646
B.V. College	Bihar	800014	25.6716	85.0646
Patna Sectt.	Bihar	800015	25.6716	85.0646
Rajendra Nagar (Patna)	Bihar	800016	25.6716	85.0646
B.S.E. Board	Bihar	800017	25.6716	85.0646
Bataganj	Bihar	800018	25.6716	85.0646
C.D.A	Bihar	800019	25.6716	85.0646
Ashok Nagar (Patna)	Bihar	800020	25.5831	85.1358
Vidyut Parisad	Bihar	800021	25.5904	85.1624
B.G. Camp/raj Bhawan	Bihar	800022	25.5904	85.1624
L.B.S Nagar	Bihar	800023	25.5904	85.1624
Keshari Nagar	Bihar	800024	25.5904	85.1624
Ashiananagar	Bihar	800025	25.5904	85.1624
Kumhrar	Bihar	800026	25.5977	85.189
New Jaganpura	Bihar	800027	25.5904	85.1624
Patna High Court	Bihar	800028	25.5904	85.1624
Pahari	Bihar	800030	25.4564	85.2222
Jamui	Bihar	801102	25.3478	84.9102
Kanchanpur	Bihar	801103	25.4464	85.25
Akhtiyarpur	Bihar	801104	25.4364	84.8514
Shikarpur	Bihar	801105	25.603	85.015
IIT Patna (Bihta)	Bihar	801106	25.4954	84.9027
Madhopur	Bihar	801108	25.5623	84.9098
Khajuri	Bihar	801109	25.4638	84.982
Ranipur	Bihar	801110	25.3372	84.7677
Bajitpur	Bihar	801111	25.4564	85.2222
Barah	Bihar	801112	25.4625	84.8015
Faridpur	Bihar	801113	25.5487	84.9845
Madanpur	Bihar	801301	25.2345	85.277
Mirzapur	Bihar	801302	25.2387	85.3786
Barai	Bihar	801303	25.1475	85.2258
Salempur	Bihar	801304	25.4017	85.1874
Salarpur	Bihar	801305	25.2264	85.3255
Narayanpur	Bihar	801306	25.2666	85.3409
Jaitpur	Bihar	801307	25.3234	85.3441
B.R. Centre	Bihar	801501	25.5834	85.0681
Madhopur	Bihar	801503	25.5623	84.9098
Mubarakpur	Bihar	801505	25.4341	85.6585
Dhanaut	Bihar	801506	25.5925	85.0684
AIIMS	Bihar	801507	25.5834	85.0681
Buxar H.O	Bihar	802101	25.5367	84.0034
Pulia	Bihar	802102	25.5359	83.9319
Pandeypatti	Bihar	802103	25.5369	84.0273
Jogia	Bihar	802111	25.4914	84.1018
Sonbarsa	Bihar	802112	25.6197	84.0742
Keshopur	Bihar	802113	25.6749	84.0874
Rampur	Bihar	802114	25.4537	84.2131
Chaugai	Bihar	802115	25.4914	84.1018
Arjunpur	Bihar	802116	25.6003	84.0168
Kakaria	Bihar	802117	25.3704	83.9796
Sonbarsa	Bihar	802118	25.6197	84.0742
Dumraon	Bihar	802119	25.5526	84.1515
Barka Singhanpura	Bihar	802120	25.6371	84.2126
Deoria	Bihar	802122	25.4914	84.1018
Basantpur	Bihar	802123	25.4133	84.0275
Sonbarsa	Bihar	802125	25.6197	84.0742
Belahari	Bihar	802126	25.5078	84.332
Rampur	Bihar	802127	25.4537	84.2131
Manikpur	Bihar	802128	25.6738	84.0921
Bhatauli	Bihar	802129	25.3904	84.2258
Gaighat	Bihar	802130	25.4914	84.1018
Rajpur	Bihar	802131	25.5429	84.305
Mahila	Bihar	802132	25.347	83.8171
Nagwan	Bihar	802133	25.6188	84.1192
Kaithi	Bihar	802134	25.5517	84.2811
Simari	Bihar	802135	25.4914	84.1018
Dumraon Textiles	Bihar	802136	25.5652	84.1386
Chakai	Bihar	802152	25.5205	84.4219
Kalyanpur	Bihar	802154	25.5469	84.6322
Rajapur	Bihar	802155	25.4026	84.4207
Basantpur	Bihar	802156	25.6162	84.6787
Karisath	Bihar	802157	25.5703	84.5491
Bahuara	Bihar	802158	25.2797	84.5312
Jamuaon	Bihar	802159	25.3786	84.3648
Kulharia	Bihar	802160	25.5737	84.7718
Allipur	Bihar	802161	25.5419	84.7384
Kawara	Bihar	802162	25.469	84.5437
Daulatpur	Bihar	802163	25.5952	84.6847
Kori	Bihar	802164	25.3939	84.6909
Birpur	Bihar	802165	25.3558	84.2809
Gaura	Bihar	802166	25.3939	84.6026
Mahuaon	Bihar	802183	25.5314	84.3981
Narayanpur	Bihar	802201	25.4607	84.7514
Kataria	Bihar	802202	25.469	84.5437
Baligaon	Bihar	802203	25.4196	84.4951
Narayanpur	Bihar	802204	25.3352	84.6043
Sonbarsa	Bihar	802205	25.2937	84.4808
Bankat	Bihar	802206	25.4294	84.6227
Sonbarsa	Bihar	802207	25.2937	84.4808
Baruhi	Bihar	802208	25.2893	84.6373
Bargaon	Bihar	802209	25.3455	84.6607
Deoria	Bihar	802210	25.6399	84.751
Semri	Bihar	802211	25.3404	84.197
Mohanpur	Bihar	802212	25.1896	84.3054
Bhanpur	Bihar	802213	25.3004	84.0817
Deo	Bihar	802214	25.1209	84.3549
Semra	Bihar	802215	25.2026	84.2333
Bahuara	Bihar	802216	25.2377	84.1918
Manipur	Bihar	802217	25.0464	84.0769
Rajpur	Bihar	802218	25.2355	84.1279
Bishunpur	Bihar	802219	25.0861	84.3056
Udaipur	Bihar	802220	25.1235	84.173
Surajpura	Bihar	802221	25.2586	84.2255
Andhari	Bihar	802222	25.2171	84.5123
Chandi	Bihar	802223	25.3452	84.5227
A. Kala	Bihar	802226	25.2977	84.2245
Pakari	Bihar	802301	25.469	84.5437
Anaith	Bihar	802302	25.469	84.5437
Barahara	Bihar	802311	25.469	84.5437
Ratanpur	Bihar	802312	25.5805	84.6405
Daulatpur	Bihar	802313	25.4914	84.1018
Birampur	Bihar	802314	25.4828	84.575
Mahulighat	Bihar	802316	25.6912	84.647
Salempur	Bihar	802351	25.4067	84.7241
Pratappur	Bihar	802352	25.469	84.5437
Alinagar	Bihar	803101	25.1766	85.5258
Mohammadpur	Bihar	803107	25.2208	85.4559
Madhopur	Bihar	803108	25.3453	85.3925
Gopalpur	Bihar	803109	24.6929	85.3715
Jagatpur	Bihar	803110	25.4045	85.4237
Bargaon	Bihar	803111	25.2208	85.4559
Nanaura	Bihar	803113	25.2208	85.4559
Khaira	Bihar	803114	25.1837	85.3532
Durgapur	Bihar	803115	25.0878	85.5622
Nekpur	Bihar	803116	25.2208	85.4559
Bara	Bihar	803117	25.1149	85.3679
Musepur	Bihar	803118	25.2475	85.5079
Amba	Bihar	803119	25.265	85.5385
Dharampur	Bihar	803120	25.2453	85.4171
Ordnance Factory Rajgir	Bihar	803121	25.2208	85.4559
Sultanpur	Bihar	803201	25.5248	85.2507
Bhojpur	Bihar	803202	25.359	85.0236
Alawalpur	Bihar	803203	25.4958	85.2021
Jalalpur	Bihar	803211	25.3783	85.6968
Madhopur	Bihar	803212	25.4587	85.5397
Bhatgaon	Bihar	803213	25.4564	85.2222
Daulatpur	Bihar	803214	25.3921	85.8028
NTPC Barh	Bihar	803215	25.2208	85.4559
Ramchandrapur	Bihar	803216	25.2334	85.3319
Kanhaipur	Bihar	803221	25.4542	85.8396
Malpur	Bihar	803301	25.3314	86.0086
Karara	Bihar	803302	25.3719	85.8582
Aunta	Bihar	803303	25.3694	85.9507
Prahladpur	Bihar	803306	25.3694	85.9507
Baruane	Bihar	803307	25.3348	85.7468
Akbarpur	Bihar	804401	25.1616	84.6904
Hasanpur	Bihar	804402	25.2327	84.6961
Rampur	Bihar	804403	25.0284	84.8675
Bara	Bihar	804404	24.8752	84.9914
Birra	Bihar	804405	25.0892	85.0356
Korra	Bihar	804406	25.2635	84.6971
Gangapur	Bihar	804407	25.089	85.1848
Jehanabad H.O	Bihar	804408	25.0741	84.9139
Dharampur	Bihar	804417	25.2252	84.9612
Bhadsara	Bihar	804418	25.2645	85.073
Khajuri	Bihar	804419	24.9533	84.755
Hati	Bihar	804420	25.1752	85.0427
Bara	Bihar	804421	24.9913	84.8529
Sagarpur	Bihar	804422	25.0927	84.9109
Ibrahimpur	Bihar	804423	24.6991	84.936
Jagpura	Bihar	804424	25.0289	84.9238
Sikandarpur	Bihar	804425	25.1215	84.8851
Salempur	Bihar	804426	25.1491	84.9922
Sugaon	Bihar	804427	25.1566	85.0301
Jaipur	Bihar	804428	24.6581	84.6635
Salarpur	Bihar	804429	25.1832	84.9025
K.Bhupat	Bihar	804430	24.6991	84.936
Deora	Bihar	804432	25.1566	85.0301
Lakhawar ED	Bihar	804434	25.1595	85.0235
Main	Bihar	804435	25.0099	84.8813
Bakhari	Bihar	804451	25.4564	85.2222
Daulatpur	Bihar	804452	25.3388	84.9826
Mohanpur	Bihar	804453	25.3644	85.1725
Bara	Bihar	804454	25.3254	85.1004
Dharhara	Bihar	805101	24.811	85.5941
Madhopur	Bihar	805102	24.7605	85.4881
Baijnathpur	Bihar	805103	24.8168	85.3778
Sadipur	Bihar	805104	24.9292	85.4266
Bhagwanpur	Bihar	805105	25.0792	85.5124
Lalpur	Bihar	805106	24.8044	85.9433
Marara	Bihar	805107	24.8563	85.6929
Bajitpur	Bihar	805108	24.811	85.5941
Masaurha	Bihar	805109	24.9645	85.4573
Nawadha H.O	Bihar	805110	25.0168	85.6328
Pachra	Bihar	805111	24.811	85.5941
Nanaura	Bihar	805112	24.8713	85.5687
Bauri	Bihar	805113	25.0655	85.702
Dumari	Bihar	805121	24.8822	85.797
Bargaon	Bihar	805122	24.811	85.5941
Akaunabazar	Bihar	805123	24.811	85.5941
Marwa	Bihar	805124	24.9053	85.8003
Bahadurpur	Bihar	805125	24.7897	85.3819
Paharpur	Bihar	805126	24.8478	85.9052
Sherpur	Bihar	805127	24.7754	85.5582
Dharampur	Bihar	805128	24.7001	85.2718
Khanpur	Bihar	805129	24.8573	85.4732
Jalalpur	Bihar	805130	25.0297	85.685
Rajwara	Bihar	805131	24.6991	84.936
Dosut	Bihar	805132	24.9444	85.6646
Orro	Bihar	805133	24.811	85.5941
Ayer	Bihar	805135	24.6991	84.936
Roh	Bihar	805141	24.8905	85.675
Jethian	Bihar	805236	24.9326	85.3209
Ibrahimpur	Bihar	811101	25.2796	85.7049
Katari	Bihar	811102	25.1829	85.8541
Ambari	Bihar	811103	25.1319	85.8289
Sahari	Bihar	811104	25.2208	85.4559
Kamta	Bihar	811105	25.1728	85.8136
Paharpur	Bihar	811106	25.2778	86.2819
Pratappur	Bihar	811107	25.1555	86.1312
Abhaypur	Bihar	811112	25.2146	86.3198
Belan Bazar	Bihar	811201	25.21	86.5274
Shankarpur	Bihar	811202	25.21	86.5274
Kalyanpur	Bihar	811211	25.0791	86.6168
Amari	Bihar	811212	25.2516	86.4415
Khaira	Bihar	811213	25.1253	86.6097
Safiabad	Bihar	811214	25.3451	86.4916
Sahora	Bihar	811301	24.9767	85.9132
Dumari	Bihar	811302	25.1555	86.1312
Madhopur	Bihar	811303	24.7838	86.2952
Akarha	Bihar	811304	25.0374	85.891
Ratanpur	Bihar	811305	24.8996	86.2888
Jamui Court	Bihar	811307	24.9282	86.1992
Fatehpur	Bihar	811308	24.8167	86.4432
Pawai	Bihar	811309	25.174	86.1975
Rampur	Bihar	811310	25.211	86.3175
Ramnagar	Bihar	811311	25.1206	86.1557
Gaura	Bihar	811312	24.9643	86.3739
Daulatpur	Bihar	811313	24.7838	86.2952
Bishanpur	Bihar	811314	24.6659	86.2411
Karma	Bihar	811315	24.9565	86.0541
Mohanpur	Bihar	811316	24.9239	86.4206
Gopalpur	Bihar	811317	24.8619	86.2053
Adampur	Bihar	812001	25.2542	86.9867
Tatarpur	Bihar	812002	25.2705	87.0844
Barari	Bihar	812003	25.2671	87.0205
Fatehpur	Bihar	812004	25.2393	86.6684
Semaria	Bihar	812005	25.1846	87.2959
Khaira	Bihar	812006	25.2705	87.0844
T. N. B College	Bihar	812007	25.2705	87.0844
Sultanpur	Bihar	813101	24.8537	86.8409
Haripur	Bihar	813102	24.8537	86.8409
Narayanpur	Bihar	813103	25.024	86.7278
Nayagaon	Bihar	813104	24.7807	87.0428
Chandpur	Bihar	813105	25.1556	87.1989
Jaipur	Bihar	813106	24.5842	86.8467
Gopalpur	Bihar	813107	25.0514	87.0682
Amba	Bihar	813108	25.2439	87.3047
Bhatkund	Bihar	813109	24.8537	86.8409
Pathara	Bihar	813110	24.8537	86.8409
Habibpur (Bhagalpur)	Bihar	813113	25.1314	87.0266
Nayagaon	Bihar	813201	24.7807	87.0428
Rajpur	Bihar	813202	24.8537	86.8409
Bhawanipur	Bihar	813203	25.3944	87.1264
Dhanora	Bihar	813204	25.2641	87.267
Bishanpur	Bihar	813205	25.2705	87.0844
Itahari	Bihar	813206	25.2705	87.0844
Bishanpur	Bihar	813207	24.8537	86.8409
Chanda	Jharkhand	813208	25.0081	87.6796
Narayanpur	Bihar	813209	25.3847	86.8642
Bahadurpur	Bihar	813210	25.2705	87.0844
Kumarpur	Bihar	813211	24.8537	86.8409
Dumaria	Bihar	813212	25.21	86.5274
Kathara	Bihar	813213	25.1848	86.7518
S.T.P. Kahalgaon	Bihar	813214	25.2705	87.0844
Harpur	Bihar	813221	25.3521	86.5035
Rampur	Bihar	813222	25.1535	87.0114
Bandarjori	Jharkhand	814101	24.3197	87.2666
Lakhanpur	Jharkhand	814102	24.3197	87.2666
Dharampur	Jharkhand	814103	24.4383	87.5098
Dudhani	Jharkhand	814110	24.3197	87.2666
Balidanga	Jharkhand	814111	24.5442	87.5764
B. MANDIR	Jharkhand	814112	24.328	86.7411
Kusmaha	Jharkhand	814113	24.1529	86.9182
Mathurapur	Jharkhand	814114	24.2348	86.976
Hindipith	Jharkhand	814115	24.328	86.7411
Satsang	Jharkhand	814116	24.328	86.7411
Haripur	Jharkhand	814118	24.2118	87.6191
Makrampur	Jharkhand	814119	24.3197	87.2666
Hariharpur	Jharkhand	814120	24.4233	86.9171
Jhaunsa-Garti	Jharkhand	814122	24.328	86.7411
Lohari	Bihar	814131	24.8537	86.8409
Mohanpur	Jharkhand	814133	25.0169	87.3263
Bishanpur	Jharkhand	814141	24.3197	87.2666
Madhopur	Jharkhand	814142	24.328	86.7411
Tapoban	Jharkhand	814143	24.328	86.7411
Sadipur	Jharkhand	814144	24.3197	87.2666
Amarpur	Jharkhand	814145	24.4618	87.5554
Sarsa	Jharkhand	814146	24.1544	86.934
Pipra	Jharkhand	814147	25.1584	87.3828
Pratappur	Jharkhand	814148	24.3197	87.2666
Dumaria	Jharkhand	814149	24.2339	86.7801
Madhuban	Jharkhand	814150	24.328	86.7411
Dighi	Jharkhand	814151	24.3197	87.2666
Bhojpur	Jharkhand	814152	24.328	86.7411
Salaiya	Jharkhand	814153	24.8596	87.3121
Mohanpur	Jharkhand	814154	25.0169	87.3263
Kaitha	Jharkhand	814155	24.8596	87.3121
Paharpur	Jharkhand	814156	25.0351	87.405
Jamunia	Jharkhand	814157	24.328	86.7411
Bhurkunda	Jharkhand	814158	24.3197	87.2666
Pratappur	Jharkhand	814160	24.8596	87.3121
Gajanda	Jharkhand	814165	25.1102	87.3023
Dhasania	Jharkhand	814166	23.9769	86.9172
Shikarpur	Jharkhand	814167	24.3197	87.2666
Makatpur	Jharkhand	815301	24.1929	86.3046
Sirsia	Jharkhand	815302	24.212	86.3131
Beniadih	Jharkhand	815311	24.1803	86.2631
Badwara	Jharkhand	815312	24.4381	86.3403
Malda	Jharkhand	815313	24.6204	85.8863
Deori	Jharkhand	815314	24.5163	86.183
Karharbari	Jharkhand	815315	24.1803	86.2631
Karma	Jharkhand	815316	24.0912	85.9626
Bhandari	Jharkhand	815317	24.5551	86.0222
Tara	Jharkhand	815318	24.6512	85.8741
Kanki	Jharkhand	815351	23.9769	86.9172
Narayanpur	Jharkhand	815352	23.9111	85.5091
Jagdishpur	Jharkhand	815353	24.328	86.7411
Chandra Dhipa	Jharkhand	815354	23.9769	86.9172
Krishnapur	Jharkhand	815355	23.9769	86.9172
Govindpur	Jharkhand	815357	24.1877	86.6304
Amba	Jharkhand	815359	23.9769	86.9172
Ganeshpur	Jharkhand	816101	25.0081	87.6796
Dhamni	Jharkhand	816102	24.7943	87.477
Daldali	Jharkhand	816103	24.388	87.5131
Arjunpur	Jharkhand	816104	24.6254	87.656
Patharia	Jharkhand	816105	25.0081	87.6796
Khanpur	Jharkhand	816106	24.4912	87.705
Mohanpur	Jharkhand	816107	24.6581	87.5981
Narayanpur	Jharkhand	816108	25.0081	87.6796
Rampur	Jharkhand	816109	25.2531	87.7147
Bishanpur	Jharkhand	816110	25.0081	87.6796
Sakrigali Ghat	Jharkhand	816115	25.0081	87.6796
Brindaban	Jharkhand	816116	25.0153	87.7115
Balidih	Jharkhand	816117	24.3942	87.6144
Pratappur	Jharkhand	816118	24.3197	87.2666
Telo	Jharkhand	816120	25.0066	87.5869
Karanpura	Jharkhand	816129	25.0081	87.6796
Khaira	Bihar	821101	25.0504	83.7517
Kolhua	Bihar	821102	24.6296	83.6437
Sikandarpur	Bihar	821103	25.0701	83.4925
Dumari	Bihar	821104	24.9794	84.0277
Chhata	Bihar	821105	25.2475	83.4704
Sirsi	Bihar	821106	25.0236	83.4657
Pipra	Bihar	821107	25.0733	84.1189
Basahi	Bihar	821108	25.1219	83.7957
Kaithi	Bihar	821109	25.1076	83.6661
Baraura	Bihar	821110	25.3514	83.6538
Silari	Bihar	821111	25.0436	83.894
Gara	Bihar	821112	24.9794	84.0277
Alampur	Bihar	821113	24.8721	83.8829
Gandhi Path	Bihar	821115	25.1261	84.0255
Jaipur	Bihar	821301	24.9882	84.1347
Amjhore Camp	Bihar	821302	25.0396	84.2467
Banjari	Bihar	821303	24.9794	84.0277
Majhigawan	Bihar	821304	24.6778	83.9002
Kanchanpur	Bihar	821305	24.9233	84.0904
Sohagi	Bihar	821306	24.9794	84.0277
Dehri BMP	Bihar	821307	25.0396	84.2467
Nawadih	Bihar	821308	25.0921	84.3504
Amaura	Bihar	821309	25.1407	84.3276
Saraon	Bihar	821310	24.9794	84.0277
Baknaura	Bihar	821311	24.6298	83.92
Mahrajganj	Bihar	821312	24.912	84.0759
Belwatikar Nd	Jharkhand	822101	24.0475	84.0611
Chiyanki	Jharkhand	822102	23.997	84.1036
Shahpur	Jharkhand	822110	24.0312	84.0543
Mayapur	Jharkhand	822111	23.5819	84.1398
Pipra	Jharkhand	822112	24.168	83.8867
Pipra	Jharkhand	822113	24.1992	83.9715
Kalyanpur	Jharkhand	822114	24.101	83.6993
Sundipur	Jharkhand	822115	24.2024	84.1674
Alinagar	Jharkhand	822116	24.4996	84.0661
Japla C F	Jharkhand	822117	24.2141	84.049
Dhangaon	Jharkhand	822118	24.1062	84.3559
Barahi	Jharkhand	822119	23.7178	84.4432
Hariharpur	Jharkhand	822120	24.2024	84.1674
Bhojpur	Jharkhand	822121	24.2024	84.1674
Tal	Jharkhand	822122	24.1043	84.5181
Kishunpur	Jharkhand	822123	24.1578	84.2066
Bansa	Jharkhand	822124	24.101	83.6993
Udaipur	Jharkhand	822125	23.9162	83.8963
Manika	Jharkhand	822126	24.1474	84.2156
Gamharia	Jharkhand	822128	23.9705	83.882
Bhawnathpur TownShip	Jharkhand	822129	24.1144	83.9694
Halka	Jharkhand	822131	24.5238	84.2516
Pandu	Jharkhand	822132	24.101	83.6993
Banka	Jharkhand	822133	24.2605	83.681
Ataula	Jharkhand	822134	24.2707	83.8238
Chowk	Bihar	823001	24.6991	84.936
Bairagi	Bihar	823002	24.6991	84.936
Manpur	Bihar	823003	24.6694	84.6557
Bagadaha	Bihar	823004	24.7399	84.9115
Asc Centre(N) Gaya	Bihar	823005	25.0146	85.1076
Telari	Bihar	823311	24.6991	84.936
Aurangabad (BH) H.O	Bihar	824101	24.7656	84.3868
Rajpur	Bihar	824102	24.6011	84.1998
Baligaon	Bihar	824103	24.7929	84.4122
Amba	Bihar	824111	24.6285	84.2816
Jagdishpur	Bihar	824112	24.6458	84.2248
Chanda	Bihar	824113	24.9594	84.4616
Jaitpur	Bihar	824114	25.0208	84.5675
Dhamni	Bihar	824115	24.9992	84.5115
Angara	Bihar	824116	24.8819	84.6649
Dighi	Bihar	824118	24.6991	84.936
Dumra	Bihar	824120	25.0549	84.5756
Dewaria Kala	Bihar	824121	25.0421	84.3754
Barahi	Bihar	824122	24.8693	84.5069
Anukappa	Bihar	824123	24.6053	84.2217
Ramnagar	Bihar	824124	24.9453	84.4713
Simla	Bihar	824125	24.7476	84.6574
Belaon	Bihar	824127	24.7929	84.4122
Dadar	Bihar	824129	24.923	84.6191
Arai	Bihar	824143	25.0846	84.49
Deoria	Bihar	824201	24.6991	84.936
Dumari	Bihar	824202	24.7929	84.4122
Amari	Bihar	824203	24.7929	84.4122
Balia	Bihar	824205	24.4233	84.3561
Phulwaria	Bihar	824206	24.4491	84.4832
Ahiyapur	Bihar	824207	24.5874	85.1421
Salaiya	Bihar	824208	24.7019	84.6117
Lodipur	Bihar	824209	24.8234	84.8724
Bara	Bihar	824210	24.9913	84.8529
Srirampur	Bihar	824211	24.6991	84.936
Anjan	Bihar	824217	24.5004	84.6809
Jhari	Bihar	824219	24.6161	84.6474
Dobhi	Bihar	824220	24.5331	84.9053
Pipra	Bihar	824221	24.4463	84.4564
Dewan	Bihar	824231	24.6991	84.936
Mohanpur	Bihar	824232	24.5736	85.0819
Sripur	Bihar	824233	24.6991	84.936
Magadh University	Bihar	824234	24.6991	84.936
Kamalpur	Bihar	824235	25.0328	84.8095
Jalalpur	Bihar	824236	24.9281	84.8363
Bishunpura	Bihar	824237	24.6991	84.936
Bara	Bihar	824301	24.708	84.5509
Barabanadih	Bihar	824302	24.7929	84.4122
Chainpur	Bihar	824303	24.6651	84.3936
Kaitha	Jharkhand	825101	23.6238	85.5442
Dhori	Jharkhand	825102	23.7806	85.9734
Simaria	Jharkhand	825103	24.0612	84.937
Chainpur	Jharkhand	825106	24.0181	86.0606
Bishunpur	Jharkhand	825108	24.4438	85.9977
Dandadih	Jharkhand	825109	24.3771	85.671
Madhopur	Jharkhand	825132	24.7604	85.7832
Nagri	Jharkhand	825167	24.241	86.1012
Bara Bazar (Hazaribag)	Jharkhand	825301	24.0078	85.2567
Nawada	Jharkhand	825302	24.0398	85.2757
Jagdishpur	Jharkhand	825303	23.99	85.4132
Barkagaon	Jharkhand	825311	23.8534	85.2165
Nawada	Jharkhand	825312	23.9906	85.7685
Daroo	Jharkhand	825313	24.0099	85.5774
Banji	Jharkhand	825314	23.8051	85.557
Chatrochatti	Jharkhand	825315	23.6915	85.988
Mandu	Jharkhand	825316	23.7946	85.4687
BSF Meru	Jharkhand	825317	24.0332	85.4957
Nawadih	Jharkhand	825318	24.3349	85.7484
Sahpur	Jharkhand	825319	24.0454	85.3035
Sabalpur	Jharkhand	825320	24.2037	85.9126
Bahera	Jharkhand	825321	23.7429	85.044
Aura	Jharkhand	825322	24.1	85.8886
Barkangango	Jharkhand	825323	24.2885	85.6314
Dabri	Jharkhand	825324	24.3061	85.9432
Raham	Jharkhand	825325	23.6307	85.5606
Tapin	Jharkhand	825326	23.6307	85.5606
Shikherjee	Jharkhand	825329	24.2964	86.1103
Chainpur	Jharkhand	825330	23.7271	85.6046
Jarwa	Jharkhand	825336	23.8242	85.4327
Karma	Jharkhand	825401	24.3269	85.0758
Ratanpur	Jharkhand	825402	24.1162	85.4549
Salaiya	Jharkhand	825403	24.3157	84.8204
Narayanpur	Jharkhand	825404	24.2591	84.5291
Padaria	Jharkhand	825405	24.2342	85.5439
Rampur	Jharkhand	825406	23.99	85.4132
Sapahi	Jharkhand	825407	24.4939	85.7036
Bargaon	Jharkhand	825408	24.3157	85.2248
Karma	Jharkhand	825409	24.3742	85.2094
Lokai	Jharkhand	825410	24.437	85.5956
Saraiya	Jharkhand	825411	23.99	85.4132
Simaria	Jharkhand	825412	24.3899	85.9274
Gurio	Jharkhand	825413	24.3688	85.775
Hunterganj	Jharkhand	825414	24.4336	84.8145
Phulwaria	Jharkhand	825418	24.4689	85.7413
Koderma Thermal Power Station	Jharkhand	825421	24.437	85.5956
Cmpf	Jharkhand	826001	23.8293	86.4719
Jagjivan Nagar	Jharkhand	826003	23.8293	86.4719
Kalyanpur	Jharkhand	826004	23.8293	86.4719
BCCl Township	Jharkhand	826005	23.8293	86.4719
Rajganj	Jharkhand	826006	23.8293	86.4719
Centralized Delivery Office	Jharkhand	826007	23.8293	86.4719
K.K.Polytechnic	Jharkhand	826009	23.8293	86.4719
Bokaro Steel City H.O	Jharkhand	827001	23.6915	85.988
Sector- III	Jharkhand	827003	23.6915	85.988
Sector- IV	Jharkhand	827004	23.6915	85.988
Sector-VI	Jharkhand	827006	23.6915	85.988
Baidmara	Jharkhand	827009	23.6915	85.988
Chainpur	Jharkhand	827010	23.582	85.8829
Marafari Colony	Jharkhand	827012	23.709	86.1468
Gopalpur	Jharkhand	827013	23.5531	85.9907
Balidih	Jharkhand	827014	23.6915	85.988
Chira Chas	Jharkhand	827015	23.709	86.1468
Durgapur	Jharkhand	827302	23.5744	85.9142
Sendra	Jharkhand	828101	23.7943	86.3359
Bhelatand	Jharkhand	828103	23.8293	86.4719
Bhuli	Jharkhand	828104	23.8293	86.4719
Shramik Nagar	Jharkhand	828105	23.8293	86.4719
Bastacola	Jharkhand	828106	23.8293	86.4719
Domgarh	Jharkhand	828107	23.8293	86.4719
Fri	Jharkhand	828108	23.8293	86.4719
Fatehpur	Jharkhand	828109	24.0374	86.3727
Bagdigi	Jharkhand	828110	23.7	86.4167
Jharia	Jharkhand	828111	23.7408	86.4146
Kalimela	Jharkhand	828112	23.7167	86.4
Angarpathra	Jharkhand	828113	23.8293	86.4719
Keshalpur	Jharkhand	828114	23.8293	86.4719
Khasjeena Gora	Jharkhand	828115	23.7283	86.4336
Balihari	Jharkhand	828116	23.7697	86.3821
Kustore	Jharkhand	828117	23.8293	86.4719
Patherdih	Jharkhand	828119	23.8293	86.4719
Motinagar (Dhanbad)	Jharkhand	828120	24.0055	86.406
Sijua	Jharkhand	828121	23.7762	86.3303
Sindri	Jharkhand	828122	23.64	86.5098
S.I.T.	Jharkhand	828123	24.0055	86.406
A.C.C. Colony	Jharkhand	828124	24.0055	86.406
Maheshpur	Jharkhand	828125	23.8293	86.4719
Sudamdih	Jharkhand	828126	24.0055	86.406
Saraidhela	Jharkhand	828127	24.0055	86.406
Tundoo	Jharkhand	828128	23.7912	86.2567
Lalpur	Jharkhand	828129	23.8293	86.4719
B.Polytechnic	Jharkhand	828130	23.8293	86.4719
Madhuban	Jharkhand	828131	23.8293	86.4719
Patherdih Coal Washery	Jharkhand	828132	23.8293	86.4719
Bhulan Bararee	Jharkhand	828133	23.8293	86.4719
Barmasia	Jharkhand	828134	23.6915	85.988
Chasnalla	Jharkhand	828135	23.8293	86.4719
Tundi	Jharkhand	828142	23.9845	86.4506
Baghmara	Jharkhand	828201	23.7944	86.2028
Chanchpottery	Jharkhand	828202	23.7313	86.7908
Rajpura	Jharkhand	828203	23.8293	86.4719
Daldali	Jharkhand	828204	23.8293	86.4719
Madanpur	Jharkhand	828205	23.8293	86.4719
Panchet Dam	Jharkhand	828206	23.8284	86.3806
Maithon Dam	Jharkhand	828207	23.8284	86.3806
Bhaga	Jharkhand	828301	23.9659	86.2422
Amlabad Colliery	Jharkhand	828302	23.6915	85.988
Mahal	Jharkhand	828303	23.8971	86.4412
Rampur	Jharkhand	828304	23.8293	86.4719
Mohuda	Jharkhand	828305	23.9659	86.2422
Pochari	Jharkhand	828306	23.8293	86.4719
Karmatand	Jharkhand	828307	23.6915	85.988
Jitpur	Jharkhand	828309	23.7333	86.4
Hariharpur	Jharkhand	828401	23.8293	86.4719
Srirampur	Jharkhand	828402	23.8293	86.4719
Chandrapura	Jharkhand	828403	23.7488	86.1196
Dugdha Coal washery	Jharkhand	828404	23.6915	85.988
Hesla	Jharkhand	829101	23.6208	85.2799
Barkakana	Jharkhand	829102	23.6212	85.4675
Barkakana NTS	Jharkhand	829103	23.8799	85.5634
Amlo	Jharkhand	829104	23.6915	85.988
Pali	Jharkhand	829105	23.6072	85.3902
Bhurkunda Bazar	Jharkhand	829106	23.8799	85.5634
Narayanpur	Jharkhand	829107	23.6915	85.988
Giddi A	Jharkhand	829108	23.8799	85.5634
Dari	Jharkhand	829109	23.6307	85.5606
Sangrampur	Jharkhand	829110	23.6307	85.5606
Saram	Jharkhand	829111	23.7625	85.83
Dania	Jharkhand	829112	23.6915	85.988
Jarangdih Colliery	Jharkhand	829113	23.7554	85.9122
Chalkari	Jharkhand	829114	23.7566	85.9556
Kathara	Jharkhand	829116	23.6915	85.988
Karma	Jharkhand	829117	23.684	85.5706
Jainagar	Jharkhand	829118	23.6569	85.3199
Hariharpur	Jharkhand	829119	23.5874	85.2917
Mirzapur	Jharkhand	829121	23.7284	85.8022
Ramgarh (Ramgarh)	Jharkhand	829122	23.6307	85.5606
Champi	Jharkhand	829123	23.7345	85.876
Religarha	Jharkhand	829124	23.6307	85.5606
Sayal	Jharkhand	829125	23.6307	85.5606
Sounda C	Jharkhand	829126	23.6307	85.5606
Bedkaro	Jharkhand	829127	23.7041	85.7588
Hazari	Jharkhand	829128	23.7835	85.8543
Tenughat Dam	Jharkhand	829129	23.7041	85.7588
Prc	Jharkhand	829130	23.6861	85.5704
Src	Jharkhand	829131	23.6861	85.5704
Bhandaridah	Jharkhand	829132	23.6915	85.988
Souda Basti	Jharkhand	829133	23.6861	85.5704
Bargaon	Jharkhand	829134	23.7325	85.6094
Bhurkunda	Jharkhand	829135	23.6575	85.3519
Balkudra	Jharkhand	829143	23.6473	85.316
Nawadih	Jharkhand	829144	23.8787	85.6498
T.T.P.S.Lalpania	Jharkhand	829149	23.6915	85.988
Sandi	Jharkhand	829150	23.6307	85.5606
Bandu	Jharkhand	829201	23.8754	83.635
Ganeshpur	Jharkhand	829202	23.8054	84.9035
Bari	Jharkhand	829203	23.7272	84.6659
Garu	Jharkhand	829204	23.6722	84.2348
Khalari	Jharkhand	829205	23.6506	85.0074
Kaima	Jharkhand	829206	23.8113	84.5445
Nawagarh	Jharkhand	829207	23.692	84.4655
Nawadih	Jharkhand	829208	23.6639	84.9677
Hindgir	Jharkhand	829209	23.6843	85.0546
Dakra Colliery	Jharkhand	829210	23.3313	85.3708
Bahadurpur	Jharkhand	829301	23.6564	85.9489
Sakchi	Jharkhand	831001	22.808	86.2029
Govindpur	Jharkhand	831002	23.068	85.9987
Golmuri	Jharkhand	831003	22.5826	86.4527
Indranagar	Jharkhand	831004	22.5826	86.4527
Kadma	Jharkhand	831005	22.5826	86.4527
Jugsalai	Jharkhand	831006	22.7767	86.1835
Burma Mines	Jharkhand	831007	22.5826	86.4527
Agrico	Jharkhand	831009	22.5826	86.4527
Telco G.M Office	Jharkhand	831010	22.5826	86.4527
Sonari (East Singhbhum)	Jharkhand	831011	22.8206	86.172
Pipla	Jharkhand	831012	22.5826	86.4527
Adityapur	Jharkhand	831013	22.8449	85.9516
N.I.T	Jharkhand	831014	22.8449	85.9516
Gobindpur Housing Colony	Jharkhand	831015	22.5826	86.4527
Rahargora	Jharkhand	831016	22.5826	86.4527
Baridih Colony	Jharkhand	831017	22.5826	86.4527
M.G.M Medical College	Jharkhand	831018	22.5826	86.4527
Birsanagar	Jharkhand	831019	22.5826	86.4527
Pardih	Jharkhand	831020	22.5826	86.4527
Nodal Delivery Office (Jamshedpur)	Jharkhand	831021	22.5826	86.4527
Chandrapur	Jharkhand	832101	22.5826	86.4527
Manpur	Jharkhand	832102	22.5826	86.4527
Moubhandar	Jharkhand	832103	22.5826	86.4527
Parulia	Jharkhand	832104	22.5826	86.4527
Kamalpur	Jharkhand	832105	22.5826	86.4527
Matigora	Jharkhand	832106	22.5826	86.4527
Sundarnagar	Jharkhand	832107	22.5826	86.4527
Gamharia	Jharkhand	832108	22.8094	86.1034
Adityapur Industrial Area	Jharkhand	832109	22.8449	85.9516
Azadnagar	Jharkhand	832110	22.5826	86.4527
Narwa Mines	Jharkhand	832111	22.5826	86.4527
Paharpur	Jharkhand	832112	22.5826	86.4527
Hata Chowk	Jharkhand	832113	22.5826	86.4527
Pathara	Jharkhand	832301	22.5826	86.4527
Singhpura	Jharkhand	832302	22.5826	86.4527
Gopalpur	Jharkhand	832303	22.5826	86.4527
Mahulia	Jharkhand	832304	22.6495	86.4146
Chainpur	Jharkhand	832401	22.8449	85.9516
Hudu	Jharkhand	832402	22.8517	86.0519
Muru	Jharkhand	832403	22.8449	85.9516
Bansa	Jharkhand	832404	23.0401	85.9083
Padampur	Jharkhand	833101	22.7623	85.7973
Gopinathpur	Jharkhand	833102	22.7359	85.6609
Bara	Jharkhand	833103	22.5292	85.3759
Nandpur	Jharkhand	833104	22.3769	85.2158
Asantalia	Jharkhand	833105	22.6965	85.598
Gangda	Jharkhand	833106	22.3034	85.3992
Bari Bazar	Jharkhand	833201	22.4786	85.8154
Asura	Jharkhand	833202	22.5826	86.4527
Jagannathpur	Jharkhand	833203	22.2211	85.6392
Sarda	Jharkhand	833204	22.614	85.7478
Danguaposi	Jharkhand	833212	22.3607	85.7447
Gua	Jharkhand	833213	22.2136	85.3877
Andhari	Jharkhand	833214	22.1494	85.9069
Dalki	Jharkhand	833215	22.609	85.5649
Arwan	Jharkhand	833216	22.7583	85.707
Balijharan	Jharkhand	833217	22.1609	85.5042
Kotgarh	Jharkhand	833218	22.2115	85.5284
Pathermara	Jharkhand	833219	22.6769	85.9351
Narayanpur	Jharkhand	833220	22.8449	85.9516
Baraiburu	Jharkhand	833221	22.7629	85.258
Kiriburu Base Camp	Jharkhand	833222	22.7406	85.6306
Meghahatuburu	Jharkhand	833223	22.0724	85.2692
Chutia	Jharkhand	834001	23.3486	85.3449
AG Jharkhand	Jharkhand	834002	23.3853	85.2923
Hatia (Ranchi)	Jharkhand	834003	23.2874	85.3069
Lodhma	Jharkhand	834004	23.2904	85.3694
Hehal	Jharkhand	834005	23.3695	85.2857
Gagi	Jharkhand	834006	23.4615	85.2844
Sail City	Jharkhand	834007	23.3853	85.2923
Adalhatu	Jharkhand	834008	23.3853	85.2923
Bariatu	Jharkhand	834009	23.3751	85.2762
Lali	Jharkhand	834010	23.3027	85.4993
Krishnapuri S O	Jharkhand	834011	23.299	85.3809
Nodal Mechanized Delivery Office	Jharkhand	834013	23.299	85.3809
Kuchu	Jharkhand	835101	23.4302	85.6495
Silli	Jharkhand	835102	23.3268	85.7538
Maheshpur	Jharkhand	835103	23.4296	85.5138
Banki	Jharkhand	835201	22.678	85.0156
Deogaon	Jharkhand	835202	23.2149	85.0257
Amalia	Jharkhand	835203	23.1881	84.8413
Baredih	Jharkhand	835204	23.1243	85.5859
Pali	Jharkhand	835205	23.409	85.1491
Srinagar	Jharkhand	835206	23.1023	84.5347
Gumla Bazar	Jharkhand	835207	23.1023	84.5347
Gamharia	Jharkhand	835208	23.3049	84.5933
Karra	Jharkhand	835209	23.3313	85.3708
Bhandra	Jharkhand	835210	23.2975	85.0796
Rampur	Jharkhand	835211	22.5801	84.5664
Dhori	Jharkhand	835212	22.5663	84.1092
Pandri	Jharkhand	835213	23.4757	84.67
Raghunathpur	Jharkhand	835214	23.481	84.9712
Mesra	Jharkhand	835215	23.4339	85.4152
Bamhani	Jharkhand	835216	23.3313	85.3708
Chandwa	Jharkhand	835217	23.3313	85.3708
Dumarpath	Jharkhand	835218	23.1023	84.5347
Chakla	Jharkhand	835219	23.4628	85.4712
Malai	Jharkhand	835220	22.951	84.7092
Murhi	Jharkhand	835221	23.3313	85.3708
Marwa	Jharkhand	835222	23.5063	85.2373
Taisera	Jharkhand	835223	22.6181	84.3121
Bargaon	Jharkhand	835224	23.1795	84.6991
Kota	Jharkhand	835225	23.3605	85.203
Jampani	Jharkhand	835226	22.4782	84.5536
Jaipur	Jharkhand	835227	23.4133	85.2996
Biru	Jharkhand	835228	22.6862	84.5502
Kumhari	Jharkhand	835229	22.9386	84.8005
Govindpur	Jharkhand	835230	23.5559	84.4375
Marwa	Jharkhand	835231	23.1229	84.4321
Kamta	Jharkhand	835232	23.1478	84.688
Nawadih	Jharkhand	835233	23.1011	84.5294
Late	Jharkhand	835234	23.0822	84.9783
Gotra	Jharkhand	835235	22.6423	84.4754
Semra	Jharkhand	835301	23.3186	85.1183
Rampur	Jharkhand	835302	23.4425	84.7588
Barsa	Jharkhand	835303	23.3301	85.1608
Narauli	Jharkhand	835325	23.3313	85.3708
Sabalpur	Bihar	841101	25.9047	84.8253
Dharmapura	Bihar	841201	25.9245	84.5316
Itawa	Bihar	841202	25.9047	84.8253
Ramgarh	Bihar	841203	25.969	84.4215
Chanchaura	Bihar	841204	25.8146	84.7491
Bangra	Bihar	841205	25.8641	84.8276
Basahi	Bihar	841206	26.0407	84.6395
Khanpur	Bihar	841207	25.7796	84.9921
Khanpur	Bihar	841208	25.7796	84.9921
Khajuhatti	Bihar	841209	25.9249	84.4604
Madhopur	Bihar	841210	25.9389	84.4267
Mehrauli	Bihar	841211	25.7302	84.85
Deopura	Bihar	841212	26.0235	84.4212
Deoria	Bihar	841213	25.9047	84.8253
Kachnar	Bihar	841214	25.8201	84.656
Bhatha	Bihar	841215	25.9323	84.9859
Saidpur	Bihar	841216	25.7412	84.9934
Gopalpur	Bihar	841217	25.7607	84.9105
Koreya	Bihar	841218	25.9047	84.8253
Bhagwanpur	Bihar	841219	25.7833	84.9689
Karahi	Bihar	841220	25.9657	84.6179
Bela	Bihar	841221	25.8103	85.0157
Jagarnathpur	Bihar	841222	25.9047	84.8253
Mohamadpur	Bihar	841223	25.9476	84.4636
Panditpur	Bihar	841224	25.9047	84.8253
Bodha Chapra	Bihar	841225	25.9047	84.8253
Hardia	Bihar	841226	26.2088	84.3962
Barhni	Bihar	841227	26.0664	84.445
Gaighat	Bihar	841231	26.1608	84.3895
Madhopur	Bihar	841232	25.9389	84.4267
Jalalpur	Bihar	841233	26.0433	84.5041
Amarpur	Bihar	841234	26.0975	84.1077
Belaon	Bihar	841235	26.1502	84.13
Aranda	Bihar	841236	26.085	84.3601
Ballia	Bihar	841237	26.1608	84.3895
Rajapur	Bihar	841238	26.0919	84.615
Bargaon	Bihar	841239	26.2425	84.1351
Chandparsa	Bihar	841240	26.0541	84.4324
Sonbarsa	Bihar	841241	26.1618	84.4435
Choiapali	Bihar	841242	26.1115	84.5662
Semaria	Bihar	841243	26.3043	84.2209
Ramgarh	Bihar	841244	25.969	84.4215
Bardaha	Bihar	841245	26.2167	84.5838
Alapur	Bihar	841286	26.127	84.3911
Asaon	Bihar	841287	26.0861	84.2136
Paharpur	Bihar	841301	25.7226	85.0951
Purwari Telpa	Bihar	841302	25.6957	84.7961
Sirsia	Bihar	841305	25.8189	84.6176
Rampur	Bihar	841311	25.8434	84.9648
Khawaspur	Bihar	841312	25.6797	84.5653
Sonbarsa	Bihar	841313	25.9778	84.9934
Fakuli	Bihar	841316	25.7603	84.9517
Narayanpur	Bihar	841401	25.8138	84.9267
Pachrukhi	Bihar	841402	25.8845	84.9671
Hariharpur	Bihar	841403	25.8133	85.0266
Bhimpur	Bihar	841404	26.1608	84.3895
Kamalpur	Bihar	841405	26.3762	84.5253
Jagatpur	Bihar	841406	26.1807	84.7339
Mohammadpur	Bihar	841407	26.4427	84.3773
Bhikhpur	Bihar	841408	25.9942	84.3996
Baikunthpur	Bihar	841409	26.2742	84.7822
Chakia	Bihar	841410	25.8868	85.0963
Salempur	Bihar	841411	25.8432	84.944
Nawada	Bihar	841412	25.8524	84.9893
Madhopur	Bihar	841413	26.3051	84.5421
Manpur	Bihar	841414	25.8909	84.8989
Madhopur	Bihar	841415	25.8396	84.8272
Dumra	Bihar	841416	26.2394	84.522
Nawada	Bihar	841417	25.8524	84.9893
Marhowrah H.O	Bihar	841418	25.9244	84.8148
Rasulpur	Bihar	841419	25.7579	85.0981
Gopalpur	Bihar	841420	26.3553	84.7169
Semri	Bihar	841421	26.0464	84.7425
Pipra	Bihar	841422	25.7427	85.0341
Amarpur	Bihar	841423	26.4427	84.3773
Dumri	Bihar	841424	25.7726	85.0704
Kalyanpur	Bihar	841425	26.334	84.5416
Ahiyapur	Bihar	841426	26.5101	84.2711
Pathra	Bihar	841427	26.3808	84.5067
Manikpur	Bihar	841428	26.4427	84.3773
Bhithi	Bihar	841434	26.225	84.6152
Balua	Bihar	841435	26.2989	84.2141
Barkagaon	Bihar	841436	26.4427	84.3773
Gaura	Bihar	841437	26.6033	84.1228
Rasulpur	Bihar	841438	26.4427	84.3773
Chainpur	Bihar	841439	25.9968	84.4041
Ramchandrapur	Bihar	841440	26.4427	84.3773
Rajapur	Bihar	841441	26.5054	84.317
Arwa	Bihar	841442	25.9022	84.7405
Narharpur	Bihar	841443	25.9501	84.7485
Narendrapur	Bihar	841446	26.1608	84.3895
Phulwaria	Bihar	841460	25.9395	85.0035
Ratanpura	Bihar	841501	26.5108	84.2534
Patar	Bihar	841502	26.0222	84.2105
Gopalpur	Bihar	841503	26.3553	84.7169
Ramnagar	Bihar	841504	25.9875	84.2925
Khajuria	Bihar	841505	26.373	84.6196
Jalalpur	Bihar	841506	26.0433	84.5041
Govindapur	Bihar	841507	26.1218	84.6134
Jagdishpur	Bihar	841508	26.4894	84.244
Newari	Bihar	841509	25.9699	84.3377
Kalyani	Bihar	842001	26.1511	85.3308
Narsinghpur	Bihar	842002	26	85.5608
M.I.T.	Bihar	842003	26.1511	85.3308
Mustafapur	Bihar	842004	26.1511	85.3308
M.I.C.	Bihar	842005	26.1511	85.3308
Kalwari	Bihar	842006	26.1511	85.3308
Kamalpura	Bihar	843101	26.1511	85.3308
Sundarpur	Bihar	843102	25.9598	85.5165
Mirzapur	Bihar	843103	26.1511	85.3308
Keshopur	Bihar	843104	25.9378	85.5751
Dholi	Bihar	843105	25.9944	85.592
Partapur	Bihar	843106	26.1511	85.3308
Kalyanpur	Bihar	843107	25.9791	85.4097
Chapra Dharampur Jaddu	Bihar	843108	26.1511	85.3308
Birpur	Bihar	843109	26.1511	85.3308
Malpur	Bihar	843110	25.7813	85.4669
Motipur	Bihar	843111	26.2527	85.1608
Bahdinpur	Bihar	843112	26.1511	85.3308
Damodarpur	Bihar	843113	25.9461	85.3516
Dhankaul	Bihar	843114	25.8427	85.5354
Bandra	Bihar	843115	26.0632	85.6388
Matihani	Bihar	843116	26.1511	85.3308
Dharampur	Bihar	843117	26.2977	84.9086
Ibrahimpur	Bihar	843118	26.1511	85.3308
Jalalpur	Bihar	843119	26.1511	85.3308
Bhagwanpur	Bihar	843120	25.9871	85.0967
Mirapur	Bihar	843121	26.1511	85.3308
Berua	Bihar	843122	26.1674	85.1044
Bajitpur	Bihar	843123	26.1511	85.3308
Jamalpur	Bihar	843124	26.1511	85.3308
Jagdishpur	Bihar	843125	26.2013	84.9618
Mirzapur	Bihar	843126	26.1511	85.3308
Saraiya	Bihar	843127	25.9787	85.5089
Sonbarsa	Bihar	843128	26.1511	85.3308
Narma	Bihar	843129	26.1511	85.3308
Kanti T.P.S.	Bihar	843130	26.1511	85.3308
Shaktipith Chandidham	Bihar	843301	26.576	85.5397
Bishanpur	Bihar	843302	26.576	85.5397
Partapur	Bihar	843311	26.576	85.5397
Aurai (Muzaffarpur)	Bihar	843312	26.1511	85.3308
Jamua	Bihar	843313	26.576	85.5397
Bangaon	Bihar	843314	26.576	85.5397
Madhurapur	Bihar	843315	26.576	85.5397
Dumra	Bihar	843316	26.5671	85.5204
Hanuman Nagar	Bihar	843317	26.576	85.5397
Bhangarah	Bihar	843318	26.576	85.5397
Sujatpur	Bihar	843319	26.5442	85.7834
Narayanpur	Bihar	843320	26.576	85.5397
Sonepur	Bihar	843321	26.1511	85.3308
Madhopur	Bihar	843322	26.576	85.5397
Lalpur	Bihar	843323	26.576	85.5397
Bishanpur	Bihar	843324	26.576	85.5397
Madanpur	Bihar	843325	26.576	85.5397
Gaura	Bihar	843326	26.576	85.5397
Bhagwanpur	Bihar	843327	26.576	85.5397
Chandwara	Bihar	843328	26.576	85.5397
Salempur	Bihar	843329	26.527	85.2899
Araria	Bihar	843330	26.576	85.5397
Barahi	Bihar	843331	26.576	85.5397
Bahera	Bihar	843332	26.576	85.5397
Sirsi	Bihar	843333	26.576	85.5397
Belwa	Bihar	843334	26.576	85.5397
Akhta	Bihar	843351	26.576	85.5397
Angoa	Bihar	843360	26.576	85.5397
Yusufpur	Bihar	844101	25.8172	85.2628
Rajauli	Bihar	844102	25.7623	85.37
Harauli	Bihar	844103	25.7655	85.1919
Dharampur	Bihar	844111	25.9746	85.1823
Ababakarpur	Bihar	844112	25.8562	85.5439
Amritpur	Bihar	844113	25.9124	85.1446
Bithauli	Bihar	844114	25.7623	85.37
Mohanpur	Bihar	844115	25.6623	85.3526
Bilandpur	Bihar	844116	25.7571	85.344
Paura	Bihar	844117	25.7917	85.2333
Malikpura	Bihar	844118	25.9427	85.3491
Ghataro	Bihar	844119	25.8146	85.1862
Bhagwanpur	Bihar	844120	25.9722	85.5071
Jalalpur	Bihar	844121	25.8695	85.1519
Laxmanpur	Bihar	844122	25.9016	85.2657
Majhauli	Bihar	844123	25.9282	85.2279
Baikunthpur	Bihar	844124	25.7623	85.37
Sarai	Bihar	844125	25.7822	85.2743
Chitrauli	Bihar	844126	25.7742	85.4994
Basauli	Bihar	844127	26.1511	85.3308
Vaishali	Bihar	844128	25.8713	85.307
Karnauti	Bihar	844501	25.6928	85.5597
Chandpura	Bihar	844502	25.9263	85.3476
Madhurapur	Bihar	844503	25.6225	85.3402
Basantpur	Bihar	844504	25.7233	85.4395
Sahpur	Bihar	844505	25.6622	85.2192
Sultanpur	Bihar	844506	25.6101	85.5137
Parmanandpur	Bihar	844507	25.7807	85.4484
Mohanpur	Bihar	844508	25.6623	85.3526
Bajitpur Kasturi	Bihar	844509	25.7623	85.37
Manpur	Bihar	845101	26.9512	84.2287
Gaunaha	Bihar	845102	27.2329	84.4502
Sitapur	Bihar	845103	27.0473	84.3505
Dumari	Bihar	845104	27.0792	84.3412
Mangalpur	Bihar	845105	26.8337	84.3555
Kolhua	Bihar	845106	27.0792	84.3412
Rampurwa	Bihar	845107	26.8496	84.676
Harpur	Bihar	845301	26.9582	84.9022
Jitpur	Bihar	845302	26.8149	84.9578
Bankatwa	Bihar	845303	26.6223	84.9615
Phulwaria	Bihar	845304	26.5225	84.9072
Belwa	Bihar	845305	26.9214	84.9332
Pindari	Bihar	845306	27.0792	84.3412
Gopalpur	Bihar	845307	26.9621	84.5973
Phulwar	Bihar	845315	26.8148	84.843
Laxmipur	Bihar	845401	26.6703	84.8962
Salempur	Bihar	845406	26.587	84.8974
Bahadurpur	Bihar	845411	26.5449	84.6886
Balo Chak	Bihar	845412	26.3709	84.9916
Kalyanpur	Bihar	845413	26.6184	84.9247
Nawada	Bihar	845414	26.5588	84.7622
Rampur	Bihar	845415	26.7194	84.7168
Damodarpur	Bihar	845416	26.4827	84.9923
Dumra	Bihar	845417	26.487	84.8017
Bahlolpur	Bihar	845418	26.6184	84.9247
Pipara	Bihar	845419	26.6184	84.9247
Madhurapur	Bihar	845420	26.4407	84.9567
Balua	Bihar	845422	26.6193	84.5333
Mangalpur	Bihar	845423	26.6184	84.9247
Sundarpur	Bihar	845424	26.3037	84.8581
Malahi	Bihar	845425	26.6218	84.7381
Dilawarpur	Bihar	845426	26.6184	84.9247
Narayanpur	Bihar	845427	26.3628	84.9684
Barkagaon	Bihar	845428	26.6184	84.9247
Mathurapur	Bihar	845429	26.5523	84.8733
Bisunpur Basant	Bihar	845430	26.6184	84.9247
Gamharia	Bihar	845431	26.9468	84.7241
Hazipur	Bihar	845432	26.6184	84.9247
Raghunathpur	Bihar	845433	26.7992	84.8127
Sikandarpur	Bihar	845434	26.4589	84.74
Bhargaon	Bihar	845435	26.6184	84.9247
Bahuarwa Gopi Singh	Bihar	845436	26.6184	84.9247
Madhopur	Bihar	845437	26.5749	84.8618
Bhawanipur	Bihar	845438	26.8423	84.3848
Gad Bahuari	Bihar	845440	26.6184	84.9247
Dharampur	Bihar	845449	26.7298	84.7046
Laxmipur	Bihar	845450	26.6622	84.5035
Rampur	Bihar	845451	26.7747	84.4058
Puraina	Bihar	845452	26.883	84.6448
Lakhanpur	Bihar	845453	26.9834	84.4356
Madhopur	Bihar	845454	26.7474	84.7054
Saidpur	Bihar	845455	27.1449	84.4109
Parsa	Bihar	845456	26.5175	84.5893
Mirzapur	Bihar	845457	26.6184	84.9247
Paharpur	Bihar	845458	26.5919	84.5996
Bisunpura	Bihar	845459	26.6462	84.5158
Imambari	Bihar	846001	26.0192	85.9621
Bahadurpur	Bihar	846002	26.1152	85.9024
Goriari	Bihar	846003	26.1138	86.0253
C M College	Bihar	846004	26.0192	85.9621
Barhi	Bihar	846005	26.1138	86.0253
Subhankarpur	Bihar	846006	26.1138	86.0253
Atihar	Bihar	846007	25.9464	86.3187
K D S U	Bihar	846008	26.0192	85.9621
Kabirchak	Bihar	846009	26.1074	86.0165
Mirzapur	Bihar	847101	25.9081	86.1276
Shahpur	Bihar	847102	26.3008	86.1017
Bhawanipur	Bihar	847103	25.9846	86.2199
Bhawanipur	Bihar	847104	25.9846	86.2199
Boraj	Bihar	847105	26.1138	86.0253
Ratanpura	Bihar	847106	26.1138	86.0253
Gaighat	Bihar	847107	26.146	85.6468
Narendrapur	Bihar	847108	26.2778	86.3025
Parsa	Bihar	847109	26.3117	86.3799
Kharua	Bihar	847115	26.1138	86.0253
Nayagaon	Bihar	847121	26.1138	86.0253
Bhatraghat	Bihar	847122	26.1138	86.0253
Rampura	Bihar	847123	26.1138	86.0253
Nawada	Bihar	847201	26.0881	86.153
Tarwara	Bihar	847202	25.9538	86.1435
Sonpur	Bihar	847203	25.9235	86.2813
Narayanpur	Bihar	847204	25.9348	86.1741
Madhubani Court	Bihar	847211	26.2726	86.1455
Khajuri	Bihar	847212	26.2999	86.0475
Jagatpur	Bihar	847213	26.3738	86.0509
Sapta	Bihar	847214	26.3603	86.0565
Nazirpur	Bihar	847215	26.4115	86.0677
Simri	Bihar	847222	26.3825	86.1705
Salempur	Bihar	847223	26.2989	86.0787
Bela	Bihar	847224	26.204	86.3439
Kamalpur	Bihar	847225	26.2711	86.0921
Bela	Bihar	847226	26.204	86.3439
Bathnaha	Bihar	847227	26.3279	86.479
Laxmipur	Bihar	847228	26.4481	86.1602
Mureth	Bihar	847229	26.4466	86.0535
Akaur	Bihar	847230	26.513	85.9582
Shahpur	Bihar	847231	26.3008	86.1017
Garha	Bihar	847232	26.6298	86.0958
Haripur	Bihar	847233	26.1138	86.0253
Salempur	Bihar	847234	26.2989	86.0787
Simri	Bihar	847235	26.3825	86.1705
Rampatti	Bihar	847236	26.3389	86.1449
Husainpur	Bihar	847238	26.4057	86.2179
Sagarpur	Bihar	847239	26.2306	86.0732
Rampur	Bihar	847240	26.3554	86.0041
Rasalpur	Bihar	847301	26.1138	86.0253
Doghra	Bihar	847302	26.1138	86.0253
Bishanpur	Bihar	847303	26.1138	86.0253
Pali	Bihar	847304	26.0576	86.3097
Madhwapur	Bihar	847305	26.4206	86.2457
Hariharpur	Bihar	847306	26.1055	86.2699
Lakhanpur	Bihar	847307	26.1511	85.3308
Raima	Bihar	847308	26.5474	85.8884
Belhi	Bihar	847337	25.9734	86.0872
Bardaha	Bihar	847401	26.4296	86.3612
Jagatpur	Bihar	847402	26.3459	86.4052
Umari	Bihar	847403	26.204	86.3005
Simra	Bihar	847404	26.2838	86.3027
Alinagar	Bihar	847405	26.0701	86.2534
Gangauli	Bihar	847407	26.2029	86.2308
Bela	Bihar	847408	26.204	86.3439
Balua	Bihar	847409	26.3986	86.449
Berma	Bihar	847410	26.2685	86.333
Dumra	Bihar	847411	26.3654	86.335
Madhopur	Bihar	847421	26.5101	86.4669
Chanaur	Bihar	847422	26.1138	86.0253
Rasidpur	Bihar	847423	26.1138	86.0253
Rampur	Bihar	847424	26.2606	86.168
Haripur	Bihar	847427	26.1138	86.0253
Banauli	Bihar	847428	26.1138	86.0253
Kusothar	Bihar	847429	26.1406	86.2562
Kamalpur	Bihar	847451	26.1705	86.7939
Lalpur	Bihar	847452	26.2331	86.8336
Mohanpur	Bihar	848101	25.8361	85.7641
Gopalpur	Bihar	848102	25.7589	85.7449
Punas	Bihar	848113	25.9427	85.7186
Bahadurpur	Bihar	848114	25.6525	85.7474
Chandauli	Bihar	848115	25.7554	85.8343
Khanpur	Bihar	848117	25.8572	85.933
Gangapur	Bihar	848121	25.9264	85.6705
Songar	Bihar	848122	25.8205	85.6448
Saidpur	Bihar	848125	25.6099	85.6296
Manikpur	Bihar	848127	25.6912	85.7314
Nirpur	Bihar	848129	25.8821	85.7111
Motipur	Bihar	848130	25.8159	86.014
Waini	Bihar	848131	25.8802	85.6736
Belari	Bihar	848132	25.8128	85.8102
Sadipur	Bihar	848133	25.861	85.9747
Chhatauna	Bihar	848134	25.8401	85.8737
Mehsi	Bihar	848160	25.7337	85.8879
Rampur	Bihar	848201	25.5141	86.0258
Malpur	Bihar	848202	25.3938	86.1255
Haripur	Bihar	848203	25.5122	86.6031
Ekamba	Bihar	848204	25.6561	86.1563
Hasanpur	Bihar	848205	25.8327	85.9965
Barra	Bihar	848206	25.7121	85.8872
Barahi	Bihar	848207	25.6952	86.3261
Mahuli	Bihar	848208	25.7233	86.2279
Jagannathpur	Bihar	848209	25.6869	85.9026
Daulatpur	Bihar	848210	25.6513	85.8941
Madhopur	Bihar	848211	25.7497	85.7919
Bargaon	Bihar	848213	26.1138	86.0253
Haripur	Bihar	848216	25.799	85.9946
Bharpura	Bihar	848236	25.7723	85.9502
Khajuri	Bihar	848301	25.7138	85.7283
Belsandi	Bihar	848302	25.7343	86.2822
Rajpur	Bihar	848501	25.777	85.9037
Barhauna	Bihar	848502	25.6043	85.7288
Bazidpur	Bihar	848503	25.5932	85.7846
Chandpura	Bihar	848504	25.5839	85.6388
Raghunathpur	Bihar	848505	25.9241	85.8374
Jalalpur	Bihar	848506	25.56	85.6157
Begusarai Court	Bihar	851101	25.5152	86.0338
Rajapur	Bihar	851111	25.4078	86.1047
Amba	Bihar	851112	25.4953	86.1308
Gaura	Bihar	851113	25.4961	85.9709
Barauni Oil Refinery	Bihar	851114	25.4338	85.9313
Barauni Urvark Nagar	Bihar	851115	25.4338	85.9313
B.T.P.P	Bihar	851116	25.4338	85.9313
Dumri	Bihar	851117	25.4014	86.1165
Amarpur	Bihar	851118	25.4219	85.973
Bhagwanpur	Bihar	851120	25.5752	85.873
Simaria	Bihar	851126	25.4221	86.006
Birpur	Bihar	851127	25.5181	86.0826
Govindpur	Bihar	851128	25.4953	86.1308
Saidpur	Bihar	851129	25.5284	86.2386
Hasanpur	Bihar	851130	25.5095	86.2088
Mohanpur	Bihar	851131	25.5108	86.1335
Sripur	Bihar	851132	25.5861	86.0803
Hariharpur	Bihar	851133	25.4994	85.9254
Binodpur	Bihar	851134	25.4953	86.1308
Bihat	Bihar	851135	25.4253	86.0208
Nawada	Bihar	851201	25.5401	86.6693
Borna	Bihar	851202	25.4373	86.6172
Gopalpur	Bihar	851203	25.431	86.6739
Durgapur	Bihar	851204	25.48	86.4584
Khutha	Bihar	851205	25.5122	86.6031
Amba	Bihar	851206	25.5715	86.5144
Noorpur	Bihar	851210	25.4301	86.0405
Paharpur	Bihar	851211	25.5287	86.1412
Deotha	Bihar	851212	25.4278	86.782
Samaspur	Bihar	851213	25.5122	86.6031
Saidpur	Bihar	851214	25.5436	86.564
Madhopur	Bihar	851215	25.3372	86.663
Salarpur	Bihar	851216	25.3342	86.7731
Raghunathpur	Bihar	851217	25.4402	86.4409
Laruara	Bihar	851218	25.454	86.1212
Fatehpur	Bihar	852101	25.7812	86.962
Bishanpur	Bihar	852105	26.1839	86.6629
Rampur	Bihar	852106	25.7668	86.5222
Bishanpur	Bihar	852107	25.8166	86.5898
Ramnagar	Bihar	852108	26.2477	86.8001
Lalpur	Bihar	852109	26.2331	86.8336
Ekma	Bihar	852110	26.0541	86.6121
Haripur	Bihar	852111	26.2477	86.8001
Ramnagar	Bihar	852112	25.8854	86.8425
Manikpur	Bihar	852113	25.91	86.821
Belari	Bihar	852114	25.9655	86.9161
Shahpur	Bihar	852115	25.7683	86.9049
Durgapur	Bihar	852116	25.568	87.0083
Basudeva	Bihar	852121	25.8259	86.8963
Rampur	Bihar	852122	25.9771	86.813
Mohanpur	Bihar	852123	25.9708	86.459
Bara	Bihar	852124	25.9286	86.5237
Govindpur	Bihar	852125	26.2477	86.8001
Bhelwa	Bihar	852126	25.6869	86.5522
Paharpur	Bihar	852127	25.7779	86.4834
Manpur	Bihar	852128	26.0746	86.7847
Shahpur	Bihar	852129	25.9103	86.562
Dumra	Bihar	852130	26.0338	86.4936
Pathara	Bihar	852131	26.2477	86.8001
Shankarpur	Bihar	852132	26.0313	86.8705
Ganeshpur	Bihar	852133	26.1623	86.4413
Mohanpur	Bihar	852137	26.2337	87.0669
Bauraha	Bihar	852138	26.2425	86.6173
Babhangama	Bihar	852139	26.1475	86.8872
Dumri	Bihar	852161	25.5263	86.7346
Saharsa Bazar	Bihar	852201	25.9194	86.4649
Rampur	Bihar	852202	25.7633	86.6283
Chainpur	Bihar	852212	25.8328	86.5185
Abhirampur	Bihar	852213	25.5749	86.952
Raghunathpur	Bihar	852214	26.0946	87.0286
Daulatpur	Bihar	852215	26.2477	86.8001
Narayanpur	Bihar	852216	25.9473	86.418
Bargaon	Bihar	852217	25.7285	86.8188
Rajpur	Bihar	852218	26.1161	86.7791
Gangapur	Bihar	852219	25.5136	86.8957
Gopalpur	Bihar	852220	25.9974	86.9363
Khajuri	Bihar	852221	25.8041	86.517
Amarpur	Bihar	853201	25.2705	87.0844
Raghopur	Bihar	853202	25.318	87.008
Raipur	Bihar	853203	25.4226	86.8498
Mohanpur	Bihar	853204	25.247	86.4278
Ismailpur	Bihar	853205	25.3113	87.127
Chandpur	Bihar	854101	25.695	87.6801
Bhargama	Bihar	854102	26.1995	87.3543
Sirnia	Bihar	854103	25.5091	87.6108
Laxmipur	Bihar	854104	25.5165	87.3291
Durgapur	Bihar	854105	25.5259	87.5041
Sandalpur	Bihar	854106	25.5639	87.5082
Belwa	Bihar	854107	25.5886	87.5973
Musapur	Bihar	854108	25.6417	87.4154
Katihar Court	Bihar	854109	25.6133	87.3436
Amdabad	Bihar	854112	25.5174	87.5225
Narayanpur	Bihar	854113	25.6023	87.4382
Basantpur	Bihar	854114	25.4647	87.6003
Jagdishpur	Bihar	854115	25.5454	87.645
Baina	Bihar	854116	25.518	87.7482
Neema	Bihar	854117	25.5174	87.5225
Ramnagar	Bihar	854201	25.9318	87.3268
Nipania	Bihar	854202	25.8476	87.2058
Kamalpur	Bihar	854203	25.8691	87.4743
Raghunathpur	Bihar	854204	25.9435	87.2852
Sripur	Bihar	854205	25.8161	87.4071
Bhatta Bazar	Bihar	854301	25.7698	87.481
Purnea City	Bihar	854302	25.7883	87.3915
Rahua	Bihar	854303	26.0485	87.6829
Ganeshpur	Bihar	854304	25.7678	87.3587
Khuskibagh	Bihar	854305	25.7883	87.3915
Gokulpur	Bihar	854306	25.8161	87.4071
Kakan	Bihar	854311	26.1509	87.5674
Mirzapur	Bihar	854312	26.0981	87.3839
Bishanpur	Bihar	854315	25.8161	87.4071
Bathnaha	Bihar	854316	26.0343	87.2284
Madhopur	Bihar	854317	25.7796	87.8169
Shankarpur	Bihar	854318	26.1645	87.3268
Chainpur	Bihar	854325	26.047	87.5617
Barsauni	Bihar	854326	25.7717	87.5792
Jalalgarh	Bihar	854327	25.9572	87.5302
Maheshwari	Bihar	854328	26.3991	87.2652
Pakri	Bihar	854329	26.2889	87.396
Begampur	Bihar	854330	25.8273	87.4266
Jamua	Bihar	854331	26.2959	87.4752
Amgachhi	Bihar	854332	26.3531	87.3274
Bhojpur	Bihar	854333	26.2671	87.5152
Raghunathpur	Bihar	854334	26.1145	87.159
Fatehpur	Bihar	854335	25.7987	87.8605
Bhawanipur	Bihar	854336	26.0368	87.4321
Gaura	Bihar	854337	25.6953	87.6216
Bhimnagar Bairrage	Bihar	854338	26.2477	86.8001
Bhimpur	Bihar	854339	26.349	87.0413
Basantpur	Bihar	854340	26.4917	87.0333
Fatehpur	Bihar	855101	26.4286	87.6833
Mathurapur	Bihar	855102	25.5454	87.645
Chandpur	Bihar	855105	25.695	87.6801
Galgalia	Bihar	855106	26.2956	87.9353
Raipur	Bihar	855107	26.2956	87.9353
Padampur	Bihar	855108	26.3507	87.9058
Belbari	Bihar	855113	25.5732	87.8054
Dumaria	Bihar	855114	25.5588	87.6828
Mirpur	Bihar	855115	26.2956	87.9353
Patharia	Bihar	855116	26.2956	87.9353
Mirjapur	Bihar	855117	26.2956	87.9353
